Κατηγορία,Λιανική,Τίτλος,Ποσότητα,Υλικά,Κρυμμένο Πεδίο,Κωδικός,Price,Price (ΦΠΑ),Status,Επιλογή Πιάτου Match,Food Cost,Food Cost (ΦΠΑ),Packaging Cost,Packaging Cost (ΦΠΑ),Old Product Cost,Product Cost,Product Cost (ΦΠΑ),Product Cost/ Price,Price - Product Cost,Food Cost/Price,Packaging Cost/ Price,Θερμίδες,Υδατάνθρακες,Πρωτεϊνη,Λιπαρά,Image,Image
Πρωϊνά,ΝΑΙ,Avocado toast με ψωμί ολικής και τυρί κρέμα light,"Ψωμί ολικής (60γρ), Guacamole (30γρ)","Ψωμί, Τυρί κρέμα light, Guacamole, Λαχανικά","Ψωμί ολικής (60γρ), Guacamole (30γρ), Τυρί κρέμα light (30γρ), Πράσινη σαλάτα (20γρ)",29-1,3.98,4.50,OK,"Ψωμί ολικής (60γρ), Τυρί κρέμα, light (30γρ), Guacamole (30γρ), Λαχανικά, ωμά (20γρ)",0.65,0.73,0.16,0.19,0.81,0.81,0.93,20.23%,€3.18,16.33%,3.89%,281,30,10,14,https://drive.google.com/file/d/1a9LQVNOotDOTC84tZBNnqoEwjbDjZNN3/view?usp=sharing,https://drive.google.com/file/d/1a9LQVNOotDOTC84tZBNnqoEwjbDjZNN3/view?usp=sharing
Πρωϊνά,ΟΧΙ,Avocado toast με ψωμί ολικής και τυρί κρέμα light,"Ψωμί ολικής (120γρ), Guacamole (30γρ)","Ψωμί, Τυρί κρέμα light, Guacamole, Λαχανικά","Ψωμί ολικής (120γρ), Guacamole (30γρ), Τυρί κρέμα light (30γρ), Πράσινη σαλάτα (25γρ)",29-2,4.87,5.50,OK,"Ψωμί ολικής (120γρ), Τυρί κρέμα, light (30γρ), Guacamole (30γρ), Λαχανικά, ωμά (25γρ)",0.84,0.95,0.22,0.27,1.06,1.06,1.22,21.66%,€3.82,17.25%,4.41%,433,56,18,16,https://drive.google.com/file/d/1a9LQVNOotDOTC84tZBNnqoEwjbDjZNN3/view?usp=sharing,https://drive.google.com/file/d/1a9LQVNOotDOTC84tZBNnqoEwjbDjZNN3/view?usp=sharing
Πρωϊνά,ΝΑΙ,Bagel ζέας με καπνιστό σολομό,Bagel ζέας με καπνιστό σολομό (120γρ),"Bagel ζέας, Σολομός καπνιστός, Τυρί κρέμα light, Φρέσκο κρεμμυδάκι, Ντοματίνια, Αγγούρι, Κάπαρη, Φύτρες","Bagel (120γρ), Καπνιστός σολομός (40γρ), Τυρί κρέμα light (40γρ), Φρέσκο κρεμμύδι (5γρ), Φύτρες (10γρ), Ντοματίνια (20γρ), Αγγούρι (10γρ), Κάπαρη (5γρ)",64,6.99,7.90,Product Cost Change,"Bagel ζέας (120γρ), Σολομός, καπνιστός (40γρ), Τυρί κρέμα, light (40γρ), Φρέσκο κρεμμυδάκι, ωμό (5γρ), Ντοματίνια, ωμά (20γρ), Αγγούρι, ωμό (10γρ), Κάπαρη  (5γρ), Φύτρες, ωμές (10γρ)",2.56,2.89,0.16,0.19,2.71,2.72,3.09,38.84%,€4.28,36.62%,2.22%,584,91,23,14,https://drive.google.com/file/d/1hoIpTWkL-fslstvSsziw-0MEwgIQ9Ats/view?usp=sharing,https://drive.google.com/file/d/1hoIpTWkL-fslstvSsziw-0MEwgIQ9Ats/view?usp=sharing
Πρωϊνά,ΝΑΙ,Bagel ζέας με σαλάτα αυγού ,Bagel ζέας με σαλάτα αυγού (120γρ),"Bagel ζέας, Αυγό, Τυρί κίτρινο light, Γιαούρτι, Μαγιονέζα light, Καλαμπόκι, Ντομάτα, Μαρούλι, Μουστάρδα, Καρότο","Bagel (120γρ), Αυγό βραστό (50γρ), Κίτρινο τυρί light (20γρ), Μαγιονέζα light (20γρ), Γιαούρτι 2% (20γρ), Μουστάρδα (5γρ), Καλαμπόκι (20γρ), Καρότο (20γρ), Ντομάτα (20γρ), Μαρούλι (5γρ)",65,5.22,5.90,Product Cost Change,"Bagel ζέας (120γρ), Αυγό ολόκληρο, βραστό (50γρ), Τυρί κίτρινο light (20γρ), Γιαούρτι 2% (20γρ), Μαγιονέζα light (20γρ), Καλαμπόκι, κονσέρβα (20γρ), Ντομάτα, ωμή (20γρ), Μαρούλι, ωμό (5γρ), Μουστάρδα (5γρ), Καρότο, ωμό (20γρ)",1.63,1.84,0.16,0.19,1.78,1.79,2.03,34.20%,€3.44,31.23%,2.97%,664,94,27,19,https://drive.google.com/file/d/1kQ7HAewOwX5xVwk5jBnLm2r_yMRce5MH/view?usp=sharing,https://drive.google.com/file/d/1kQ7HAewOwX5xVwk5jBnLm2r_yMRce5MH/view?usp=sharing
Πρωϊνά,ΝΑΙ,Banana bread,Banana bread (80γρ),"Μπανάνα, Αυγό, Μέλι, Βρώμη, Σταγόνες μαύρης σοκολάτας",Banana bread (80γρ),37,3.10,3.50,OK,Banana Bread (80γρ),0.26,0.29,0.05,0.07,0.31,0.31,0.36,10.08%,€2.79,8.39%,1.69%,217,40,5,5,https://drive.google.com/file/d/1esM30xmbFt9NyogAF-cSWTZABuqbB50z/view?usp=sharing,https://drive.google.com/file/d/1esM30xmbFt9NyogAF-cSWTZABuqbB50z/view?usp=sharing
Πρωϊνά,ΝΑΙ,Blueberry chia pudding με γάλα αμυγδάλου,"Blueberry-almond milk chia pudding (200γρ), Ντιπάκι μελιού (20γρ)","Σπόροι chia, Γάλα αμυγδάλου, Μέλι, Φράουλα, Blueberries, Αμύγδαλο, Παπαρουνόσπορος","Σπόροι chia (30γρ), Γάλα αμυγδάλου (130γρ), Blueberry puree (40γρ), Μέλι (10γρ), Ντιπάκι μελιού (20γρ), Φράουλα (10γρ), Blueberries (20γρ), Αμύγδαλο φιλέ (5γρ), Παπαρουνόσπορος (5γρ)",61,6.11,6.90,Product Cost Change,"Chia seeds, dried (30γρ), Γάλα αμυγδάλου (130γρ), Blueberry puree (40γρ), Μέλι (30γρ), Φράουλα (10γρ), Blueberries, φρέσκα (20γρ), Αμύγδαλο, ωμό, ανάλατο (5γρ), Παπαρουνόσπορος (5γρ)",2.15,2.43,0.22,0.27,2.34,2.37,2.70,38.81%,€3.74,35.19%,3.62%,377,53,8,14,https://drive.google.com/file/d/1v_rv1gK5vQiNQ717pq389GaYS-QaEug-/view?usp=sharing,https://drive.google.com/file/d/1v_rv1gK5vQiNQ717pq389GaYS-QaEug-/view?usp=sharing
Πρωϊνά,ΝΑΙ,Bread omellette sandwich με ψωμί ολικής,"Ψωμί ολικής (60γρ), Ομελέτα (50γρ)","Ψωμί, Αυγό, Τυρί κίτρινο light, Γαλοπούλα βραστή, Μαγιονέζα light","Ψωμί ολικής (60γρ), Ομελέτα (50γρ), Κίτρινο τυρί light (15γρ), Γαλοπούλα βραστή (15γρ), Μαγιονέζα light (10γρ)",49-1,3.98,4.50,OK,"Ψωμί ολικής (60γρ), Αυγό ολόκληρο, βραστό (50γρ), Τυρί κίτρινο light (15γρ), Γαλοπούλα βραστή, σε φέτες (15γρ), Μαγιονέζα light (10γρ)",0.76,0.86,0.16,0.19,0.92,0.92,1.05,22.99%,€3.07,19.10%,3.89%,303,28,21,12,https://drive.google.com/file/d/1kQB1BdLvbf2Bq-smE1Ff3sQNLaiWQkjy/view?usp=sharing,https://drive.google.com/file/d/1kQB1BdLvbf2Bq-smE1Ff3sQNLaiWQkjy/view?usp=sharing
Πρωϊνά,ΟΧΙ,Bread omellette sandwich με ψωμί ολικής,"Ψωμί ολικής (120γρ), Ομελέτα (50γρ)","Ψωμί, Αυγό, Τυρί κίτρινο light, Γαλοπούλα βραστή, Μαγιονέζα light","Ψωμί ολικής (120γρ), Ομελέτα (50γρ), Κίτρινο τυρί light (30γρ), Γαλοπούλα βραστή (30γρ), Μαγιονέζα light (15γρ)",49-2,4.87,5.50,OK,"Ψωμί ολικής (120γρ), Αυγό ολόκληρο, βραστό (50γρ), Τυρί κίτρινο light (30γρ), Γαλοπούλα βραστή, σε φέτες (30γρ), Μαγιονέζα light (15γρ)",1.28,1.45,0.22,0.27,1.50,1.50,1.71,30.70%,€3.38,26.28%,4.41%,516,54,35,17,https://drive.google.com/file/d/1kQB1BdLvbf2Bq-smE1Ff3sQNLaiWQkjy/view?usp=sharing,https://drive.google.com/file/d/1kQB1BdLvbf2Bq-smE1Ff3sQNLaiWQkjy/view?usp=sharing
Πρωϊνά,ΝΑΙ,Breakfast ''Lemon pie'' με γιαούρτι 2%,"Breakfast Lemon Pie (210γρ), Ντιπάκι μελιού (20γρ)","Γιαούρτι, Τυρί κρέμα light, Μπισκότο χωρίς ζάχαρη, Μέλι, Χυμός λεμονιού, Blueberries, Αμύγδαλο, Μέντα, Lime","Γιαούρτι 2% (120γρ), Μπισκότο χωρίς ζάχαρη (30γρ), Τυρί κρέμα light (20γρ), Μέλι (10γρ), Ντιπάκι μελιού (20γρ), Χυμός λεμονιού (5γρ), Blueberries (15γρ), Αμύγδαλο φιλέ (10γρ), Μέντα (2γρ)",240,5.22,5.90,OK,"Γιαούρτι 2% (120γρ), Τυρί κρέμα, light (20γρ), Μπισκότο, χωρίς ζάχαρη (30γρ), Μέλι (30γρ), Εκχύλισμα βανίλιας
 (2γρ), Χυμός λεμονιού (5γρ), Blueberries, φρέσκα (15γρ), Αμύγδαλο, ωμό, ανάλατο (10γρ), Μέντα (2γρ), Lime (3γρ)",1.55,1.75,0.27,0.33,1.82,1.82,2.08,34.78%,35.26%,29.69%,5.08%,429,53,18,17,https://drive.google.com/file/d/1YtyTc9NjGhJaTva8UOQ70w0RUzDCtnH_/view?usp=sharing,https://drive.google.com/file/d/1YtyTc9NjGhJaTva8UOQ70w0RUzDCtnH_/view?usp=sharing
Πρωϊνά,ΝΑΙ,Bricher Muesli με φρέσκα φρούτα,"Bircher Muesli (285γρ), Ντιπάκι μελιού (20γρ)","Βρώμη, Σπόροι chia, Flakes καρύδας, Λιναρόσπορος, Κανέλα, Μήλο, Φρούτο, Μέλι, Καρύδι pecan, Κολοκυθόσπορος, Γάλα, Γιαούρτι, Χυμός πορτοκαλιού","Βρώμη (30γρ), Σπόροι chia (5γρ), Flakes καρύδας (10γρ), Λιναρόσπορος (10γρ), Κανέλα (1γρ), Μήλο (50γρ), Φρούτο εποχής (70γρ), Μέλι (10γρ), Ντιπάκι μελιού (20γρ), Καρύδια pecan (10γρ), Κολοκυθόσπορος (5γρ), Γάλα 1,5% (60γρ), Γιαούρτι 2% (40γρ), Χυμός πορτοκάλι (2γρ)",3,5.22,5.90,OK,Bircher Muesli  (330γρ),1.21,1.37,0.27,0.33,1.48,1.48,1.70,28.26%,€3.74,23.18%,5.08%,668,91,20,28,https://drive.google.com/file/d/17gSTTkkpyqqaJjrFFMTE3HWkBmm9Dic-/view?usp=sharing,https://drive.google.com/file/d/17gSTTkkpyqqaJjrFFMTE3HWkBmm9Dic-/view?usp=sharing
Πρωϊνά,ΝΑΙ,Brioche με guacamole και βραστό αυγό,Brioche ψωμάκι με guacamole (60γρ),"Ψωμί brioche, Αυγό, Ντομάτα, Guacamole","Ψωμί brioche (60γρ), Αυγό βραστό (50γρ), Guacamole (20γρ), Ντομάτα (10γρ)",28,3.45,3.90,Product Cost Change,"Ψωμί brioche (60γρ), Αυγό ολόκληρο, βραστό (50γρ), Ντομάτα, ωμή (10γρ), Guacamole (20γρ)",0.68,0.77,0.20,0.25,0.87,0.88,1.02,25.51%,€2.57,19.71%,5.80%,327,30,12,18,https://drive.google.com/file/d/16z9aUH4_67wooeQcW3zW3qPwc7eH38NT/view?usp=sharing,https://drive.google.com/file/d/16z9aUH4_67wooeQcW3zW3qPwc7eH38NT/view?usp=sharing
Bowls,ΝΑΙ,Buddha bowl με τόφου,"Buddha bowl με τόφου (40γρ), Dressing (20γρ)","Τόφου, Ρεβίθια, Κινόα, Ρύζι, Γλυκοπατάτα, Μπρόκολο, Ντοματίνια, Edamame, Φαγόπυρο, Ταχίνι, Χυμός λεμονιού, Μέλι, Σόγια, Σκόρδο, Σουσάμι","Τόφου (40γρ), Ρεβίθια (40γρ), Κινόα (100γρ), Άγριο ρύζι (50γρ), Φαγόπυρο (50γρ), Ψητή γλυκοπατάτα (50γρ), Μπρόκολο (40γρ), Ντοματίνια (30γρ), Edamame (20γρ), Αβοκάντο (30γρ), Σουσάμι (10γρ), Dressing (20γρ)",69,7.52,8.50,Product Cost Change,"Τόφου (40γρ), Ρεβύθια, μαγειρεμένα (40γρ), Κινόα, μαγειρεμένη (100γρ), Άγριο ρύζι, μαγειρεμένο (50γρ), Γλυκοπατάτα, μαγειρεμένη (50γρ), Μπρόκολο, ατμού (40γρ), Ντοματίνια, ωμά (30γρ), Edamame (20γρ), Φαγόπυρο, μαγειρεμένο (50γρ), Dressing ταχίνι-αβοκάντο (20γρ), Αβοκάντο (30γρ), Σουσάμι (10γρ)",2.05,2.32,0.14,0.17,2.01,2.19,2.49,29.12%,€5.33,27.26%,1.86%,598,80,24,24,https://drive.google.com/file/d/1VpAxKUhOmqX9jfti_WJYfIwoTe72AtGC/view?usp=sharing,https://drive.google.com/file/d/1VpAxKUhOmqX9jfti_WJYfIwoTe72AtGC/view?usp=sharing
Bowls,ΝΑΙ,Buddha bowl με φιλέτο κοτόπουλο και γλυκοπατάτα,"Buddha bowl με φιλέτο κοτόπουλο (90γρ), Dressing (20γρ)","Κοτόπουλο, Γλυκοπατάτα, Κινόα, Ρύζι, Αγγούρι, Ντοματίνια, Σπανάκι, Αβοκάντο, Μπρόκολο, Edamame, Κρεμμύδι, Λάχανο κόκκινο, Καρότο, Κόλιανδρος, Ταχίνι, Ηλιέλαιο, Μέλι, Ξύδι ρυζιού, Σκόρδο, Χυμός λεμονιού, Σουσάμι, Μαγιονέζα light, Σόγια","Φιλέτο κοτόπουλο (90γρ), Ψητή γλυκοπατάτα (80γρ), Κινόα (50γρ), Μαύρο ρύζι (100γρ), Αγγούρι (50γρ), Ντοματίνια (60γρ), Σπανάκι (20γρ), Αβοκάντο (40γρ), Μπρόκολο (50γρ), Edamame (20γρ), Κρεμμύδι πίκλα (20γρ), Κόκκινο λάχανο (20γρ), Καρότο (20γρ), Σουσάμι (1γρ), Κόλιανδρος (5γρ), Dressing ταχίνι-σόγια (20γρ)",227,9.29,10.50,Product Cost Change,"Κοτόπουλο στήθος, μαγειρεμένο (90γρ), Γλυκοπατάτα, μαγειρεμένη (80γρ), Κινόα, μαγειρεμένη (50γρ), Άγριο ρύζι, μαγειρεμένο (100γρ), Αγγούρι, ωμό (50γρ), Ντοματίνια, ωμά (60γρ), Σπανάκι, βραστό (20γρ), Αβοκάντο (40γρ), Μπρόκολο, ατμού (50γρ), Edamame (20γρ), Κρεμμύδι κόκκινο, ωμό (20γρ), Λάχανο κόκκινο (20γρ), Καρότο, ωμό (20γρ), Σουσάμι (1γρ), Κόλιανδρος (5γρ), Dressing ταχίνι-σόγια (20γρ)",2.92,3.30,0.18,0.23,2.86,3.10,3.53,33.41%,€6.19,31.43%,1.98%,626,70,44,21,https://drive.google.com/file/d/1L9e3xJIhI9jujz9dmpxF3V0wTlRX44GF/view?usp=sharing,https://drive.google.com/file/d/1L9e3xJIhI9jujz9dmpxF3V0wTlRX44GF/view?usp=sharing
Πρωϊνά,ΝΑΙ,Sugar free cake με φρούτα του δάσους,Κέικ με φρούτα του δάσους (90γρ),"Αλεύρι, Μήλο, Stevia, Αυγό, Φρούτα του δάσους",Κέικ με φρούτα του δάσους (90γρ),57,3.10,3.50,OK,Κέικ με φρούτα του δάσους (90γρ),0.40,0.45,0.05,0.07,0.45,0.45,0.52,14.60%,€2.65,12.90%,1.69%,192,36,4,9,https://drive.google.com/file/d/14Ugz8qa8e8GcGOv664Iajp0nMyUP5aol/view?usp=sharing,https://drive.google.com/file/d/14Ugz8qa8e8GcGOv664Iajp0nMyUP5aol/view?usp=sharing
Σαλάτες,ΟΧΙ,Caprese με τοματίνια και μοτσαρέλα,"Caprese με μοτσαρέλα (30γρ), Dressing (20γρ)","Ντοματίνια, Φρέσκια μοτσαρέλα, Κρουτόν, Βαλσάμικο","Ντοματίνια (180γρ), Μοτσαρέλα (30γρ), Κρουτόν (30γρ), Ελαιόλαδο (10γρ), Κρέμα βαλσάμικο (10γρ)",89-1,6.99,7.90,Product Cost Change,"Ντοματίνια, ωμά (180γρ), Φρέσκια μοτσαρέλα (30γρ), Κρουτόν (30γρ), Ελαιόλαδο (10γρ), Βαλσάμικο κρέμα (10γρ)",1.05,1.19,0.20,0.25,1.19,1.25,1.43,17.87%,€5.74,15.02%,2.85%,321,34,11,16,https://drive.google.com/file/d/1pazXMVqqytSVE7m5wKaH5l1Wzi_oZ7L7/view?usp=sharing,https://drive.google.com/file/d/1pazXMVqqytSVE7m5wKaH5l1Wzi_oZ7L7/view?usp=sharing
Σαλάτες,ΝΑΙ,Caprese με τοματίνια και μοτσαρέλα,"Caprese με μοτσαρέλα (60γρ), Dressing (20γρ)","Ντοματίνια, Φρέσκια μοτσαρέλα, Κρουτόν, Βαλσάμικο","Ντοματίνια (180γρ), Μοτσαρέλα (60γρ), Κρουτόν (30γρ), Ελαιόλαδο (10γρ), Κρέμα βαλσάμικο (10γρ)",89-2,7.43,8.40,Product Cost Change,"Ντοματίνια, ωμά (180γρ), Φρέσκια μοτσαρέλα (60γρ), Κρουτόν (30γρ), Ελαιόλαδο (10γρ), Βαλσάμικο κρέμα (10γρ)",1.39,1.57,0.20,0.25,1.53,1.59,1.82,21.39%,€5.84,18.71%,2.68%,370,34,17,18,https://drive.google.com/file/d/1pazXMVqqytSVE7m5wKaH5l1Wzi_oZ7L7/view?usp=sharing,https://drive.google.com/file/d/1pazXMVqqytSVE7m5wKaH5l1Wzi_oZ7L7/view?usp=sharing
Σαλάτες,ΟΧΙ,Caprese με τοματίνια και μοτσαρέλα,"Caprese με μοτσαρέλα (90γρ), Dressing (20γρ)","Ντοματίνια, Φρέσκια μοτσαρέλα, Κρουτόν, Βαλσάμικο","Ντοματίνια (180γρ), Μοτσαρέλα (90γρ), Κρουτόν (30γρ), Ελαιόλαδο (10γρ), Κρέμα βαλσάμικο (10γρ)",89-3,7.88,8.90,Product Cost Change,"Ντοματίνια, ωμά (180γρ), Φρέσκια μοτσαρέλα (90γρ), Κρουτόν (30γρ), Ελαιόλαδο (10γρ), Βαλσάμικο κρέμα (10γρ)",1.72,1.94,0.20,0.25,1.86,1.92,2.19,24.35%,€5.96,21.83%,2.53%,418,35,23,21,https://drive.google.com/file/d/1pazXMVqqytSVE7m5wKaH5l1Wzi_oZ7L7/view?usp=sharing,https://drive.google.com/file/d/1pazXMVqqytSVE7m5wKaH5l1Wzi_oZ7L7/view?usp=sharing
Μαγειρευτά,ΟΧΙ,"Caprese με φιλέτο κοτόπουλο, μοτσαρέλα και πλιγούρι","Φιλέτο κοτόπουλο (120γρ), Πλιγούρι (90γρ)","Κοτόπουλο, Πλιγούρι, Κρεμμύδι, Σκόρδο, Βασιλικός, Ντοματίνια, Βαλσάμικο ξύδι, Μέλι, Φρέσκια μοτσαρέλα","Φιλέτο κοτόπουλο (120γρ), Πλιγούρι (90γρ), Ντοματίνια (35γρ), Μοτσαρέλα (35γρ)",173-1,7.43,8.40,OK,"Κοτόπουλο στήθος, μαγειρεμένο (120γρ), Πλιγούρι, μαγειρεμένο (90γρ), Ντοματίνια caprese (35γρ), Φρέσκια μοτσαρέλα (35γρ)",1.79,2.02,0.14,0.17,1.93,1.93,2.20,25.98%,€5.50,24.09%,1.88%,354,22,48,8,https://drive.google.com/file/d/1ntKhLI4ec67SsviNohUjQKIYBswJdrKL/view?usp=sharing,https://drive.google.com/file/d/1ntKhLI4ec67SsviNohUjQKIYBswJdrKL/view?usp=sharing
Μαγειρευτά,ΟΧΙ,"Caprese με φιλέτο κοτόπουλο, μοτσαρέλα και πλιγούρι","Φιλέτο κοτόπουλο (120γρ), Πλιγούρι (120γρ)","Κοτόπουλο, Πλιγούρι, Κρεμμύδι, Σκόρδο, Βασιλικός, Ντοματίνια, Βαλσάμικο ξύδι, Μέλι, Φρέσκια μοτσαρέλα","Φιλέτο κοτόπουλο (120γρ), Πλιγούρι (120γρ), Ντοματίνια (35γρ), Μοτσαρέλα (35γρ)",173-2,7.88,8.90,OK,"Κοτόπουλο στήθος, μαγειρεμένο (120γρ), Πλιγούρι, μαγειρεμένο (120γρ), Ντοματίνια caprese (35γρ), Φρέσκια μοτσαρέλα (35γρ)",1.81,2.05,0.14,0.17,1.95,1.95,2.22,24.75%,€5.93,22.97%,1.78%,381,28,49,8,https://drive.google.com/file/d/1ntKhLI4ec67SsviNohUjQKIYBswJdrKL/view?usp=sharing,https://drive.google.com/file/d/1ntKhLI4ec67SsviNohUjQKIYBswJdrKL/view?usp=sharing
Μαγειρευτά,ΟΧΙ,"Caprese με φιλέτο κοτόπουλο, μοτσαρέλα και πλιγούρι","Φιλέτο κοτόπουλο (120γρ), Πλιγούρι (180γρ)","Κοτόπουλο, Πλιγούρι, Κρεμμύδι, Σκόρδο, Βασιλικός, Ντοματίνια, Βαλσάμικο ξύδι, Μέλι, Φρέσκια μοτσαρέλα","Φιλέτο κοτόπουλο (120γρ), Πλιγούρι (180γρ), Ντοματίνια (35γρ), Μοτσαρέλα (35γρ)",173-3,8.32,9.40,OK,"Κοτόπουλο στήθος, μαγειρεμένο (120γρ), Πλιγούρι, μαγειρεμένο (180γρ), Ντοματίνια caprese (35γρ), Φρέσκια μοτσαρέλα (35γρ)",1.85,2.09,0.14,0.17,1.99,1.99,2.26,23.92%,€6.33,22.24%,1.68%,436,40,51,8,https://drive.google.com/file/d/1ntKhLI4ec67SsviNohUjQKIYBswJdrKL/view?usp=sharing,https://drive.google.com/file/d/1ntKhLI4ec67SsviNohUjQKIYBswJdrKL/view?usp=sharing
Μαγειρευτά,ΟΧΙ,"Caprese με φιλέτο κοτόπουλο, μοτσαρέλα και πλιγούρι","Φιλέτο κοτόπουλο (150γρ), Πλιγούρι (90γρ)","Κοτόπουλο, Πλιγούρι, Κρεμμύδι, Σκόρδο, Βασιλικός, Ντοματίνια, Βαλσάμικο ξύδι, Μέλι, Φρέσκια μοτσαρέλα","Φιλέτο κοτόπουλο (150γρ), Πλιγούρι (90γρ), Ντοματίνια (35γρ), Μοτσαρέλα (35γρ)",173-4,8.32,9.40,OK,"Κοτόπουλο στήθος, μαγειρεμένο (150γρ), Πλιγούρι, μαγειρεμένο (90γρ), Ντοματίνια caprese (35γρ), Φρέσκια μοτσαρέλα (35γρ)",2.09,2.36,0.14,0.17,2.23,2.23,2.54,26.80%,€6.09,25.12%,1.68%,403,22,57,9,https://drive.google.com/file/d/1ntKhLI4ec67SsviNohUjQKIYBswJdrKL/view?usp=sharing,https://drive.google.com/file/d/1ntKhLI4ec67SsviNohUjQKIYBswJdrKL/view?usp=sharing
Μαγειρευτά,ΟΧΙ,"Caprese με φιλέτο κοτόπουλο, μοτσαρέλα και πλιγούρι","Φιλέτο κοτόπουλο (150γρ), Πλιγούρι (120γρ)","Κοτόπουλο, Πλιγούρι, Κρεμμύδι, Σκόρδο, Βασιλικός, Ντοματίνια, Βαλσάμικο ξύδι, Μέλι, Φρέσκια μοτσαρέλα","Φιλέτο κοτόπουλο (150γρ), Πλιγούρι (120γρ), Ντοματίνια (35γρ), Μοτσαρέλα (35γρ)",173-5,8.76,9.90,OK,"Κοτόπουλο στήθος, μαγειρεμένο (150γρ), Πλιγούρι, μαγειρεμένο (120γρ), Ντοματίνια caprese (35γρ), Φρέσκια μοτσαρέλα (35γρ)",2.11,2.38,0.14,0.17,2.25,2.25,2.56,25.68%,€6.51,24.09%,1.60%,431,28,58,9,https://drive.google.com/file/d/1ntKhLI4ec67SsviNohUjQKIYBswJdrKL/view?usp=sharing,https://drive.google.com/file/d/1ntKhLI4ec67SsviNohUjQKIYBswJdrKL/view?usp=sharing
Μαγειρευτά,ΟΧΙ,"Caprese με φιλέτο κοτόπουλο, μοτσαρέλα και πλιγούρι","Φιλέτο κοτόπουλο (150γρ), Πλιγούρι (180γρ)","Κοτόπουλο, Πλιγούρι, Κρεμμύδι, Σκόρδο, Βασιλικός, Ντοματίνια, Βαλσάμικο ξύδι, Μέλι, Φρέσκια μοτσαρέλα","Φιλέτο κοτόπουλο (150γρ), Πλιγούρι (180γρ), Ντοματίνια (35γρ), Μοτσαρέλα (35γρ)",173-6,9.20,10.40,OK,"Κοτόπουλο στήθος, μαγειρεμένο (150γρ), Πλιγούρι, μαγειρεμένο (180γρ), Ντοματίνια caprese (35γρ), Φρέσκια μοτσαρέλα (35γρ)",2.15,2.43,0.14,0.17,2.29,2.29,2.60,24.89%,€6.91,23.37%,1.52%,486,40,60,10,https://drive.google.com/file/d/1ntKhLI4ec67SsviNohUjQKIYBswJdrKL/view?usp=sharing,https://drive.google.com/file/d/1ntKhLI4ec67SsviNohUjQKIYBswJdrKL/view?usp=sharing
Μαγειρευτά,ΟΧΙ,"Caprese με φιλέτο κοτόπουλο, μοτσαρέλα και πλιγούρι","Φιλέτο κοτόπουλο (180γρ), Πλιγούρι (120γρ)","Κοτόπουλο, Πλιγούρι, Κρεμμύδι, Σκόρδο, Βασιλικός, Ντοματίνια, Βαλσάμικο ξύδι, Μέλι, Φρέσκια μοτσαρέλα","Φιλέτο κοτόπουλο (180γρ), Πλιγούρι (120γρ), Ντοματίνια (35γρ), Μοτσαρέλα (35γρ)",173-7,9.20,10.40,OK,"Κοτόπουλο στήθος, μαγειρεμένο (180γρ), Πλιγούρι, μαγειρεμένο (120γρ), Ντοματίνια caprese (35γρ), Φρέσκια μοτσαρέλα (35γρ)",2.40,2.71,0.14,0.17,2.54,2.54,2.89,27.61%,€6.66,26.09%,1.52%,480,28,67,10,https://drive.google.com/file/d/1ntKhLI4ec67SsviNohUjQKIYBswJdrKL/view?usp=sharing,https://drive.google.com/file/d/1ntKhLI4ec67SsviNohUjQKIYBswJdrKL/view?usp=sharing
Μαγειρευτά,ΝΑΙ,"Caprese με φιλέτο κοτόπουλο, μοτσαρέλα και πλιγούρι","Φιλέτο κοτόπουλο (180γρ), Πλιγούρι (180γρ)","Κοτόπουλο, Πλιγούρι, Κρεμμύδι, Σκόρδο, Βασιλικός, Ντοματίνια, Βαλσάμικο ξύδι, Μέλι, Φρέσκια μοτσαρέλα","Φιλέτο κοτόπουλο (180γρ), Πλιγούρι (180γρ), Ντοματίνια (35γρ), Μοτσαρέλα (35γρ)",173-8,9.65,10.90,OK,"Κοτόπουλο στήθος, μαγειρεμένο (180γρ), Πλιγούρι, μαγειρεμένο (180γρ), Ντοματίνια caprese (35γρ), Φρέσκια μοτσαρέλα (35γρ)",2.44,2.76,0.14,0.17,2.58,2.58,2.93,26.74%,€7.07,25.28%,1.45%,535,40,69,11,https://drive.google.com/file/d/1ntKhLI4ec67SsviNohUjQKIYBswJdrKL/view?usp=sharing,https://drive.google.com/file/d/1ntKhLI4ec67SsviNohUjQKIYBswJdrKL/view?usp=sharing
Μαγειρευτά,ΟΧΙ,"Caprese με φιλέτο κοτόπουλο, μοτσαρέλα και πλιγούρι","Φιλέτο κοτόπουλο (180γρ), Πλιγούρι (240γρ)","Κοτόπουλο, Πλιγούρι, Κρεμμύδι, Σκόρδο, Βασιλικός, Ντοματίνια, Βαλσάμικο ξύδι, Μέλι, Φρέσκια μοτσαρέλα","Φιλέτο κοτόπουλο (180γρ), Πλιγούρι (240γρ), Ντοματίνια (35γρ), Μοτσαρέλα (35γρ)",173-9,10.09,11.40,OK,"Κοτόπουλο στήθος, μαγειρεμένο (180γρ), Πλιγούρι, μαγειρεμένο (240γρ), Ντοματίνια caprese (35γρ), Φρέσκια μοτσαρέλα (35γρ)",2.48,2.80,0.14,0.17,2.62,2.62,2.98,25.97%,€7.47,24.58%,1.39%,591,52,71,11,https://drive.google.com/file/d/1ntKhLI4ec67SsviNohUjQKIYBswJdrKL/view?usp=sharing,https://drive.google.com/file/d/1ntKhLI4ec67SsviNohUjQKIYBswJdrKL/view?usp=sharing
Μαγειρευτά,ΟΧΙ,"Caprese με φιλέτο κοτόπουλο, μοτσαρέλα και πλιγούρι","Φιλέτο κοτόπουλο (210γρ), Πλιγούρι (120γρ)","Κοτόπουλο, Πλιγούρι, Κρεμμύδι, Σκόρδο, Βασιλικός, Ντοματίνια, Βαλσάμικο ξύδι, Μέλι, Φρέσκια μοτσαρέλα","Φιλέτο κοτόπουλο (210γρ), Πλιγούρι (120γρ), Ντοματίνια (35γρ), Μοτσαρέλα (35γρ)",173-10,10.09,11.40,OK,"Κοτόπουλο στήθος, μαγειρεμένο (210γρ), Πλιγούρι, μαγειρεμένο (120γρ), Ντοματίνια caprese (35γρ), Φρέσκια μοτσαρέλα (35γρ)",2.70,3.05,0.14,0.17,2.84,2.84,3.22,28.15%,€7.25,26.76%,1.39%,530,28,76,11,https://drive.google.com/file/d/1ntKhLI4ec67SsviNohUjQKIYBswJdrKL/view?usp=sharing,https://drive.google.com/file/d/1ntKhLI4ec67SsviNohUjQKIYBswJdrKL/view?usp=sharing
Μαγειρευτά,ΟΧΙ,"Caprese με φιλέτο κοτόπουλο, μοτσαρέλα και πλιγούρι","Φιλέτο κοτόπουλο (210γρ), Πλιγούρι (180γρ)","Κοτόπουλο, Πλιγούρι, Κρεμμύδι, Σκόρδο, Βασιλικός, Ντοματίνια, Βαλσάμικο ξύδι, Μέλι, Φρέσκια μοτσαρέλα","Φιλέτο κοτόπουλο (210γρ), Πλιγούρι (180γρ), Ντοματίνια (35γρ), Μοτσαρέλα (35γρ)",173-11,10.53,11.90,OK,"Κοτόπουλο στήθος, μαγειρεμένο (210γρ), Πλιγούρι, μαγειρεμένο (180γρ), Ντοματίνια caprese (35γρ), Φρέσκια μοτσαρέλα (35γρ)",2.74,3.10,0.14,0.17,2.88,2.88,3.27,27.35%,€7.65,26.02%,1.33%,585,40,78,12,https://drive.google.com/file/d/1ntKhLI4ec67SsviNohUjQKIYBswJdrKL/view?usp=sharing,https://drive.google.com/file/d/1ntKhLI4ec67SsviNohUjQKIYBswJdrKL/view?usp=sharing
Μαγειρευτά,ΟΧΙ,"Caprese με φιλέτο κοτόπουλο, μοτσαρέλα και πλιγούρι","Φιλέτο κοτόπουλο (210γρ), Πλιγούρι (240γρ)","Κοτόπουλο, Πλιγούρι, Κρεμμύδι, Σκόρδο, Βασιλικός, Ντοματίνια, Βαλσάμικο ξύδι, Μέλι, Φρέσκια μοτσαρέλα","Φιλέτο κοτόπουλο (210γρ), Πλιγούρι (240γρ), Ντοματίνια (35γρ), Μοτσαρέλα (35γρ)",173-12,10.97,12.40,OK,"Κοτόπουλο στήθος, μαγειρεμένο (210γρ), Πλιγούρι, μαγειρεμένο (240γρ), Ντοματίνια caprese (35γρ), Φρέσκια μοτσαρέλα (35γρ)",2.78,3.14,0.14,0.17,2.92,2.92,3.32,26.62%,€8.05,25.34%,1.28%,640,52,81,12,https://drive.google.com/file/d/1ntKhLI4ec67SsviNohUjQKIYBswJdrKL/view?usp=sharing,https://drive.google.com/file/d/1ntKhLI4ec67SsviNohUjQKIYBswJdrKL/view?usp=sharing
Πρωϊνά,ΝΑΙ,Carrot κέικ με frosting κρέμας τυριού light,"Carrot κέικ (70γρ), Κρέμα (20γρ)","Αυγό, Αλεύρι, Μέλι, Κανέλα, Χυμός λεμονιού, Χυμός πορτοκαλιού, Καρύδι, Καρότο, Μοσχοκάρυδο, Τυρί κρέμα light","Carrot κέικ (70γρ), Frosting κρέμας τυριού light (20γρ)",33,3.45,3.90,OK,"Carrot κέικ (70γρ), Frosting κρέμα (20γρ)",0.37,0.42,0.06,0.07,0.43,0.43,0.49,12.47%,€3.02,10.72%,1.74%,275,29,5,16,https://drive.google.com/file/d/1PDmPmxch8xQgYMQvC5xVB6jFYSM629Pq/view?usp=sharing,https://drive.google.com/file/d/1PDmPmxch8xQgYMQvC5xVB6jFYSM629Pq/view?usp=sharing
Πρωϊνά,ΝΑΙ,Ceasar salad wrap ολικής με στήθος κοτόπουλο,Caesar Wrap με φιλέτο κοτόπουλο (60γρ),"Τορτίγια, Κοτόπουλο, Τυρί κίτρινο light, Γιαούρτι, Κόκκινη πιπεριά, Καλαμπόκι, Λαχανικά","Wrap ολικής (60γρ), Φιλέτο κοτόπουλο (30γρ), Κίτρινο τυρί light (30γρ), Καλαμπόκι (10γρ), Γιαούρτι 2% (10γρ), Πιπεριές (20γρ), Πράσινη σαλάτα (25γρ)",26-1,5.22,5.90,OK,"Τορτίγια ολικής, μικρή  (60γρ), Κοτόπουλο στήθος, μαγειρεμένο (30γρ), Τυρί κίτρινο light (30γρ), Γιαούρτι 2% (10γρ), Κόκκινη πιπεριά γλυκιά, ωμή (20γρ), Καλαμπόκι, κονσέρβα (10γρ), Λαχανικά, ωμά (25γρ)",1.45,1.64,0.20,0.25,1.65,1.65,1.89,31.61%,€3.57,27.78%,3.84%,310,34,25,7,https://drive.google.com/file/d/16GXebrxFl-iI3Io0qVS43wVBe7W8Z7cd/view?usp=sharing,https://drive.google.com/file/d/16GXebrxFl-iI3Io0qVS43wVBe7W8Z7cd/view?usp=sharing
Πρωϊνά,ΟΧΙ,Ceasar salad wrap ολικής με στήθος κοτόπουλο,Caesar Wrap με φιλέτο κοτόπουλο (90γρ),"Τορτίγια, Κοτόπουλο, Τυρί κίτρινο light, Γιαούρτι, Κόκκινη πιπεριά, Καλαμπόκι, Λαχανικά","Wrap ολικής (90γρ), Φιλέτο κοτόπουλο (60γρ), Κίτρινο τυρί light (30γρ), Καλαμπόκι (20γρ), Γιαούρτι 2% (20γρ), Πιπεριές (20γρ), Πράσινη σαλάτα (45γρ)",26-2,6.11,6.90,OK,"Τορτίγια ολικής, μεγάλη (90γρ), Κοτόπουλο στήθος, μαγειρεμένο (60γρ), Τυρί κίτρινο light (30γρ), Γιαούρτι 2% (20γρ), Κόκκινη πιπεριά γλυκιά, ωμή (20γρ), Καλαμπόκι, κονσέρβα (20γρ), Λαχανικά, ωμά (45γρ)",1.97,2.23,0.20,0.25,2.17,2.17,2.47,35.52%,€3.94,32.24%,3.28%,462,51,39,10,https://drive.google.com/file/d/16GXebrxFl-iI3Io0qVS43wVBe7W8Z7cd/view?usp=sharing,https://drive.google.com/file/d/16GXebrxFl-iI3Io0qVS43wVBe7W8Z7cd/view?usp=sharing
Σαλάτες,ΟΧΙ,Ceasar salad με φιλέτο κοτόπουλο,"Caesar σαλάτα με φιλέτο κοτόπουλο (30γρ), Dressing (70γρ)","Κοτόπουλο, Λαχανικά, Παρμεζάνα, Κρουτόν, Σκόρδο, Αντζούγια, Μουστάρδα, Χυμός λεμονιού, Μαγιονέζα light, Γιαούρτι, Worcestershire sauce","Φιλέτο κοτόπουλο (30γρ), Παρμεζάνα (20γρ), Κρουτόν (30γρ), Πράσινη σαλάτα (100γρ), Dressing (70γρ)",72-1,7.88,8.90,OK,"Κοτόπουλο στήθος, μαγειρεμένο (30γρ), Λαχανικά, ωμά (100γρ), Παρμεζάνα τυρί (20γρ), Κρουτόν (30γρ), Ceasar dressing με γιαούρτι (70γρ)",1.44,1.63,0.20,0.25,1.64,1.64,1.87,20.78%,€6.24,18.27%,2.51%,412,29,25,22,https://drive.google.com/file/d/14jnmHrfhXEoT8n-_emniYepVteL52LFu/view?usp=sharing,https://drive.google.com/file/d/14jnmHrfhXEoT8n-_emniYepVteL52LFu/view?usp=sharing
Σαλάτες,ΝΑΙ,Ceasar salad με φιλέτο κοτόπουλο,"Caesar σαλάτα με φιλέτο κοτόπουλο (60γρ), Dressing (70γρ)","Κοτόπουλο, Λαχανικά, Παρμεζάνα, Κρουτόν, Σκόρδο, Αντζούγια, Μουστάρδα, Χυμός λεμονιού, Μαγιονέζα light, Γιαούρτι, Worcestershire sauce","Φιλέτο κοτόπουλο (60γρ), Παρμεζάνα (20γρ), Κρουτόν (30γρ), Πράσινη σαλάτα (100γρ), Dressing (70γρ)",72-2,8.32,9.40,OK,"Κοτόπουλο στήθος, μαγειρεμένο (60γρ), Λαχανικά, ωμά (100γρ), Παρμεζάνα τυρί (20γρ), Κρουτόν (30γρ), Ceasar dressing με γιαούρτι (70γρ)",1.74,1.97,0.20,0.25,1.94,1.94,2.21,23.29%,€6.38,20.91%,2.38%,462,29,35,23,https://drive.google.com/file/d/14jnmHrfhXEoT8n-_emniYepVteL52LFu/view?usp=sharing,https://drive.google.com/file/d/14jnmHrfhXEoT8n-_emniYepVteL52LFu/view?usp=sharing
Σαλάτες,ΟΧΙ,Ceasar salad με φιλέτο κοτόπουλο,"Caesar σαλάτα με φιλέτο κοτόπουλο (90γρ), Dressing (70γρ)","Κοτόπουλο, Λαχανικά, Παρμεζάνα, Κρουτόν, Σκόρδο, Αντζούγια, Μουστάρδα, Χυμός λεμονιού, Μαγιονέζα light, Γιαούρτι, Worcestershire sauce","Φιλέτο κοτόπουλο (90γρ), Παρμεζάνα (20γρ), Κρουτόν (30γρ), Πράσινη σαλάτα (100γρ), Dressing (70γρ)",72-3,8.76,9.90,OK,"Κοτόπουλο στήθος, μαγειρεμένο (90γρ), Λαχανικά, ωμά (100γρ), Παρμεζάνα τυρί (20γρ), Κρουτόν (30γρ), Ceasar dressing με γιαούρτι (70γρ)",2.03,2.29,0.20,0.25,2.23,2.23,2.54,25.43%,€6.53,23.17%,2.26%,511,29,44,24,https://drive.google.com/file/d/14jnmHrfhXEoT8n-_emniYepVteL52LFu/view?usp=sharing,https://drive.google.com/file/d/14jnmHrfhXEoT8n-_emniYepVteL52LFu/view?usp=sharing
Πρωϊνά,ΝΑΙ,Chia pudding με μάνγκο και γάλα καρύδας,"Chia pudding με πουρέ μάνγκο (200γρ), Ντιπάκι μελιού (20γρ)","Σπόροι chia, Μέλι, Ινδοκάρυδο, Φράουλα, Μπανάνα, Σπόροι κάνναβης, Κολοκυθόσπορος, Γάλα καρύδας","Σπόροι chia (30γρ), Μango puree (40γρ), Μέλι (10γρ), Ντιπάκι μελιού (20γρ), Γάλα καρύδας (60γρ), Φράουλες (20γρ), Μπανάνα (30γρ), Σπόροι κάνναβης (5γρ), Κολοκυθόσπορος (5γρ), Ινδοκάρυδο (5γρ)",56,5.22,5.90,Product Cost Change,"Chia seeds, dried (30γρ), Mango puree (40γρ), Μέλι (30γρ), Ινδοκάρυδο (5γρ), Φράουλα (20γρ), Μπανάνα (30γρ), Σπόροι κάνναβης (5γρ), Pepita seeds, unsalted (5γρ), Γάλα καρύδας (60γρ)",1.61,1.82,0.27,0.33,1.83,1.88,2.15,35.93%,€3.34,30.84%,5.08%,531,63,10,30,https://drive.google.com/file/d/1lWrALG55kBr2vg-syPOG2UJ4MHWmh4Bz/view?usp=sharing,https://drive.google.com/file/d/1lWrALG55kBr2vg-syPOG2UJ4MHWmh4Bz/view?usp=sharing
Smoothies,ΝΑΙ,"ChiaDia Straberry με μήλο, chia και σιρόπι αγαύης","ChiaDia Straberry με λεμόνι, μήλο, σιρόπι αγαύης, σπόρους chia  (250γρ)","Φράουλα, Λεμόνι, Μήλο, Σιρόπι αγαύης, Σπόροι chia, Μαύρο καρότο","ChiaDia Straberry με λεμόνι, μήλο, σιρόπι αγαύης, σπόρους chia",317,3.98,4.50,OK,"ChiaDia Straberry με λεμόνι, μήλο, σιρόπι αγαύης, σπόρους chia  (250γρ)",1.80,2.03,0.00,0.00,1.80,1.80,2.03,45.23%,€2.18,45.23%,0.00%,138,22,2,2,https://drive.google.com/file/d/1VTYpXf0s5GPoyHJ8I1bsSmP6W1ErA33P/view?usp=sharing,https://drive.google.com/file/d/1VTYpXf0s5GPoyHJ8I1bsSmP6W1ErA33P/view?usp=sharing
Σαλάτες,ΟΧΙ,Chicken Curry Salad,Chicken curry salad (60γρ),"Φυλλώδη πράσινα λαχανικά, Κοτόπουλο, Σέλερι, Κάσιους, Καρότο, Μαγιονέζα light, Γιαούρτι, Χυμός λεμονιού, Μέλι","Πράσινη σαλάτα (100γρ), Φιλέτο κοτόπουλο (60γρ), Σέλερι (25γρ), Κάσιους (20γρ), Καρότο (30γρ), Dressing (70γρ)",107-1,7.88,8.90,OK,"Λαχανικά, ωμά (100γρ), Κοτόπουλο στήθος, μαγειρεμένο (60γρ), Σέλερι, ωμό (25γρ), Κάσιους, ανάλατο (20γρ), Καρότο, ωμό (30γρ), Dressing curry (70γρ)",1.52,1.72,0.14,0.17,1.66,1.66,1.89,21.07%,€6.22,19.29%,1.78%,381,17,27,23,https://drive.google.com/file/d/1zamFJc3U2uLn61AdhzUCLnxprZS6rMoW/view?usp=sharing,https://drive.google.com/file/d/1zamFJc3U2uLn61AdhzUCLnxprZS6rMoW/view?usp=sharing
Σαλάτες,ΝΑΙ,Chicken Curry Salad,Chicken curry salad (90γρ),"Φυλλώδη πράσινα λαχανικά, Κοτόπουλο, Σέλερι, Κάσιους, Καρότο, Μαγιονέζα light, Γιαούρτι, Χυμός λεμονιού, Μέλι","Πράσινη σαλάτα (100γρ), Φιλέτο κοτόπουλο (90γρ), Σέλερι (25γρ), Κάσιους (20γρ), Καρότο (30γρ), Dressing (70γρ)",107-2,8.32,9.40,OK,"Λαχανικά, ωμά (100γρ), Κοτόπουλο στήθος, μαγειρεμένο (90γρ), Σέλερι, ωμό (25γρ), Κάσιους, ανάλατο (20γρ), Καρότο, ωμό (30γρ), Dressing curry (70γρ)",1.82,2.06,0.14,0.17,1.96,1.96,2.23,23.56%,€6.36,21.88%,1.68%,431,17,36,24,https://drive.google.com/file/d/1zamFJc3U2uLn61AdhzUCLnxprZS6rMoW/view?usp=sharing,https://drive.google.com/file/d/1zamFJc3U2uLn61AdhzUCLnxprZS6rMoW/view?usp=sharing
Σαλάτες,ΟΧΙ,Chicken Curry Salad,Chicken curry salad (120γρ),"Φυλλώδη πράσινα λαχανικά, Κοτόπουλο, Σέλερι, Κάσιους, Καρότο, Μαγιονέζα light, Γιαούρτι, Χυμός λεμονιού, Μέλι","Πράσινη σαλάτα (100γρ), Φιλέτο κοτόπουλο (120γρ), Σέλερι (25γρ), Κάσιους (20γρ), Καρότο (30γρ), Dressing (70γρ)",107-3,8.76,9.90,Product Cost Change,"Λαχανικά, ωμά (100γρ), Κοτόπουλο στήθος, μαγειρεμένο (120γρ), Σέλερι, ωμό (25γρ), Κάσιους, ανάλατο (20γρ), Καρότο, ωμό (30γρ), Dressing curry (70γρ)",2.12,2.40,0.14,0.17,2.25,2.26,2.57,25.80%,€6.50,24.20%,1.60%,480,17,45,25,https://drive.google.com/file/d/1zamFJc3U2uLn61AdhzUCLnxprZS6rMoW/view?usp=sharing,https://drive.google.com/file/d/1zamFJc3U2uLn61AdhzUCLnxprZS6rMoW/view?usp=sharing
Πρωϊνά,ΝΑΙ,Choco yogurt 2% με αμύγδαλο και μέλι,"Choco yogurt (170γρ), Ντιπάκι μελιού (20γρ)","Γιαούρτι, Σταγόνες μαύρης σοκολάτας, Αμύγδαλο, Μέλι, Κακάο","Γιαούρτι 2% (170γρ), Κουβερτούρα (10γρ), Αμύγδαλο φιλέ (10γρ), Κακάο (10γρ), Μέλι (10γρ), Ντιπάκι μελιού (20γρ)",35,5.22,5.90,OK,"Γιαούρτι 2% (170γρ), Σταγόνες μαύρης σοκολάτας (10γρ), Αμύγδαλο, ωμό, ανάλατο (10γρ), Μέλι (30γρ), Κακάο, άγλυκο (10γρ)",1.24,1.40,0.27,0.33,1.51,1.51,1.73,28.84%,€3.71,23.75%,5.08%,359,39,22,14,https://drive.google.com/file/d/1pR3qiRdKUyjW9i8-l58vWROK1EjHAbY4/view?usp=sharing,https://drive.google.com/file/d/1pR3qiRdKUyjW9i8-l58vWROK1EjHAbY4/view?usp=sharing
Σαλάτες,ΝΑΙ,Cobb salad με falafel φούρνου,"Cobb salad με falafel φούρνου (80γρ), Dressing (20γρ)","Φυλλώδη πράσινα λαχανικά, Φαλάφελ, Ντοματίνια, Καλαμπόκι, Κόκκινα φασόλια, Αβοκάντο, Edamame, Κρεμμύδι, Βαλσάμικο, Μουστάρδα, Σκόρδο, Μέλι","Πράσινη σαλάτα (80γρ), Falafel (90γρ), Ντοματίνια (50γρ), Καλαμπόκι (30γρ), Κόκκινα φασόλια (40γρ), Αβοκάντο (30γρ), Edamame (30γρ), Κρεμμύδι (5γρ), Dressing (20γρ)",106,6.99,7.90,Product Cost Change,"Λαχανικά, ωμά (80γρ), Φαλάφελ (90γρ), Ντοματίνια, ωμά (50γρ), Καλαμπόκι, κονσέρβα (30γρ), Κόκκινα φασόλια, κονσέρβα (40γρ), Αβοκάντο (30γρ), Edamame (30γρ), Κρεμμύδι, ωμό (5γρ), Dressing βαλσάμικο (20γρ)",1.61,1.82,0.18,0.23,1.60,1.79,2.05,25.67%,€5.20,23.03%,2.63%,436,47,18,21,https://drive.google.com/file/d/1reMkC5Bi9ZKz0XeNz5FVJR1e_lC8h5-S/view?usp=sharing,https://drive.google.com/file/d/1reMkC5Bi9ZKz0XeNz5FVJR1e_lC8h5-S/view?usp=sharing
Σαλάτες,ΟΧΙ,Cobb salad με φιλέτο κοτόπουλο και αυγό βραστό,"Cobb salad με φιλέτο κοτόπουλο (30γρ), Κατίκι (30γρ), Dressing (20γρ)","Φυλλώδη πράσινα λαχανικά, Κατίκι, Κοτόπουλο, Ντοματίνια, Καλαμπόκι, Αβοκάντο, Κρεμμύδι, Αυγό, Φρέσκο κρεμμυδάκι, Edamame, Ξύδι, Μουστάρδα, Μέλι","Mix πράσινης σαλάτας (60γρ), Κατίκι Δομοκού (30γρ), Φιλέτο κοτόπουλο (30γρ), Ντοματίνια (50γρ), Καλαμπόκι (10γρ), Αβοκάντο (30γρ), Κόκκινο κρεμμύδι (5γρ), Αυγό βραστό (50γρ), Φρέσκο κρεμμύδι (5γρ), Edamame (10γρ), Dressing (20γρ)",81-1,7.88,8.90,Product Cost Change,"Λαχανικά, ωμά (60γρ), Κατίκι (30γρ), Κοτόπουλο στήθος, μαγειρεμένο (30γρ), Ντοματίνια, ωμά (50γρ), Καλαμπόκι, κονσέρβα (10γρ), Αβοκάντο (30γρ), Κρεμμύδι κόκκινο, ωμό (5γρ), Αυγό ολόκληρο, βραστό (50γρ), Φρέσκο κρεμμυδάκι, ωμό (5γρ), Edamame (10γρ), Dressing for chicken cobb (20γρ)",1.77,2.00,0.18,0.23,1.77,1.95,2.23,24.80%,€5.93,22.46%,2.34%,368,14,22,26,https://drive.google.com/file/d/1nY0mJzCZr7m6aQVTEbRfevqjWSOFapLf/view?usp=sharing,https://drive.google.com/file/d/1nY0mJzCZr7m6aQVTEbRfevqjWSOFapLf/view?usp=sharing
Σαλάτες,ΝΑΙ,Cobb salad με φιλέτο κοτόπουλο και αυγό βραστό,"Cobb salad με φιλέτο κοτόπουλο (60γρ), Κατίκι (30γρ), Dressing (20γρ)","Φυλλώδη πράσινα λαχανικά, Κατίκι, Κοτόπουλο, Ντοματίνια, Καλαμπόκι, Αβοκάντο, Κρεμμύδι, Αυγό, Φρέσκο κρεμμυδάκι, Edamame, Ξύδι, Μουστάρδα, Μέλι","Mix πράσινης σαλάτας (60γρ), Κατίκι Δομοκού (30γρ), Φιλέτο κοτόπουλο (60γρ), Ντοματίνια (50γρ), Καλαμπόκι (10γρ), Αβοκάντο (30γρ), Κόκκινο κρεμμύδι (5γρ), Αυγό βραστό (50γρ), Φρέσκο κρεμμύδι (5γρ), Edamame (10γρ), Dressing (20γρ)",81-2,8.32,9.40,Product Cost Change,"Λαχανικά, ωμά (60γρ), Κατίκι (30γρ), Κοτόπουλο στήθος, μαγειρεμένο (60γρ), Ντοματίνια, ωμά (50γρ), Καλαμπόκι, κονσέρβα (10γρ), Αβοκάντο (30γρ), Κρεμμύδι κόκκινο, ωμό (5γρ), Αυγό ολόκληρο, βραστό (50γρ), Φρέσκο κρεμμυδάκι, ωμό (5γρ), Edamame (10γρ), Dressing for chicken cobb (20γρ)",2.07,2.34,0.18,0.23,2.06,2.25,2.57,27.09%,€6.07,24.88%,2.21%,418,14,31,27,https://drive.google.com/file/d/1nY0mJzCZr7m6aQVTEbRfevqjWSOFapLf/view?usp=sharing,https://drive.google.com/file/d/1nY0mJzCZr7m6aQVTEbRfevqjWSOFapLf/view?usp=sharing
Σαλάτες,ΟΧΙ,Cobb salad με φιλέτο κοτόπουλο και αυγό βραστό,"Cobb salad με φιλέτο κοτόπουλο (60γρ), Κατίκι (60γρ), Dressing (20γρ)","Φυλλώδη πράσινα λαχανικά, Κατίκι, Κοτόπουλο, Ντοματίνια, Καλαμπόκι, Αβοκάντο, Κρεμμύδι, Αυγό, Φρέσκο κρεμμυδάκι, Edamame, Ξύδι, Μουστάρδα, Μέλι","Mix πράσινης σαλάτας (60γρ), Κατίκι Δομοκού (60γρ), Φιλέτο κοτόπουλο (60γρ), Ντοματίνια (50γρ), Καλαμπόκι (10γρ), Αβοκάντο (30γρ), Κόκκινο κρεμμύδι (5γρ), Αυγό βραστό (50γρ), Φρέσκο κρεμμύδι (5γρ), Edamame (10γρ), Dressing (20γρ)",81-3,8.76,9.90,Product Cost Change,"Λαχανικά, ωμά (60γρ), Κατίκι (60γρ), Κοτόπουλο στήθος, μαγειρεμένο (60γρ), Ντοματίνια, ωμά (50γρ), Καλαμπόκι, κονσέρβα (10γρ), Αβοκάντο (30γρ), Κρεμμύδι κόκκινο, ωμό (5γρ), Αυγό ολόκληρο, βραστό (50γρ), Φρέσκο κρεμμυδάκι, ωμό (5γρ), Edamame (10γρ), Dressing for chicken cobb (20γρ)",2.34,2.64,0.18,0.23,2.33,2.52,2.87,28.81%,€6.24,26.71%,2.10%,468,15,34,31,https://drive.google.com/file/d/1nY0mJzCZr7m6aQVTEbRfevqjWSOFapLf/view?usp=sharing,https://drive.google.com/file/d/1nY0mJzCZr7m6aQVTEbRfevqjWSOFapLf/view?usp=sharing
Σαλάτες,ΝΑΙ,Cobb salad με ψητό σολομό,"Cobb salad με σολομό ψητό (60γρ), Dressing (20γρ)","Σολομός, Ρεβίθια, Φασόλια, Edamame, Αβοκάντο, Κινόα, Φρέσκο κρεμμυδάκι, Λαχανικά, Κρεμμύδι, Ντοματίνια, Μάνγκο, Ξύδι ρυζιού, Σόγια, Χυμός yuzu, Χυμός λεμονιού, Μέλι","Σολομός ψητός (60γρ), Ρεβίθια (30γρ), Λευκά φασόλια (20γρ), Edamame (10γρ), Κινόα (30γρ), Αβοκάντο (30γρ), Φρέσκο κρεμμύδι (5γρ), Πράσινη σαλάτα (50γρ), Κόκκινο κρεμμύδι (5γρ), Ντοματίνια (50γρ), Μάνγκο (30γρ), Dressing (20γρ)",68-1,9.65,10.90,Product Cost Change,"Σολομός, μαγειρεμένος (60γρ), Ρεβύθια, μαγειρεμένα (30γρ), Λευκά φασόλια, μαγειρεμένα (20γρ), Edamame (10γρ), Αβοκάντο (30γρ), Κινόα, μαγειρεμένη (30γρ), Φρέσκο κρεμμυδάκι, ωμό (5γρ), Λαχανικά, ωμά (50γρ), Κρεμμύδι κόκκινο, ωμό (5γρ), Ντοματίνια, ωμά (50γρ), Μάνγκο, φρέσκο (30γρ), Dressing cobb (20γρ)",3.21,3.63,0.18,0.23,3.20,3.39,3.86,35.17%,€6.26,33.26%,1.91%,376,36,25,16,https://drive.google.com/file/d/1lob4IIe9BdEyR62DQfEjXIxc9SfhsDpl/view?usp=sharing,https://drive.google.com/file/d/1lob4IIe9BdEyR62DQfEjXIxc9SfhsDpl/view?usp=sharing
Σαλάτες,ΟΧΙ,Cobb salad με ψητό σολομό,"Cobb salad με σολομό ψητό (90γρ), Dressing (20γρ)","Σολομός, Ρεβίθια, Φασόλια, Edamame, Αβοκάντο, Κινόα, Φρέσκο κρεμμυδάκι, Λαχανικά, Κρεμμύδι, Ντοματίνια, Μάνγκο, Ξύδι ρυζιού, Σόγια, Χυμός yuzu, Χυμός λεμονιού, Μέλι","Σολομός ψητός (90γρ), Ρεβίθια (30γρ), Λευκά φασόλια (20γρ), Edamame (10γρ), Κινόα (30γρ), Αβοκάντο (30γρ), Φρέσκο κρεμμύδι (5γρ), Πράσινη σαλάτα (50γρ), Κόκκινο κρεμμύδι (5γρ), Ντοματίνια (50γρ), Μάνγκο (30γρ), Dressing (20γρ)",68-2,11.42,12.90,Product Cost Change,"Σολομός, μαγειρεμένος (90γρ), Ρεβύθια, μαγειρεμένα (30γρ), Λευκά φασόλια, μαγειρεμένα (20γρ), Edamame (10γρ), Αβοκάντο (30γρ), Κινόα, μαγειρεμένη (30γρ), Φρέσκο κρεμμυδάκι, ωμό (5γρ), Λαχανικά, ωμά (50γρ), Κρεμμύδι κόκκινο, ωμό (5γρ), Ντοματίνια, ωμά (50γρ), Μάνγκο, φρέσκο (30γρ), Dressing cobb (20γρ)",4.14,4.68,0.18,0.23,4.13,4.32,4.91,37.86%,€7.10,36.25%,1.61%,431,36,32,18,https://drive.google.com/file/d/1lob4IIe9BdEyR62DQfEjXIxc9SfhsDpl/view?usp=sharing,https://drive.google.com/file/d/1lob4IIe9BdEyR62DQfEjXIxc9SfhsDpl/view?usp=sharing
Πρωϊνά,ΝΑΙ,Egg toast με ψωμί ολικής και γαλοπούλα,"Ψωμί ολικής (60γρ), Αυγό βραστό (50γρ)","Ψωμί, Αυγό, Τυρί κρέμα light, Γαλοπούλα βραστή, Λαχανικά","Ψωμί ολικής (60γρ), Αυγό βραστό (50γρ), Τυρί κρέμα light (15γρ), Γαλοπούλα βραστή (15γρ), Πράσινη σαλάτα (20γρ)",23-1,3.98,4.50,OK,"Ψωμί ολικής (60γρ), Αυγό ολόκληρο, βραστό (50γρ), Τυρί κρέμα, light (15γρ), Γαλοπούλα βραστή, σε φέτες (15γρ), Λαχανικά, ωμά (20γρ)",0.69,0.78,0.16,0.19,0.85,0.85,0.97,21.23%,€3.14,17.34%,3.89%,277,29,18,10,https://drive.google.com/file/d/12-1rVpBevEHkau72tLmcQoWrmGY9oxuo/view?usp=sharing,https://drive.google.com/file/d/12-1rVpBevEHkau72tLmcQoWrmGY9oxuo/view?usp=sharing
Πρωϊνά,ΟΧΙ,Egg toast με ψωμί ολικής και γαλοπούλα,"Ψωμί ολικής (120γρ), Αυγό βραστό (50γρ)","Ψωμί, Αυγό, Τυρί κρέμα light, Γαλοπούλα βραστή, Λαχανικά","Ψωμί ολικής (120γρ), Αυγό βραστό (50γρ), Τυρί κρέμα light (30γρ), Γαλοπούλα βραστή (15γρ), Πράσινη σαλάτα (45γρ)",23-2,4.87,5.50,OK,"Ψωμί ολικής (120γρ), Αυγό ολόκληρο, βραστό (50γρ), Τυρί κρέμα, light (30γρ), Γαλοπούλα βραστή, σε φέτες (15γρ), Λαχανικά, ωμά (45γρ)",1.08,1.22,0.22,0.27,1.30,1.30,1.49,26.59%,€3.58,22.18%,4.41%,464,56,26,15,https://drive.google.com/file/d/12-1rVpBevEHkau72tLmcQoWrmGY9oxuo/view?usp=sharing,https://drive.google.com/file/d/12-1rVpBevEHkau72tLmcQoWrmGY9oxuo/view?usp=sharing
Smoothies,ΝΑΙ,"Energy Shot με μάνγκο, τζίντζερ, λεμόνι και μέλι","Energy Shot με μάνγκο, τζίντζερ, λεμόνι, μέλι  (60γρ)","Μάνγκο, Ginger, Λεμόνι, Μέλι","Energy Shot με μάνγκο, τζίντζερ, λεμόνι, μέλι",315,3.45,3.90,OK,"Energy Shot με μάνγκο, τζίντζερ, λεμόνι, μέλι  (60γρ)",1.60,1.81,0.00,0.00,1.60,1.60,1.81,46.38%,€1.85,46.38%,0.00%,50,12,1,0,https://drive.google.com/file/d/1uLJAQf4DltS-zgHJzikYMU1OwhJkB3qD/view?usp=sharing,https://drive.google.com/file/d/1uLJAQf4DltS-zgHJzikYMU1OwhJkB3qD/view?usp=sharing
Snacks,ΝΑΙ,Fitpal Bar με αμυγδαλοβούτυρο και λευκή σοκολάτα,Μπάρα με αμυγδαλοβούτυρο και λευκή σοκολάτα (50γρ),"Αμύγδαλο, Αλεύρι καρύδας, Μέλι, Λευκή σοκολάτα, Φράουλα","Διπλή μπάρα με αμυγδαλοβούτυρο, λευκή σοκολάτα, φράουλα και μέλι (50γρ)",59,2.57,2.90,OK,Μπάρα με αμυγδαλοβούτυρο και φράουλα (50γρ),0.85,0.96,0.03,0.03,0.88,0.88,0.99,34.05%,€1.70,33.07%,0.97%,175,14,6,13,https://drive.google.com/file/d/1ApupY5zFEL6Lgx_5K-1X4XvgxtqMACnV/view?usp=sharing,https://drive.google.com/file/d/1ApupY5zFEL6Lgx_5K-1X4XvgxtqMACnV/view?usp=sharing
Snacks,ΝΑΙ,Fitpal Bar με αμυγδαλοβούτυρο και μαύρη σοκολάτα,Μπάρα με αμυγδαλοβούτυρο και μαύρη σοκολάτα (50γρ),"Φυστίκι, Αλεύρι καρύδας, Μέλι, Σοκολάτα, Καραμέλα ","Διπλή μπάρα με αμυγδαλοβούτυρο, μαύρη σοκολάτα και μέλι (50γρ)",39,2.57,2.90,OK,Mπάρα με αμυγδαλοβούτυρο (50γρ),0.80,0.90,0.03,0.03,0.83,0.83,0.94,32.10%,€1.75,31.13%,0.97%,269,12,8,20,https://drive.google.com/file/d/1snPNMnGgNOcg4SKTS2CdiUQvY3XrVEt_/view?usp=sharing,https://drive.google.com/file/d/1snPNMnGgNOcg4SKTS2CdiUQvY3XrVEt_/view?usp=sharing
Snacks,ΝΑΙ,"Fitpal Bar με ταχίνι, λευκή σοκολάτα και μέλι",Μπάρα με ταχίνι και λευκή σοκολάτα (50γρ),"Σουσάμι, Αλεύρι καρύδας, Μέλι, Λευκή σοκολάτα","Διπλή μπάρα με ταχίνι, λευκή σοκολάτα και μέλι (50γρ)",237,2.57,2.90,OK,Μπάρα με ταχίνι και λευκή σοκολάτα (50γρ),0.75,0.85,0.03,0.03,0.78,0.78,0.88,30.16%,€1.80,29.18%,0.97%,261,22,6,19,https://drive.google.com/file/d/11I56iOH69pGgGPHvy1bOyAB55ZIl10MN/view?usp=sharing,https://drive.google.com/file/d/11I56iOH69pGgGPHvy1bOyAB55ZIl10MN/view?usp=sharing
Snacks,ΝΑΙ,"Fitpal Bar με ταχίνι, μαύρη σοκολάτα και μέλι",Μπάρα με ταχίνι και μαύρη σοκολάτα (50γρ),"Σουσάμι, Αλεύρι καρύδας, Μέλι, Μαύρη σοκολάτα ","Διπλή μπάρα με ταχίνι, μαύρη σοκολάτα και μέλι (50γρ)",238,2.57,2.90,OK,Μπάρα με ταχίνι και μαύρη σοκολάτα (50γρ),0.83,0.94,0.03,0.03,0.86,0.86,0.97,33.27%,€1.72,32.30%,0.97%,267,21,6,20,https://drive.google.com/file/d/1JZ791h6kjSzYv5UJf53i2SAAVeNmvShr/view?usp=sharing,https://drive.google.com/file/d/1JZ791h6kjSzYv5UJf53i2SAAVeNmvShr/view?usp=sharing
Snacks,ΝΑΙ,Fitpal Bar με φιστίκι Αιγίνης και λευκή σοκολάτα,Μπάρα με φιστίκι Αιγίνης και λευκή σοκολάτα (50γρ),"Καρύδα, Αμύγδαλο, Κάσιους, Φυστίκι Αιγίνης, Cranberry, Μέλι, Λευκή σοκολάτα","Διπλή μπάρα με φιστίκι Αιγίνης, αμύγδαλα, καρύδα, κάσιους, cranberries, μέλι και λευκή σοκολάτα (50γρ)",236,3.10,3.50,OK,"Μπάρα με φιστίκι Αιγίνης, καρύδα, cranberries και λευκή σοκολάτα (50γρ)",1.08,1.22,0.03,0.03,1.11,1.11,1.25,35.65%,€2.00,34.84%,0.81%,251,24,6,16,https://drive.google.com/file/d/1wf4mGhkL46lLh1VQqhjm0sX3HLZ2BczY/view?usp=sharing,https://drive.google.com/file/d/1wf4mGhkL46lLh1VQqhjm0sX3HLZ2BczY/view?usp=sharing
Snacks,ΝΑΙ,Fitpal Bar με φουντουκοβούτυρο και σοκολάτα,Μπάρα με φουντουκοβούτυρο και μαύρη σοκολάτα (50γρ),"Φουντούκι, Αλεύρι καρύδας, Μέλι, Μαύρη σοκολάτα","Διπλή μπάρα με φουντουκοβούτυρο, μαύρη σοκολάτα και μέλι (50γρ)",58,3.45,3.90,OK,Μπάρα με φουντουκοβούτυρο και σοκολάτα (50γρ),1.35,1.53,0.03,0.03,1.38,1.38,1.56,39.86%,€2.08,39.13%,0.72%,267,12,8,20,https://drive.google.com/file/d/1N3K7ZCQewUra6nJcZ9H_rH__0n-Ekv2A/view?usp=sharing,https://drive.google.com/file/d/1N3K7ZCQewUra6nJcZ9H_rH__0n-Ekv2A/view?usp=sharing
Snacks,ΝΑΙ,"Fitpal Bar με φυστικοβούτυρο, καραμέλα και μέλι",Μπάρα με φυστικοβούτυρο και καραμέλα (50γρ),"Φυστίκι, Αλεύρι καρύδας, Μέλι, Σοκολάτα, Καραμέλα ","Διπλή μπάρα με φυστικοβούτυρο, καραμέλα και μέλι (50γρ)",44,2.57,2.90,OK,Μπάρα με φυστικοβούτυρο και καραμέλα (50γρ),0.93,1.05,0.03,0.03,0.96,0.96,1.08,37.16%,€1.62,36.19%,0.97%,253,19,9,18,https://drive.google.com/file/d/16f_B4M4N-dsvm5oGCSHKBBk6z0cGGS4T/view?usp=sharing,https://drive.google.com/file/d/16f_B4M4N-dsvm5oGCSHKBBk6z0cGGS4T/view?usp=sharing
Snacks,ΝΑΙ,Fitpal Bar με φυστικοβούτυρο και μαύρη σοκολάτα,Μπάρα με φυστικοβούτυρο και μαύρη σοκολάτα (50γρ),"Φυστίκι, Μαύρη σοκολάτα, Μέλι, Αλεύρι καρύδας","Διπλή μπάρα με φυστικοβούτυρο, μαύρη σοκολάτα και μέλι (50γρ)",40,2.57,2.90,OK,Mπάρα με φυστικοβούτυρο και μαύρη σοκολάτα (50γρ),0.75,0.85,0.03,0.03,0.78,0.78,0.88,30.16%,€1.80,29.18%,0.97%,276,12,10,20,https://drive.google.com/file/d/13tjcyUpPB9lkBpzvVwd8rgEn1_4p9QF9/view?usp=sharing,https://drive.google.com/file/d/13tjcyUpPB9lkBpzvVwd8rgEn1_4p9QF9/view?usp=sharing
Snacks,ΝΑΙ,Fitpal Bar πρωτεΐνης με μαύρη σοκολάτα,Μπάρα πρωτεΐνης (50γρ),"Φυστίκι, Χουρμάδες, Σπόροι chia, Πρωτεΐνη αρακά, Κανέλα, Μαύρη σοκολάτα",Μπάρα πρωτεΐνης με μαύρη σοκολάτα (50γρ),45,2.57,2.90,OK,Μπάρα πρωτεΐνης με μαύρη σοκολάτα (50γρ),0.95,1.07,0.03,0.03,0.98,0.98,1.10,37.94%,€1.60,36.96%,0.97%,213,21,7,11,https://drive.google.com/file/d/1_wA2Y02YizlfSW7ku4hHq5JwQSD9txpx/view?usp=sharing,https://drive.google.com/file/d/1_wA2Y02YizlfSW7ku4hHq5JwQSD9txpx/view?usp=sharing
Snacks,ΝΑΙ,"Fitpal Chocolate chip cookies, σοκολάτα και μέλι",Cookies με μαύρη σοκολάτα (50γρ),"Αλεύρι, Αυγό, Ζάχαρη Καρύδας, Μέλι, Μαύρη σοκολάτα",Cookies choco chip με μαύρη σοκολάτα και μέλι (50γρ),52,2.57,2.90,OK,Cookies choco chip (50γρ),0.95,1.07,0.03,0.03,0.98,0.98,1.10,37.94%,€1.60,36.96%,0.97%,244,33,3,11,https://drive.google.com/file/d/1Lc_l9bY2AHUdhVpvyOlzooRhNh8Ago2i/view?usp=sharing,https://drive.google.com/file/d/1Lc_l9bY2AHUdhVpvyOlzooRhNh8Ago2i/view?usp=sharing
Snacks,ΝΑΙ,Fitpal Cookies λεμόνι και μέλι,Cookies με λεμόνι (50γρ),"Αλεύρι, Αυγό, Ζάχαρη Καρύδας, Μέλι, Λεμόνι",Cookies λεμόνι και μέλι (50γρ),53,2.57,2.90,OK,Cookies λεμόνι (50γρ),0.83,0.94,0.03,0.03,0.86,0.86,0.97,33.27%,€1.72,32.30%,0.97%,233,38,3,8,https://drive.google.com/file/d/11Xfd9GodrgU3SrqbxdGhea5NJqX5HqdV/view?usp=sharing,https://drive.google.com/file/d/11Xfd9GodrgU3SrqbxdGhea5NJqX5HqdV/view?usp=sharing
Snacks,ΝΑΙ,Fitpal Cookies με κρέμα φουντουκιού και σοκολάτα,Cookies με κρέμα φουντουκιού (50γρ),"Αλεύρι, Αυγό, Ζάχαρη Καρύδας, Μέλι, Μαύρη σοκολάτα, Φουντούκι","Cookies με κρέμα φουντουκιού, μαύρη σοκολάτα και μέλι (50γρ)",54,2.92,3.30,OK,Cookies με κρέμα φουντούκι (50γρ),1.00,1.13,0.03,0.03,1.03,1.03,1.16,35.10%,€1.90,34.25%,0.86%,254,30,4,14,https://drive.google.com/file/d/1RL5HM1oEtabTrs1e7NdK7C9KdBUcUFQC/view?usp=sharing,https://drive.google.com/file/d/1RL5HM1oEtabTrs1e7NdK7C9KdBUcUFQC/view?usp=sharing
Snacks,ΝΑΙ,Fitpal Energy Ball με καραμέλα,Energy ball με καραμέλα (40γρ),"Χουρμάδες, Κάσιους, Μέλι, Καρύδα, Κακάο ","Energy ball με καραμέλα, χουρμάδες, κάσιους και καρύδα (40γρ)",42,2.57,2.90,OK,Energy ball με καραμέλα (40γρ),0.72,0.81,0.03,0.03,0.75,0.75,0.84,28.99%,€1.83,28.02%,0.97%,179,16,4,10,https://drive.google.com/file/d/1xDYBnRgK4brTGnd1FMNIMPIbYEjXz9DE/view?usp=sharing,https://drive.google.com/file/d/1xDYBnRgK4brTGnd1FMNIMPIbYEjXz9DE/view?usp=sharing
Snacks,ΝΑΙ,Fitpal Energy Ball με πορτοκάλι και μαύρη σοκολάτα,Energy ball με πορτοκάλι (40γρ),"Χουρμάδες, Σταφίδα, Αμύγδαλο, Κακάο, Πορτοκάλι, Μαύρη σοκολάτα","Energy ball με πορτοκάλι, μαύρη σοκολάτα, χουρμάδες, σταφίδες, σύκα και αμύγδαλα (40γρ)",239,2.57,2.90,OK,Energy ball με πορτοκάλι και μαύρη σοκολάτα (40γρ),0.66,0.75,0.03,0.03,0.69,0.69,0.78,26.65%,26.79%,25.68%,0.97%,136,16,4,8,https://drive.google.com/file/d/1dzWpwM-snsdC1PXd69PhWZwaBAoN4BjN/view?usp=sharing,https://drive.google.com/file/d/1dzWpwM-snsdC1PXd69PhWZwaBAoN4BjN/view?usp=sharing
Snacks,ΝΑΙ,Fitpal Energy Ball με φράουλα,Energy ball με φράουλα (40γρ),"Αμύγδαλο, Φράουλα, Παπάγια, Χουρμάδες, Σύκο","Energy ball με φράουλα, χουρμάδες, σύκα και παπάγια (40γρ)",43,2.57,2.90,OK,Energy Ball με φράουλα (40γρ),0.76,0.86,0.03,0.03,0.79,0.79,0.89,30.54%,€1.79,29.57%,0.97%,153,14,4,8,https://drive.google.com/file/d/1kmXGs9WGWbr4P9MSKolNIkOEA4uZSX2T/view?usp=sharing,https://drive.google.com/file/d/1kmXGs9WGWbr4P9MSKolNIkOEA4uZSX2T/view?usp=sharing
Snacks,ΝΑΙ,Fitpal Energy Ball με χουρμάδες,Energy ball με φουντούκι (40γρ),"Χουρμάδες, Φουντούκι, Βερίκοκο, Σύκο, Κάσιους, Κακάο","Energy ball με φουντούκι, χουρμάδες, βερίκοκα, σύκα, κάσιους και κακάο (40γρ)",41,3.10,3.50,OK,Energy ball με φουντούκι (40γρ),1.12,1.27,0.03,0.03,1.15,1.15,1.30,36.94%,€1.96,36.13%,0.81%,163,16,4,8,https://drive.google.com/file/d/11LhNK4CrhWraI-hHRd9dPoMNWPvhoU7P/view?usp=sharing,https://drive.google.com/file/d/11LhNK4CrhWraI-hHRd9dPoMNWPvhoU7P/view?usp=sharing
Πρωϊνά,ΝΑΙ,Healthy cheesecake με μαρμελάδα βύσσινο,Healthy cheesecake (160γρ),"Μπισκότο χωρίς ζάχαρη, Γιαούρτι, Τυρί κρέμα light, Μαρμελάδα βύσσινο χωρίς ζάχαρη","Μπισκότο χωρίς ζάχαρη (30γρ), Γιαούρτι 2% (100γρ), Τυρί κρέμα light (20γρ), Μαρμελάδα βύσσινο (10γρ) ",281,4.34,4.90,OK,"Μπισκότο, χωρίς ζάχαρη (30γρ), Γιαούρτι 2% (100γρ), Τυρί κρέμα, light (20γρ), Μαρμελάδα βύσσινο, χωρίς ζάχαρη (10γρ)",0.84,0.95,0.22,0.27,1.06,1.06,1.22,24.46%,€2.79,29.49%,6.15%,263,26,14,11,https://drive.google.com/file/d/1y3JbgCSNTKRABKaDsQqP4EUvEl9TfycY/view?usp=sharing,https://drive.google.com/file/d/1y3JbgCSNTKRABKaDsQqP4EUvEl9TfycY/view?usp=sharing
Smoothies,ΝΑΙ,Iced Tea ροδάκινο,IcedTea ροδάκινο (330γρ),"Μαύρο τσάι, Άρωμα ροδάκινο, Ζαχαροκάλαμο",IcedTea ροδάκινο,318,3.45,3.90,OK,IcedTea ροδάκινο (330γρ),1.66,1.88,0.00,0.00,1.66,1.66,1.88,48.12%,€1.79,48.12%,0.00%,76,19,0,0,https://drive.google.com/file/d/1XG7H3OdGv-XWYYnjXnrHLoEjW26yxb_3/view?usp=sharing,https://drive.google.com/file/d/1XG7H3OdGv-XWYYnjXnrHLoEjW26yxb_3/view?usp=sharing
Smoothies,ΝΑΙ,Immunity Shot με τζίντζερ και lime,"Immunity Shot με τζίντζερ, lime (60γρ)","Ginger, Lime, Μήλο","Immunity Shot με τζίντζερ, lime",316,3.10,3.50,OK,"Immunity Shot με τζίντζερ, lime (60γρ)",1.52,1.72,0.00,0.00,1.52,1.52,1.72,49.03%,€1.58,49.03%,0.00%,20,4,0,0,https://drive.google.com/file/d/1QwcX71IKueLj3kZ8O0jtGUENIpspW16a/view?usp=sharing,https://drive.google.com/file/d/1QwcX71IKueLj3kZ8O0jtGUENIpspW16a/view?usp=sharing
Σαλάτες,ΟΧΙ,Mediterranean tuna salad,Mediterranean Tuna salad (60γρ),"Φυλλώδη πράσινα λαχανικά, Τόνος, Αβοκάντο, Κάπαρη, Μαγιονέζα light, Ελιά, Αγγούρι ","Mix πράσινης σαλάτας (100γρ), Τόνος (60γρ), Αγγούρι (50γρ), Αβοκάντο (30γρ), Κάπαρη (5γρ), Μαγιονέζα light (30γρ), Πάστα ελιάς (5γρ)",91-1,7.52,8.50,Product Cost Change,"Λαχανικά, ωμά (100γρ), Τόνος, κονσέρβα σε νερό (60γρ), Αβοκάντο (30γρ), Κάπαρη  (5γρ), Μαγιονέζα light (30γρ), Πάστα ελιάς (5γρ), Αγγούρι, ωμό (50γρ)",1.87,2.11,0.14,0.17,1.84,2.01,2.29,26.73%,€5.51,24.87%,1.86%,228,11,17,14,https://drive.google.com/file/d/1xo7CK9NcsnTs-riiWpMdnMX6g6xkTqSG/view?usp=sharing,https://drive.google.com/file/d/1xo7CK9NcsnTs-riiWpMdnMX6g6xkTqSG/view?usp=sharing
Σαλάτες,ΝΑΙ,Mediterranean tuna salad,Mediterranean Tuna salad (90γρ),"Φυλλώδη πράσινα λαχανικά, Τόνος, Αβοκάντο, Κάπαρη, Μαγιονέζα light, Ελιά, Αγγούρι ","Mix πράσινης σαλάτας (100γρ), Τόνος (90γρ), Αγγούρι (50γρ), Αβοκάντο (30γρ), Κάπαρη (5γρ), Μαγιονέζα light (30γρ), Πάστα ελιάς (5γρ)",91-2,8.41,9.50,Product Cost Change,"Λαχανικά, ωμά (100γρ), Τόνος, κονσέρβα σε νερό (90γρ), Αβοκάντο (30γρ), Κάπαρη  (5γρ), Μαγιονέζα light (30γρ), Πάστα ελιάς (5γρ), Αγγούρι, ωμό (50γρ)",2.27,2.57,0.14,0.17,2.24,2.41,2.74,28.66%,€6.00,26.99%,1.66%,258,11,24,14,https://drive.google.com/file/d/1xo7CK9NcsnTs-riiWpMdnMX6g6xkTqSG/view?usp=sharing,https://drive.google.com/file/d/1xo7CK9NcsnTs-riiWpMdnMX6g6xkTqSG/view?usp=sharing
Σαλάτες,ΟΧΙ,Mediterranean tuna salad,Mediterranean Tuna salad (120γρ),"Φυλλώδη πράσινα λαχανικά, Τόνος, Αβοκάντο, Κάπαρη, Μαγιονέζα light, Ελιά, Αγγούρι ","Mix πράσινης σαλάτας (100γρ), Τόνος (120γρ), Αγγούρι (50γρ), Αβοκάντο (30γρ), Κάπαρη (5γρ), Μαγιονέζα light (30γρ), Πάστα ελιάς (5γρ)",91-3,9.29,10.50,Product Cost Change,"Λαχανικά, ωμά (100γρ), Τόνος, κονσέρβα σε νερό (120γρ), Αβοκάντο (30γρ), Κάπαρη  (5γρ), Μαγιονέζα light (30γρ), Πάστα ελιάς (5γρ), Αγγούρι, ωμό (50γρ)",2.67,3.02,0.14,0.17,2.64,2.81,3.19,30.25%,€6.48,28.74%,1.51%,288,11,31,14,https://drive.google.com/file/d/1xo7CK9NcsnTs-riiWpMdnMX6g6xkTqSG/view?usp=sharing,https://drive.google.com/file/d/1xo7CK9NcsnTs-riiWpMdnMX6g6xkTqSG/view?usp=sharing
Bowls,ΝΑΙ,Mexican bowl με guacamole και μαύρο ρύζι,"Mexican bowl (50γρ), Dressing (20γρ)","Λαχανικά, Καλαμπόκι, Αβοκάντο, Χυμός λεμονιού, Chili πιπεριά, Κόλιανδρος, Ντοματίνια, Κόκκινα φασόλια, Ρύζι, Κόκκινη πιπεριά, Γιαούρτι, Lime, Μέλι, Ηλιέλαιο, Σκόρδο","Λαχανικά (50γρ), Καλαμπόκι (40γρ), Guacamole (30γρ), Ντοματίνια (20γρ), Κόκκινα φασόλια (60γρ), Μαύρο ρύζι (60γρ), Κόκκινη πιπεριά (20γρ), Γιαούρτι 2% (20γρ), Vinaigrette (20γρ)",97,6.99,7.90,Product Cost Change,"Λαχανικά, ωμά (50γρ), Καλαμπόκι, κονσέρβα (40γρ), Guacamole (30γρ), Ντοματίνια, ωμά (20γρ), Κόκκινα φασόλια, κονσέρβα (60γρ), Μαύρο ρύζι, μαγειρεμένο (60γρ), Κόκκινη πιπεριά γλυκιά, ωμή (20γρ), Γιαούρτι 2% (20γρ), Jalapeno vinaigrette (20γρ)",1.41,1.59,0.18,0.23,1.58,1.59,1.82,22.80%,€5.40,20.17%,2.63%,379,42,14,17,https://drive.google.com/file/d/1i5efDTTGKl8yh6P5JUSXELdxLjgNc93S/view?usp=sharing,https://drive.google.com/file/d/1i5efDTTGKl8yh6P5JUSXELdxLjgNc93S/view?usp=sharing
Bowls,ΝΑΙ,Noodle bowl με λαχανικά,"Noodle bowl (90γρ), Dressing (20γρ)","Noodles Ρυζιού, Λάχανο κόκκινο, Edamame, Καρότο, Αγγούρι, Καλαμπόκι, Φασόλια, Φρέσκο κρεμμυδάκι, Κόλιανδρος, Κόκκινη πιπεριά, Ξύδι ρυζιού, Σόγια, Ginger, Χυμός yuzu, Lime, Μέλι","Noodles ρυζιού (90γρ), Κόκκινο λάχανο (50γρ), Edamame (80γρ), Κόκκινα φασόλια (30γρ), Καλαμπόκι (40γρ), Καρότο (40γρ), Αγγούρι (40γρ), Φρέσκο κρεμμύδι (10γρ), Κόλιανδρος (5γρ), Κόκκινη πιπεριά (20γρ), Vinaigrette (20γρ)",98,7.88,8.90,OK,"Noodles ρυζιού, μαγειρεμένα (90γρ), Λάχανο κόκκινο (50γρ), Edamame (80γρ), Καρότο, ωμό (40γρ), Αγγούρι, ωμό (40γρ), Καλαμπόκι, κονσέρβα (40γρ), Κόκκινα φασόλια, κονσέρβα (30γρ), Φρέσκο κρεμμυδάκι, ωμό (10γρ), Κόλιανδρος (5γρ), Κόκκινη πιπεριά γλυκιά, ωμή (20γρ), Vinaigrette σόγιας, lime και μέλι (20γρ)",1.88,2.12,0.14,0.17,2.02,2.02,2.30,25.63%,€5.86,23.86%,1.78%,391,51,18,13,https://drive.google.com/file/d/1l6T4MT1fUQItxcwrkvJseQ1iaLnIsGN1/view?usp=sharing,https://drive.google.com/file/d/1l6T4MT1fUQItxcwrkvJseQ1iaLnIsGN1/view?usp=sharing
Μαγειρευτά,ΝΑΙ,"Noodles με ψητό σολομό, σπανάκι και teriyaki sauce","Noodles αυγού (150γρ), Σολομός ψητός (90γρ)","Σολομός, Noodles, Αυγό, Σπανάκι, Σουσάμι, Σόγια, Μέλι","Noodles αυγού (150γρ), Σολομός ψητός (90γρ), Teriyaki sauce (20γρ), Σουσάμι (5γρ)",119-1,11.95,13.50,OK,"Σολομός (για noodles) (90γρ), Noodles αυγού με σπανάκι (150γρ), Teriyaki sauce (20γρ), Σουσάμι (5γρ)",3.16,3.57,0.14,0.17,3.30,3.30,3.74,27.62%,€8.65,26.44%,1.17%,556,47,25,29,https://drive.google.com/file/d/1ZdTUFnVINilGKbqrObSFFePM8VEjb76G/view?usp=sharing,https://drive.google.com/file/d/1ZdTUFnVINilGKbqrObSFFePM8VEjb76G/view?usp=sharing
Μαγειρευτά,ΟΧΙ,"Noodles με ψητό σολομό, σπανάκι και teriyaki sauce","Noodles αυγού (200γρ), Σολομός ψητός (120γρ)","Σολομός, Noodles, Αυγό, Σπανάκι, Σουσάμι, Σόγια, Μέλι","Noodles αυγού (200γρ), Σολομός ψητός (120γρ), Teriyaki sauce (20γρ), Σουσάμι (5γρ)",119-2,14.07,15.90,OK,"Σολομός (για noodles) (120γρ), Noodles αυγού με σπανάκι (200γρ), Teriyaki sauce (20γρ), Σουσάμι (5γρ)",4.13,4.67,0.14,0.17,4.27,4.27,4.84,30.35%,€9.80,29.35%,1.00%,719,60,33,38,https://drive.google.com/file/d/1ZdTUFnVINilGKbqrObSFFePM8VEjb76G/view?usp=sharing,https://drive.google.com/file/d/1ZdTUFnVINilGKbqrObSFFePM8VEjb76G/view?usp=sharing
Σαλάτες,ΟΧΙ,Omega 3 Plus salad με καπνιστό σολομό και αβοκάντο,"Omega 3 salad με καπνιστό σολομό (30γρ), Dressing (20γρ)","Φυλλώδη πράσινα λαχανικά, Σολομός, Αβοκάντο, Πορτοκάλι, Αγγούρι, Χυμός λεμονιού, Χυμός γκρέιπφρουτ, Μέλι, Ξύδι ","Mix πράσινης σαλάτας (100γρ), Καπνιστός σολομός (30γρ), Αγγούρι (50γρ), Αβοκάντο (30γρ), Πορτοκάλι (10γρ), Dressing (20γρ)",104-1,8.41,9.50,Product Cost Change,"Λαχανικά, ωμά (100γρ), Σολομός, καπνιστός (30γρ), Αβοκάντο (30γρ), Πορτοκάλι, φρέσκο (10γρ), Dressing εσπεριδοειδών (20γρ), Αγγούρι, ωμό (50γρ)",1.75,1.98,0.18,0.23,1.76,1.93,2.21,23.00%,€6.48,20.81%,2.19%,190,12,7,14,https://drive.google.com/file/d/1EC81tzgnmthkyickI--EzW0MfM_yvstZ/view?usp=sharing,https://drive.google.com/file/d/1EC81tzgnmthkyickI--EzW0MfM_yvstZ/view?usp=sharing
Σαλάτες,ΝΑΙ,Omega 3 Plus salad με καπνιστό σολομό και αβοκάντο,"Omega 3 salad με καπνιστό σολομό (60γρ), Dressing (20γρ)","Φυλλώδη πράσινα λαχανικά, Σολομός, Αβοκάντο, Πορτοκάλι, Αγγούρι, Χυμός λεμονιού, Χυμός γκρέιπφρουτ, Μέλι, Ξύδι ","Mix πράσινης σαλάτας (100γρ), Καπνιστός σολομός (60γρ), Αγγούρι (50γρ), Αβοκάντο (30γρ), Πορτοκάλι (10γρ), Dressing (20γρ)",104-2,9.29,10.50,Product Cost Change,"Λαχανικά, ωμά (100γρ), Σολομός, καπνιστός (60γρ), Αβοκάντο (30γρ), Πορτοκάλι, φρέσκο (10γρ), Dressing εσπεριδοειδών (20γρ), Αγγούρι, ωμό (50γρ)",2.51,2.84,0.18,0.23,2.52,2.69,3.06,29.00%,€6.60,27.02%,1.98%,225,12,13,15,https://drive.google.com/file/d/1EC81tzgnmthkyickI--EzW0MfM_yvstZ/view?usp=sharing,https://drive.google.com/file/d/1EC81tzgnmthkyickI--EzW0MfM_yvstZ/view?usp=sharing
Σαλάτες,ΟΧΙ,Omega 3 Plus salad με καπνιστό σολομό και αβοκάντο,"Omega 3 salad με καπνιστό σολομό (90γρ), Dressing (20γρ)","Φυλλώδη πράσινα λαχανικά, Σολομός, Αβοκάντο, Πορτοκάλι, Αγγούρι, Χυμός λεμονιού, Χυμός γκρέιπφρουτ, Μέλι, Ξύδι ","Mix πράσινης σαλάτας (100γρ), Καπνιστός σολομός (90γρ), Αγγούρι (50γρ), Αβοκάντο (30γρ), Πορτοκάλι (10γρ), Dressing (20γρ)",104-3,10.18,11.50,Product Cost Change,"Λαχανικά, ωμά (100γρ), Σολομός, καπνιστός (90γρ), Αβοκάντο (30γρ), Πορτοκάλι, φρέσκο (10γρ), Dressing εσπεριδοειδών (20γρ), Αγγούρι, ωμό (50γρ)",3.26,3.68,0.18,0.23,3.27,3.44,3.91,33.83%,€6.74,32.02%,1.81%,260,12,18,16,https://drive.google.com/file/d/1EC81tzgnmthkyickI--EzW0MfM_yvstZ/view?usp=sharing,https://drive.google.com/file/d/1EC81tzgnmthkyickI--EzW0MfM_yvstZ/view?usp=sharing
Πρωϊνά,ΝΑΙ,Original toast με ψωμί ολικής τυρί και γαλοπούλα,"Ψωμί ολικής (60γρ), Κίτρινο τυρί light (15γρ)","Ψωμί, Τυρί κίτρινο light, Γαλοπούλα βραστή, Γιαούρτι, Μουστάρδα","Ψωμί ολικής (60γρ), Κίτρινο τυρί light (15γρ), Γαλοπούλα βραστή (15γρ), Sauce μουστάρδας-γιαουρτιού (20γρ)",67-1,3.45,3.90,OK,"Ψωμί ολικής (60γρ), Τυρί κίτρινο light (15γρ), Γαλοπούλα βραστή, σε φέτες (15γρ), Γιαούρτι 2% (10γρ), Μουστάρδα (10γρ)",0.57,0.64,0.16,0.19,0.73,0.73,0.84,21.01%,€2.73,16.52%,4.49%,213,27,16,5,https://drive.google.com/file/d/1GV065BUsMdTdsilHK_1thipZS3bF7X4U/view?usp=sharing,https://drive.google.com/file/d/1GV065BUsMdTdsilHK_1thipZS3bF7X4U/view?usp=sharing
Πρωϊνά,ΟΧΙ,Original toast με ψωμί ολικής τυρί και γαλοπούλα,"Ψωμί ολικής (120γρ), Κίτρινο τυρί light (30γρ)","Ψωμί, Τυρί κίτρινο light, Γαλοπούλα βραστή, Γιαούρτι, Μουστάρδα","Ψωμί ολικής (120γρ), Κίτρινο τυρί light (30γρ), Γαλοπούλα βραστή (30γρ), Sauce μουστάρδας-γιαουρτιού (40γρ)",67-2,4.87,5.50,OK,"Ψωμί ολικής (120γρ), Τυρί κίτρινο light (30γρ), Γαλοπούλα βραστή, σε φέτες (30γρ), Γιαούρτι 2% (20γρ), Μουστάρδα (20γρ)",1.14,1.29,0.22,0.27,1.36,1.36,1.55,27.82%,€3.52,23.41%,4.41%,425,54,31,9,https://drive.google.com/file/d/1GV065BUsMdTdsilHK_1thipZS3bF7X4U/view?usp=sharing,https://drive.google.com/file/d/1GV065BUsMdTdsilHK_1thipZS3bF7X4U/view?usp=sharing
Πρωϊνά,ΝΑΙ,Overnight oat με αμυγδαλοβούτυρο και ρόδι,"Overnight oat με γάλα αμυγδάλου και μήλο (210γρ), Ντιπάκι μελιού (20γρ)","Γάλα αμυγδάλου, Γιαούρτι, Βούτυρο αμυγδάλου, Βρώμη, Μέλι, Σπόροι κάνναβης, Σπόροι chia, Αμύγδαλο, Ρόδι, Μήλο","Γάλα αμυγδάλου (60γρ), Γιαούρτι 2% (20γρ), Βούτυρο αμυγδάλου (15γρ), Μέλι (10γρ), Ντιπάκι μελιού (20γρ), Βρώμη (25γρ), Αμύγδαλο φιλέ (7γρ), Ρόδι (25γρ), Σπόροι chia (5γρ), Σπόροι κάνναβης (5γρ), Μήλο (35γρ)",278,4.87,5.50,OK,"Γάλα αμυγδάλου (60γρ), Γιαούρτι 2% (20γρ), Βούτυρο αμυγδάλου (15γρ), Βρώμη (25γρ), Μέλι (30γρ), Σπόροι κάνναβης (5γρ), Chia seeds, dried (5γρ), Αμύγδαλο, ωμό, ανάλατο (7γρ), Ρόδι (25γρ), Μήλο (35γρ)",1.14,1.29,0.27,0.33,1.41,1.41,1.62,28.86%,€2.79,29.49%,6.15%,440,59,14,18,https://drive.google.com/file/d/1TI_tla_Td52ZkdCcH4OSJgLDQpGBY_SO/view?usp=sharing,https://drive.google.com/file/d/1TI_tla_Td52ZkdCcH4OSJgLDQpGBY_SO/view?usp=sharing
Πρωϊνά,ΝΑΙ,Overnight oat με γάλα αμυγδάλου και φυστικοβούτυρο,"Overnight oat με γάλα αμυγδάλου και μπανάνα (250γρ), Ντιπάκι μελιού (20γρ)","Βρώμη, Γάλα αμυγδάλου, Φυστικοβούτυρο, Μπανάνα, Μέλι, Σπόροι chia, Φράουλα, Λιναρόσπορος","Βρώμη (50γρ), Γάλα αμυγδάλου (120γρ), Φυστικοβούτυρο (30γρ), Μέλι (10γρ), Ντιπάκι μελιού (20γρ), Λιναρόσπορος (5γρ), Σπόροι chia (9γρ), Μπανάνα (60γρ), Φράουλα (50γρ)",63,5.22,5.90,Product Cost Change,"Βρώμη (50γρ), Γάλα αμυγδάλου (120γρ), Φυστικοβούτυρο (30γρ), Μπανάνα (60γρ), Μέλι (30γρ), Chia seeds, dried (9γρ), Φράουλα (50γρ), Λιναρόσπορος τριμμένος (5γρ)",1.60,1.81,0.27,0.33,1.75,1.87,2.14,35.74%,€3.35,30.65%,5.08%,628,85,19,23,https://drive.google.com/file/d/1x2pDO3Z2rfJZOo1CbTNdvzw1CaSRmawC/view?usp=sharing,https://drive.google.com/file/d/1x2pDO3Z2rfJZOo1CbTNdvzw1CaSRmawC/view?usp=sharing
Πρωϊνά,ΝΑΙ,Overnight oat με γιαούρτι και ταχίνι,"Overnight oat με γιαούρτι 2% και φρέσκα μύρτιλα (205γρ), Ντιπάκι μελιού (20γρ)","Γιαούρτι, Γάλα βρώμης, Βρώμη, Μέλι, Ταχίνι, Σπόροι chia, Blueberries, Σπόροι κάνναβης, Κολοκυθόσπορος, Μπανάνα","Γιαούρτι 2% (60γρ), Γάλα βρώμης (30γρ), Βρώμη (25γρ), Μέλι (10γρ), Ντιπάκι μελιού (20γρ), Ταχίνι (15γρ), Σπόροι chia (5γρ), Σπόροι κάνναβης (5γρ), Κολοκυθόσπορος (5γρ), Μπανάνα (30γρ), Μύρτιλα (20γρ)",10,5.22,5.90,OK,"Γιαούρτι 2% (60γρ), Γάλα βρώμης (30γρ), Βρώμη (25γρ), Μέλι (30γρ), Ταχίνι (15γρ), Chia seeds, dried (5γρ), Blueberries, φρέσκα (20γρ), Σπόροι κάνναβης (5γρ), Pepita seeds, unsalted (5γρ), Μπανάνα (30γρ)",1.24,1.40,0.27,0.33,1.51,1.51,1.73,28.84%,€3.71,23.75%,5.08%,452,61,17,18,https://drive.google.com/file/d/1hFJ6Qw2_e2ikBT3gfwOhvI1UztpE1FbC/view?usp=sharing,https://drive.google.com/file/d/1hFJ6Qw2_e2ikBT3gfwOhvI1UztpE1FbC/view?usp=sharing
Πρωϊνά,ΝΑΙ,Pancakes βρώμης με σιρόπι σφενδάμου και berries,"Pancakes βρώμης με σιρόπι σφενδάμου (100γρ), Ντιπάκι σφενδάμου (30γρ)","Φρούτα του δάσους, Τυρί κρέμα light, Σιρόπι σφενδάμου, Αυγό, Γιαούρτι, Γάλα βρώμης, Μέλι, Βρώμη","Pancakes βρώμης (100γρ), Ντιπάκι σφενδάμου (30γρ), Φρούτα (40γρ), Τυρί κρέμα light (15γρ)",36,5.22,5.90,OK,"Pancakes βρώμης (100γρ), Φρούτα του δάσους, mix, κατεψυγμένα (40γρ), Τυρί κρέμα, light (15γρ), Σιρόπι σφενδάμου (30γρ)",1.07,1.21,0.16,0.19,1.23,1.23,1.40,23.47%,€4.00,20.50%,2.97%,341,54,9,10,https://drive.google.com/file/d/1pT1CVcdLAv4rRxoOP5YUaZgcJjanmtN0/view?usp=sharing,https://drive.google.com/file/d/1pT1CVcdLAv4rRxoOP5YUaZgcJjanmtN0/view?usp=sharing
Πρωϊνά,ΝΑΙ,Pancakes βρώμης με φυστικοβούτυρο και μέλι,"Pancakes βρώμης με φυστικοβούτυρο (100γρ), Ντιπάκι μελιού (30γρ)","Φυστικοβούτυρο, Ηλιόσπορος, Μέλι, Αμύγδαλο, Αυγό, Γιαούρτι, Γάλα βρώμης, Βρώμη","Pancakes βρώμης (100γρ), Φυστικοβούτυρο (30γρ), Ηλιόσποροι (10γρ), Τριμμένο αμύγδαλο (15γρ), Ντιπάκι μελιού (30γρ)",25,5.22,5.90,OK,"Pancakes βρώμης (100γρ), Φυστικοβούτυρο (30γρ), Ηλιόσπορος (10γρ), Μέλι (30γρ), Αμύγδαλο, ωμό, ανάλατο (15γρ)",0.78,0.88,0.20,0.25,0.98,0.98,1.13,18.75%,€4.24,14.94%,3.81%,634,63,20,35,https://drive.google.com/file/d/1XQnPYa0DkyyuS2yJNPOv0oFV9gwS2TjW/view?usp=sharing,https://drive.google.com/file/d/1XQnPYa0DkyyuS2yJNPOv0oFV9gwS2TjW/view?usp=sharing
Πρωϊνά,ΝΑΙ,Pancakes με κρέμα cheesecake και μαρμελάδα φράουλα,Pancakes βρώμης με κρέμα cheesecake (100γρ),"Μαρμελάδα φράουλα χωρίς ζάχαρη, Φράουλα, Blueberries, Αυγό, Γιαούρτι, Γάλα βρώμης, Μέλι, Βρώμη, Τυρί κρέμα light, Γιαούρτι, Lime, Χυμός λεμονιού","Pancakes βρώμης (100γρ), Κρέμα cheesecake (50γρ), Μαρμελάδα φράουλα (40γρ), Φράουλα (20γρ), Blueberries (10γρ)",221,5.75,6.50,Product Cost Change,"Pancakes βρώμης (100γρ), Κρέμα cheesecake (50γρ), Μαρμελάδα φράουλα, χωρίς ζάχαρη (40γρ), Φράουλα (20γρ), Blueberries, φρέσκα (10γρ)",1.35,1.53,0.15,0.18,1.45,1.50,1.71,26.00%,€4.26,23.48%,2.52%,415,65,11,12,https://drive.google.com/file/d/1nZIVo5W2dsqElVOGb_5_-zkH24XoJbqD/view?usp=sharing,https://drive.google.com/file/d/1nZIVo5W2dsqElVOGb_5_-zkH24XoJbqD/view?usp=sharing
Σαλάτες,ΟΧΙ,"Popeye's salad με Baby σπανάκι, αυγό και ανθότυρο","Ανθότυρο (30γρ), Αυγό βραστό (50γρ), Dressing (20γρ)","Φυλλώδη πράσινα λαχανικά, Σπανάκι, Ντοματίνια, Ανθότυρο, Αυγό, Αβοκάντο, Κρουτόν, Μουστάρδα, Βαλσάμικο, Μέλι, Πάπρικα","Mix πράσινης σαλάτας (60γρ), Baby σπανάκι (20γρ), Ντοματίνια (40γρ), Ανθότυρο (30γρ), Αυγό βραστό (50γρ), Αβοκάντο (30γρ), Κρουτόν (30γρ), Dressing (20γρ)",92-1,7.52,8.50,Product Cost Change,"Λαχανικά, ωμά (60γρ), Σπανάκι baby, ωμό (20γρ), Ντοματίνια, ωμά (40γρ), Ανθότυρο (30γρ), Αυγό ολόκληρο, βραστό (50γρ), Αβοκάντο (30γρ), Κρουτόν (30γρ), Honey dressing (20γρ)",1.43,1.62,0.18,0.23,1.43,1.61,1.84,21.46%,€5.91,19.02%,2.45%,424,33,16,27,https://drive.google.com/file/d/1ekKTnDnVb392x5ngvaF2osYtbwzeOomX/view?usp=sharing,https://drive.google.com/file/d/1ekKTnDnVb392x5ngvaF2osYtbwzeOomX/view?usp=sharing
Σαλάτες,ΝΑΙ,"Popeye's salad με Baby σπανάκι, αυγό και ανθότυρο","Ανθότυρο (60γρ), Αυγό βραστό (50γρ), Dressing (20γρ)","Φυλλώδη πράσινα λαχανικά, Σπανάκι, Ντοματίνια, Ανθότυρο, Αυγό, Αβοκάντο, Κρουτόν, Μουστάρδα, Βαλσάμικο, Μέλι, Πάπρικα","Mix πράσινης σαλάτας (60γρ), Baby σπανάκι (20γρ), Ντοματίνια (40γρ), Ανθότυρο (60γρ), Αυγό βραστό (50γρ), Αβοκάντο (30γρ), Κρουτόν (30γρ), Dressing (20γρ)",92-2,7.88,8.90,Product Cost Change,"Λαχανικά, ωμά (60γρ), Σπανάκι baby, ωμό (20γρ), Ντοματίνια, ωμά (40γρ), Ανθότυρο (60γρ), Αυγό ολόκληρο, βραστό (50γρ), Αβοκάντο (30γρ), Κρουτόν (30γρ), Honey dressing (20γρ)",1.60,1.81,0.18,0.23,1.60,1.78,2.04,22.64%,€6.10,20.30%,2.34%,478,33,19,31,https://drive.google.com/file/d/1ekKTnDnVb392x5ngvaF2osYtbwzeOomX/view?usp=sharing,https://drive.google.com/file/d/1ekKTnDnVb392x5ngvaF2osYtbwzeOomX/view?usp=sharing
Σαλάτες,ΟΧΙ,"Popeye's salad με Baby σπανάκι, αυγό και ανθότυρο","Ανθότυρο (60γρ), Αυγό βραστό (100γρ), Dressing (20γρ)","Φυλλώδη πράσινα λαχανικά, Σπανάκι, Ντοματίνια, Ανθότυρο, Αυγό, Αβοκάντο, Κρουτόν, Μουστάρδα, Βαλσάμικο, Μέλι, Πάπρικα","Mix πράσινης σαλάτας (60γρ), Baby σπανάκι (20γρ), Ντοματίνια (40γρ), Ανθότυρο (60γρ), Αυγό βραστό (100γρ), Αβοκάντο (30γρ), Κρουτόν (30γρ), Dressing (20γρ)",92-3,8.41,9.50,Product Cost Change,"Λαχανικά, ωμά (60γρ), Σπανάκι baby, ωμό (20γρ), Ντοματίνια, ωμά (40γρ), Ανθότυρο (60γρ), Αυγό ολόκληρο, βραστό (100γρ), Αβοκάντο (30γρ), Κρουτόν (30γρ), Honey dressing (20γρ)",1.82,2.06,0.18,0.23,1.82,2.00,2.28,23.83%,€6.41,21.64%,2.19%,556,34,26,36,https://drive.google.com/file/d/1ekKTnDnVb392x5ngvaF2osYtbwzeOomX/view?usp=sharing,https://drive.google.com/file/d/1ekKTnDnVb392x5ngvaF2osYtbwzeOomX/view?usp=sharing
Smoothies,ΝΑΙ,"Protein Smoothie με γιαούρτι, ανανά και πορτοκάλι","Protein Smoothie με γιαούρτι, μπανάνα, ανανά, πορτοκάλι (300γρ)","Γιαούρτι, Μπανάνα, Ανανά, Πορτοκάλι, Whey Protein","Protein Smoothie με γιαούρτι, μπανάνα, ανανά, πορτοκάλι",313,4.34,4.90,OK,"Protein Smoothie με γιαούρτι, μπανάνα, ανανά, πορτοκάλι (300γρ)",1.99,2.25,0.00,0.00,1.99,1.99,2.25,45.85%,€2.35,45.85%,0.00%,219,33,11,3,https://drive.google.com/file/d/1FDZJE4VnBdF1KCdZkW7kmjnXlZjfKsRe/view?usp=sharing,https://drive.google.com/file/d/1FDZJE4VnBdF1KCdZkW7kmjnXlZjfKsRe/view?usp=sharing
Smoothies,ΝΑΙ,"Protein Smoothie με γιαούρτι, φράουλα και αρώνια","Protein Smoothie με γιαούρτι, μπανάνα, φράουλα, μήλο, αρώνια (300γρ)","Γιαούρτι, Μπανάνα, Φράουλα, Μήλο, Αρώνια, Whey Protein","Protein Smoothie με γιαούρτι, μπανάνα, φράουλα, μήλο, αρώνια",314,4.34,4.90,OK,"Protein Smoothie με γιαούρτι, μπανάνα, φράουλα, μήλο, αρώνια (300γρ)",1.99,2.25,0.00,0.00,1.99,1.99,2.25,45.85%,€2.35,45.85%,0.00%,210,33,11,3,https://drive.google.com/file/d/1dqCr7J3SfQOnrvLqKuUobDQ7OtDSc-M_/view?usp=sharing,https://drive.google.com/file/d/1dqCr7J3SfQOnrvLqKuUobDQ7OtDSc-M_/view?usp=sharing
Μαγειρευτά,ΟΧΙ,Pulled Μοσχαράκι Birria με σάλτσα Adobo και ρύζι basmati,"Μοσχάρι Birria (170γρ), Ρύζι (60γρ)","Μοσχάρι, Ντομάτα, Κρεμμύδι, Σκόρδο, Chili πιπεριά, Αστεροειδής γλυκάνισος, Κανέλα, Ρύζι","Μοσχάρι Birria (170γρ), Ρύζι (60γρ), Πίκλα κρεμμύδι (10γρ)",327-1,8.41,9.50,OK,"Μοσχάρι Birria (170γρ), Ρύζι (60γρ), Πίκλα κρεμμύδι (10γρ)",1.74,1.97,0.14,0.17,1.88,1.88,2.14,22.35%,€6.53,20.69%,1.66%,372,26,22,20,https://drive.google.com/file/d/1Rd6B65dnrGgqxf1gq9Ey4h_3mjLh19T_/view?usp=sharing,
Μαγειρευτά,ΟΧΙ,Pulled Μοσχαράκι Birria με σάλτσα Adobo και ρύζι basmati,"Μοσχάρι Birria (170γρ), Ρύζι (120γρ)","Μοσχάρι, Ντομάτα, Κρεμμύδι, Σκόρδο, Chili πιπεριά, Αστεροειδής γλυκάνισος, Κανέλα, Ρύζι","Μοσχάρι Birria (170γρ), Ρύζι (120γρ), Πίκλα κρεμμύδι (10γρ)",327-2,8.58,9.70,OK,"Μοσχάρι Birria (170γρ), Ρύζι (120γρ), Πίκλα κρεμμύδι (10γρ)",1.80,2.03,0.14,0.17,1.94,1.94,2.21,22.61%,€6.64,20.98%,1.63%,464,42,24,22,https://drive.google.com/file/d/1Rd6B65dnrGgqxf1gq9Ey4h_3mjLh19T_/view?usp=sharing,
Μαγειρευτά,ΟΧΙ,Pulled Μοσχαράκι Birria με σάλτσα Adobo και ρύζι basmati,"Μοσχάρι Birria (170γρ), Ρύζι (180γρ)","Μοσχάρι, Ντομάτα, Κρεμμύδι, Σκόρδο, Chili πιπεριά, Αστεροειδής γλυκάνισος, Κανέλα, Ρύζι","Μοσχάρι Birria (170γρ), Ρύζι (180γρ), Πίκλα κρεμμύδι (10γρ)",327-3,8.76,9.90,OK,"Μοσχάρι Birria (170γρ), Ρύζι (180γρ), Πίκλα κρεμμύδι (10γρ)",1.87,2.11,0.14,0.17,2.01,2.01,2.29,22.95%,€6.75,21.35%,1.60%,556,57,25,25,https://drive.google.com/file/d/1Rd6B65dnrGgqxf1gq9Ey4h_3mjLh19T_/view?usp=sharing,
Μαγειρευτά,ΟΧΙ,Pulled Μοσχαράκι Birria με σάλτσα Adobo και ρύζι basmati,"Μοσχάρι Birria (200γρ), Ρύζι (60γρ)","Μοσχάρι, Ντομάτα, Κρεμμύδι, Σκόρδο, Chili πιπεριά, Αστεροειδής γλυκάνισος, Κανέλα, Ρύζι","Μοσχάρι Birria (200γρ), Ρύζι (60γρ), Πίκλα κρεμμύδι (10γρ)",327-4,9.29,10.50,OK,"Μοσχάρι Birria (200γρ), Ρύζι (60γρ), Πίκλα κρεμμύδι (10γρ)",2.03,2.29,0.14,0.17,2.17,2.17,2.47,23.36%,€7.12,21.85%,1.51%,420,28,26,22,https://drive.google.com/file/d/1Rd6B65dnrGgqxf1gq9Ey4h_3mjLh19T_/view?usp=sharing,
Μαγειρευτά,ΟΧΙ,Pulled Μοσχαράκι Birria με σάλτσα Adobo και ρύζι basmati,"Μοσχάρι Birria (200γρ), Ρύζι (120γρ)","Μοσχάρι, Ντομάτα, Κρεμμύδι, Σκόρδο, Chili πιπεριά, Αστεροειδής γλυκάνισος, Κανέλα, Ρύζι","Μοσχάρι Birria (200γρ), Ρύζι (120γρ), Πίκλα κρεμμύδι (10γρ)",327-5,9.47,10.70,OK,"Μοσχάρι Birria (200γρ), Ρύζι (120γρ), Πίκλα κρεμμύδι (10γρ)",2.10,2.37,0.14,0.17,2.24,2.24,2.55,23.65%,€7.23,22.18%,1.48%,512,43,27,25,https://drive.google.com/file/d/1Rd6B65dnrGgqxf1gq9Ey4h_3mjLh19T_/view?usp=sharing,
Μαγειρευτά,ΝΑΙ,Pulled Μοσχαράκι Birria με σάλτσα Adobo και ρύζι basmati,"Μοσχάρι Birria (200γρ), Ρύζι (180γρ)","Μοσχάρι, Ντομάτα, Κρεμμύδι, Σκόρδο, Chili πιπεριά, Αστεροειδής γλυκάνισος, Κανέλα, Ρύζι","Μοσχάρι Birria (200γρ), Ρύζι (180γρ), Πίκλα κρεμμύδι (10γρ)",327-6,9.65,10.90,OK,"Μοσχάρι Birria (200γρ), Ρύζι (180γρ), Πίκλα κρεμμύδι (10γρ)",2.16,2.44,0.14,0.17,2.30,2.30,2.61,23.83%,€7.35,22.38%,1.45%,604,58,29,28,https://drive.google.com/file/d/1Rd6B65dnrGgqxf1gq9Ey4h_3mjLh19T_/view?usp=sharing,
Μαγειρευτά,ΟΧΙ,Pulled Μοσχαράκι Birria με σάλτσα Adobo και ρύζι basmati,"Μοσχάρι Birria (230γρ), Ρύζι (120γρ)","Μοσχάρι, Ντομάτα, Κρεμμύδι, Σκόρδο, Chili πιπεριά, Αστεροειδής γλυκάνισος, Κανέλα, Ρύζι","Μοσχάρι Birria (230γρ), Ρύζι (120γρ), Πίκλα κρεμμύδι (10γρ)",327-7,10.18,11.50,OK,"Μοσχάρι Birria (230γρ), Ρύζι (120γρ), Πίκλα κρεμμύδι (10γρ)",2.39,2.70,0.14,0.17,2.53,2.53,2.87,24.85%,€7.65,23.48%,1.38%,559,44,31,28,https://drive.google.com/file/d/1Rd6B65dnrGgqxf1gq9Ey4h_3mjLh19T_/view?usp=sharing,
Μαγειρευτά,ΟΧΙ,Pulled Μοσχαράκι Birria με σάλτσα Adobo και ρύζι basmati,"Μοσχάρι Birria (230γρ), Ρύζι (180γρ)","Μοσχάρι, Ντομάτα, Κρεμμύδι, Σκόρδο, Chili πιπεριά, Αστεροειδής γλυκάνισος, Κανέλα, Ρύζι","Μοσχάρι Birria (230γρ), Ρύζι (180γρ), Πίκλα κρεμμύδι (10γρ)",327-8,10.35,11.70,OK,"Μοσχάρι Birria (230γρ), Ρύζι (180γρ), Πίκλα κρεμμύδι (10γρ)",2.46,2.78,0.14,0.17,2.60,2.60,2.95,25.12%,€7.75,23.77%,1.35%,651,60,33,31,https://drive.google.com/file/d/1Rd6B65dnrGgqxf1gq9Ey4h_3mjLh19T_/view?usp=sharing,
Μαγειρευτά,ΟΧΙ,Pulled Μοσχαράκι Birria με σάλτσα Adobo και ρύζι basmati,"Μοσχάρι Birria (230γρ), Ρύζι (240γρ)","Μοσχάρι, Ντομάτα, Κρεμμύδι, Σκόρδο, Chili πιπεριά, Αστεροειδής γλυκάνισος, Κανέλα, Ρύζι","Μοσχάρι Birria (230γρ), Ρύζι (240γρ), Πίκλα κρεμμύδι (10γρ)",327-9,10.53,11.90,OK,"Μοσχάρι Birria (230γρ), Ρύζι (240γρ), Πίκλα κρεμμύδι (10γρ)",2.52,2.85,0.14,0.17,2.66,2.66,3.02,25.26%,€7.87,23.93%,1.33%,743,75,34,33,https://drive.google.com/file/d/1Rd6B65dnrGgqxf1gq9Ey4h_3mjLh19T_/view?usp=sharing,
Σαλάτες,ΝΑΙ,Quinoa Salad με kale και dressing εσπεριδοειδών,Quinoa salad με τόνο (60γρ),"Καρότο, Τόνος, Λαχανίδα, Αγγούρι, Κινόα, Σουσάμι, Σταφίδα, Cranberry, Κόκκινη πιπεριά, Χυμός λεμονιού, Χυμός πορτοκαλιού, Χυμός γκρέιπφρουτ, Ηλιέλαιο, Μέλι, Ξύδι ","Καρότο (10γρ), Αγγούρι (20γρ), Kale (70γρ), Τόνος (60γρ), Κινόα (150γρ), Σταφίδες (2γρ), Cranberries (15γρ), Κόκκινη πιπεριά (20γρ), Σουσάμι (1γρ), Dressing (20γρ)",80-1,8.76,9.90,OK,"Καρότο, ωμό (10γρ), Τόνος, κονσέρβα σε νερό (60γρ), Kale (90γρ), Αγγούρι, ωμό (20γρ), Κινόα, μαγειρεμένη (150γρ), Σουσάμι (1γρ), Σταφίδα (2γρ), Cranberries (15γρ), Κόκκινη πιπεριά γλυκιά, ωμή (20γρ), Sauce γιαουρτιού (20γρ)",2.91,3.29,0.14,0.17,3.05,3.05,3.46,34.82%,€5.71,33.22%,1.60%,378,55,26,8,https://drive.google.com/file/d/1hxY5-E1GHhwbyqJpmAQO8bEnpoUyJ0Ua/view?usp=sharing,https://drive.google.com/file/d/1hxY5-E1GHhwbyqJpmAQO8bEnpoUyJ0Ua/view?usp=sharing
Σαλάτες,ΟΧΙ,Quinoa Salad με kale και dressing εσπεριδοειδών,Quinoa salad με τόνο (90γρ),"Καρότο, Τόνος, Λαχανίδα, Αγγούρι, Κινόα, Σουσάμι, Σταφίδα, Cranberry, Κόκκινη πιπεριά, Χυμός λεμονιού, Χυμός πορτοκαλιού, Χυμός γκρέιπφρουτ, Ηλιέλαιο, Μέλι, Ξύδι ","Καρότο (10γρ), Αγγούρι (20γρ), Kale (70γρ), Τόνος (90γρ), Κινόα (150γρ), Σταφίδες (2γρ), Cranberries (15γρ), Κόκκινη πιπεριά (20γρ), Σουσάμι (1γρ), Dressing (20γρ)",80-2,9.65,10.90,OK,"Καρότο, ωμό (10γρ), Τόνος, κονσέρβα σε νερό (90γρ), Kale (90γρ), Αγγούρι, ωμό (20γρ), Κινόα, μαγειρεμένη (150γρ), Σουσάμι (1γρ), Σταφίδα (2γρ), Cranberries (15γρ), Κόκκινη πιπεριά γλυκιά, ωμή (20γρ), Sauce γιαουρτιού (20γρ)",3.31,3.74,0.14,0.17,3.45,3.45,3.91,35.75%,€6.20,34.30%,1.45%,408,55,33,8,https://drive.google.com/file/d/1hxY5-E1GHhwbyqJpmAQO8bEnpoUyJ0Ua/view?usp=sharing,https://drive.google.com/file/d/1hxY5-E1GHhwbyqJpmAQO8bEnpoUyJ0Ua/view?usp=sharing
Σαλάτες,ΟΧΙ,Quinoa Salad με kale και dressing εσπεριδοειδών,Quinoa salad με τόνο (120γρ),"Καρότο, Τόνος, Λαχανίδα, Αγγούρι, Κινόα, Σουσάμι, Σταφίδα, Cranberry, Κόκκινη πιπεριά, Χυμός λεμονιού, Χυμός πορτοκαλιού, Χυμός γκρέιπφρουτ, Ηλιέλαιο, Μέλι, Ξύδι ","Καρότο (10γρ), Αγγούρι (20γρ), Kale (70γρ), Τόνος (120γρ), Κινόα (150γρ), Σταφίδες (2γρ), Cranberries (15γρ), Κόκκινη πιπεριά (20γρ), Σουσάμι (1γρ), Dressing (20γρ)",80-3,10.53,11.90,OK,"Καρότο, ωμό (10γρ), Τόνος, κονσέρβα σε νερό (120γρ), Kale (90γρ), Αγγούρι, ωμό (20γρ), Κινόα, μαγειρεμένη (150γρ), Σουσάμι (1γρ), Σταφίδα (2γρ), Cranberries (15γρ), Κόκκινη πιπεριά γλυκιά, ωμή (20γρ), Sauce γιαουρτιού (20γρ)",3.71,4.19,0.14,0.17,3.85,3.85,4.37,36.56%,€6.68,35.23%,1.33%,438,55,40,9,https://drive.google.com/file/d/1hxY5-E1GHhwbyqJpmAQO8bEnpoUyJ0Ua/view?usp=sharing,https://drive.google.com/file/d/1hxY5-E1GHhwbyqJpmAQO8bEnpoUyJ0Ua/view?usp=sharing
Πρωϊνά,ΝΑΙ,Roast Beef Sandwich με ψωμί ολικής και γραβίερα light,"Ψωμί ολικής (60γρ), Φιλέτο μοσχάρι (30γρ)","Ψωμί, Μοσχάρι, Γραβιέρα light, Μαγιονέζα light, Ρόκα","Ψωμί ολικής (60γρ), Φιλέτο μοσχάρι (30γρ), Γραβιέρα light (30γρ), Μουστάρδα (3γρ), Μαγιονέζα light (10γρ), Ρόκα (10γρ)",5-1,6.11,6.90,OK,"Ψωμί ολικής (60γρ), Μοσχαρίσιο strip - loin, μαγειρεμένο (30γρ), Γραβιέρα light  (30γρ), Μαγιονέζα light (10γρ), Ρόκα, ωμή (10γρ), Μουστάρδα (3γρ)",1.83,2.07,0.16,0.19,1.99,1.99,2.26,32.49%,€4.13,29.95%,2.54%,354,27,25,16,https://drive.google.com/file/d/1QlMplw9NDRQnk9xUu3antD8U1RD-tcas/view?usp=sharing,https://drive.google.com/file/d/1QlMplw9NDRQnk9xUu3antD8U1RD-tcas/view?usp=sharing
Πρωϊνά,ΟΧΙ,Roast Beef Sandwich με ψωμί ολικής και γραβίερα light,"Ψωμί ολικής (120γρ), Φιλέτο μοσχάρι (60γρ)","Ψωμί, Μοσχάρι, Γραβιέρα light, Μαγιονέζα light, Ρόκα","Ψωμί ολικής (120γρ), Φιλέτο μοσχάρι (60γρ), Γραβιέρα light (40γρ), Μουστάρδα (5γρ), Μαγιονέζα light (20γρ), Ρόκα (20γρ)",5-2,7.88,8.90,OK,"Ψωμί ολικής (120γρ), Μοσχαρίσιο strip - loin, μαγειρεμένο (60γρ), Γραβιέρα light  (40γρ), Μαγιονέζα light (20γρ), Ρόκα, ωμή (20γρ), Μουστάρδα (5γρ)",3.38,3.82,0.22,0.27,3.60,3.60,4.09,45.62%,€4.29,42.89%,2.73%,643,54,43,28,https://drive.google.com/file/d/1QlMplw9NDRQnk9xUu3antD8U1RD-tcas/view?usp=sharing,https://drive.google.com/file/d/1QlMplw9NDRQnk9xUu3antD8U1RD-tcas/view?usp=sharing
Πρωϊνά,ΝΑΙ,Roast Beef Sandwich με ψωμί ολικής και horseradish,"Ψωμί ολικής (60γρ), Φιλέτο μοσχάρι (60γρ), Horseradish (8γρ)","Ψωμί, Μοσχάρι, Αγγούρι, Ντομάτα, Horseradish, Σχοινόπρασο, Μαρούλι, Μουστάρδα, Μαγιονέζα light, Κρεμμύδι","Ψωμί ολικής (60γρ), Φιλέτο μοσχάρι (60γρ), Horseradish (8γρ), Αγγούρι (5γρ), Ντομάτα (10γρ), Μαρούλι (10γρ), Σχοινόπρασο (5γρ), Μαγιονέζα light (16γρ), Μουστάρδα (6γρ), Κρεμμύδι (5γρ)",6-1,6.64,7.50,OK,"Ψωμί ολικής (60γρ), Μοσχαρίσιο strip - loin, μαγειρεμένο (60γρ), Αγγούρι, ωμό (5γρ), Ντομάτα, ωμή (10γρ), Horseradish (8γρ), Σχοινόπρασο (5γρ), Μαρούλι, ωμό (10γρ), Μουστάρδα (6γρ), Μαγιονέζα light (16γρ), Κρεμμύδι, ωμό (5γρ)",2.82,3.19,0.16,0.19,2.98,2.98,3.38,44.80%,€3.67,42.47%,2.33%,360,29,24,16,https://drive.google.com/file/d/1XDIZDvBmLQF79__X1747CjEAzPZsz_tj/view?usp=sharing,https://drive.google.com/file/d/1XDIZDvBmLQF79__X1747CjEAzPZsz_tj/view?usp=sharing
Πρωϊνά,ΟΧΙ,Roast Beef Sandwich με ψωμί ολικής και horseradish,"Ψωμί ολικής (120γρ), Φιλέτο μοσχάρι (90γρ), Horseradish (15γρ)","Ψωμί, Μοσχάρι, Αγγούρι, Ντομάτα, Horseradish, Σχοινόπρασο, Μαρούλι, Μουστάρδα, Μαγιονέζα light, Κρεμμύδι","Ψωμί ολικής (120γρ), Φιλέτο μοσχάρι (90γρ), Horseradish (15γρ), Αγγούρι (10γρ), Ντομάτα (20γρ), Μαρούλι (20γρ), Σχοινόπρασο (10γρ), Μαγιονέζα light (30γρ), Μουστάρδα (10γρ), Κρεμμύδι (10γρ)",6-2,8.76,9.90,Product Cost Change,"Ψωμί ολικής (120γρ), Μοσχαρίσιο strip - loin, μαγειρεμένο (90γρ), Αγγούρι, ωμό (10γρ), Ντομάτα, ωμή (20γρ), Horseradish (15γρ), Σχοινόπρασο (10γρ), Μαρούλι, ωμό (20γρ), Μουστάρδα (10γρ), Μαγιονέζα light (30γρ), Κρεμμύδι, ωμό (10γρ)",4.47,5.05,0.22,0.27,4.67,4.69,5.32,53.48%,€4.08,51.03%,2.45%,637,58,40,27,https://drive.google.com/file/d/1XDIZDvBmLQF79__X1747CjEAzPZsz_tj/view?usp=sharing,https://drive.google.com/file/d/1XDIZDvBmLQF79__X1747CjEAzPZsz_tj/view?usp=sharing
Bowls,ΝΑΙ,"Salmon bowl με ψητό σολομό, μάυρο ρύζι και κινόα",Salmon bowl (60γρ),"Λαχανικά, Ρύζι, Κινόα, Σολομός, Παντζάρι, Καλαμπόκι, Ακτινίδιο, Ξύδι ρυζιού, Σόγια, Ginger, Lime, Μέλι","Λαχανικά (50γρ), Μαύρο ρύζι (60γρ), Κινόα (60γρ), Σολομός ψητός (60γρ), Παντζάρι (60γρ), Καλαμπόκι (40γρ), Ακτινίδιο (20γρ), Dressing (20γρ)",94-1,9.65,10.90,Product Cost Change,"Λαχανικά, ωμά (50γρ), Μαύρο ρύζι, μαγειρεμένο (60γρ), Κινόα, μαγειρεμένη (60γρ), Σολομός, μαγειρεμένος (60γρ), Παντζάρια, μαγειρεμένα (60γρ), Καλαμπόκι, κονσέρβα (40γρ), Ακτινίδιο, φρέσκο (20γρ), Dressing σόγιας (20γρ)",3.07,3.47,0.18,0.23,3.24,3.25,3.70,33.72%,€6.40,31.81%,1.91%,396,52,23,11,https://drive.google.com/file/d/1UbJtYSGg-6Zd0luUfSiLTsapsDjzyvkF/view?usp=sharing,https://drive.google.com/file/d/1UbJtYSGg-6Zd0luUfSiLTsapsDjzyvkF/view?usp=sharing
Bowls,ΟΧΙ,"Salmon bowl με ψητό σολομό, μάυρο ρύζι και κινόα",Salmon bowl (90γρ),"Λαχανικά, Ρύζι, Κινόα, Σολομός, Παντζάρι, Καλαμπόκι, Ακτινίδιο, Ξύδι ρυζιού, Σόγια, Ginger, Lime, Μέλι","Λαχανικά (50γρ), Μαύρο ρύζι (60γρ), Κινόα (60γρ), Σολομός ψητός (90γρ), Παντζάρι (60γρ), Καλαμπόκι (40γρ), Ακτινίδιο (20γρ), Dressing (20γρ)",94-2,11.42,12.90,OK,"Λαχανικά, ωμά (50γρ), Μαύρο ρύζι, μαγειρεμένο (60γρ), Κινόα, μαγειρεμένη (60γρ), Σολομός, μαγειρεμένος (90γρ), Παντζάρια, μαγειρεμένα (60γρ), Καλαμπόκι, κονσέρβα (40γρ), Ακτινίδιο, φρέσκο (20γρ), Dressing σόγιας (20γρ)",3.99,4.51,0.18,0.23,4.17,4.17,4.74,36.55%,€7.25,34.94%,1.61%,451,52,31,13,https://drive.google.com/file/d/1UbJtYSGg-6Zd0luUfSiLTsapsDjzyvkF/view?usp=sharing,https://drive.google.com/file/d/1UbJtYSGg-6Zd0luUfSiLTsapsDjzyvkF/view?usp=sharing
Bowls,ΟΧΙ,"Salmon bowl με ψητό σολομό, μάυρο ρύζι και κινόα",Salmon bowl (120γρ),"Λαχανικά, Ρύζι, Κινόα, Σολομός, Παντζάρι, Καλαμπόκι, Ακτινίδιο, Ξύδι ρυζιού, Σόγια, Ginger, Lime, Μέλι","Λαχανικά (50γρ), Μαύρο ρύζι (60γρ), Κινόα (60γρ), Σολομός ψητός (120γρ), Παντζάρι (60γρ), Καλαμπόκι (40γρ), Ακτινίδιο (20γρ), Dressing (20γρ)",94-3,13.19,14.90,Product Cost Change,"Λαχανικά, ωμά (50γρ), Μαύρο ρύζι, μαγειρεμένο (60γρ), Κινόα, μαγειρεμένη (60γρ), Σολομός, μαγειρεμένος (120γρ), Παντζάρια, μαγειρεμένα (60γρ), Καλαμπόκι, κονσέρβα (40γρ), Ακτινίδιο, φρέσκο (20γρ), Dressing σόγιας (20γρ)",4.92,5.56,0.18,0.23,5.09,5.10,5.79,38.70%,€8.09,37.30%,1.39%,505,52,38,16,https://drive.google.com/file/d/1UbJtYSGg-6Zd0luUfSiLTsapsDjzyvkF/view?usp=sharing,https://drive.google.com/file/d/1UbJtYSGg-6Zd0luUfSiLTsapsDjzyvkF/view?usp=sharing
Πρωϊνά,ΝΑΙ,Salmon Philly Sandwich με ψωμί ολικής,"Ψωμί ολικής (60γρ), Καπνιστός σολομός (20γρ)","Ψωμί, Σολομός, Τυρί κρέμα light, Αγγούρι","Ψωμί ολικής (60γρ), Καπνιστός σολομός (20γρ), Τυρί κρέμα light (20γρ), Αγγούρι (10γρ)",38-1,4.87,5.50,OK,"Ψωμί ολικής (60γρ), Σολομός, καπνιστός (20γρ), Τυρί κρέμα, light (20γρ), Αγγούρι, ωμό (10γρ)",0.85,0.96,0.16,0.19,1.01,1.01,1.15,20.64%,€3.87,17.45%,3.18%,218,27,13,6,https://drive.google.com/file/d/155tOWv_DvHC2IwrjycTjxXA8ZT-V1GoN/view?usp=sharing,https://drive.google.com/file/d/155tOWv_DvHC2IwrjycTjxXA8ZT-V1GoN/view?usp=sharing
Πρωϊνά,ΟΧΙ,Salmon Philly Sandwich με ψωμί ολικής,"Ψωμί ολικής (120γρ), Καπνιστός σολομός (40γρ)","Ψωμί, Σολομός καπνιστός, Τυρί κρέμα light, Αγγούρι","Ψωμί ολικής (120γρ), Καπνιστός σολομός (40γρ), Τυρί κρέμα light (30γρ), Αγγούρι (20γρ)",38-2,6.11,6.90,OK,"Ψωμί ολικής (120γρ), Σολομός, καπνιστός (40γρ), Τυρί κρέμα, light (30γρ), Αγγούρι, ωμό (20γρ)",1.62,1.83,0.22,0.27,1.84,1.84,2.10,30.03%,€4.28,26.51%,3.52%,415,54,25,11,https://drive.google.com/file/d/155tOWv_DvHC2IwrjycTjxXA8ZT-V1GoN/view?usp=sharing,https://drive.google.com/file/d/155tOWv_DvHC2IwrjycTjxXA8ZT-V1GoN/view?usp=sharing
Πρωϊνά,ΝΑΙ,Brioche γεμιστό με τονοσαλάτα,Brioche ψωμάκι γεμιστό με τόνο (60γρ),"Ψωμί brioche, Τόνος, Κρεμμύδι, Ντοματίνια, Σχοινόπρασο, Μαγιονέζα light, Τυρί κρέμα light, Σέλερι, Iceberg, Κόλιανδρος","Ψωμί brioche (60γρ), Τόνος (30γρ), Τυρί κρέμα light (10γρ), Μαγιονέζα light (10γρ), Κόκκινο κρεμμύδι (2,5γρ), Σέλερι (10γρ), Ντοματίνια (2γρ), Iceberg (2γρ), Κόλιανδρος (1γρ), Σχοινόπρασο (1γρ)",7,3.45,3.90,OK,"Ψωμί brioche (60γρ), Τόνος, κονσέρβα σε νερό (30γρ), Κρεμμύδι κόκκινο, ωμό (2,5γρ), Ντοματίνια, ωμά (2γρ), Σχοινόπρασο (1γρ), Μαγιονέζα light (10γρ), Τυρί κρέμα, light (10γρ), Σέλερι, ωμό (10γρ), Iceberg, ωμό (2γρ), Κόλιανδρος (1γρ)",0.88,0.99,0.20,0.25,1.08,1.08,1.24,31.31%,€2.37,25.51%,5.80%,287,30,14,12,https://drive.google.com/file/d/1Q4y8JVE4D2E7T3VsNW91V_zAKKSBTidQ/view?usp=sharing,https://drive.google.com/file/d/1Q4y8JVE4D2E7T3VsNW91V_zAKKSBTidQ/view?usp=sharing
Smoothies,ΝΑΙ,"Smoothie με μπανάνα, καρότο και βερίκοκο","Smoothie με μπανάνα, καρότο, βερίκοκο (300γρ)","Μπανάνα, Καρότο, Βερίκοκο, Χυμός μήλου, Χυμός λεμονιού","Smoothie με μπανάνα, καρότο, βερίκοκο",311,3.98,4.50,OK,"Smoothie με μπανάνα, καρότο, βερίκοκο (300γρ)",1.80,2.03,0.00,0.00,1.80,1.80,2.03,45.23%,€2.18,45.23%,0.00%,171,36,2,1,https://drive.google.com/file/d/1zn3yS3nVSBsvhSJx7tU0YgGaUjZcrfkN/view?usp=sharing,https://drive.google.com/file/d/1zn3yS3nVSBsvhSJx7tU0YgGaUjZcrfkN/view?usp=sharing
Smoothies,ΝΑΙ,"Smoothie με φράουλα, μπανάνα, μήλο και μαύρο κορότο","Smoothie με φράουλα, rasberry, μπανάνα, μήλο, μαύρο κορότο (240γρ)","Φράουλα, Rasberry, Μπανάνα, Μήλο, Μαύρο καρότο","Smoothie με φράουλα, rasberry, μπανάνα, μήλο, μαύρο κορότο",312,3.98,4.50,OK,"Smoothie με φράουλα, rasberry, μπανάνα, μήλο, μαύρο κορότο (240γρ)",1.80,2.03,0.00,0.00,1.80,1.80,2.03,45.23%,€2.18,45.23%,0.00%,125,29,0,0,https://drive.google.com/file/d/1qrmcMqwzSVEDJvdQGAxrh7jR6uXehdSJ/view?usp=sharing,https://drive.google.com/file/d/1qrmcMqwzSVEDJvdQGAxrh7jR6uXehdSJ/view?usp=sharing
Μαγειρευτά,ΟΧΙ,"Spicy κουνουπίδι με χαλούμι, σπανάκι και άγριο ρύζι","Κουνουπίδι (90γρ), Χαλούμι (40γρ), Άγριο ρύζι (120γρ)","Κουνουπίδι, Σπανάκι, Σκόρδο, Κρεμμύδι, Κύμινο, Ginger, Κουρκουμάς, Κόλιανδρος, Κρέμα καρύδας, Κάρυ, Ρύζι","Spicy κουνουπίδι και λαχανικά (90γρ), Χαλούμι (40γρ), Άγριο ρύζι (120γρ)",130-1,6.64,7.50,OK,"Spicy κουνουπίδι και λαχανικά (90γρ), Χαλούμι, (40γρ), Άγριο ρύζι (120γρ)",1.04,1.18,0.14,0.17,1.18,1.18,1.35,17.77%,€5.46,15.66%,2.11%,518,38,16,35,https://drive.google.com/file/d/1vXi9T_SZUI1CtI0cVGVYvjJkh3FzRS9C/view?usp=sharing,https://drive.google.com/file/d/1vXi9T_SZUI1CtI0cVGVYvjJkh3FzRS9C/view?usp=sharing
Μαγειρευτά,ΝΑΙ,"Spicy κουνουπίδι με χαλούμι, σπανάκι και άγριο ρύζι","Κουνουπίδι (100γρ), Χαλούμι (70γρ), Άγριο ρύζι (180γρ)","Κουνουπίδι, Σπανάκι, Σκόρδο, Κρεμμύδι, Κύμινο, Ginger, Κουρκουμάς, Κόλιανδρος, Κρέμα καρύδας, Κάρυ, Ρύζι","Spicy κουνουπίδι και λαχανικά (100γρ), Χαλούμι (70γρ), Άγριο ρύζι (180γρ)",130-2,6.99,7.90,OK,"Spicy κουνουπίδι και λαχανικά (100γρ), Χαλούμι, (70γρ), Άγριο ρύζι (180γρ)",1.52,1.72,0.14,0.17,1.66,1.66,1.89,23.75%,€5.33,21.75%,2.00%,718,52,25,47,https://drive.google.com/file/d/1vXi9T_SZUI1CtI0cVGVYvjJkh3FzRS9C/view?usp=sharing,https://drive.google.com/file/d/1vXi9T_SZUI1CtI0cVGVYvjJkh3FzRS9C/view?usp=sharing
Μαγειρευτά,ΟΧΙ,"Spicy κουνουπίδι με χαλούμι, σπανάκι και άγριο ρύζι","Κουνουπίδι (120γρ), Χαλούμι (100γρ), Άγριο ρύζι (180γρ)","Κουνουπίδι, Σπανάκι, Σκόρδο, Κρεμμύδι, Κύμινο, Ginger, Κουρκουμάς, Κόλιανδρος, Κρέμα καρύδας, Κάρυ, Ρύζι","Spicy κουνουπίδι και λαχανικά (120γρ), Χαλούμι (100γρ), Άγριο ρύζι (180γρ)",130-3,7.52,8.50,OK,"Spicy κουνουπίδι και λαχανικά (120γρ), Χαλούμι, (100γρ), Άγριο ρύζι (180γρ)",1.95,2.20,0.14,0.17,2.09,2.09,2.38,27.79%,€5.43,25.93%,1.86%,866,56,32,59,https://drive.google.com/file/d/1vXi9T_SZUI1CtI0cVGVYvjJkh3FzRS9C/view?usp=sharing,https://drive.google.com/file/d/1vXi9T_SZUI1CtI0cVGVYvjJkh3FzRS9C/view?usp=sharing
Μαγειρευτά,ΝΑΙ,Stir fry με φιλέτο στήθος κοτόπουλο και λαχανικά,Stir fry με φιλέτο κοτόπουλο (60γρ),"Noodles Ρυζιού, Καρότο, Κολοκύθι, Κρεμμύδι, Σκόρδο, Μανιτάρι, Κόκκινη πιπεριά, Μπρόκολο, Κοτόπουλο, Φρέσκο κρεμμυδάκι, Σόγια, Oyster sauce, Σησαμέλαιο","Φιλέτο κοτόπουλο (60γρ), Noodles ρυζιού (150γρ), Μανιτάρια (20γρ), Λαχανικά (150γρ), Φρέσκο κρεμμύδι (10γρ), Κρεμμύδι ξερό (20γρ), Σκόρδο (5γρ), Σησαμέλαιο (5γρ), Σόγια (20γρ)",178-1,8.41,9.50,OK,Stir fry noodles (440γρ),2.40,2.71,0.14,0.17,2.54,2.54,2.89,30.20%,€5.87,28.54%,1.66%,513,73,23,14,https://drive.google.com/file/d/19RRUWXg7fGWNV8jlqzvU2xbPwAbvkxRC/view?usp=sharing,https://drive.google.com/file/d/19RRUWXg7fGWNV8jlqzvU2xbPwAbvkxRC/view?usp=sharing
Μαγειρευτά,ΟΧΙ,Stir fry με φιλέτο στήθος κοτόπουλο και λαχανικά,Stir fry με φιλέτο κοτόπουλο (120γρ),"Noodles Ρυζιού, Καρότο, Κολοκύθι, Κρεμμύδι, Σκόρδο, Μανιτάρι, Κόκκινη πιπεριά, Μπρόκολο, Κοτόπουλο, Φρέσκο κρεμμυδάκι, Σόγια, Oyster sauce, Σησαμέλαιο","Φιλέτο κοτόπουλο (120γρ), Noodles ρυζιού (150γρ), Μανιτάρια (40γρ), Λαχανικά (150γρ), Φρέσκο κρεμμύδι (10γρ), Κρεμμύδι ξερό (20γρ), Σκόρδο (5γρ), Σησαμέλαιο (5γρ), Σόγια (20γρ)",178-2,9.65,10.90,OK,Stir fry noodles (520γρ),2.83,3.20,0.14,0.17,2.97,2.97,3.37,30.78%,€6.68,29.33%,1.45%,607,86,27,16,https://drive.google.com/file/d/19RRUWXg7fGWNV8jlqzvU2xbPwAbvkxRC/view?usp=sharing,https://drive.google.com/file/d/19RRUWXg7fGWNV8jlqzvU2xbPwAbvkxRC/view?usp=sharing
Πρωϊνά,ΝΑΙ,Sugar free Bitter cake με σοκολάτα,Bitter cake (85γρ),"Αλεύρι, Κακάο, Stevia, Κολοκύθι, Καρύδι, Αυγό",Bitter cake (85γρ),20,3.10,3.50,OK,"Sugar free Bitter cake με κολοκύθι, καρύδια και σοκολάτα (85γρ)",0.45,0.51,0.05,0.07,0.50,0.50,0.57,16.21%,€2.60,14.52%,1.69%,179,29,5,12,https://drive.google.com/file/d/1sjwz0KBVBNLs_0sFxnY4xNXN_kijYrQp/view?usp=sharing,https://drive.google.com/file/d/1sjwz0KBVBNLs_0sFxnY4xNXN_kijYrQp/view?usp=sharing
Πρωϊνά,ΝΑΙ,Sugar free cake βανίλιας με σταγόνες μαύρης σοκολάτας,Κέικ βανίλιας (70γρ),"Αλεύρι, Γάλα αμυγδάλου, Μήλο, Μέλι, Stevia, Αυγό, Σταγόνες μαύρης σοκολάτας",Cake βανίλιας με σταγόνες μαύρης σοκολάτας (70γρ),48,3.10,3.50,OK,Κέικ βανίλιας (70γρ),0.26,0.29,0.05,0.07,0.31,0.31,0.36,10.08%,€2.79,8.39%,1.69%,229,29,4,11,https://drive.google.com/file/d/1sla04XjLTJ2YLu0F7MDcm-GKd4tdCJp8/view?usp=sharing,https://drive.google.com/file/d/1sla04XjLTJ2YLu0F7MDcm-GKd4tdCJp8/view?usp=sharing
Πρωϊνά,ΝΑΙ,Sugar free cake πορτοκαλιού,Κέικ πορτοκαλιού (70γρ),"Αλεύρι αμυγδάλου, Αλεύρι, Αυγό, Μήλο, Λάδι καρύδας, Χυμός πορτοκαλιού, Stevia",Κέικ πορτοκαλιού (70γρ),31,3.10,3.50,OK,Κέικ πορτοκαλιού (70γρ),0.45,0.51,0.05,0.07,0.50,0.50,0.57,16.21%,€2.60,14.52%,1.69%,197,11,7,16,https://drive.google.com/file/d/14mtXPg2PFvIg_1tIjLlwA-zjP4vulyds/view?usp=sharing,https://drive.google.com/file/d/14mtXPg2PFvIg_1tIjLlwA-zjP4vulyds/view?usp=sharing
Πρωϊνά,ΝΑΙ,Sugar free Cheesecake φούρνου,Cheesecake φούρνου (150γρ),"Μπισκότο χωρίς ζάχαρη, Μέλι, Τυρί κρέμα light, Γιαούρτι, Αυγό, Αλεύρι",Cheesecake φούρνου (150γρ),254,4.34,4.90,OK,Cheesecake φούρνου (150γρ),0.86,0.97,0.16,0.19,1.02,1.02,1.16,23.39%,23.76%,19.82%,3.57%,360,35,11,20,https://drive.google.com/file/d/12B1Bv2gvIBk7xIVOmdbuKnuFftoD2Cud/view?usp=sharing,https://drive.google.com/file/d/12B1Bv2gvIBk7xIVOmdbuKnuFftoD2Cud/view?usp=sharing
Πρωϊνά,ΝΑΙ,Sugar free chocolate cake,Κέικ με κακάο (70γρ),"Αλεύρι, Κακάο, Stevia, Μήλο, Αυγό, Γάλα",Κέικ με κακάο και σταγόνες μαύρης σοκολάτας (70γρ),46,3.10,3.50,OK,Chocolate cake (70γρ),0.36,0.41,0.05,0.07,0.41,0.41,0.47,13.31%,€2.69,11.61%,1.69%,130,28,4,7,https://drive.google.com/file/d/1fK_d6owi9Da3EICrg0QFZJZgDlYSthTN/view?usp=sharing,https://drive.google.com/file/d/1fK_d6owi9Da3EICrg0QFZJZgDlYSthTN/view?usp=sharing
Πρωϊνά,ΝΑΙ,Sugar free Lemon poppy seeds cake,Κέικ λεμονιού (70γρ),"Αλεύρι, Stevia, Αυγό, Γιαούρτι, Χυμός λεμονιού, Παπαρουνόσπορος",Κέικ λεμονιού (70γρ),50,3.10,3.50,OK,Sugar free lemon poppy seeds cake (70γρ),0.41,0.46,0.05,0.07,0.46,0.46,0.53,14.92%,€2.64,13.23%,1.69%,179,31,4,11,https://drive.google.com/file/d/1DSupQw02FBMgfle17fVDaKuF3dAOhabh/view?usp=sharing,https://drive.google.com/file/d/1DSupQw02FBMgfle17fVDaKuF3dAOhabh/view?usp=sharing
Πρωϊνά,ΝΑΙ,"Super Breakfast με βρώμη, μαύρη σοκολάτας και ινδοκάρυδο",Super Breakfast (170γρ),"Γιαούρτι, Βρώμη, Ινδοκάρυδο, Φρούτο, Σταγόνες μαύρης σοκολάτας","Γιαούρτι 2% (170γρ), Βρώμη (30γρ), Σταγόνες μαύρης σοκολάτας (30γρ), Ινδοκάρυδο (10γρ), Φρούτο εποχής (50γρ)",34,4.87,5.50,OK,"Γιαούρτι 2% (170γρ), Βρώμη (30γρ), Ινδοκάρυδο (10γρ), Φρούτο φρέσκο (50γρ), Σταγόνες μαύρης σοκολάτας (30γρ)",1.28,1.45,0.22,0.27,1.50,1.50,1.72,30.83%,€3.37,26.28%,4.55%,474,53,23,19,https://drive.google.com/file/d/1FDU7xnGghBb0f_gdo0ueOFoQU0V0gv1S/view?usp=sharing,https://drive.google.com/file/d/1FDU7xnGghBb0f_gdo0ueOFoQU0V0gv1S/view?usp=sharing
Ψητές επιλογές,ΟΧΙ,Μπούτι κοτόπουλο Tikka Masala με ρύζι basmati,"Μπούτι κοτόπουλο (120γρ), Ρύζι basmati (60γρ)","Κοτόπουλο, Ρύζι, Γιαούρτι, Σκόρδο, Πάπρικα, Ginger, Καστανή ζάχαρη, Μέλι, Ντομάτα, Μαϊντανός","Μπούτι κοτόπουλο (120γρ), Ρύζι basmati (60γρ), Tikka Masala (70γρ)",175-1,6.99,7.90,OK,"Κοτόπουλο μπούτι, μαγειρεμένο (120γρ), Ρύζι (60γρ), Tikka masala σάλτσα (70γρ)",1.74,1.97,0.14,0.17,1.88,1.88,2.14,26.90%,€5.11,24.89%,2.00%,400,27,33,18,https://drive.google.com/file/d/1SpvP5sK7BPm7rMS0JxrJV8kLAopfhlKJ/view?usp=sharing,https://drive.google.com/file/d/1SpvP5sK7BPm7rMS0JxrJV8kLAopfhlKJ/view?usp=sharing
Ψητές επιλογές,ΟΧΙ,Μπούτι κοτόπουλο Tikka Masala με ρύζι basmati,"Μπούτι κοτόπουλο (120γρ), Ρύζι basmati (120γρ)","Κοτόπουλο, Ρύζι, Γιαούρτι, Σκόρδο, Πάπρικα, Ginger, Καστανή ζάχαρη, Μέλι, Ντομάτα, Μαϊντανός","Μπούτι κοτόπουλο (120γρ), Ρύζι basmati (120γρ), Tikka Masala (70γρ)",175-2,7.43,8.40,OK,"Κοτόπουλο μπούτι, μαγειρεμένο (120γρ), Ρύζι (120γρ), Tikka masala σάλτσα (70γρ)",1.80,2.03,0.14,0.17,1.94,1.94,2.21,26.11%,€5.49,24.23%,1.88%,492,42,34,20,https://drive.google.com/file/d/1SpvP5sK7BPm7rMS0JxrJV8kLAopfhlKJ/view?usp=sharing,https://drive.google.com/file/d/1SpvP5sK7BPm7rMS0JxrJV8kLAopfhlKJ/view?usp=sharing
Ψητές επιλογές,ΟΧΙ,Μπούτι κοτόπουλο Tikka Masala με ρύζι basmati,"Μπούτι κοτόπουλο (120γρ), Ρύζι basmati (180γρ)","Κοτόπουλο, Ρύζι, Γιαούρτι, Σκόρδο, Πάπρικα, Ginger, Καστανή ζάχαρη, Μέλι, Ντομάτα, Μαϊντανός","Μπούτι κοτόπουλο (120γρ), Ρύζι basmati (180γρ), Tikka Masala (70γρ)",175-3,7.88,8.90,OK,"Κοτόπουλο μπούτι, μαγειρεμένο (120γρ), Ρύζι (180γρ), Tikka masala σάλτσα (70γρ)",1.86,2.10,0.14,0.17,2.00,2.00,2.28,25.38%,€5.88,23.60%,1.78%,584,57,36,23,https://drive.google.com/file/d/1SpvP5sK7BPm7rMS0JxrJV8kLAopfhlKJ/view?usp=sharing,https://drive.google.com/file/d/1SpvP5sK7BPm7rMS0JxrJV8kLAopfhlKJ/view?usp=sharing
Ψητές επιλογές,ΟΧΙ,Μπούτι κοτόπουλο Tikka Masala με ρύζι basmati,"Μπούτι κοτόπουλο (150γρ), Ρύζι basmati (60γρ)","Κοτόπουλο, Ρύζι, Γιαούρτι, Σκόρδο, Πάπρικα, Ginger, Καστανή ζάχαρη, Μέλι, Ντομάτα, Μαϊντανός","Μπούτι κοτόπουλο (150γρ), Ρύζι basmati (60γρ), Tikka Masala (70γρ)",175-4,7.88,8.90,OK,"Κοτόπουλο μπούτι, μαγειρεμένο (150γρ), Ρύζι (60γρ), Tikka masala σάλτσα (70γρ)",2.09,2.36,0.14,0.17,2.23,2.23,2.54,28.30%,€5.65,26.52%,1.78%,458,27,40,21,https://drive.google.com/file/d/1SpvP5sK7BPm7rMS0JxrJV8kLAopfhlKJ/view?usp=sharing,https://drive.google.com/file/d/1SpvP5sK7BPm7rMS0JxrJV8kLAopfhlKJ/view?usp=sharing
Ψητές επιλογές,ΟΧΙ,Μπούτι κοτόπουλο Tikka Masala με ρύζι basmati,"Μπούτι κοτόπουλο (150γρ), Ρύζι basmati (120γρ)","Κοτόπουλο, Ρύζι, Γιαούρτι, Σκόρδο, Πάπρικα, Ginger, Καστανή ζάχαρη, Μέλι, Ντομάτα, Μαϊντανός","Μπούτι κοτόπουλο (150γρ), Ρύζι basmati (120γρ), Tikka Masala (70γρ)",175-5,8.32,9.40,OK,"Κοτόπουλο μπούτι, μαγειρεμένο (150γρ), Ρύζι (120γρ), Tikka masala σάλτσα (70γρ)",2.15,2.43,0.14,0.17,2.29,2.29,2.60,27.52%,€6.03,25.84%,1.68%,550,42,41,23,https://drive.google.com/file/d/1SpvP5sK7BPm7rMS0JxrJV8kLAopfhlKJ/view?usp=sharing,https://drive.google.com/file/d/1SpvP5sK7BPm7rMS0JxrJV8kLAopfhlKJ/view?usp=sharing
Ψητές επιλογές,ΟΧΙ,Μπούτι κοτόπουλο Tikka Masala με ρύζι basmati,"Μπούτι κοτόπουλο (150γρ), Ρύζι basmati (180γρ)","Κοτόπουλο, Ρύζι, Γιαούρτι, Σκόρδο, Πάπρικα, Ginger, Καστανή ζάχαρη, Μέλι, Ντομάτα, Μαϊντανός","Μπούτι κοτόπουλο (150γρ), Ρύζι basmati (180γρ), Tikka Masala (70γρ)",175-6,8.76,9.90,OK,"Κοτόπουλο μπούτι, μαγειρεμένο (150γρ), Ρύζι (180γρ), Tikka masala σάλτσα (70γρ)",2.21,2.50,0.14,0.17,2.35,2.35,2.67,26.83%,€6.41,25.23%,1.60%,642,57,43,26,https://drive.google.com/file/d/1SpvP5sK7BPm7rMS0JxrJV8kLAopfhlKJ/view?usp=sharing,https://drive.google.com/file/d/1SpvP5sK7BPm7rMS0JxrJV8kLAopfhlKJ/view?usp=sharing
Ψητές επιλογές,ΟΧΙ,Μπούτι κοτόπουλο Tikka Masala με ρύζι basmati,"Μπούτι κοτόπουλο (180γρ), Ρύζι basmati (120γρ)","Κοτόπουλο, Ρύζι, Γιαούρτι, Σκόρδο, Πάπρικα, Ginger, Καστανή ζάχαρη, Μέλι, Ντομάτα, Μαϊντανός","Μπούτι κοτόπουλο (180γρ), Ρύζι basmati (120γρ), Tikka Masala (70γρ)",175-7,8.76,9.90,OK,"Κοτόπουλο μπούτι, μαγειρεμένο (180γρ), Ρύζι (120γρ), Tikka masala σάλτσα (70γρ)",2.50,2.83,0.14,0.17,2.64,2.64,3.00,30.14%,€6.12,28.54%,1.60%,607,42,48,26,https://drive.google.com/file/d/1SpvP5sK7BPm7rMS0JxrJV8kLAopfhlKJ/view?usp=sharing,https://drive.google.com/file/d/1SpvP5sK7BPm7rMS0JxrJV8kLAopfhlKJ/view?usp=sharing
Ψητές επιλογές,ΝΑΙ,Μπούτι κοτόπουλο Tikka Masala με ρύζι basmati,"Μπούτι κοτόπουλο (180γρ), Ρύζι basmati (180γρ)","Κοτόπουλο, Ρύζι, Γιαούρτι, Σκόρδο, Πάπρικα, Ginger, Καστανή ζάχαρη, Μέλι, Ντομάτα, Μαϊντανός","Μπούτι κοτόπουλο (180γρ), Ρύζι basmati (180γρ), Tikka Masala (70γρ)",175-8,9.20,10.40,OK,"Κοτόπουλο μπούτι, μαγειρεμένο (180γρ), Ρύζι (180γρ), Tikka masala σάλτσα (70γρ)",2.56,2.89,0.14,0.17,2.70,2.70,3.07,29.35%,€6.50,27.83%,1.52%,699,57,50,29,https://drive.google.com/file/d/1SpvP5sK7BPm7rMS0JxrJV8kLAopfhlKJ/view?usp=sharing,https://drive.google.com/file/d/1SpvP5sK7BPm7rMS0JxrJV8kLAopfhlKJ/view?usp=sharing
Ψητές επιλογές,ΟΧΙ,Μπούτι κοτόπουλο Tikka Masala με ρύζι basmati,"Μπούτι κοτόπουλο (180γρ), Ρύζι basmati (240γρ)","Κοτόπουλο, Ρύζι, Γιαούρτι, Σκόρδο, Πάπρικα, Ginger, Καστανή ζάχαρη, Μέλι, Ντομάτα, Μαϊντανός","Μπούτι κοτόπουλο (180γρ), Ρύζι basmati (240γρ), Tikka Masala (70γρ)",175-9,9.65,10.90,OK,"Κοτόπουλο μπούτι, μαγειρεμένο (180γρ), Ρύζι (240γρ), Tikka masala σάλτσα (70γρ)",2.63,2.97,0.14,0.17,2.77,2.77,3.15,28.70%,€6.88,27.25%,1.45%,791,73,51,32,https://drive.google.com/file/d/1SpvP5sK7BPm7rMS0JxrJV8kLAopfhlKJ/view?usp=sharing,https://drive.google.com/file/d/1SpvP5sK7BPm7rMS0JxrJV8kLAopfhlKJ/view?usp=sharing
Ψητές επιλογές,ΟΧΙ,Μπούτι κοτόπουλο Tikka Masala με ρύζι basmati,"Μπούτι κοτόπουλο (210γρ), Ρύζι basmati (120γρ)","Κοτόπουλο, Ρύζι, Γιαούρτι, Σκόρδο, Πάπρικα, Ginger, Καστανή ζάχαρη, Μέλι, Ντομάτα, Μαϊντανός","Μπούτι κοτόπουλο (210γρ), Ρύζι basmati (120γρ), Tikka Masala (70γρ)",175-10,9.65,10.90,OK,"Κοτόπουλο μπούτι, μαγειρεμένο (210γρ), Ρύζι (120γρ), Tikka masala σάλτσα (70γρ)",2.85,3.22,0.14,0.17,2.99,2.99,3.39,30.98%,€6.66,29.53%,1.45%,664,42,55,29,https://drive.google.com/file/d/1SpvP5sK7BPm7rMS0JxrJV8kLAopfhlKJ/view?usp=sharing,https://drive.google.com/file/d/1SpvP5sK7BPm7rMS0JxrJV8kLAopfhlKJ/view?usp=sharing
Ψητές επιλογές,ΟΧΙ,Μπούτι κοτόπουλο Tikka Masala με ρύζι basmati,"Μπούτι κοτόπουλο (210γρ), Ρύζι basmati (180γρ)","Κοτόπουλο, Ρύζι, Γιαούρτι, Σκόρδο, Πάπρικα, Ginger, Καστανή ζάχαρη, Μέλι, Ντομάτα, Μαϊντανός","Μπούτι κοτόπουλο (210γρ), Ρύζι basmati (180γρ), Tikka Masala (70γρ)",175-11,10.09,11.40,OK,"Κοτόπουλο μπούτι, μαγειρεμένο (210γρ), Ρύζι (180γρ), Tikka masala σάλτσα (70γρ)",2.91,3.29,0.14,0.17,3.05,3.05,3.46,30.23%,€7.04,28.84%,1.39%,756,57,57,32,https://drive.google.com/file/d/1SpvP5sK7BPm7rMS0JxrJV8kLAopfhlKJ/view?usp=sharing,https://drive.google.com/file/d/1SpvP5sK7BPm7rMS0JxrJV8kLAopfhlKJ/view?usp=sharing
Ψητές επιλογές,ΟΧΙ,Μπούτι κοτόπουλο Tikka Masala με ρύζι basmati,"Μπούτι κοτόπουλο (210γρ), Ρύζι basmati (240γρ)","Κοτόπουλο, Ρύζι, Γιαούρτι, Σκόρδο, Πάπρικα, Ginger, Καστανή ζάχαρη, Μέλι, Ντομάτα, Μαϊντανός","Μπούτι κοτόπουλο (210γρ), Ρύζι basmati (240γρ), Tikka Masala (70γρ)",175-12,10.53,11.90,OK,"Κοτόπουλο μπούτι, μαγειρεμένο (210γρ), Ρύζι (240γρ), Tikka masala σάλτσα (70γρ)",2.98,3.37,0.14,0.17,3.12,3.12,3.54,29.63%,€7.41,28.30%,1.33%,848,73,58,35,https://drive.google.com/file/d/1SpvP5sK7BPm7rMS0JxrJV8kLAopfhlKJ/view?usp=sharing,https://drive.google.com/file/d/1SpvP5sK7BPm7rMS0JxrJV8kLAopfhlKJ/view?usp=sharing
Πρωϊνά,ΝΑΙ,Tofu Toast με guacamole με ψωμί ολικής,"Ψωμί ολικής (60γρ), Guacamole (30γρ), Tofu (40γρ)","Ψωμί, Guacamole, Τόφου, Kale, Μαγιονέζα vegan","Ψωμί ολικής (60γρ), Guacamole (30γρ), Tofu (40γρ), Kale (25γρ), Μαγιονέζα vegan (15γρ)",62-1,4.34,4.90,OK,"Ψωμί ολικής (60γρ), Guacamole (30γρ), Tofu (sandwich) (40γρ), Kale (sandwich) (25γρ), Μαγιονέζα vegan (15γρ)",1.23,1.39,0.16,0.19,1.39,1.39,1.58,31.91%,€2.96,28.34%,3.57%,476,37,11,33,https://drive.google.com/file/d/1l9Ava75G4oM-ttrZ1sglYFxW-HyjY3zL/view?usp=sharing,https://drive.google.com/file/d/1l9Ava75G4oM-ttrZ1sglYFxW-HyjY3zL/view?usp=sharing
Πρωϊνά,ΟΧΙ,Tofu Toast με guacamole με ψωμί ολικής,"Ψωμί ολικής (120γρ), Guacamole (60γρ), Tofu (80γρ)","Ψωμί, Guacamole, Τόφου, Kale, Μαγιονέζα vegan","Ψωμί ολικής (120γρ), Guacamole (60γρ), Tofu (80γρ), Kale (50γρ), Μαγιονέζα vegan (30γρ)",62-2,6.11,6.90,OK,"Ψωμί ολικής (120γρ), Guacamole (60γρ), Tofu (sandwich) (80γρ), Kale (sandwich) (50γρ), Μαγιονέζα vegan (30γρ)",2.46,2.78,0.22,0.27,2.68,2.68,3.05,43.78%,€3.44,40.26%,3.52%,952,73,22,66,https://drive.google.com/file/d/1l9Ava75G4oM-ttrZ1sglYFxW-HyjY3zL/view?usp=sharing,https://drive.google.com/file/d/1l9Ava75G4oM-ttrZ1sglYFxW-HyjY3zL/view?usp=sharing
Πρωϊνά,ΝΑΙ,"Tropical γιαούρτι 2% με ανανά, flakes καρύδας, lime και μέντα","Tropical γιαούρτι 2% (170γρ), Ντιπάκι μελιού (20γρ)","Γιαούρτι, Μάνγκο, Ανανά, Flakes καρύδας, Μέλι, Σπόροι chia","Γιαούρτι 2% (170γρ), Μάνγκο (50γρ), Ανανάς (50γρ), Flakes καρύδας (10γρ), Μέλι (10γρ), Ντιπάκι μελιού (20γρ), Σπόροι chia (7γρ)",1,4.87,5.50,OK,"Γιαούρτι 2% (170γρ), Μάνγκο, φρέσκο (50γρ), Ανανάς, φρέσκος (50γρ), Flakes καρύδας (10γρ), Μέλι (30γρ), Chia seeds, dried (7γρ)",1.43,1.62,0.19,0.23,1.62,1.62,1.85,33.18%,€3.25,29.36%,3.82%,346,52,19,8,https://drive.google.com/file/d/1BItqcBmBOKIhQCL0qvF631A3ygeLiQg4/view?usp=sharing,https://drive.google.com/file/d/1BItqcBmBOKIhQCL0qvF631A3ygeLiQg4/view?usp=sharing
Πρωϊνά,ΝΑΙ,Vegan sugar free cake με χουρμάδες,Vegan cake με χουρμάδες (70γρ),"Χουρμάδες, Γάλα βρώμης, Μέλι, Αλεύρι ολικής άλεσης, Κανέλα",Vegan cake με χουρμάδες (70γρ),60,3.10,3.50,OK,Vegan cake με χουρμάδες (70γρ),0.20,0.23,0.05,0.07,0.25,0.25,0.29,8.15%,€2.85,6.45%,1.69%,219,39,3,7,https://drive.google.com/file/d/1BDOqtWn-d4ccwHoiWg7yIy4q9Fp4o2uc/view?usp=sharing,https://drive.google.com/file/d/1BDOqtWn-d4ccwHoiWg7yIy4q9Fp4o2uc/view?usp=sharing
Μαγειρευτά,ΟΧΙ,Vegan μανιτάρια φρικασέ με χόρτα εποχής,Μανιτάρια φρικασέ (300γρ),"Μανιτάρι, Σκόρδο, Μαρούλι, Χόρτα, Φρέσκο κρεμμυδάκι, Άνηθος, Κρεμμύδι, Ζωμός λαχανικών","Vegan μανιτάρια φρικασέ με μαρούλι, χόρτα εποχής, φρέσκο κρεμμύδι και άνηθο (300γρ)",244-1,6.11,6.90,OK,"Vegan Μανιτάρια φρικασέ με μαρούλι, χόρτα εποχής, φρέσκο κρεμμύδι και άνηθο (275γρ), Ταχίνι αυγολέμονο (25γρ)",1.12,1.27,0.14,0.17,1.26,1.26,1.44,20.62%,€4.85,18.33%,2.29%,209,19,5,12,https://drive.google.com/file/d/1FqEhJFbZdMQQLAe81sPS7SVq5ItmnIST/view?usp=sharing,https://drive.google.com/file/d/1FqEhJFbZdMQQLAe81sPS7SVq5ItmnIST/view?usp=sharing
Μαγειρευτά,ΝΑΙ,Vegan μανιτάρια φρικασέ με χόρτα εποχής,Μανιτάρια φρικασέ (350γρ),"Μανιτάρι, Σκόρδο, Μαρούλι, Χόρτα, Φρέσκο κρεμμυδάκι, Άνηθος, Κρεμμύδι, Ζωμός λαχανικών","Vegan μανιτάρια φρικασέ με μαρούλι, χόρτα εποχής, φρέσκο κρεμμύδι και άνηθο (350γρ)",244-2,6.64,7.50,OK,"Vegan Μανιτάρια φρικασέ με μαρούλι, χόρτα εποχής, φρέσκο κρεμμύδι και άνηθο (320γρ), Ταχίνι αυγολέμονο (30γρ)",1.30,1.47,0.14,0.17,1.44,1.44,1.64,21.69%,€5.20,19.58%,2.11%,245,22,6,14,https://drive.google.com/file/d/1FqEhJFbZdMQQLAe81sPS7SVq5ItmnIST/view?usp=sharing,https://drive.google.com/file/d/1FqEhJFbZdMQQLAe81sPS7SVq5ItmnIST/view?usp=sharing
Μαγειρευτά,ΟΧΙ,Vegan μανιτάρια φρικασέ με χόρτα εποχής,Μανιτάρια φρικασέ (400γρ),"Μανιτάρι, Σκόρδο, Μαρούλι, Χόρτα, Φρέσκο κρεμμυδάκι, Άνηθος, Κρεμμύδι, Ζωμός λαχανικών","Vegan μανιτάρια φρικασέ με μαρούλι, χόρτα εποχής, φρέσκο κρεμμύδι και άνηθο (400γρ)",244-3,6.99,7.90,OK,"Vegan Μανιτάρια φρικασέ με μαρούλι, χόρτα εποχής, φρέσκο κρεμμύδι και άνηθο (365γρ), Ταχίνι αυγολέμονο (35γρ)",1.49,1.68,0.14,0.17,1.63,1.63,1.86,23.32%,€5.36,21.32%,2.00%,281,26,7,16,https://drive.google.com/file/d/1FqEhJFbZdMQQLAe81sPS7SVq5ItmnIST/view?usp=sharing,https://drive.google.com/file/d/1FqEhJFbZdMQQLAe81sPS7SVq5ItmnIST/view?usp=sharing
Μαγειρευτά,ΟΧΙ,"Vegan μουσακάς με μανιτάρια, μπεσαμέλ και γάλα σόγιας",Vegan μουσακάς (300γρ),"Μανιτάρι, Κρεμμύδι, Καρότο, Ντομάτα, Σκόρδο, Μέλι, Γάλα σόγιας, Κανέλα, Γλυκοπατάτα, Μελιτζάνα",Μουσακάς με ραγού μανιταριών (300γρ),198-1,6.99,7.90,OK,"Vegan μουσακάς με ραγού μανιταριών και μπεσαμέλ από γάλα σόγιας (300γρ), Ελαιόλαδο (30γρ)",1.47,1.66,0.14,0.17,1.61,1.61,1.83,23.03%,€5.38,21.03%,2.00%,505,35,7,39,https://drive.google.com/file/d/1iJdw1Gh1UkUCEkysldOm-W6Sspu8e3uU/view?usp=sharing,https://drive.google.com/file/d/1iJdw1Gh1UkUCEkysldOm-W6Sspu8e3uU/view?usp=sharing
Μαγειρευτά,ΝΑΙ,"Vegan μουσακάς με μανιτάρια, μπεσαμέλ και γάλα σόγιας",Vegan μουσακάς (350γρ),"Μανιτάρι, Κρεμμύδι, Καρότο, Ντομάτα, Σκόρδο, Μέλι, Γάλα σόγιας, Κανέλα, Γλυκοπατάτα, Μελιτζάνα",Μουσακάς με ραγού μανιταριών (350γρ),198-2,7.52,8.50,OK,"Vegan μουσακάς με ραγού μανιταριών και μπεσαμέλ από γάλα σόγιας (350γρ), Ελαιόλαδο (30γρ)",1.67,1.89,0.14,0.17,1.81,1.81,2.06,24.07%,€5.71,22.21%,1.86%,545,41,8,41,https://drive.google.com/file/d/1iJdw1Gh1UkUCEkysldOm-W6Sspu8e3uU/view?usp=sharing,https://drive.google.com/file/d/1iJdw1Gh1UkUCEkysldOm-W6Sspu8e3uU/view?usp=sharing
Μαγειρευτά,ΟΧΙ,"Vegan μουσακάς με μανιτάρια, μπεσαμέλ και γάλα σόγιας",Vegan μουσακάς (400γρ),"Μανιτάρι, Κρεμμύδι, Καρότο, Ντομάτα, Σκόρδο, Μέλι, Γάλα σόγιας, Κανέλα, Γλυκοπατάτα, Μελιτζάνα",Μουσακάς με ραγού μανιταριών (400γρ),198-3,7.88,8.90,OK,"Vegan μουσακάς με ραγού μανιταριών και μπεσαμέλ από γάλα σόγιας (400γρ), Ελαιόλαδο (30γρ)",1.87,2.11,0.14,0.17,2.01,2.01,2.29,25.51%,€5.87,23.73%,1.78%,585,47,9,42,https://drive.google.com/file/d/1iJdw1Gh1UkUCEkysldOm-W6Sspu8e3uU/view?usp=sharing,https://drive.google.com/file/d/1iJdw1Gh1UkUCEkysldOm-W6Sspu8e3uU/view?usp=sharing
Μαγειρευτά,ΟΧΙ,"Vegan παστίτσιο με μανιτάρια, μπεσαμέλ και γάλα σόγιας",Vegan παστίτσιο (300γρ),"Ζυμαρικό, Μανιτάρι, Κρεμμύδι, Καρότο, Ντομάτα, Σκόρδο, Κανέλα, Μέλι, Γάλα σόγιας",Vegan παστίτσιο με ραγού μανιταριών και μπεσαμέλ από γάλα σόγιας (300γρ),246-1,6.64,7.50,OK,"Λιγκουίνι ολικής άλεσης, μαγειρεμένα (109γρ), Ραγού μανιταριών (82γρ), Μπεσαμέλ (από γάλα σόγιας για παστίτσιο) (109γρ)",0.80,0.90,0.14,0.17,0.94,0.94,1.08,14.16%,€5.70,12.05%,2.11%,376,57,12,13,https://drive.google.com/file/d/1V3eiu2KS5r8yuw20Tjpg2Tc_-onO0Qyg/view?usp=sharing,https://drive.google.com/file/d/1V3eiu2KS5r8yuw20Tjpg2Tc_-onO0Qyg/view?usp=sharing
Μαγειρευτά,ΝΑΙ,"Vegan παστίτσιο με μανιτάρια, μπεσαμέλ και γάλα σόγιας",Vegan παστίτσιο (350γρ),"Ζυμαρικό, Μανιτάρι, Κρεμμύδι, Καρότο, Ντομάτα, Σκόρδο, Κανέλα, Μέλι, Γάλα σόγιας",Vegan παστίτσιο με ραγού μανιταριών και μπεσαμέλ από γάλα σόγιας (350γρ),246-2,6.99,7.90,OK,"Λιγκουίνι ολικής άλεσης, μαγειρεμένα (127γρ), Ραγού μανιταριών (96γρ), Μπεσαμέλ (από γάλα σόγιας για παστίτσιο) (127γρ)",0.94,1.06,0.14,0.17,1.08,1.08,1.24,15.45%,€5.91,13.45%,2.00%,438,67,14,15,https://drive.google.com/file/d/1V3eiu2KS5r8yuw20Tjpg2Tc_-onO0Qyg/view?usp=sharing,https://drive.google.com/file/d/1V3eiu2KS5r8yuw20Tjpg2Tc_-onO0Qyg/view?usp=sharing
Μαγειρευτά,ΟΧΙ,"Vegan παστίτσιο με μανιτάρια, μπεσαμέλ και γάλα σόγιας",Vegan παστίτσιο (400γρ),"Ζυμαρικό, Μανιτάρι, Κρεμμύδι, Καρότο, Ντομάτα, Σκόρδο, Κανέλα, Μέλι, Γάλα σόγιας",Vegan παστίτσιο με ραγού μανιταριών και μπεσαμέλ από γάλα σόγιας (400γρ),246-3,7.52,8.50,OK,"Λιγκουίνι ολικής άλεσης, μαγειρεμένα (145γρ), Ραγού μανιταριών (110γρ), Μπεσαμέλ (από γάλα σόγιας για παστίτσιο) (145γρ)",1.07,1.21,0.14,0.17,1.21,1.21,1.38,16.09%,€6.31,14.23%,1.86%,501,76,16,17,https://drive.google.com/file/d/1V3eiu2KS5r8yuw20Tjpg2Tc_-onO0Qyg/view?usp=sharing,https://drive.google.com/file/d/1V3eiu2KS5r8yuw20Tjpg2Tc_-onO0Qyg/view?usp=sharing
Πρωϊνά,ΝΑΙ,Vegan χορτόπιτα με φύλλο ολικής,Vegan χορτόπιτα (200γρ),"Σπανάκι, Χόρτα, Φρέσκο κρεμμυδάκι, Πράσο, Σκόρδο, Κρεμμύδι, Άνηθος, Μαϊντανός, Μέντα, Ρύζι, Σουσάμι, Φύλλο ολικής","Vegan χορτόπιτα με φύλλο ολικής, χόρτα εποχής, πράσο, φρέσκο κρεμμύδι και μυρωδικά (200γρ)",243-1,3.98,4.50,OK,"Χορτόπιτα με φυλλο ολικής, χόρτα επόχης και μυρωδικα (200γρ)",1.13,1.28,0.16,0.19,1.29,1.29,1.47,32.29%,32.65%,28.39%,3.89%,482,48,9,29,https://drive.google.com/file/d/1jgMwp9yAtMqRskTLCR3o77n8_c3SNilZ/view?usp=sharing,https://drive.google.com/file/d/1jgMwp9yAtMqRskTLCR3o77n8_c3SNilZ/view?usp=sharing
Πρωϊνά,ΟΧΙ,Vegan χορτόπιτα με φύλλο ολικής,Vegan χορτόπιτα (400γρ),"Σπανάκι, Χόρτα, Φρέσκο κρεμμυδάκι, Πράσο, Σκόρδο, Κρεμμύδι, Άνηθος, Μαϊντανός, Μέντα, Ρύζι, Σουσάμι, Φύλλο ολικής","Vegan χορτόπιτα με φύλλο ολικής, χόρτα εποχής, πράσο, φρέσκο κρεμμύδι και μυρωδικά (400γρ)",243-2,6.99,7.90,OK,"Χορτόπιτα με φυλλο ολικής, χόρτα επόχης και μυρωδικα (400γρ)",2.26,2.55,0.16,0.19,2.42,2.42,2.75,34.55%,34.76%,32.33%,2.22%,964,95,18,58,https://drive.google.com/file/d/1jgMwp9yAtMqRskTLCR3o77n8_c3SNilZ/view?usp=sharing,https://drive.google.com/file/d/1jgMwp9yAtMqRskTLCR3o77n8_c3SNilZ/view?usp=sharing
Πρωϊνά,ΝΑΙ,"Wrap ολικής με κολοκυθοκεφτέδες φούρνου, κατίκι και pesto",Wrap ολικής με κολοκυθοκεφτέδες φούρνου (60γρ),"Τορτίγια, Κολοκύθι, Βρώμη, Αλεύρι αμυγδάλου, Ντομάτα, Αυγό, Σκόρδο, Μαϊντανός, Άνηθος, Δυόσμος, Φέτα light, Κατίκι, Pesto, Σπανάκι","Wrap ολικής (60γρ), Κολοκυθοκεφτέδες (80γρ), Κατίκι Δομοκού (25γρ), Ψητά κολοκυθάκια (15γρ), Pesto (10γρ), Baby σπανάκι (10γρ)",220-1,4.87,5.50,OK,"Τορτίγια ολικής, μικρή  (60γρ), Κολοκυθοκεφτέδες φούρνου με μυρωδικά, αλεύρι αμυγδάλου (80γρ), Κατίκι (25γρ), Κολοκυθάκι, ψητό (15γρ), Pesto (10γρ), Σπανάκι baby, ωμό (10γρ)",1.24,1.40,0.20,0.25,1.44,1.44,1.65,29.57%,€3.43,25.46%,4.11%,424,47,15,20,https://drive.google.com/file/d/1vqjsnuGEeA6QPKCCiJg9BBM2ByEB-Kti/view?usp=sharing,https://drive.google.com/file/d/1vqjsnuGEeA6QPKCCiJg9BBM2ByEB-Kti/view?usp=sharing
Πρωϊνά,ΟΧΙ,"Wrap ολικής με κολοκυθοκεφτέδες φούρνου, κατίκι και pesto",Wrap ολικής με κολοκυθοκεφτέδες φούρνου (90γρ),"Τορτίγια, Κολοκύθι, Βρώμη, Αλεύρι αμυγδάλου, Ντομάτα, Αυγό, Σκόρδο, Μαϊντανός, Άνηθος, Δυόσμος, Φέτα light, Κατίκι, Pesto, Σπανάκι","Wrap ολικής (90γρ), Κολοκυθοκεφτέδες (120γρ), Κατίκι Δομοκού (50γρ), Ψητά κολοκυθάκια (30γρ), Pesto (20γρ), Baby σπανάκι (20γρ)",220-2,6.11,6.90,Product Cost Change,"Τορτίγια ολικής, μεγάλη (90γρ), Κολοκυθοκεφτέδες φούρνου με μυρωδικά, αλεύρι αμυγδάλου (120γρ), Κατίκι (50γρ), Κολοκυθάκι, ψητό (30γρ), Pesto (20γρ), Σπανάκι baby, ωμό (20γρ)",2.00,2.26,0.20,0.25,2.19,2.20,2.51,36.01%,€3.91,32.73%,3.28%,691,71,25,34,https://drive.google.com/file/d/1vqjsnuGEeA6QPKCCiJg9BBM2ByEB-Kti/view?usp=sharing,https://drive.google.com/file/d/1vqjsnuGEeA6QPKCCiJg9BBM2ByEB-Kti/view?usp=sharing
Πρωϊνά,ΝΑΙ,Wrap ολικής με κοτόπουλο και spicy σάλτσα φυστικοβούτυρου,"Wrap ολικής (60γρ), Φιλέτο κοτόπουλο (60γρ), Σάλτσα φυστικοβούτυρο (20γρ)","Τορτίγια, Κοτόπουλο, Edamame, Καρότο, Φρέσκο κρεμμυδάκι, Φυστίκι Αιγίνης, Κόλιανδρος, Φυστικοβούτυρο, Μπρόκολο, Λάχανο κόκκινο, Κρεμμύδι, Μαγιονέζα light","Wrap ολικής (60γρ), Φιλέτο κοτόπουλο (60γρ), Σάλτσα φυστικοβούτυρο-σόγια (20γρ), Edamame (15γρ), Καρότο (10γρ), Φρέσκο κρεμμύδι (5γρ), Κόλιανδρος (2γρ), Φιστίκια (5γρ), Coleslaw broccoli (15γρ)",287-1,4.87,5.50,OK,"Τορτίγια ολικής, μικρή  (60γρ), Κοτόπουλο στήθος, μαγειρεμένο (60γρ), Coleslaw broccoli  (15γρ), Edamame (15γρ), Καρότο, ωμό (10γρ), Φρέσκο κρεμμυδάκι, ωμό (5γρ), Φυστίκι αιγίνης, ωμό, ανάλατο (5γρ), Κόλιανδρος (2γρ), Ελαιόλαδο (2γρ), Σάλτσα φυστικοβούτυρο (20γρ)",1.41,1.59,0.20,0.25,1.61,1.61,1.84,33.06%,€3.26,28.95%,4.11%,429,40,30,16,https://drive.google.com/file/d/1zCPD1U-GMXhIycVt-3W9mDAsCYQIMRGu/view?usp=sharing,https://drive.google.com/file/d/1zCPD1U-GMXhIycVt-3W9mDAsCYQIMRGu/view?usp=sharing
Πρωϊνά,ΟΧΙ,Wrap ολικής με κοτόπουλο και spicy σάλτσα φυστικοβούτυρου,"Wrap ολικής (90γρ), Φιλέτο κοτόπουλο (90γρ), Σάλτσα φυστικοβούτυρο (30γρ)","Τορτίγια, Κοτόπουλο, Edamame, Καρότο, Φρέσκο κρεμμυδάκι, Φυστίκι Αιγίνης, Κόλιανδρος, Φυστικοβούτυρο, Μπρόκολο, Λάχανο κόκκινο, Κρεμμύδι, Μαγιονέζα light","Wrap ολικής (90γρ), Φιλέτο κοτόπουλο (90γρ), Σάλτσα φυστικοβούτυρο-σόγια (30γρ), Edamame (15γρ), Καρότο (15γρ), Φρέσκο κρεμμύδι (5γρ), Κόλιανδρος (4γρ), Φιστίκια (8γρ), Coleslaw broccoli (30γρ)",287-2,6.11,6.90,Product Cost Change,"Τορτίγια ολικής, μεγάλη (90γρ), Κοτόπουλο στήθος, μαγειρεμένο (90γρ), Coleslaw broccoli  (30γρ), Edamame (15γρ), Καρότο, ωμό (15γρ), Φρέσκο κρεμμυδάκι, ωμό (5γρ), Φυστίκι αιγίνης, ωμό, ανάλατο (8γρ), Κόλιανδρος (4γρ), Ελαιόλαδο (4γρ), Σάλτσα φυστικοβούτυρο (30γρ)",1.98,2.24,0.20,0.25,2.19,2.18,2.49,35.68%,€3.93,32.41%,3.28%,651,60,44,25,https://drive.google.com/file/d/1zCPD1U-GMXhIycVt-3W9mDAsCYQIMRGu/view?usp=sharing,https://drive.google.com/file/d/1zCPD1U-GMXhIycVt-3W9mDAsCYQIMRGu/view?usp=sharing
Πρωϊνά,ΝΑΙ,"Wrap ολικής με falafel φούρνου, vegan mayo και sauce ταχίνι",Wrap ολικής με falafel φούρνου και μαγιονέζα vegan (60γρ),"Τορτίγια, Φαλάφελ, Ταχίνι, Αγγούρι, Ντομάτα, Λαχανικά, Μαγιονέζα vegan","Wrap ολικής (60γρ), Falafel (60γρ), Μαγιονέζα vegan (20γρ), Sauce ταχίνι (10γρ), Αγγούρι (15γρ), Ντομάτα (20γρ), Πράσινη σαλάτα (15γρ)",19-1,3.98,4.50,Product Cost Change,"Τορτίγια ολικής, μικρή  (60γρ), Φαλάφελ (60γρ), Sauce ταχίνι (10γρ), Αγγούρι, ωμό (15γρ), Ντομάτα, ωμή (20γρ), Λαχανικά, ωμά (15γρ), Μαγιονέζα vegan (20γρ)",0.77,0.87,0.20,0.25,0.96,0.97,1.12,24.38%,€3.01,19.35%,5.03%,459,50,11,24,https://drive.google.com/file/d/1ZBNEvzCq3W1VsToQsT5uiKyx2kwshw-L/view?usp=sharing,https://drive.google.com/file/d/1ZBNEvzCq3W1VsToQsT5uiKyx2kwshw-L/view?usp=sharing
Πρωϊνά,ΟΧΙ,"Wrap ολικής με falafel φούρνου, vegan mayo και sauce ταχίνι",Wrap ολικής με falafel φούρνου και μαγιονέζα vegan (90γρ),"Τορτίγια, Φαλάφελ, Ταχίνι, Αγγούρι, Ντομάτα, Λαχανικά, Μαγιονέζα vegan","Wrap ολικής (90γρ), Falafel (90γρ), Μαγιονέζα vegan (25γρ), Sauce ταχίνι (15γρ), Αγγούρι (20γρ), Ντομάτα (25γρ), Πράσινη σαλάτα (25γρ)",19-2,4.87,5.50,Product Cost Change,"Τορτίγια ολικής, μεγάλη (90γρ), Φαλάφελ (90γρ), Sauce ταχίνι (15γρ), Αγγούρι, ωμό (20γρ), Ντομάτα, ωμή (25γρ), Λαχανικά, ωμά (25γρ), Μαγιονέζα vegan (25γρ)",0.99,1.12,0.20,0.25,1.18,1.19,1.37,24.44%,€3.68,20.33%,4.11%,655,75,17,32,https://drive.google.com/file/d/1ZBNEvzCq3W1VsToQsT5uiKyx2kwshw-L/view?usp=sharing,https://drive.google.com/file/d/1ZBNEvzCq3W1VsToQsT5uiKyx2kwshw-L/view?usp=sharing
Πρωϊνά,ΝΑΙ,"Wrap ολικής με falafel φούρνου, γιαούρτι 2% και sauce ταχίνι",Wrap ολικής με falafel φούρνου (60γρ),"Τορτίγια, Φαλάφελ, Γιαούρτι, Αγγούρι, Ντομάτα, Λαχανικά, Ταχίνι","Wrap ολικής (60γρ), Falafel (60γρ), Γιαούρτι 2% (20γρ), Sauce ταχίνι (10γρ), Αγγούρι (15γρ), Ντομάτα (20γρ), Πράσινη σαλάτα (15γρ)",18-1,3.98,4.50,Product Cost Change,"Τορτίγια ολικής, μικρή  (60γρ), Φαλάφελ (60γρ), Γιαούρτι 2% (20γρ), Αγγούρι, ωμό (15γρ), Ντομάτα, ωμή (20γρ), Λαχανικά, ωμά (15γρ), Sauce ταχίνι (10γρ)",0.75,0.85,0.20,0.25,0.94,0.95,1.10,23.87%,€3.03,18.84%,5.03%,342,50,13,10,https://drive.google.com/file/d/1ZBNEvzCq3W1VsToQsT5uiKyx2kwshw-L/view?usp=sharing,https://drive.google.com/file/d/1ZBNEvzCq3W1VsToQsT5uiKyx2kwshw-L/view?usp=sharing
Πρωϊνά,ΟΧΙ,"Wrap ολικής με falafel φούρνου, γιαούρτι 2% και sauce ταχίνι",Wrap ολικής με falafel φούρνου (90γρ),"Τορτίγια, Φαλάφελ, Γιαούρτι, Αγγούρι, Ντομάτα, Λαχανικά, Ταχίνι","Wrap ολικής (90γρ), Falafel (90γρ), Γιαούρτι 2% (25γρ), Sauce ταχίνι (15γρ), Αγγούρι (20γρ), Ντομάτα (25γρ), Πράσινη σαλάτα (25γρ)",18-2,5.22,5.90,Product Cost Change,"Τορτίγια ολικής, μεγάλη (90γρ), Φαλάφελ (90γρ), Γιαούρτι 2% (25γρ), Αγγούρι, ωμό (20γρ), Ντομάτα, ωμή (25γρ), Λαχανικά, ωμά (40γρ), Sauce ταχίνι (15γρ)",1.04,1.18,0.20,0.25,1.22,1.24,1.42,23.76%,€3.98,19.92%,3.84%,512,75,19,15,https://drive.google.com/file/d/1ZBNEvzCq3W1VsToQsT5uiKyx2kwshw-L/view?usp=sharing,https://drive.google.com/file/d/1ZBNEvzCq3W1VsToQsT5uiKyx2kwshw-L/view?usp=sharing
Πρωϊνά,ΝΑΙ,"Wrap ολικής με γραβιέρα light, αβοκάντο και chutney κρεμμυδιού",Wrap ολικής με τριμμένη γραβιέρα light (60γρ),"Τορτίγια, Γραβιέρα light, Μαρούλι, Ντομάτα, Αβοκάντο, Μουστάρδα, Chutney κρεμμυδιού","Wrap ολικής (60γρ), Γραβιέρα light (30γρ), Αβοκάντο (30γρ), Μουστάρδα (5γρ), Μαρούλι (20γρ), Ντομάτα (30γρ), Chutney (20γρ)",285-1,4.34,4.90,Product Cost Change,"Τορτίγια ολικής, μικρή  (60γρ), Γραβιέρα light  (30γρ), Μαρούλι, ωμό (20γρ), Ντομάτα, ωμή (30γρ), Αβοκάντο (30γρ), Μουστάρδα (5γρ), Chutney κρεμμυδιού (20γρ)",1.41,1.59,0.20,0.25,1.43,1.61,1.84,37.10%,€2.73,32.49%,4.61%,384,47,16,15,https://drive.google.com/file/d/1PgWE7WrfOtoUgCWqk9Sa1uPROYxb4jRl/view?usp=sharing,https://drive.google.com/file/d/1PgWE7WrfOtoUgCWqk9Sa1uPROYxb4jRl/view?usp=sharing
Πρωϊνά,ΟΧΙ,"Wrap ολικής με γραβιέρα light, αβοκάντο και chutney κρεμμυδιού",Wrap ολικής με τριμμένη γραβιέρα light (90γρ),"Τορτίγια, Γραβιέρα light, Μαρούλι, Ντομάτα, Αβοκάντο, Μουστάρδα, Chutney κρεμμυδιού","Wrap ολικής (90γρ), Γραβιέρα light (30γρ), Αβοκάντο (50γρ), Μουστάρδα (5γρ), Μαρούλι (30γρ), Ντομάτα (50γρ), Chutney (20γρ)",285-2,5.22,5.90,Product Cost Change,"Τορτίγια ολικής, μεγάλη (90γρ), Γραβιέρα light  (30γρ), Μαρούλι, ωμό (30γρ), Ντομάτα, ωμή (50γρ), Αβοκάντο (50γρ), Μουστάρδα (5γρ), Chutney κρεμμυδιού (20γρ)",1.74,1.97,0.20,0.25,1.63,1.94,2.21,37.17%,€3.28,33.33%,3.84%,505,65,19,19,https://drive.google.com/file/d/1PgWE7WrfOtoUgCWqk9Sa1uPROYxb4jRl/view?usp=sharing,https://drive.google.com/file/d/1PgWE7WrfOtoUgCWqk9Sa1uPROYxb4jRl/view?usp=sharing
Πρωϊνά,ΝΑΙ,Wrap ολικής με καπνιστό σολομό και βραστό αυγό,"Wrap ολικής (60γρ), Καπνιστός σολομός (30γρ)","Τορτίγια, Σολομός καπνιστός, Αυγό, Σπανάκι, Μαγιονέζα light, Μουστάρδα, Πάπρικα","Wrap ολικής (60γρ), Καπνιστός σολομός (30γρ), Αυγό βραστό (50γρ), Baby σπανάκι (20γρ), Μαγιονέζα light (20γρ), Μουστάρδα (5γρ)",286-1,4.87,5.50,OK,"Τορτίγια ολικής, μικρή  (60γρ), Σολομός, καπνιστός (30γρ), Αυγό ολόκληρο, βραστό (50γρ), Σπανάκι, ωμό (20γρ), Μαγιονέζα light (20γρ), Μουστάρδα (5γρ), Πάπρικα (0,5γρ)",1.46,1.65,0.20,0.25,1.66,1.66,1.90,34.09%,€3.21,29.98%,4.11%,345,33,18,15,https://drive.google.com/file/d/1Ej0448QyLnObfd9iiBg9voqlQV45U16n/view?usp=sharing,https://drive.google.com/file/d/1Ej0448QyLnObfd9iiBg9voqlQV45U16n/view?usp=sharing
Πρωϊνά,ΟΧΙ,Wrap ολικής με καπνιστό σολομό και βραστό αυγό,"Wrap ολικής (90γρ), Καπνιστός σολομός (50γρ)","Τορτίγια, Σολομός καπνιστός, Αυγό, Σπανάκι, Μαγιονέζα light, Μουστάρδα, Πάπρικα","Wrap ολικής (90γρ), Καπνιστός σολομός (50γρ), Αυγό βραστό (50γρ), Baby σπανάκι (30γρ), Μαγιονέζα light (30γρ), Μουστάρδα (10γρ)",286-2,6.11,6.90,OK,"Τορτίγια ολικής, μεγάλη (90γρ), Σολομός, καπνιστός (50γρ), Αυγό ολόκληρο, βραστό (50γρ), Σπανάκι, ωμό (30γρ), Μαγιονέζα light (30γρ), Μουστάρδα (10γρ), Πάπρικα (0,5γρ)",2.08,2.35,0.20,0.25,2.28,2.28,2.60,37.32%,€3.83,34.04%,3.28%,485,49,25,20,https://drive.google.com/file/d/1Ej0448QyLnObfd9iiBg9voqlQV45U16n/view?usp=sharing,https://drive.google.com/file/d/1Ej0448QyLnObfd9iiBg9voqlQV45U16n/view?usp=sharing
Πρωϊνά,ΝΑΙ,"Wrap ολικής με ψητά μανιτάρια, κατίκι και γραβιέρα light",Wrap ολικής με ψητά μανιτάρια (60γρ),"Τορτίγια, Μανιτάρι, Γραβιέρα light, Iceberg, Κατίκι, Βαλσάμικο, Πάπρικα, Μαϊντανός, Σχοινόπρασο","Wrap ολικής (60γρ), Μανιτάρια ψητά (45γρ), Γραβιέρα light (30γρ), Iceberg (10γρ), Κατίκι Δομοκού (15γρ), Βαλσαμικό γλάσο (15γρ), Μαϊντανός (1γρ), Σχοινόπρασο (1γρ)",219-1,4.87,5.50,OK,"Τορτίγια ολικής, μικρή  (60γρ), Μανιτάρια porto bello, σωτέ (15γρ), Μανιτάρι σαμπινιόν, μαγειρεμένο (15γρ), Μανιτάρι πλευρώτους, μαγειρεμένο (15γρ), Γραβιέρα light  (20γρ), Iceberg, ωμό (10γρ), Κατίκι (15γρ), Βαλσαμικό γλάσο (10γρ), Ελαιόλαδο (5γρ), Πάπρικα (1γρ), Μαϊντανός, φρέσκος (1γρ), Σχοινόπρασο (1γρ)",1.30,1.47,0.20,0.25,1.50,1.50,1.72,30.80%,€3.37,26.69%,4.11%,332,37,14,14,https://drive.google.com/file/d/1Ge8ROkwsTqHEFKyjIzVdfXuEOep9hVcD/view?usp=sharing,https://drive.google.com/file/d/1Ge8ROkwsTqHEFKyjIzVdfXuEOep9hVcD/view?usp=sharing
Πρωϊνά,ΟΧΙ,"Wrap ολικής με ψητά μανιτάρια, κατίκι και γραβιέρα light",Wrap ολικής με ψητά μανιτάρια (90γρ),"Τορτίγια, Μανιτάρι, Γραβιέρα light, Iceberg, Κατίκι, Βαλσάμικο, Πάπρικα, Μαϊντανός, Σχοινόπρασο","Wrap ολικής (90γρ), Μανιτάρια ψητά (90γρ), Γραβιέρα light (40γρ), Iceberg (20γρ), Κατίκι Δομοκού (30γρ), Βαλσαμικό γλάσο (20γρ), Μαϊντανός (2γρ), Σχοινόπρασο (2γρ)",219-2,6.64,7.50,Product Cost Change,"Τορτίγια ολικής, μεγάλη (90γρ), Μανιτάρια porto bello, σωτέ (30γρ), Μανιτάρι σαμπινιόν, μαγειρεμένο (30γρ), Μανιτάρι πλευρώτους, μαγειρεμένο (30γρ), Γραβιέρα light  (40γρ), Iceberg, ωμό (20γρ), Κατίκι (30γρ), Βαλσαμικό γλάσο (20γρ), Ελαιόλαδο (10γρ), Πάπρικα (1γρ), Μαϊντανός, φρέσκος (2γρ), Σχοινόπρασο (2γρ)",2.27,2.57,0.20,0.25,2.48,2.47,2.81,37.20%,€4.17,34.19%,3.02%,577,58,26,27,https://drive.google.com/file/d/1Ge8ROkwsTqHEFKyjIzVdfXuEOep9hVcD/view?usp=sharing,https://drive.google.com/file/d/1Ge8ROkwsTqHEFKyjIzVdfXuEOep9hVcD/view?usp=sharing
Πρωϊνά,ΝΑΙ,"Wrap ολικής με πάστα χαρίσα, κρέμα μελιτζάνας και χούμους",Wrap ολικής με πάστα χαρίσα (60γρ),"Τορτίγια, Πάστα χαρίσα, Γλυκοπατάτα, Κόκκινη πιπεριά, Κολοκύθι, Χούμους, Μελιτζάνα, Σκόρδο, Σπανάκι","Wrap ολικής (60γρ), Πάστα χαρίσα (5γρ), Ψητή γλυκοπατάτα (50γρ), Ψητή πιπεριά (20γρ), Ψητά κολοκυθάκια (20γρ), Χούμους (20γρ), Κρέμα μελιτζάνας (20γρ), Baby σπανάκι (15γρ)",235-1,3.98,4.50,OK,"Τορτίγια ολικής, μικρή  (60γρ), Πάστα χαρίσα (5γρ), Γλυκοπατάτα, μαγειρεμένη (50γρ), Κόκκινη πιπεριά γλυκιά, ωμή (20γρ), Κολοκυθάκι, ψητό (20γρ), Χούμους (20γρ), Κρέμα καπνιστής μελιτζάνας (20γρ), Σπανάκι baby, ωμό (15γρ)",0.95,1.07,0.20,0.25,1.15,1.15,1.32,28.90%,€2.83,23.87%,5.03%,300,50,9,7,https://drive.google.com/file/d/1Y-JfUzy-4Cls1JybQh5BbNdjqPg-f5D-/view?usp=sharing,https://drive.google.com/file/d/1Y-JfUzy-4Cls1JybQh5BbNdjqPg-f5D-/view?usp=sharing
Πρωϊνά,ΟΧΙ,"Wrap ολικής με πάστα χαρίσα, κρέμα μελιτζάνας και χούμους",Wrap ολικής με πάστα χαρίσα (90γρ),"Τορτίγια, Πάστα χαρίσα, Γλυκοπατάτα, Κόκκινη πιπεριά, Κολοκύθι, Χούμους, Μελιτζάνα, Σκόρδο, Σπανάκι","Wrap ολικής (90γρ), Πάστα χαρίσα (5γρ), Ψητή γλυκοπατάτα (50γρ), Ψητή πιπεριά (30γρ), Ψητά κολοκυθάκια (30γρ), Χούμους (20γρ), Κρέμα μελιτζάνας (20γρ), Baby σπανάκι (15γρ)",235-2,4.87,5.50,Product Cost Change,"Τορτίγια ολικής, μεγάλη (90γρ), Πάστα χαρίσα (5γρ), Γλυκοπατάτα, μαγειρεμένη (50γρ), Κόκκινη πιπεριά γλυκιά, ωμή (30γρ), Κολοκυθάκι, ψητό (30γρ), Χούμους (20γρ), Κρέμα καπνιστής μελιτζάνας (20γρ), Σπανάκι baby, ωμό (15γρ)",1.09,1.23,0.20,0.25,1.28,1.29,1.48,26.49%,€3.58,22.38%,4.11%,388,66,12,8,https://drive.google.com/file/d/1Y-JfUzy-4Cls1JybQh5BbNdjqPg-f5D-/view?usp=sharing,https://drive.google.com/file/d/1Y-JfUzy-4Cls1JybQh5BbNdjqPg-f5D-/view?usp=sharing
Πρωϊνά,ΝΑΙ,"Wrap ολικής με φιλέτο κοτόπουλο, αβοκάντο και κρέμα μουστάρδας","Wrap ολικής (60γρ), Φιλέτο κοτόπουλο (30γρ), Καλαμπόκι (10γρ)","Τορτίγια, Κοτόπουλο, Μουστάρδα, Καλαμπόκι, Αβοκάντο, Λαχανικά","Wrap ολικής (60γρ), Φιλέτο κοτόπουλο (30γρ), Καλαμπόκι (10γρ), Αβοκάντο (20γρ), Μουστάρδα (5γρ), Mix πιπεριά, κολοκύθι, καρότο (20γρ), Πράσινη σαλάτα (25γρ)",32-1,4.34,4.90,Product Cost Change,"Τορτίγια ολικής, μικρή  (60γρ), Κοτόπουλο στήθος, μαγειρεμένο (30γρ), Μουστάρδα (5γρ), Καλαμπόκι, κονσέρβα (10γρ), Αβοκάντο (20γρ), Λαχανικά, ωμά (45γρ)",1.12,1.27,0.20,0.25,1.21,1.32,1.51,30.42%,€3.02,25.81%,4.61%,269,35,16,7,https://drive.google.com/file/d/1m5fzm7niPqZFqvyR7xhA_ibCAnTKz2ep/view?usp=sharing,https://drive.google.com/file/d/1m5fzm7niPqZFqvyR7xhA_ibCAnTKz2ep/view?usp=sharing
Πρωϊνά,ΟΧΙ,"Wrap ολικής με φιλέτο κοτόπουλο, αβοκάντο και κρέμα μουστάρδας","Wrap ολικής (90γρ), Φιλέτο κοτόπουλο (60γρ), Καλαμπόκι (20γρ)","Τορτίγια, Κοτόπουλο, Μουστάρδα, Καλαμπόκι, Αβοκάντο, Λαχανικά","Wrap ολικής (90γρ), Φιλέτο κοτόπουλο (60γρ), Καλαμπόκι (20γρ), Αβοκάντο (20γρ), Μουστάρδα (10γρ), Mix πιπεριά, κολοκύθι, καρότο (25γρ), Πράσινη σαλάτα (30γρ)",32-2,5.22,5.90,Product Cost Change,"Τορτίγια ολικής, μεγάλη (90γρ), Κοτόπουλο στήθος, μαγειρεμένο (60γρ), Μουστάρδα (10γρ), Καλαμπόκι, κονσέρβα (20γρ), Αβοκάντο (20γρ), Λαχανικά, ωμά (55γρ)",1.55,1.75,0.20,0.25,1.65,1.75,2.00,33.53%,€3.47,29.69%,3.84%,415,52,29,9,https://drive.google.com/file/d/1m5fzm7niPqZFqvyR7xhA_ibCAnTKz2ep/view?usp=sharing,https://drive.google.com/file/d/1m5fzm7niPqZFqvyR7xhA_ibCAnTKz2ep/view?usp=sharing
Πρωϊνά,ΝΑΙ,"Yogurt Bowl με γιαούρτι 2%, βούτυρο κάσιους, βρώμη και μάνγκο","Yogurt Bowl (170γρ), Ντιπάκι μελιού (20γρ)","Γιαούρτι, Βρώμη, Κάσιους, Κολοκυθόσπορος, Μέλι, Μάνγκο, Βούτυρο κάσιους, Πορτοκάλι","Γιαούρτι 2% (170γρ), Βρώμη (15γρ), Βούτυρο κάσιους (25γρ), Μέλι (10γρ), Ντιπάκι μελιού (20γρ), Κάσιους (15γρ), Κολοκυθόσπορος (5γρ), Μάνγκο (20γρ), Πορτοκάλι (30γρ)",15,5.75,6.50,OK,"Γιαούρτι 2% (170γρ), Βρώμη (15γρ), Κάσιους, ανάλατο (15γρ), Pepita seeds, unsalted (5γρ), Μέλι (30γρ), Μάνγκο, φρέσκο (20γρ), Βούτυρο κάσιους (25γρ), Πορτοκάλι, φρέσκο (30γρ)",1.65,1.86,0.27,0.33,1.92,1.92,2.19,33.31%,€3.83,28.70%,4.62%,561,57,28,27,https://drive.google.com/file/d/1Ps3JcWcox1nHl9MxLui3dpDtgo1HfIiz/view?usp=sharing,https://drive.google.com/file/d/1Ps3JcWcox1nHl9MxLui3dpDtgo1HfIiz/view?usp=sharing
Μαγειρευτά,ΟΧΙ,"Άγριο ρύζι με μπρόκολο, σπανάκι, τόφου και teriyaki sauce",Άγριο ρύζι με μπρόκολο (300γρ),"Ρύζι, Μπρόκολο, Σπανάκι, Σόγια, Μέλι, Σουσάμι, Φρέσκο κρεμμυδάκι, Τόφου","Άγριο ρύζι με μπρόκολο, σπανάκι, σουσάμι, τόφου και teriyaki sauce (300γρ)",125-1,6.99,7.90,OK,"Άγριο ρύζι με μπρόκολο, σπανάκι, σουσάμι, τόφου και teriyaki sauce (300γρ)",1.68,1.90,0.14,0.17,1.82,1.82,2.07,26.04%,€5.17,24.03%,2.00%,459,57,13,21,https://drive.google.com/file/d/1GXyGGWF2udQBUqNQYRnNMqyfzmmxiJU2/view?usp=sharing,https://drive.google.com/file/d/1GXyGGWF2udQBUqNQYRnNMqyfzmmxiJU2/view?usp=sharing
Μαγειρευτά,ΝΑΙ,"Άγριο ρύζι με μπρόκολο, σπανάκι, τόφου και teriyaki sauce",Άγριο ρύζι με μπρόκολο (380γρ),"Ρύζι, Μπρόκολο, Σπανάκι, Σόγια, Μέλι, Σουσάμι, Φρέσκο κρεμμυδάκι, Τόφου","Άγριο ρύζι με μπρόκολο, σπανάκι, σουσάμι, τόφου και teriyaki sauce (380γρ)",125-2,7.52,8.50,OK,"Άγριο ρύζι με μπρόκολο, σπανάκι, σουσάμι, τόφου και teriyaki sauce (380γρ)",2.12,2.40,0.14,0.17,2.26,2.26,2.57,30.05%,€5.26,28.19%,1.86%,581,73,16,26,https://drive.google.com/file/d/1GXyGGWF2udQBUqNQYRnNMqyfzmmxiJU2/view?usp=sharing,https://drive.google.com/file/d/1GXyGGWF2udQBUqNQYRnNMqyfzmmxiJU2/view?usp=sharing
Μαγειρευτά,ΟΧΙ,"Άγριο ρύζι με μπρόκολο, σπανάκι, τόφου και teriyaki sauce",Άγριο ρύζι με μπρόκολο (460γρ),"Ρύζι, Μπρόκολο, Σπανάκι, Σόγια, Μέλι, Σουσάμι, Φρέσκο κρεμμυδάκι, Τόφου","Άγριο ρύζι με μπρόκολο, σπανάκι, σουσάμι, τόφου και teriyaki sauce (460γρ)",125-3,7.88,8.90,OK,"Άγριο ρύζι με μπρόκολο, σπανάκι, σουσάμι, τόφου και teriyaki sauce (460γρ)",2.57,2.90,0.14,0.17,2.71,2.71,3.08,34.39%,€5.17,32.61%,1.78%,704,88,20,32,https://drive.google.com/file/d/1GXyGGWF2udQBUqNQYRnNMqyfzmmxiJU2/view?usp=sharing,https://drive.google.com/file/d/1GXyGGWF2udQBUqNQYRnNMqyfzmmxiJU2/view?usp=sharing
Ατομικές Σαλάτες,ΝΑΙ,Ατομική ντοματοσαλάτα με αγγούρι και ελαιόλαδο,"Ατομική σαλάτα (200γρ), Dressing (20γρ)","Ντομάτα, Αγγούρι, Ελαιόλαδο","Ντομάτα (120γρ), Αγγούρι (80γρ), Ελαιόλαδο (20γρ)",103,3.10,3.50,Product Cost Change,"Ντομάτα, ωμή (120γρ), Αγγούρι, ωμό (80γρ), Ελαιόλαδο (20γρ)",0.64,0.72,0.20,0.25,0.77,0.84,0.97,27.06%,€2.26,20.65%,6.42%,210,8,2,20,https://drive.google.com/file/d/1ENxKhUgoxJdFDYePyTSLXtvLAstYEXRl/view?usp=sharing,https://drive.google.com/file/d/1ENxKhUgoxJdFDYePyTSLXtvLAstYEXRl/view?usp=sharing
Ατομικές Σαλάτες,ΝΑΙ,Ατομική πράσινη σαλάτα με τοματίνια και αγγούρι,"Ατομική σαλάτα (180γρ), Dressing (20γρ)","Φυλλώδη πράσινα λαχανικά, Ντοματίνια, Αγγούρι, Καρότο, Κόκκινη πιπεριά, Ραπανάκι, Βαλσάμικο","Ατομική σαλάτα (180γρ), Dressing (20γρ)",74,3.45,3.90,OK,"Λαχανικά, ωμά (180γρ), Ελαιόλαδο (15γρ), Βαλσάμικο ξύδι (5γρ)",0.96,1.08,0.20,0.25,1.16,1.16,1.33,33.59%,€2.29,27.83%,5.77%,169,8,2,15,https://drive.google.com/file/d/1wzZ5XduBtwhE_FROmXKy4mWvUyk46SJf/view?usp=sharing,https://drive.google.com/file/d/1wzZ5XduBtwhE_FROmXKy4mWvUyk46SJf/view?usp=sharing
Ατομικές Σαλάτες,ΝΑΙ,Ατομική σαλάτα coleslaw,"Ατομική σαλάτα (180γρ), Cranberries (15γρ), Αμύγδαλο (15γρ)","Λάχανο, Καρότο, Μαγιονέζα light, Γιαούρτι, Cranberry, Αμύγδαλο","Coleslaw σαλάτα (180γρ), Cranberries (15γρ), Αμύγδαλο φιλέ (15γρ)",268,2.57,2.90,OK,"Σαλάτα ατομική coleslaw με λάχανο,καρότο,light mayo,light γιαούρτι,αποξυραμένα cranberries (180γρ), Cranberries (15γρ), Αμύγδαλο, ωμό, ανάλατο (15γρ)",0.58,0.66,0.16,0.19,0.74,0.74,0.85,28.60%,€1.84,22.57%,6.03%,296,31,6,18,https://drive.google.com/file/d/1Z1KfIqePRDwoCDgdQYgQWhLRgr4Wd8RA/view?usp=sharing,https://drive.google.com/file/d/1Z1KfIqePRDwoCDgdQYgQWhLRgr4Wd8RA/view?usp=sharing
Ατομικές Σαλάτες,ΝΑΙ,Ατομική σαλάτα με βραστά λαχανικά και ελαιόλαδο,"Ατομική σαλάτα (200γρ), Dressing (20γρ)","Καρότο, Μπρόκολο, Κολοκύθι, Κουνουπίδι, Ελαιόλαδο","Βραστά λαχανικά (200γρ), Ελαιόλαδο (20γρ)",101,4.34,4.90,OK,"Λαχανικά, βραστά (200γρ), Ελαιόλαδο (20γρ)",1.48,1.67,0.20,0.25,1.68,1.68,1.92,38.69%,€2.66,34.10%,4.59%,213,8,2,20,https://drive.google.com/file/d/14NiK9td_fus4pJsdCbXVRdJEjvI-39h_/view?usp=sharing,https://drive.google.com/file/d/14NiK9td_fus4pJsdCbXVRdJEjvI-39h_/view?usp=sharing
Ατομικές Σαλάτες,ΝΑΙ,Ατομική σαλάτα με λάχανο και καρότο,"Ατομική σαλάτα (180γρ), Dressing (20γρ)","Λάχανο, Καρότο, Ραπανάκι, Πορτοκάλι, Αμύγδαλο φιλέ, Μηλόξυδο, Μουστάρδα, Σιρόπι σφενδάμου, Σκόρδο","Ατομική σαλάτα (180γρ), Dressing (20γρ)",75,2.57,2.90,OK,"Ατομική σαλάτα με λάχανο, καρότο, ραπανάκι, πορτοκάλι, αμύγδαλο φιλέ (180γρ), Dressing μηλόξυδο (20γρ)",0.60,0.68,0.20,0.25,0.80,0.80,0.92,31.09%,€1.77,23.35%,7.74%,246,21,7,17,https://drive.google.com/file/d/1PNE6kV3udE3sP-pQDxBKespRQjTpCkYl/view?usp=sharing,https://drive.google.com/file/d/1PNE6kV3udE3sP-pQDxBKespRQjTpCkYl/view?usp=sharing
Ατομικές Σαλάτες,ΝΑΙ,"Ατομική σαλάτα, mix πράσινης και honey dressing","Ατομική σαλάτα (100γρ), Dressing (20γρ)","Φυλλώδη πράσινα λαχανικά, Ντοματίνια, Μουστάρδα, Βαλσάμικο, Μέλι, Πάπρικα","Mix πράσινης σαλάτας (100γρ), Dressing (20γρ)",102,2.57,2.90,Product Cost Change,"Λαχανικά, ωμά (80γρ), Ντοματίνια, ωμά (20γρ), Honey dressing (20γρ)",0.51,0.58,0.20,0.25,0.70,0.71,0.82,27.59%,€1.86,19.84%,7.74%,116,8,1,9,https://drive.google.com/file/d/1NhlNeY5fFaB--jgju35GE_jBE7WKiogQ/view?usp=sharing,https://drive.google.com/file/d/1NhlNeY5fFaB--jgju35GE_jBE7WKiogQ/view?usp=sharing
Πρωϊνά,ΝΑΙ,"Αυγοφέτες με μπανάνα, μέλι και καρύδια","Αυγοφέτες (100γρ), Ντιπάκι μελιού (30γρ)","Μπανάνα, Μέλι, Καρύδι, Ψωμί, Γάλα, Αυγό","Αυγοφέτες (100γρ), Μπανάνα (40γρ), Ντιπάκι μελιού (30γρ), Καρύδια (20γρ)",55,4.34,4.90,Product Cost Change,"Αυγοφέτες (100γρ), Μπανάνα (40γρ), Μέλι (30γρ), Καρύδι, ωμό, ανάλατο (20γρ)",0.73,0.82,0.20,0.25,0.92,0.93,1.07,21.41%,€3.41,16.82%,4.59%,442,58,14,19,https://drive.google.com/file/d/1qQgLu0hbRsR3FTmv5YTo5ntbCMX_owqv/view?usp=sharing,https://drive.google.com/file/d/1qQgLu0hbRsR3FTmv5YTo5ntbCMX_owqv/view?usp=sharing
Πρωϊνά,ΝΑΙ,Brioche με γαλοπούλα και τυρί κρέμα light,Brioche ψωμάκι με γαλοπούλα (60γρ),"Ψωμί brioche, Γαλοπούλα βραστή, Τυρί κρέμα light, Λαχανικά","Ψωμί brioche (60γρ), Γαλοπούλα βραστή (20γρ), Τυρί κρέμα light (15γρ), Πράσινη σαλάτα (5γρ)",27,3.45,3.90,OK,"Ψωμί brioche (60γρ), Γαλοπούλα βραστή, σε φέτες (20γρ), Τυρί κρέμα, light (15γρ), Λαχανικά, ωμά (5γρ)",0.59,0.67,0.20,0.25,0.79,0.79,0.91,22.90%,€2.66,17.10%,5.80%,256,30,10,11,https://drive.google.com/file/d/1splfTGWBfksjAjSm75RAoyduHJaZLfUn/view?usp=sharing,https://drive.google.com/file/d/1splfTGWBfksjAjSm75RAoyduHJaZLfUn/view?usp=sharing
Μαγειρευτά,ΟΧΙ,Γαρίδες σαγανάκι με κους κους,"Γαρίδες (120γρ), Κους κους (100γρ)","Γαρίδα, Κους κους, Πράσο, Κρεμμύδι, Σκόρδο, Κόκκινη πιπεριά, Ντομάτα, Μέλι, Μαϊντανός","Γαρίδες (120γρ), Κους κους (100γρ)",200-1,12.30,13.90,OK,"Γαρίδα, μαγειρεμένη (100γρ), Κους κους, μαγειρεμένο (100γρ), Σάλτσα ντομάτας (για γαρίδες) (100γρ)",5.36,6.06,0.14,0.17,5.50,5.50,6.23,44.72%,€6.80,43.58%,1.14%,319,37,29,7,https://drive.google.com/file/d/1E_ucAX4LSW7hmVxuToGpOB3vUzX43USt/view?usp=sharing,https://drive.google.com/file/d/1E_ucAX4LSW7hmVxuToGpOB3vUzX43USt/view?usp=sharing
Μαγειρευτά,ΝΑΙ,Γαρίδες σαγανάκι με κους κους,"Γαρίδες (120γρ), Κους κους (150γρ)","Γαρίδα, Κους κους, Πράσο, Κρεμμύδι, Σκόρδο, Κόκκινη πιπεριά, Ντομάτα, Μέλι, Μαϊντανός","Γαρίδες (120γρ), Κους κους (150γρ)",200-2,12.83,14.50,OK,"Γαρίδα, μαγειρεμένη (100γρ), Κους κους, μαγειρεμένο (150γρ), Σάλτσα ντομάτας (για γαρίδες) (100γρ)",5.45,6.16,0.14,0.17,5.59,5.59,6.33,43.57%,€7.24,42.48%,1.09%,375,48,31,7,https://drive.google.com/file/d/1E_ucAX4LSW7hmVxuToGpOB3vUzX43USt/view?usp=sharing,https://drive.google.com/file/d/1E_ucAX4LSW7hmVxuToGpOB3vUzX43USt/view?usp=sharing
Μαγειρευτά,ΟΧΙ,Γαρίδες σαγανάκι με κους κους,"Γαρίδες (150γρ), Κους κους (100γρ)","Γαρίδα, Κους κους, Πράσο, Κρεμμύδι, Σκόρδο, Κόκκινη πιπεριά, Ντομάτα, Μέλι, Μαϊντανός","Γαρίδες (150γρ), Κους κους (100γρ)",200-3,14.07,15.90,OK,"Γαρίδα, μαγειρεμένη (125γρ), Κους κους, μαγειρεμένο (100γρ), Σάλτσα ντομάτας (για γαρίδες) (100γρ)",6.56,7.41,0.14,0.17,6.70,6.70,7.59,47.62%,€7.37,46.62%,1.00%,344,37,35,7,https://drive.google.com/file/d/1E_ucAX4LSW7hmVxuToGpOB3vUzX43USt/view?usp=sharing,https://drive.google.com/file/d/1E_ucAX4LSW7hmVxuToGpOB3vUzX43USt/view?usp=sharing
Μαγειρευτά,ΟΧΙ,Γαρίδες σαγανάκι με κους κους,"Γαρίδες (150γρ), Κους κους (150γρ)","Γαρίδα, Κους κους, Πράσο, Κρεμμύδι, Σκόρδο, Κόκκινη πιπεριά, Ντομάτα, Μέλι, Μαϊντανός","Γαρίδες (150γρ), Κους κους (150γρ)",200-4,14.60,16.50,OK,"Γαρίδα, μαγειρεμένη (125γρ), Κους κους, μαγειρεμένο (150γρ), Σάλτσα ντομάτας (για γαρίδες) (100γρ)",6.65,7.51,0.14,0.17,6.79,6.79,7.69,46.51%,€7.81,45.55%,0.96%,400,48,37,7,https://drive.google.com/file/d/1E_ucAX4LSW7hmVxuToGpOB3vUzX43USt/view?usp=sharing,https://drive.google.com/file/d/1E_ucAX4LSW7hmVxuToGpOB3vUzX43USt/view?usp=sharing
Μαγειρευτά,ΟΧΙ,"Γεμιστά με ρύζι, κινόα, φυστίκι Αιγίνης και φέτα light","Γεμιστά (350γρ), Φέτα light (30γρ)","Ρύζι, Κινόα, Ντομάτα, Κρεμμύδι, Πράσο, Καρότο, Κολοκύθι, Σκόρδο, Μαϊντανός, Άνηθος, Φρέσκο κρεμμυδάκι, Φυστίκι Αιγίνης, Φέτα light","Γεμιστά (350γρ), Φέτα light (30γρ)",181-1,6.55,7.40,OK,"Γεμιστά με άγριο ρύζι, κινόα, μυρωδικά και ντομάτα (350γρ), Φέτα τυρί, light (30γρ)",1.52,1.72,0.20,0.25,1.72,1.72,1.96,26.23%,€4.83,23.21%,3.02%,367,36,13,21,https://drive.google.com/file/d/1C_uAxcaojj04Fq4nza0qIar6FjdTNefU/view?usp=sharing,https://drive.google.com/file/d/1C_uAxcaojj04Fq4nza0qIar6FjdTNefU/view?usp=sharing
Μαγειρευτά,ΟΧΙ,"Γεμιστά με ρύζι, κινόα, φυστίκι Αιγίνης και φέτα light","Γεμιστά (350γρ), Φέτα light (60γρ)","Ρύζι, Κινόα, Ντομάτα, Κρεμμύδι, Πράσο, Καρότο, Κολοκύθι, Σκόρδο, Μαϊντανός, Άνηθος, Φρέσκο κρεμμυδάκι, Φυστίκι Αιγίνης, Φέτα light","Γεμιστά (350γρ), Φέτα light (60γρ)",181-2,6.99,7.90,OK,"Γεμιστά με άγριο ρύζι, κινόα, μυρωδικά και ντομάτα (350γρ), Φέτα τυρί, light (60γρ)",2.03,2.29,0.20,0.25,2.23,2.23,2.54,31.87%,€4.76,29.04%,2.83%,416,36,19,24,https://drive.google.com/file/d/1C_uAxcaojj04Fq4nza0qIar6FjdTNefU/view?usp=sharing,https://drive.google.com/file/d/1C_uAxcaojj04Fq4nza0qIar6FjdTNefU/view?usp=sharing
Μαγειρευτά,ΟΧΙ,"Γεμιστά με ρύζι, κινόα, φυστίκι Αιγίνης και φέτα light","Γεμιστά (400γρ), Φέτα light (30γρ)","Ρύζι, Κινόα, Ντομάτα, Κρεμμύδι, Πράσο, Καρότο, Κολοκύθι, Σκόρδο, Μαϊντανός, Άνηθος, Φρέσκο κρεμμυδάκι, Φυστίκι Αιγίνης, Φέτα light","Γεμιστά (400γρ), Φέτα light (30γρ)",181-3,7.43,8.40,OK,"Γεμιστά με άγριο ρύζι, κινόα, μυρωδικά και ντομάτα (400γρ), Φέτα τυρί, light (30γρ)",1.66,1.88,0.20,0.25,1.86,1.86,2.12,25.00%,€5.57,22.34%,2.66%,412,41,14,23,https://drive.google.com/file/d/1C_uAxcaojj04Fq4nza0qIar6FjdTNefU/view?usp=sharing,https://drive.google.com/file/d/1C_uAxcaojj04Fq4nza0qIar6FjdTNefU/view?usp=sharing
Μαγειρευτά,ΝΑΙ,"Γεμιστά με ρύζι, κινόα, φυστίκι Αιγίνης και φέτα light","Γεμιστά (400γρ), Φέτα light (60γρ)","Ρύζι, Κινόα, Ντομάτα, Κρεμμύδι, Πράσο, Καρότο, Κολοκύθι, Σκόρδο, Μαϊντανός, Άνηθος, Φρέσκο κρεμμυδάκι, Φυστίκι Αιγίνης, Φέτα light","Γεμιστά (400γρ), Φέτα light (60γρ)",181-4,7.88,8.90,OK,"Γεμιστά με άγριο ρύζι, κινόα, μυρωδικά και ντομάτα (400γρ), Φέτα τυρί, light (60γρ)",2.17,2.45,0.20,0.25,2.37,2.37,2.70,30.05%,€5.51,27.54%,2.51%,461,41,20,27,https://drive.google.com/file/d/1C_uAxcaojj04Fq4nza0qIar6FjdTNefU/view?usp=sharing,https://drive.google.com/file/d/1C_uAxcaojj04Fq4nza0qIar6FjdTNefU/view?usp=sharing
Μαγειρευτά,ΟΧΙ,"Γεμιστά με ρύζι, κινόα, φυστίκι Αιγίνης και φέτα light","Γεμιστά (400γρ), Φέτα light (90γρ)","Ρύζι, Κινόα, Ντομάτα, Κρεμμύδι, Πράσο, Καρότο, Κολοκύθι, Σκόρδο, Μαϊντανός, Άνηθος, Φρέσκο κρεμμυδάκι, Φυστίκι Αιγίνης, Φέτα light","Γεμιστά (400γρ), Φέτα light (90γρ)",181-5,8.32,9.40,OK,"Γεμιστά με άγριο ρύζι, κινόα, μυρωδικά και ντομάτα (400γρ), Φέτα τυρί, light (90γρ)",2.68,3.03,0.20,0.25,2.88,2.88,3.27,34.59%,€5.44,32.21%,2.38%,510,41,26,31,https://drive.google.com/file/d/1C_uAxcaojj04Fq4nza0qIar6FjdTNefU/view?usp=sharing,https://drive.google.com/file/d/1C_uAxcaojj04Fq4nza0qIar6FjdTNefU/view?usp=sharing
Μαγειρευτά,ΟΧΙ,"Γεμιστά με ρύζι, κινόα, φυστίκι Αιγίνης και φέτα light","Γεμιστά (450γρ), Φέτα light (60γρ)","Ρύζι, Κινόα, Ντομάτα, Κρεμμύδι, Πράσο, Καρότο, Κολοκύθι, Σκόρδο, Μαϊντανός, Άνηθος, Φρέσκο κρεμμυδάκι, Φυστίκι Αιγίνης, Φέτα light","Γεμιστά (450γρ), Φέτα light (60γρ)",181-6,8.32,9.40,OK,"Γεμιστά με άγριο ρύζι, κινόα, μυρωδικά και ντομάτα (450γρ), Φέτα τυρί, light (60γρ)",2.32,2.62,0.20,0.25,2.52,2.52,2.87,30.26%,€5.80,27.88%,2.38%,506,46,21,29,https://drive.google.com/file/d/1C_uAxcaojj04Fq4nza0qIar6FjdTNefU/view?usp=sharing,https://drive.google.com/file/d/1C_uAxcaojj04Fq4nza0qIar6FjdTNefU/view?usp=sharing
Μαγειρευτά,ΟΧΙ,"Γεμιστά με ρύζι, κινόα, φυστίκι Αιγίνης και φέτα light","Γεμιστά (450γρ), Φέτα light (90γρ)","Ρύζι, Κινόα, Ντομάτα, Κρεμμύδι, Πράσο, Καρότο, Κολοκύθι, Σκόρδο, Μαϊντανός, Άνηθος, Φρέσκο κρεμμυδάκι, Φυστίκι Αιγίνης, Φέτα light","Γεμιστά (450γρ), Φέτα light (90γρ)",181-7,8.76,9.90,OK,"Γεμιστά με άγριο ρύζι, κινόα, μυρωδικά και ντομάτα (450γρ), Φέτα τυρί, light (90γρ)",2.83,3.20,0.20,0.25,3.03,3.03,3.44,34.56%,€5.73,32.31%,2.26%,556,46,27,33,https://drive.google.com/file/d/1C_uAxcaojj04Fq4nza0qIar6FjdTNefU/view?usp=sharing,https://drive.google.com/file/d/1C_uAxcaojj04Fq4nza0qIar6FjdTNefU/view?usp=sharing
Πρωϊνά,ΝΑΙ,Γιαούρτι 2% με σπιτική granola και αποξηραμένα φρούτα,Γιαούρτι 2% και σπιτική granola (200γρ),"Γιαούρτι, Βρώμη, Καρύδι pecan, Κολοκυθόσπορος, Λιναρόσπορος, Blueberries, Καρύδα, Αμύγδαλο, Βερίκοκο, Μέλι, Χουρμάδες, Λάδι καρύδας, Κανέλα","Γιαούρτι 2% (170γρ), Granola (30γρ)",12,4.34,4.90,OK,"Γιαούρτι 2% (170γρ), Granola (30γρ)",0.94,1.06,0.27,0.33,1.21,1.21,1.39,27.77%,€3.13,21.66%,6.12%,255,20,20,11,https://drive.google.com/file/d/1I44dgQEX2s4IUPH2iwzmRncof3aIkfSJ/view?usp=sharing,https://drive.google.com/file/d/1I44dgQEX2s4IUPH2iwzmRncof3aIkfSJ/view?usp=sharing
Πρωϊνά,ΝΑΙ,"Γιαούρτι 2% με βρώμη, πορτοκάλι και μαύρη σοκολάτα",Γιαούρτι 2% με βρώμη (170γρ),"Γιαούρτι, Μέλι, Σταγόνες μαύρης σοκολάτας, Πορτοκάλι, Βρώμη","Γιαούρτι 2% (170γρ), Βρώμη (30γρ), Σταγόνες μαύρης σοκολάτας (15γρ), Μέλι (10γρ), Ντιπάκι μελιού (20γρ), Χυμός πορτοκαλιού (20γρ), Πορτοκάλι (30γρ)",241,4.87,5.50,OK,"Γιαούρτι 2% (170γρ), Μέλι (30γρ), Χυμός πορτοκαλιού (20γρ), Σταγόνες μαύρης σοκολάτας (15γρ), Πορτοκάλι, φρέσκο (30γρ), Βρώμη (30γρ)",1.20,1.36,0.27,0.33,1.47,1.47,1.69,30.09%,30.64%,24.64%,5.45%,429,63,22,11,https://drive.google.com/file/d/1wJ19fRl6P4uUCGfuzDfzC0e-DvJkwCfx/view?usp=sharing,https://drive.google.com/file/d/1wJ19fRl6P4uUCGfuzDfzC0e-DvJkwCfx/view?usp=sharing
Πρωϊνά,ΝΑΙ,Γιαούρτι 2% με μέλι φρούτα και ξηρούς καρπούς,"Γιαούρτι 2% με μέλι (170γρ), Ντιπάκι μελιού (20γρ)","Γιαούρτι, Μέλι, Φρούτο, Αμύγδαλο","Γιαούρτι 2% (170γρ), Μέλι (10γρ), Ντιπάκι μελιού (20γρ), Φρούτο εποχής (40γρ), Ξηροί καρποί (10γρ)",24,4.87,5.50,OK,"Γιαούρτι 2% (170γρ), Μέλι (30γρ), Φρούτο φρέσκο (40γρ), Αμύγδαλο, ωμό, ανάλατο (10γρ)",1.16,1.31,0.27,0.33,1.43,1.43,1.64,29.27%,€3.44,23.82%,5.45%,294,38,19,9,https://drive.google.com/file/d/1QhfxHnAFK27_aizEEGWMZhaGZpgWKBjC/view?usp=sharing,https://drive.google.com/file/d/1QhfxHnAFK27_aizEEGWMZhaGZpgWKBjC/view?usp=sharing
Πρωϊνά,ΝΑΙ,"Γιαούρτι 2% με ταχίνι, βρώμη, καρύδια και μπανάνα","Γιαούρτι 2% με ταχίνι (170γρ), Ντιπάκι μελιού (20γρ)","Γιαούρτι, Βρώμη, Μέλι, Ταχίνι, Λιναρόσπορος, Καρύδι, Μπανάνα, Ηλιόσπορος","Γιαούρτι 2% (170γρ), Βρώμη (15γρ), Ταχίνι (25γρ), Μέλι (10γρ), Ντιπάκι μελιού (20γρ), Καρύδια (15γρ), Ηλιόσποροι (15γρ), Μπανάνα (50γρ), Λιναρόσπορος (3γρ)",16,5.22,5.90,Product Cost Change,"Γιαούρτι 2% (170γρ), Βρώμη (15γρ), Μέλι (30γρ), Ταχίνι (25γρ), Λιναρόσπορος τριμμένος (3γρ), Καρύδι, ωμό, ανάλατο (15γρ), Μπανάνα (50γρ), Ηλιόσπορος (15γρ)",1.39,1.57,0.27,0.33,1.65,1.66,1.90,31.71%,€3.56,26.63%,5.08%,661,63,30,37,https://drive.google.com/file/d/1bxW96qzu9Lk1UP6qr126TWv8wmJHFwbq/view?usp=sharing,https://drive.google.com/file/d/1bxW96qzu9Lk1UP6qr126TWv8wmJHFwbq/view?usp=sharing
Πρωϊνά,ΝΑΙ,Γιαούρτι 2% με φρέσκα φρούτα εποχής και μαύρη σοκολάτα,Γιαούρτι 2% με φρούτο εποχής (170γρ),"Γιαούρτι, Φρούτο, Σταγόνες μαύρης σοκολάτας","Γιαούρτι 2% (170γρ), Φρούτο εποχής (40γρ), Σταγόνες μαύρης σοκολάτας (15γρ)",242,5.22,5.90,OK,"Γιαούρτι 2% (170γρ), Φρούτο φρέσκο (40γρ), Σταγόνες μαύρης σοκολάτας (15γρ)",1.02,1.15,0.22,0.27,1.24,1.24,1.43,23.78%,24.19%,19.54%,4.24%,226,18,18,9,https://drive.google.com/file/d/1mf8YZYA0ZF1Pam_jgNtuhihmNKinfaYh/view?usp=sharing,https://drive.google.com/file/d/1mf8YZYA0ZF1Pam_jgNtuhihmNKinfaYh/view?usp=sharing
Πρωϊνά,ΝΑΙ,"Γιαούρτι 2% με φουντουκοβούτυρο, granola και blueberries","Γιαούρτι 2% με βούτυρο φουντουκιού (170γρ), Ντιπάκι μελιού (20γρ)","Γιαούρτι, Βούτυρο φουντουκιού, Μέλι, Βρώμη, Καρύδι pecan, Κολοκυθόσπορος, Λιναρόσπορος, Blueberries, Καρύδα, Αμύγδαλο, Βερίκοκο, Μέλι, Χουρμάδες, Λάδι καρύδας, Κανέλα, Φουντούκι","Γιαούρτι 2% (170γρ), Βούτυρο φουντουκιού (20γρ), Μέλι (10γρ), Ντιπάκι μελιού (20γρ), Granola (20γρ), Blueberries (10γρ), Φουντούκια (10γρ)",2,5.75,6.50,OK,"Γιαούρτι 2% (170γρ), Βούτυρο φουντουκιού (20γρ), Μέλι (30γρ), Granola (20γρ), Blueberries, φρέσκα (10γρ), Φουντούκι, ωμό,ανάλατο (10γρ)",1.95,2.20,0.27,0.33,2.22,2.22,2.53,38.53%,€3.53,33.91%,4.62%,499,45,24,26,https://drive.google.com/file/d/1uNnUqH7gZLxIX_2daVx2KYN8KhggKOxb/view?usp=sharing,https://drive.google.com/file/d/1uNnUqH7gZLxIX_2daVx2KYN8KhggKOxb/view?usp=sharing
Μαγειρευτά,ΟΧΙ,Γίγαντες φούρνου με κόκκινες πιπεριές και φέτα light,"Γίγαντες (250γρ), Φέτα light (30γρ)","Γίγαντες, Κρεμμύδι, Κόκκινη πιπεριά, Καρότο, Σέλερι, Σκόρδο, Ντομάτα, Κανέλα, Μαϊντανός, Φέτα light","Γίγαντες (250γρ), Φέτα light (30γρ)",207-1,6.11,6.90,OK,"Γίγαντες φούρνου (250γρ), Φέτα τυρί, light (30γρ)",1.07,1.21,0.19,0.23,1.26,1.26,1.44,20.56%,€4.85,17.51%,3.05%,341,44,21,10,https://drive.google.com/file/d/1pyumxkS2ViWqOkXS7B5J5xWn32koq-7p/view?usp=sharing,https://drive.google.com/file/d/1pyumxkS2ViWqOkXS7B5J5xWn32koq-7p/view?usp=sharing
Μαγειρευτά,ΟΧΙ,Γίγαντες φούρνου με κόκκινες πιπεριές και φέτα light,"Γίγαντες (250γρ), Φέτα light (60γρ)","Γίγαντες, Κρεμμύδι, Κόκκινη πιπεριά, Καρότο, Σέλερι, Σκόρδο, Ντομάτα, Κανέλα, Μαϊντανός, Φέτα light","Γίγαντες (250γρ), Φέτα light (60γρ)",207-2,6.55,7.40,OK,"Γίγαντες φούρνου (250γρ), Φέτα τυρί, light (60γρ)",1.58,1.79,0.19,0.23,1.77,1.77,2.02,26.97%,€4.78,24.12%,2.85%,390,44,26,14,https://drive.google.com/file/d/1pyumxkS2ViWqOkXS7B5J5xWn32koq-7p/view?usp=sharing,https://drive.google.com/file/d/1pyumxkS2ViWqOkXS7B5J5xWn32koq-7p/view?usp=sharing
Μαγειρευτά,ΟΧΙ,Γίγαντες φούρνου με κόκκινες πιπεριές και φέτα light,"Γίγαντες (300γρ), Φέτα light (30γρ)","Γίγαντες, Κρεμμύδι, Κόκκινη πιπεριά, Καρότο, Σέλερι, Σκόρδο, Ντομάτα, Κανέλα, Μαϊντανός, Φέτα light","Γίγαντες (300γρ), Φέτα light (30γρ)",207-3,6.55,7.40,OK,"Γίγαντες φούρνου (300γρ), Φέτα τυρί, light (30γρ)",1.19,1.34,0.19,0.23,1.38,1.38,1.58,21.01%,€5.17,18.17%,2.85%,399,53,24,12,https://drive.google.com/file/d/1pyumxkS2ViWqOkXS7B5J5xWn32koq-7p/view?usp=sharing,https://drive.google.com/file/d/1pyumxkS2ViWqOkXS7B5J5xWn32koq-7p/view?usp=sharing
Μαγειρευτά,ΟΧΙ,Γίγαντες φούρνου με κόκκινες πιπεριές και φέτα light,"Γίγαντες (300γρ), Φέτα light (60γρ)","Γίγαντες, Κρεμμύδι, Κόκκινη πιπεριά, Καρότο, Σέλερι, Σκόρδο, Ντομάτα, Κανέλα, Μαϊντανός, Φέτα light","Γίγαντες (300γρ), Φέτα light (60γρ)",207-4,6.99,7.90,OK,"Γίγαντες φούρνου (300γρ), Φέτα τυρί, light (60γρ)",1.70,1.92,0.19,0.23,1.89,1.89,2.15,26.99%,€5.10,24.32%,2.67%,449,53,29,15,https://drive.google.com/file/d/1pyumxkS2ViWqOkXS7B5J5xWn32koq-7p/view?usp=sharing,https://drive.google.com/file/d/1pyumxkS2ViWqOkXS7B5J5xWn32koq-7p/view?usp=sharing
Μαγειρευτά,ΟΧΙ,Γίγαντες φούρνου με κόκκινες πιπεριές και φέτα light,"Γίγαντες (300γρ), Φέτα light (90γρ)","Γίγαντες, Κρεμμύδι, Κόκκινη πιπεριά, Καρότο, Σέλερι, Σκόρδο, Ντομάτα, Κανέλα, Μαϊντανός, Φέτα light","Γίγαντες (300γρ), Φέτα light (90γρ)",207-5,7.43,8.40,OK,"Γίγαντες φούρνου (300γρ), Φέτα τυρί, light (90γρ)",2.21,2.50,0.19,0.23,2.40,2.40,2.73,32.25%,€5.03,29.74%,2.51%,498,53,35,19,https://drive.google.com/file/d/1pyumxkS2ViWqOkXS7B5J5xWn32koq-7p/view?usp=sharing,https://drive.google.com/file/d/1pyumxkS2ViWqOkXS7B5J5xWn32koq-7p/view?usp=sharing
Μαγειρευτά,ΟΧΙ,Γίγαντες φούρνου με κόκκινες πιπεριές και φέτα light,"Γίγαντες (350γρ), Φέτα light (30γρ)","Γίγαντες, Κρεμμύδι, Κόκκινη πιπεριά, Καρότο, Σέλερι, Σκόρδο, Ντομάτα, Κανέλα, Μαϊντανός, Φέτα light","Γίγαντες (350γρ), Φέτα light (30γρ)",207-6,7.43,8.40,OK,"Γίγαντες φούρνου (350γρ), Φέτα τυρί, light (30γρ)",1.30,1.47,0.19,0.23,1.49,1.49,1.70,20.01%,€5.94,17.50%,2.51%,458,62,27,13,https://drive.google.com/file/d/1pyumxkS2ViWqOkXS7B5J5xWn32koq-7p/view?usp=sharing,https://drive.google.com/file/d/1pyumxkS2ViWqOkXS7B5J5xWn32koq-7p/view?usp=sharing
Μαγειρευτά,ΝΑΙ,Γίγαντες φούρνου με κόκκινες πιπεριές και φέτα light,"Γίγαντες (350γρ), Φέτα light (60γρ)","Γίγαντες, Κρεμμύδι, Κόκκινη πιπεριά, Καρότο, Σέλερι, Σκόρδο, Ντομάτα, Κανέλα, Μαϊντανός, Φέτα light","Γίγαντες (350γρ), Φέτα light (60γρ)",207-7,7.88,8.90,OK,"Γίγαντες φούρνου (350γρ), Φέτα τυρί, light (60γρ)",1.81,2.05,0.19,0.23,2.00,2.00,2.28,25.34%,€5.88,22.97%,2.37%,507,62,32,17,https://drive.google.com/file/d/1pyumxkS2ViWqOkXS7B5J5xWn32koq-7p/view?usp=sharing,https://drive.google.com/file/d/1pyumxkS2ViWqOkXS7B5J5xWn32koq-7p/view?usp=sharing
Μαγειρευτά,ΟΧΙ,Γίγαντες φούρνου με κόκκινες πιπεριές και φέτα light,"Γίγαντες (350γρ), Φέτα light (90γρ)","Γίγαντες, Κρεμμύδι, Κόκκινη πιπεριά, Καρότο, Σέλερι, Σκόρδο, Ντομάτα, Κανέλα, Μαϊντανός, Φέτα light","Γίγαντες (350γρ), Φέτα light (90γρ)",207-8,8.32,9.40,OK,"Γίγαντες φούρνου (350γρ), Φέτα τυρί, light (90γρ)",2.32,2.62,0.19,0.23,2.51,2.51,2.85,30.13%,€5.81,27.88%,2.24%,556,62,38,20,https://drive.google.com/file/d/1pyumxkS2ViWqOkXS7B5J5xWn32koq-7p/view?usp=sharing,https://drive.google.com/file/d/1pyumxkS2ViWqOkXS7B5J5xWn32koq-7p/view?usp=sharing
Μαγειρευτά,ΟΧΙ,Γίγαντες φούρνου με κόκκινες πιπεριές και φέτα light,"Γίγαντες (400γρ), Φέτα light (60γρ)","Γίγαντες, Κρεμμύδι, Κόκκινη πιπεριά, Καρότο, Σέλερι, Σκόρδο, Ντομάτα, Κανέλα, Μαϊντανός, Φέτα light","Γίγαντες (400γρ), Φέτα light (60γρ)",207-9,8.32,9.40,OK,"Γίγαντες φούρνου (400γρ), Φέτα τυρί, light (60γρ)",1.92,2.17,0.19,0.23,2.11,2.11,2.40,25.32%,€6.21,23.08%,2.24%,565,71,35,18,https://drive.google.com/file/d/1pyumxkS2ViWqOkXS7B5J5xWn32koq-7p/view?usp=sharing,https://drive.google.com/file/d/1pyumxkS2ViWqOkXS7B5J5xWn32koq-7p/view?usp=sharing
Μαγειρευτά,ΟΧΙ,Γίγαντες φούρνου με κόκκινες πιπεριές και φέτα light,"Γίγαντες (400γρ), Φέτα light (90γρ)","Γίγαντες, Κρεμμύδι, Κόκκινη πιπεριά, Καρότο, Σέλερι, Σκόρδο, Ντομάτα, Κανέλα, Μαϊντανός, Φέτα light","Γίγαντες (400γρ), Φέτα light (90γρ)",207-10,8.76,9.90,OK,"Γίγαντες φούρνου (400γρ), Φέτα τυρί, light (90γρ)",2.43,2.75,0.19,0.23,2.62,2.62,2.98,29.87%,€6.14,27.74%,2.13%,614,71,41,22,https://drive.google.com/file/d/1pyumxkS2ViWqOkXS7B5J5xWn32koq-7p/view?usp=sharing,https://drive.google.com/file/d/1pyumxkS2ViWqOkXS7B5J5xWn32koq-7p/view?usp=sharing
Μαγειρευτά,ΟΧΙ,Γιουβαρλάκια με κιμά κοτόπουλου,Γιουβαρλάκια (240γρ),"Κοτόπουλο, Κρεμμύδι, Σκόρδο, Άνηθος, Δυόσμος, Ρύζι ",Γιουβαρλάκια κοτόπουλου (240γρ),196-1,6.99,7.90,OK,"Γιουβαρλάκια κοτόπουλου (240γρ), Αυγολέμονο (10γρ)",1.23,1.39,0.14,0.17,1.37,1.37,1.56,19.60%,€5.62,17.60%,2.00%,421,28,25,24,https://drive.google.com/file/d/1cSsseEzIm-kHrM60OkJZx0n_O-E7cJs3/view?usp=sharing,https://drive.google.com/file/d/1cSsseEzIm-kHrM60OkJZx0n_O-E7cJs3/view?usp=sharing
Μαγειρευτά,ΝΑΙ,Γιουβαρλάκια με κιμά κοτόπουλου,Γιουβαρλάκια (300γρ),"Κοτόπουλο, Κρεμμύδι, Σκόρδο, Άνηθος, Δυόσμος, Ρύζι ",Γιουβαρλάκια κοτόπουλου (300γρ),196-2,7.88,8.90,OK,"Γιουβαρλάκια κοτόπουλου (300γρ), Αυγολέμονο (16γρ)",1.55,1.75,0.14,0.17,1.69,1.69,1.93,21.45%,€6.19,19.67%,1.78%,530,35,31,30,https://drive.google.com/file/d/1cSsseEzIm-kHrM60OkJZx0n_O-E7cJs3/view?usp=sharing,https://drive.google.com/file/d/1cSsseEzIm-kHrM60OkJZx0n_O-E7cJs3/view?usp=sharing
Μαγειρευτά,ΟΧΙ,Γιουβαρλάκια με κιμά κοτόπουλου,Γιουβαρλάκια (360γρ),"Κοτόπουλο, Κρεμμύδι, Σκόρδο, Άνηθος, Δυόσμος, Ρύζι ",Γιουβαρλάκια κοτόπουλου (360γρ),196-3,8.76,9.90,OK,"Γιουβαρλάκια κοτόπουλου (360γρ), Αυγολέμονο (22γρ)",1.86,2.10,0.14,0.17,2.00,2.00,2.28,22.83%,€6.76,21.23%,1.60%,638,42,38,36,https://drive.google.com/file/d/1cSsseEzIm-kHrM60OkJZx0n_O-E7cJs3/view?usp=sharing,https://drive.google.com/file/d/1cSsseEzIm-kHrM60OkJZx0n_O-E7cJs3/view?usp=sharing
Μαγειρευτά,ΟΧΙ,Γιουβέτσι μοσχάρι με κριθαράκι ολικής και τριμμένο τυρί light,"Κριθαράκι ολικής (140γρ), Φιλέτο μοσχάρι (90γρ)","Μοσχάρι, Ζυμαρικό, Κρεμμύδι, Σκόρδο, Ντομάτα, Κανέλα, Μέλι","Κριθαράκι ολικής (140γρ), Φιλέτο μοσχάρι (90γρ), Τριμμένο τυρί light (15γρ)",193-1,8.76,9.90,OK,"Γιουβέτσι μοσχάρι (90γρ), Γιουβέτσι κριθαράκι ολικής (140γρ), Τυρί κίτρινο light (15γρ)",1.26,1.42,0.18,0.23,1.44,1.44,1.65,16.48%,€7.32,14.38%,2.10%,399,49,24,13,https://drive.google.com/file/d/1OgRlnQvukDA35QxIKssQ_to4JEEP2ru7/view?usp=sharing,https://drive.google.com/file/d/1OgRlnQvukDA35QxIKssQ_to4JEEP2ru7/view?usp=sharing
Μαγειρευτά,ΟΧΙ,Γιουβέτσι μοσχάρι με κριθαράκι ολικής και τριμμένο τυρί light,"Κριθαράκι ολικής (140γρ), Φιλέτο μοσχάρι (120γρ)","Μοσχάρι, Ζυμαρικό, Κρεμμύδι, Σκόρδο, Ντομάτα, Κανέλα, Μέλι","Κριθαράκι ολικής (140γρ), Φιλέτο μοσχάρι (120γρ), Τριμμένο τυρί light (15γρ)",193-2,9.20,10.40,OK,"Γιουβέτσι μοσχάρι (120γρ), Γιουβέτσι κριθαράκι ολικής (140γρ), Τυρί κίτρινο light (15γρ)",1.55,1.75,0.18,0.23,1.73,1.73,1.98,18.85%,€7.47,16.85%,2.00%,452,51,28,16,https://drive.google.com/file/d/1OgRlnQvukDA35QxIKssQ_to4JEEP2ru7/view?usp=sharing,https://drive.google.com/file/d/1OgRlnQvukDA35QxIKssQ_to4JEEP2ru7/view?usp=sharing
Μαγειρευτά,ΟΧΙ,Γιουβέτσι μοσχάρι με κριθαράκι ολικής και τριμμένο τυρί light,"Κριθαράκι ολικής (210γρ), Φιλέτο μοσχάρι (90γρ)","Μοσχάρι, Ζυμαρικό, Κρεμμύδι, Σκόρδο, Ντομάτα, Κανέλα, Μέλι","Κριθαράκι ολικής (210γρ), Φιλέτο μοσχάρι (90γρ), Τριμμένο τυρί light (15γρ)",193-3,9.20,10.40,OK,"Γιουβέτσι μοσχάρι (90γρ), Γιουβέτσι κριθαράκι ολικής (210γρ), Τυρί κίτρινο light (15γρ)",1.34,1.51,0.18,0.23,1.52,1.52,1.74,16.57%,€7.68,14.57%,2.00%,503,69,28,14,https://drive.google.com/file/d/1OgRlnQvukDA35QxIKssQ_to4JEEP2ru7/view?usp=sharing,https://drive.google.com/file/d/1OgRlnQvukDA35QxIKssQ_to4JEEP2ru7/view?usp=sharing
Μαγειρευτά,ΝΑΙ,Γιουβέτσι μοσχάρι με κριθαράκι ολικής και τριμμένο τυρί light,"Κριθαράκι ολικής (210γρ), Φιλέτο μοσχάρι (120γρ)","Μοσχάρι, Ζυμαρικό, Κρεμμύδι, Σκόρδο, Ντομάτα, Κανέλα, Μέλι","Κριθαράκι ολικής (210γρ), Φιλέτο μοσχάρι (120γρ), Τριμμένο τυρί light (15γρ)",193-4,9.65,10.90,OK,"Γιουβέτσι μοσχάρι (120γρ), Γιουβέτσι κριθαράκι ολικής (210γρ), Τυρί κίτρινο light (15γρ)",1.63,1.84,0.18,0.23,1.81,1.81,2.07,18.80%,€7.84,16.89%,1.91%,555,72,32,17,https://drive.google.com/file/d/1OgRlnQvukDA35QxIKssQ_to4JEEP2ru7/view?usp=sharing,https://drive.google.com/file/d/1OgRlnQvukDA35QxIKssQ_to4JEEP2ru7/view?usp=sharing
Μαγειρευτά,ΟΧΙ,Γιουβέτσι μοσχάρι με κριθαράκι ολικής και τριμμένο τυρί light,"Κριθαράκι ολικής (210γρ), Φιλέτο μοσχάρι (150γρ)","Μοσχάρι, Ζυμαρικό, Κρεμμύδι, Σκόρδο, Ντομάτα, Κανέλα, Μέλι","Κριθαράκι ολικής (210γρ), Φιλέτο μοσχάρι (150γρ), Τριμμένο τυρί light (15γρ)",193-5,10.09,11.40,OK,"Γιουβέτσι μοσχάρι (150γρ), Γιουβέτσι κριθαράκι ολικής (210γρ), Τυρί κίτρινο light (15γρ)",1.92,2.17,0.18,0.23,2.10,2.10,2.40,20.85%,€7.99,19.03%,1.82%,608,74,35,20,https://drive.google.com/file/d/1OgRlnQvukDA35QxIKssQ_to4JEEP2ru7/view?usp=sharing,https://drive.google.com/file/d/1OgRlnQvukDA35QxIKssQ_to4JEEP2ru7/view?usp=sharing
Μαγειρευτά,ΟΧΙ,Γιουβέτσι μοσχάρι με κριθαράκι ολικής και τριμμένο τυρί light,"Κριθαράκι ολικής (280γρ), Φιλέτο μοσχάρι (120γρ)","Μοσχάρι, Ζυμαρικό, Κρεμμύδι, Σκόρδο, Ντομάτα, Κανέλα, Μέλι","Κριθαράκι ολικής (280γρ), Φιλέτο μοσχάρι (120γρ), Τριμμένο τυρί light (15γρ)",193-6,10.09,11.40,OK,"Γιουβέτσι μοσχάρι (120γρ), Γιουβέτσι κριθαράκι ολικής (280γρ), Τυρί κίτρινο light (15γρ)",1.71,1.93,0.18,0.23,1.89,1.89,2.16,18.77%,€8.20,16.95%,1.82%,659,93,36,19,https://drive.google.com/file/d/1OgRlnQvukDA35QxIKssQ_to4JEEP2ru7/view?usp=sharing,https://drive.google.com/file/d/1OgRlnQvukDA35QxIKssQ_to4JEEP2ru7/view?usp=sharing
Μαγειρευτά,ΟΧΙ,Γιουβέτσι μοσχάρι με κριθαράκι ολικής και τριμμένο τυρί light,"Κριθαράκι ολικής (280γρ), Φιλέτο μοσχάρι (150γρ)","Μοσχάρι, Ζυμαρικό, Κρεμμύδι, Σκόρδο, Ντομάτα, Κανέλα, Μέλι","Κριθαράκι ολικής (280γρ), Φιλέτο μοσχάρι (150γρ), Τριμμένο τυρί light (15γρ)",193-7,10.53,11.90,OK,"Γιουβέτσι μοσχάρι (150γρ), Γιουβέτσι κριθαράκι ολικής (280γρ), Τυρί κίτρινο light (15γρ)",2.00,2.26,0.18,0.23,2.18,2.18,2.49,20.74%,€8.35,18.99%,1.75%,711,95,40,22,https://drive.google.com/file/d/1OgRlnQvukDA35QxIKssQ_to4JEEP2ru7/view?usp=sharing,https://drive.google.com/file/d/1OgRlnQvukDA35QxIKssQ_to4JEEP2ru7/view?usp=sharing
Μαγειρευτά,ΟΧΙ,"Γλυκόξυνο κοτόπουλο με ανανά, πιπεριές και ρύζι basmati","Γλυκόξινο κοτόπουλο (120γρ), Ρύζι basmati (60γρ)","Κοτόπουλο, Κόκκινη πιπεριά, Κίτρινη πιπεριά, Πορτοκαλί πιπεριά, Κρεμμύδι, Πράσο, Ντομάτα, Σκόρδο, Σουσάμι, Ανανά, Μέλι, Σόγια, Ρύζι","Φιλέτο κοτόπουλο (120γρ), Ρύζι basmati (60γρ), Λαχανικά (70γρ), Σάλτσα γλυκόξινη (60γρ)",117-1,7.43,8.40,OK,"Γλυκόξινο κοτόπουλο (120γρ), Ρύζι (60γρ), Λαχανικά για γλυκόξινο κοτόπουλο (70γρ), Γλυκόξινη σάλτσα (60γρ)",1.65,1.86,0.14,0.17,1.79,1.79,2.04,24.09%,€5.64,22.21%,1.88%,527,61,33,16,https://drive.google.com/file/d/1Tg7aCXGu7_SRSsYd5f2YEsfC-g_2DXtD/view?usp=sharing,https://drive.google.com/file/d/1Tg7aCXGu7_SRSsYd5f2YEsfC-g_2DXtD/view?usp=sharing
Μαγειρευτά,ΟΧΙ,"Γλυκόξυνο κοτόπουλο με ανανά, πιπεριές και ρύζι basmati","Γλυκόξινο κοτόπουλο (120γρ), Ρύζι basmati (120γρ)","Κοτόπουλο, Κόκκινη πιπεριά, Κίτρινη πιπεριά, Πορτοκαλί πιπεριά, Κρεμμύδι, Πράσο, Ντομάτα, Σκόρδο, Σουσάμι, Ανανά, Μέλι, Σόγια, Ρύζι","Φιλέτο κοτόπουλο (120γρ), Ρύζι basmati (120γρ), Λαχανικά (70γρ), Σάλτσα γλυκόξινη (60γρ)",117-2,7.88,8.90,OK,"Γλυκόξινο κοτόπουλο (120γρ), Ρύζι (120γρ), Λαχανικά για γλυκόξινο κοτόπουλο (70γρ), Γλυκόξινη σάλτσα (60γρ)",1.71,1.93,0.14,0.17,1.85,1.85,2.11,23.48%,€6.03,21.70%,1.78%,619,77,35,19,https://drive.google.com/file/d/1Tg7aCXGu7_SRSsYd5f2YEsfC-g_2DXtD/view?usp=sharing,https://drive.google.com/file/d/1Tg7aCXGu7_SRSsYd5f2YEsfC-g_2DXtD/view?usp=sharing
Μαγειρευτά,ΟΧΙ,"Γλυκόξυνο κοτόπουλο με ανανά, πιπεριές και ρύζι basmati","Γλυκόξινο κοτόπουλο (120γρ), Ρύζι basmati (180γρ)","Κοτόπουλο, Κόκκινη πιπεριά, Κίτρινη πιπεριά, Πορτοκαλί πιπεριά, Κρεμμύδι, Πράσο, Ντομάτα, Σκόρδο, Σουσάμι, Ανανά, Μέλι, Σόγια, Ρύζι","Φιλέτο κοτόπουλο (120γρ), Ρύζι basmati (180γρ), Λαχανικά (70γρ), Σάλτσα γλυκόξινη (60γρ)",117-3,8.32,9.40,OK,"Γλυκόξινο κοτόπουλο (120γρ), Ρύζι (180γρ), Λαχανικά για γλυκόξινο κοτόπουλο (70γρ), Γλυκόξινη σάλτσα (60γρ)",1.78,2.01,0.14,0.17,1.92,1.92,2.19,23.08%,€6.40,21.39%,1.68%,711,92,36,22,https://drive.google.com/file/d/1Tg7aCXGu7_SRSsYd5f2YEsfC-g_2DXtD/view?usp=sharing,https://drive.google.com/file/d/1Tg7aCXGu7_SRSsYd5f2YEsfC-g_2DXtD/view?usp=sharing
Μαγειρευτά,ΟΧΙ,"Γλυκόξυνο κοτόπουλο με ανανά, πιπεριές και ρύζι basmati","Γλυκόξινο κοτόπουλο (150γρ), Ρύζι basmati (60γρ)","Κοτόπουλο, Κόκκινη πιπεριά, Κίτρινη πιπεριά, Πορτοκαλί πιπεριά, Κρεμμύδι, Πράσο, Ντομάτα, Σκόρδο, Σουσάμι, Ανανά, Μέλι, Σόγια, Ρύζι","Φιλέτο κοτόπουλο (150γρ), Ρύζι basmati (60γρ), Λαχανικά (70γρ), Σάλτσα γλυκόξινη (60γρ)",117-4,8.32,9.40,OK,"Γλυκόξινο κοτόπουλο (150γρ), Ρύζι (60γρ), Λαχανικά για γλυκόξινο κοτόπουλο (70γρ), Γλυκόξινη σάλτσα (60γρ)",1.89,2.14,0.14,0.17,2.03,2.03,2.31,24.40%,€6.29,22.72%,1.68%,601,66,40,19,https://drive.google.com/file/d/1Tg7aCXGu7_SRSsYd5f2YEsfC-g_2DXtD/view?usp=sharing,https://drive.google.com/file/d/1Tg7aCXGu7_SRSsYd5f2YEsfC-g_2DXtD/view?usp=sharing
Μαγειρευτά,ΟΧΙ,"Γλυκόξυνο κοτόπουλο με ανανά, πιπεριές και ρύζι basmati","Γλυκόξινο κοτόπουλο (150γρ), Ρύζι basmati (120γρ)","Κοτόπουλο, Κόκκινη πιπεριά, Κίτρινη πιπεριά, Πορτοκαλί πιπεριά, Κρεμμύδι, Πράσο, Ντομάτα, Σκόρδο, Σουσάμι, Ανανά, Μέλι, Σόγια, Ρύζι","Φιλέτο κοτόπουλο (150γρ), Ρύζι basmati (120γρ), Λαχανικά (70γρ), Σάλτσα γλυκόξινη (60γρ)",117-5,8.76,9.90,OK,"Γλυκόξινο κοτόπουλο (150γρ), Ρύζι (120γρ), Λαχανικά για γλυκόξινο κοτόπουλο (70γρ), Γλυκόξινη σάλτσα (60γρ)",1.96,2.21,0.14,0.17,2.10,2.10,2.39,23.97%,€6.66,22.37%,1.60%,693,82,42,21,https://drive.google.com/file/d/1Tg7aCXGu7_SRSsYd5f2YEsfC-g_2DXtD/view?usp=sharing,https://drive.google.com/file/d/1Tg7aCXGu7_SRSsYd5f2YEsfC-g_2DXtD/view?usp=sharing
Μαγειρευτά,ΟΧΙ,"Γλυκόξυνο κοτόπουλο με ανανά, πιπεριές και ρύζι basmati","Γλυκόξινο κοτόπουλο (150γρ), Ρύζι basmati (180γρ)","Κοτόπουλο, Κόκκινη πιπεριά, Κίτρινη πιπεριά, Πορτοκαλί πιπεριά, Κρεμμύδι, Πράσο, Ντομάτα, Σκόρδο, Σουσάμι, Ανανά, Μέλι, Σόγια, Ρύζι","Φιλέτο κοτόπουλο (150γρ), Ρύζι basmati (180γρ), Λαχανικά (70γρ), Σάλτσα γλυκόξινη (60γρ)",117-6,9.20,10.40,OK,"Γλυκόξινο κοτόπουλο (150γρ), Ρύζι (180γρ), Λαχανικά για γλυκόξινο κοτόπουλο (70γρ), Γλυκόξινη σάλτσα (60γρ)",2.02,2.28,0.14,0.17,2.16,2.16,2.46,23.48%,€7.04,21.96%,1.52%,785,97,43,24,https://drive.google.com/file/d/1Tg7aCXGu7_SRSsYd5f2YEsfC-g_2DXtD/view?usp=sharing,https://drive.google.com/file/d/1Tg7aCXGu7_SRSsYd5f2YEsfC-g_2DXtD/view?usp=sharing
Μαγειρευτά,ΟΧΙ,"Γλυκόξυνο κοτόπουλο με ανανά, πιπεριές και ρύζι basmati","Γλυκόξινο κοτόπουλο (180γρ), Ρύζι basmati (120γρ)","Κοτόπουλο, Κόκκινη πιπεριά, Κίτρινη πιπεριά, Πορτοκαλί πιπεριά, Κρεμμύδι, Πράσο, Ντομάτα, Σκόρδο, Σουσάμι, Ανανά, Μέλι, Σόγια, Ρύζι","Φιλέτο κοτόπουλο (180γρ), Ρύζι basmati (120γρ), Λαχανικά (70γρ), Σάλτσα γλυκόξινη (60γρ)",117-7,9.20,10.40,OK,"Γλυκόξινο κοτόπουλο (180γρ), Ρύζι (120γρ), Λαχανικά για γλυκόξινο κοτόπουλο (70γρ), Γλυκόξινη σάλτσα (60γρ)",2.20,2.49,0.14,0.17,2.34,2.34,2.66,25.43%,€6.86,23.91%,1.52%,767,87,49,24,https://drive.google.com/file/d/1Tg7aCXGu7_SRSsYd5f2YEsfC-g_2DXtD/view?usp=sharing,https://drive.google.com/file/d/1Tg7aCXGu7_SRSsYd5f2YEsfC-g_2DXtD/view?usp=sharing
Μαγειρευτά,ΝΑΙ,"Γλυκόξυνο κοτόπουλο με ανανά, πιπεριές και ρύζι basmati","Γλυκόξινο κοτόπουλο (180γρ), Ρύζι basmati (180γρ)","Κοτόπουλο, Κόκκινη πιπεριά, Κίτρινη πιπεριά, Πορτοκαλί πιπεριά, Κρεμμύδι, Πράσο, Ντομάτα, Σκόρδο, Σουσάμι, Ανανά, Μέλι, Σόγια, Ρύζι","Φιλέτο κοτόπουλο (180γρ), Ρύζι basmati (180γρ), Λαχανικά (70γρ), Σάλτσα γλυκόξινη (60γρ)",117-8,9.65,10.90,OK,"Γλυκόξινο κοτόπουλο (180γρ), Ρύζι (180γρ), Λαχανικά για γλυκόξινο κοτόπουλο (70γρ), Γλυκόξινη σάλτσα (60γρ)",2.26,2.55,0.14,0.17,2.40,2.40,2.73,24.87%,€7.25,23.42%,1.45%,859,102,51,27,https://drive.google.com/file/d/1Tg7aCXGu7_SRSsYd5f2YEsfC-g_2DXtD/view?usp=sharing,https://drive.google.com/file/d/1Tg7aCXGu7_SRSsYd5f2YEsfC-g_2DXtD/view?usp=sharing
Μαγειρευτά,ΟΧΙ,"Γλυκόξυνο κοτόπουλο με ανανά, πιπεριές και ρύζι basmati","Γλυκόξινο κοτόπουλο (180γρ), Ρύζι basmati (240γρ)","Κοτόπουλο, Κόκκινη πιπεριά, Κίτρινη πιπεριά, Πορτοκαλί πιπεριά, Κρεμμύδι, Πράσο, Ντομάτα, Σκόρδο, Σουσάμι, Ανανά, Μέλι, Σόγια, Ρύζι","Φιλέτο κοτόπουλο (180γρ), Ρύζι basmati (240γρ), Λαχανικά (70γρ), Σάλτσα γλυκόξινη (60γρ)",117-9,10.09,11.40,OK,"Γλυκόξινο κοτόπουλο (180γρ), Ρύζι (240γρ), Λαχανικά για γλυκόξινο κοτόπουλο (70γρ), Γλυκόξινη σάλτσα (60γρ)",2.32,2.62,0.14,0.17,2.46,2.46,2.80,24.38%,€7.63,22.99%,1.39%,951,117,52,29,https://drive.google.com/file/d/1Tg7aCXGu7_SRSsYd5f2YEsfC-g_2DXtD/view?usp=sharing,https://drive.google.com/file/d/1Tg7aCXGu7_SRSsYd5f2YEsfC-g_2DXtD/view?usp=sharing
Μαγειρευτά,ΟΧΙ,"Γλυκόξυνο κοτόπουλο με ανανά, πιπεριές και ρύζι basmati","Γλυκόξινο κοτόπουλο (210γρ), Ρύζι basmati (120γρ)","Κοτόπουλο, Κόκκινη πιπεριά, Κίτρινη πιπεριά, Πορτοκαλί πιπεριά, Κρεμμύδι, Πράσο, Ντομάτα, Σκόρδο, Σουσάμι, Ανανά, Μέλι, Σόγια, Ρύζι","Φιλέτο κοτόπουλο (210γρ), Ρύζι basmati (120γρ), Λαχανικά (70γρ), Σάλτσα γλυκόξινη (60γρ)",117-10,10.09,11.40,OK,"Γλυκόξινο κοτόπουλο (210γρ), Ρύζι (120γρ), Λαχανικά για γλυκόξινο κοτόπουλο (70γρ), Γλυκόξινη σάλτσα (60γρ)",2.44,2.76,0.14,0.17,2.58,2.58,2.93,25.57%,€7.51,24.18%,1.39%,842,92,56,26,https://drive.google.com/file/d/1Tg7aCXGu7_SRSsYd5f2YEsfC-g_2DXtD/view?usp=sharing,https://drive.google.com/file/d/1Tg7aCXGu7_SRSsYd5f2YEsfC-g_2DXtD/view?usp=sharing
Μαγειρευτά,ΟΧΙ,"Γλυκόξυνο κοτόπουλο με ανανά, πιπεριές και ρύζι basmati","Γλυκόξινο κοτόπουλο (210γρ), Ρύζι basmati (180γρ)","Κοτόπουλο, Κόκκινη πιπεριά, Κίτρινη πιπεριά, Πορτοκαλί πιπεριά, Κρεμμύδι, Πράσο, Ντομάτα, Σκόρδο, Σουσάμι, Ανανά, Μέλι, Σόγια, Ρύζι","Φιλέτο κοτόπουλο (210γρ), Ρύζι basmati (180γρ), Λαχανικά (70γρ), Σάλτσα γλυκόξινη (60γρ)",117-11,10.53,11.90,OK,"Γλυκόξινο κοτόπουλο (210γρ), Ρύζι (180γρ), Λαχανικά για γλυκόξινο κοτόπουλο (70γρ), Γλυκόξινη σάλτσα (60γρ)",2.50,2.83,0.14,0.17,2.64,2.64,3.00,25.07%,€7.89,23.74%,1.33%,934,107,58,29,https://drive.google.com/file/d/1Tg7aCXGu7_SRSsYd5f2YEsfC-g_2DXtD/view?usp=sharing,https://drive.google.com/file/d/1Tg7aCXGu7_SRSsYd5f2YEsfC-g_2DXtD/view?usp=sharing
Μαγειρευτά,ΟΧΙ,"Γλυκόξυνο κοτόπουλο με ανανά, πιπεριές και ρύζι basmati","Γλυκόξινο κοτόπουλο (210γρ), Ρύζι basmati (240γρ)","Κοτόπουλο, Κόκκινη πιπεριά, Κίτρινη πιπεριά, Πορτοκαλί πιπεριά, Κρεμμύδι, Πράσο, Ντομάτα, Σκόρδο, Σουσάμι, Ανανά, Μέλι, Σόγια, Ρύζι","Φιλέτο κοτόπουλο (210γρ), Ρύζι basmati (240γρ), Λαχανικά (70γρ), Σάλτσα γλυκόξινη (60γρ)",117-12,10.97,12.40,OK,"Γλυκόξινο κοτόπουλο (210γρ), Ρύζι (240γρ), Λαχανικά για γλυκόξινο κοτόπουλο (70γρ), Γλυκόξινη σάλτσα (60γρ)",2.57,2.90,0.14,0.17,2.71,2.71,3.08,24.70%,€8.26,23.43%,1.28%,1026,122,59,32,https://drive.google.com/file/d/1Tg7aCXGu7_SRSsYd5f2YEsfC-g_2DXtD/view?usp=sharing,https://drive.google.com/file/d/1Tg7aCXGu7_SRSsYd5f2YEsfC-g_2DXtD/view?usp=sharing
Πρωϊνά,ΝΑΙ,Ελληνική ομελέτα φούρνου με λαχανικά ,Ελληνική ομελέτα (150γρ),"Αυγό, Γάλα, Φέτα light, Ντοματίνια, Πράσινη πιπεριά, Σπανάκι, Ελιά, Κρεμμύδι, Ελαιόλαδο, Ρίγανη, Μαϊντανός","Ελληνική ομελέτα με ντοματίνια, φέτα light, πιπεριά, σπανάκι, κρεμμύδι, ελιές, μαϊντανό και ρίγανη (150γρ)",17,4.34,4.90,OK,Ελληνική ομελέτα (150γρ),0.78,0.88,0.16,0.19,0.94,0.94,1.07,21.54%,€3.41,17.97%,3.57%,155,5,10,11,https://drive.google.com/file/d/1iIyD-NSPVtB0w79oGRc0P8miViAwIRiN/view?usp=sharing,https://drive.google.com/file/d/1iIyD-NSPVtB0w79oGRc0P8miViAwIRiN/view?usp=sharing
Σαλάτες,ΟΧΙ,Ελληνική σαλάτα με κατίκι και παξιμάδια χαρουπιού,"Ελληνική σαλάτα με κατίκι (30γρ), Dressing (15γρ)","Αγγούρι, Ντομάτα, Ελιά, Κάπαρη, Παξιμάδι χαρουπιού, Κατίκι, Κρεμμύδι","Αγγουροντομάτα (300γρ), Κατίκι Δομοκού (30γρ), Κρεμμύδι (20γρ), Ελιές (12γρ), Κάπαρη (5γρ), Παξιμαδάκια χαρουπιού (25γρ), Ελαιόλαδο (15γρ)",90-1,6.99,7.90,Product Cost Change,"Αγγούρι, ωμό (100γρ), Ντομάτα, ωμή (200γρ), Ελιά, πράσινη, ολόκληρη (12γρ), Κάπαρη  (5γρ), Παξιμαδάκια χαρουπιού (25γρ), Κατίκι (30γρ), Ελαιόλαδο (15γρ), Κρεμμύδι, ωμό (20γρ)",1.46,1.65,0.24,0.29,1.58,1.70,1.94,24.25%,€5.30,20.89%,3.36%,357,31,8,23,https://drive.google.com/file/d/1i_VZC71AUYV59-L867Nx_tdvjtnFsRaX/view?usp=sharing,https://drive.google.com/file/d/1i_VZC71AUYV59-L867Nx_tdvjtnFsRaX/view?usp=sharing
Σαλάτες,ΝΑΙ,Ελληνική σαλάτα με κατίκι και παξιμάδια χαρουπιού,"Ελληνική σαλάτα με κατίκι (60γρ), Dressing (15γρ)","Αγγούρι, Ντομάτα, Ελιά, Κάπαρη, Παξιμάδι χαρουπιού, Κατίκι, Κρεμμύδι","Αγγουροντομάτα (300γρ), Κατίκι Δομοκού (60γρ), Κρεμμύδι (20γρ), Ελιές (12γρ), Κάπαρη (5γρ), Παξιμαδάκια χαρουπιού (25γρ), Ελαιόλαδο (15γρ)",90-2,7.88,8.90,Product Cost Change,"Αγγούρι, ωμό (100γρ), Ντομάτα, ωμή (200γρ), Ελιά, πράσινη, ολόκληρη (12γρ), Κάπαρη  (5γρ), Παξιμαδάκια χαρουπιού (25γρ), Κατίκι (60γρ), Ελαιόλαδο (15γρ), Κρεμμύδι, ωμό (20γρ)",1.73,1.95,0.24,0.29,1.84,1.97,2.25,24.94%,€5.92,21.95%,2.98%,408,32,11,27,https://drive.google.com/file/d/1i_VZC71AUYV59-L867Nx_tdvjtnFsRaX/view?usp=sharing,https://drive.google.com/file/d/1i_VZC71AUYV59-L867Nx_tdvjtnFsRaX/view?usp=sharing
Σαλάτες,ΟΧΙ,Ελληνική σαλάτα με κατίκι και παξιμάδια χαρουπιού,"Ελληνική σαλάτα με κατίκι (90γρ), Dressing (15γρ)","Αγγούρι, Ντομάτα, Ελιά, Κάπαρη, Παξιμάδι χαρουπιού, Κατίκι, Κρεμμύδι","Αγγουροντομάτα (300γρ), Κατίκι Δομοκού (90γρ), Κρεμμύδι (20γρ), Ελιές (12γρ), Κάπαρη (5γρ), Παξιμαδάκια χαρουπιού (25γρ), Ελαιόλαδο (15γρ)",90-3,8.76,9.90,Product Cost Change,"Αγγούρι, ωμό (100γρ), Ντομάτα, ωμή (200γρ), Ελιά, πράσινη, ολόκληρη (12γρ), Κάπαρη  (5γρ), Παξιμαδάκια χαρουπιού (25γρ), Κατίκι (90γρ), Ελαιόλαδο (15γρ), Κρεμμύδι, ωμό (20γρ)",1.99,2.25,0.24,0.29,2.11,2.23,2.54,25.40%,€6.54,22.72%,2.68%,459,33,14,31,https://drive.google.com/file/d/1i_VZC71AUYV59-L867Nx_tdvjtnFsRaX/view?usp=sharing,https://drive.google.com/file/d/1i_VZC71AUYV59-L867Nx_tdvjtnFsRaX/view?usp=sharing
Μαγειρευτά,ΟΧΙ,Ιμάμ μελιτζάνας με φέτα light,"Ιμάμ (230γρ), Φέτα light (30γρ)","Μελιτζάνα, Ντομάτα, Κρεμμύδι, Σκόρδο, Μαϊντανός, Μέλι, Φέτα light","Ιμάμ (230γρ), Φέτα light (30γρ)",111-1,6.11,6.90,OK,"Ιμάμ μελιτζάνα με ντομάτα, βασιλικό και μαϊντανό (230γρ), Φέτα τυρί, light (30γρ)",1.21,1.37,0.20,0.25,1.41,1.41,1.61,23.04%,€4.70,19.80%,3.24%,240,21,9,16,https://drive.google.com/file/d/1I-4qq9pvm1Wg8kI7XWBrl5rnGbbwd_dc/view?usp=sharing,https://drive.google.com/file/d/1I-4qq9pvm1Wg8kI7XWBrl5rnGbbwd_dc/view?usp=sharing
Μαγειρευτά,ΟΧΙ,Ιμάμ μελιτζάνας με φέτα light,"Ιμάμ (230γρ), Φέτα light (60γρ)","Μελιτζάνα, Ντομάτα, Κρεμμύδι, Σκόρδο, Μαϊντανός, Μέλι, Φέτα light","Ιμάμ (230γρ), Φέτα light (60γρ)",111-2,6.55,7.40,OK,"Ιμάμ μελιτζάνα με ντομάτα, βασιλικό και μαϊντανό (230γρ), Φέτα τυρί, light (60γρ)",1.72,1.94,0.20,0.25,1.92,1.92,2.19,29.28%,€4.63,26.26%,3.02%,289,21,14,20,https://drive.google.com/file/d/1I-4qq9pvm1Wg8kI7XWBrl5rnGbbwd_dc/view?usp=sharing,https://drive.google.com/file/d/1I-4qq9pvm1Wg8kI7XWBrl5rnGbbwd_dc/view?usp=sharing
Μαγειρευτά,ΟΧΙ,Ιμάμ μελιτζάνας με φέτα light,"Ιμάμ (340γρ), Φέτα light (30γρ)","Μελιτζάνα, Ντομάτα, Κρεμμύδι, Σκόρδο, Μαϊντανός, Μέλι, Φέτα light","Ιμάμ (340γρ), Φέτα light (30γρ)",111-3,6.55,7.40,OK,"Ιμάμ μελιτζάνα με ντομάτα, βασιλικό και μαϊντανό (340γρ), Φέτα τυρί, light (30γρ)",1.55,1.75,0.20,0.25,1.75,1.75,2.00,26.68%,€4.80,23.66%,3.02%,331,31,10,22,https://drive.google.com/file/d/1I-4qq9pvm1Wg8kI7XWBrl5rnGbbwd_dc/view?usp=sharing,https://drive.google.com/file/d/1I-4qq9pvm1Wg8kI7XWBrl5rnGbbwd_dc/view?usp=sharing
Μαγειρευτά,ΟΧΙ,Ιμάμ μελιτζάνας με φέτα light,"Ιμάμ (340γρ), Φέτα light (60γρ)","Μελιτζάνα, Ντομάτα, Κρεμμύδι, Σκόρδο, Μαϊντανός, Μέλι, Φέτα light","Ιμάμ (340γρ), Φέτα light (60γρ)",111-4,6.99,7.90,OK,"Ιμάμ μελιτζάνα με ντομάτα, βασιλικό και μαϊντανό (340γρ), Φέτα τυρί, light (60γρ)",2.06,2.33,0.20,0.25,2.26,2.26,2.57,32.30%,€4.73,29.47%,2.83%,380,31,16,26,https://drive.google.com/file/d/1I-4qq9pvm1Wg8kI7XWBrl5rnGbbwd_dc/view?usp=sharing,https://drive.google.com/file/d/1I-4qq9pvm1Wg8kI7XWBrl5rnGbbwd_dc/view?usp=sharing
Μαγειρευτά,ΟΧΙ,Ιμάμ μελιτζάνας με φέτα light,"Ιμάμ (340γρ), Φέτα light (90γρ)","Μελιτζάνα, Ντομάτα, Κρεμμύδι, Σκόρδο, Μαϊντανός, Μέλι, Φέτα light","Ιμάμ (340γρ), Φέτα light (90γρ)",111-5,7.43,8.40,OK,"Ιμάμ μελιτζάνα με ντομάτα, βασιλικό και μαϊντανό (340γρ), Φέτα τυρί, light (90γρ)",2.57,2.90,0.20,0.25,2.77,2.77,3.15,37.25%,€4.66,34.59%,2.66%,429,31,21,29,https://drive.google.com/file/d/1I-4qq9pvm1Wg8kI7XWBrl5rnGbbwd_dc/view?usp=sharing,https://drive.google.com/file/d/1I-4qq9pvm1Wg8kI7XWBrl5rnGbbwd_dc/view?usp=sharing
Μαγειρευτά,ΟΧΙ,Ιμάμ μελιτζάνας με φέτα light,"Ιμάμ (450γρ), Φέτα light (30γρ)","Μελιτζάνα, Ντομάτα, Κρεμμύδι, Σκόρδο, Μαϊντανός, Μέλι, Φέτα light","Ιμάμ (450γρ), Φέτα light (30γρ)",111-6,7.43,8.40,OK,"Ιμάμ μελιτζάνα με ντομάτα, βασιλικό και μαϊντανό (450γρ), Φέτα τυρί, light (30γρ)",1.89,2.14,0.20,0.25,2.09,2.09,2.38,28.10%,€5.34,25.44%,2.66%,422,40,11,28,https://drive.google.com/file/d/1I-4qq9pvm1Wg8kI7XWBrl5rnGbbwd_dc/view?usp=sharing,https://drive.google.com/file/d/1I-4qq9pvm1Wg8kI7XWBrl5rnGbbwd_dc/view?usp=sharing
Μαγειρευτά,ΝΑΙ,Ιμάμ μελιτζάνας με φέτα light,"Ιμάμ (450γρ), Φέτα light (60γρ)","Μελιτζάνα, Ντομάτα, Κρεμμύδι, Σκόρδο, Μαϊντανός, Μέλι, Φέτα light","Ιμάμ (450γρ), Φέτα light (60γρ)",111-7,7.88,8.90,OK,"Ιμάμ μελιτζάνα με ντομάτα, βασιλικό και μαϊντανό (450γρ), Φέτα τυρί, light (60γρ)",2.40,2.71,0.20,0.25,2.60,2.60,2.96,32.97%,€5.28,30.46%,2.51%,471,40,17,31,https://drive.google.com/file/d/1I-4qq9pvm1Wg8kI7XWBrl5rnGbbwd_dc/view?usp=sharing,https://drive.google.com/file/d/1I-4qq9pvm1Wg8kI7XWBrl5rnGbbwd_dc/view?usp=sharing
Μαγειρευτά,ΟΧΙ,Ιμάμ μελιτζάνας με φέτα light,"Ιμάμ (450γρ), Φέτα light (90γρ)","Μελιτζάνα, Ντομάτα, Κρεμμύδι, Σκόρδο, Μαϊντανός, Μέλι, Φέτα light","Ιμάμ (450γρ), Φέτα light (90γρ)",111-8,8.32,9.40,OK,"Ιμάμ μελιτζάνα με ντομάτα, βασιλικό και μαϊντανό (450γρ), Φέτα τυρί, light (90γρ)",2.91,3.29,0.20,0.25,3.11,3.11,3.53,37.35%,€5.21,34.98%,2.38%,521,40,23,35,https://drive.google.com/file/d/1I-4qq9pvm1Wg8kI7XWBrl5rnGbbwd_dc/view?usp=sharing,https://drive.google.com/file/d/1I-4qq9pvm1Wg8kI7XWBrl5rnGbbwd_dc/view?usp=sharing
Μαγειρευτά,ΟΧΙ,Ιμάμ μελιτζάνας με φέτα light,"Ιμάμ (560γρ), Φέτα light (60γρ)","Μελιτζάνα, Ντομάτα, Κρεμμύδι, Σκόρδο, Μαϊντανός, Μέλι, Φέτα light","Ιμάμ (560γρ), Φέτα light (60γρ)",111-9,8.32,9.40,OK,"Ιμάμ μελιτζάνα με ντομάτα, βασιλικό και μαϊντανό (560γρ), Φέτα τυρί, light (60γρ)",2.73,3.08,0.20,0.25,2.93,2.93,3.33,35.19%,€5.39,32.81%,2.38%,563,50,18,37,https://drive.google.com/file/d/1I-4qq9pvm1Wg8kI7XWBrl5rnGbbwd_dc/view?usp=sharing,https://drive.google.com/file/d/1I-4qq9pvm1Wg8kI7XWBrl5rnGbbwd_dc/view?usp=sharing
Μαγειρευτά,ΟΧΙ,Ιμάμ μελιτζάνας με φέτα light,"Ιμάμ (560γρ), Φέτα light (90γρ)","Μελιτζάνα, Ντομάτα, Κρεμμύδι, Σκόρδο, Μαϊντανός, Μέλι, Φέτα light","Ιμάμ (560γρ), Φέτα light (90γρ)",111-10,8.76,9.90,OK,"Ιμάμ μελιτζάνα με ντομάτα, βασιλικό και μαϊντανό (560γρ), Φέτα τυρί, light (90γρ)",3.24,3.66,0.20,0.25,3.44,3.44,3.91,39.24%,€5.32,36.99%,2.26%,612,50,24,41,https://drive.google.com/file/d/1I-4qq9pvm1Wg8kI7XWBrl5rnGbbwd_dc/view?usp=sharing,https://drive.google.com/file/d/1I-4qq9pvm1Wg8kI7XWBrl5rnGbbwd_dc/view?usp=sharing
Πρωϊνά,ΝΑΙ,Ισπανική ομελέτα φούρνου με λαχανικά,Ισπανική ομελέτα (180γρ),"Αυγό, Κολοκύθι, Καρότο, Κρεμμύδι, Πατάτα, Γάλα","Ισπανική ομελέτα με πατάτα, καρότο, κολοκύθι, γάλα light και κρεμμύδι (180γρ)",51,4.34,4.90,OK,Ισπανική ομελέτα (180γρ),0.55,0.62,0.15,0.18,0.70,0.70,0.80,16.01%,€3.65,12.67%,3.34%,205,13,10,13,https://drive.google.com/file/d/1c9QnxKH-tWerVNsjAB_Hx1KfzN6mFGeY/view?usp=sharing,https://drive.google.com/file/d/1c9QnxKH-tWerVNsjAB_Hx1KfzN6mFGeY/view?usp=sharing
Μαγειρευτά,ΟΧΙ,"Κάρυ με γάλα καρύδας, βασιλικό, τόφου και άγριο ρύζι","Τόφου (120γρ), Άγριο ρύζι (120γρ)","Κάρυ, Κολοκύθι, Κουνουπίδι, Αρακάς, Γλυκοπατάτα, Ντομάτα, Κρεμμύδι, Σκόρδο, Ginger, Καρότο, Πράσο, Κρέμα καρύδας, Φρέσκο κρεμμυδάκι, Τόφου","Τόφου (120γρ), Άγριο ρύζι (120γρ)",197-1,6.11,6.90,OK,"Κάρυ με λαχανικά, γάλα καρύδας, βασιλικό, τόφου (120γρ), Άγριο ρύζι (120γρ)",0.65,0.73,0.14,0.17,0.79,0.79,0.91,12.93%,€5.32,10.64%,2.29%,326,34,7,19,https://drive.google.com/file/d/1tGSk7HNSqvG4N3hAeFxwFtSxQE_AOq93/view?usp=sharing,https://drive.google.com/file/d/1tGSk7HNSqvG4N3hAeFxwFtSxQE_AOq93/view?usp=sharing
Μαγειρευτά,ΟΧΙ,"Κάρυ με γάλα καρύδας, βασιλικό, τόφου και άγριο ρύζι","Τόφου (120γρ), Άγριο ρύζι (180γρ)","Κάρυ, Κολοκύθι, Κουνουπίδι, Αρακάς, Γλυκοπατάτα, Ντομάτα, Κρεμμύδι, Σκόρδο, Ginger, Καρότο, Πράσο, Κρέμα καρύδας, Φρέσκο κρεμμυδάκι, Τόφου","Τόφου (120γρ), Άγριο ρύζι (180γρ)",197-2,6.64,7.50,OK,"Κάρυ με λαχανικά, γάλα καρύδας, βασιλικό, τόφου (120γρ), Άγριο ρύζι (180γρ)",0.74,0.84,0.14,0.17,0.88,0.88,1.01,13.25%,€5.76,11.14%,2.11%,404,46,10,22,https://drive.google.com/file/d/1tGSk7HNSqvG4N3hAeFxwFtSxQE_AOq93/view?usp=sharing,https://drive.google.com/file/d/1tGSk7HNSqvG4N3hAeFxwFtSxQE_AOq93/view?usp=sharing
Μαγειρευτά,ΟΧΙ,"Κάρυ με γάλα καρύδας, βασιλικό, τόφου και άγριο ρύζι","Τόφου (150γρ), Άγριο ρύζι (120γρ)","Κάρυ, Κολοκύθι, Κουνουπίδι, Αρακάς, Γλυκοπατάτα, Ντομάτα, Κρεμμύδι, Σκόρδο, Ginger, Καρότο, Πράσο, Κρέμα καρύδας, Φρέσκο κρεμμυδάκι, Τόφου","Τόφου (150γρ), Άγριο ρύζι (120γρ)",197-3,6.99,7.90,OK,"Κάρυ με λαχανικά, γάλα καρύδας, βασιλικό, τόφου (150γρ), Άγριο ρύζι (120γρ)",0.76,0.86,0.14,0.17,0.90,0.90,1.03,12.88%,€6.09,10.87%,2.00%,369,37,8,23,https://drive.google.com/file/d/1tGSk7HNSqvG4N3hAeFxwFtSxQE_AOq93/view?usp=sharing,https://drive.google.com/file/d/1tGSk7HNSqvG4N3hAeFxwFtSxQE_AOq93/view?usp=sharing
Μαγειρευτά,ΝΑΙ,"Κάρυ με γάλα καρύδας, βασιλικό, τόφου και άγριο ρύζι","Τόφου (150γρ), Άγριο ρύζι (180γρ)","Κάρυ, Κολοκύθι, Κουνουπίδι, Αρακάς, Γλυκοπατάτα, Ντομάτα, Κρεμμύδι, Σκόρδο, Ginger, Καρότο, Πράσο, Κρέμα καρύδας, Φρέσκο κρεμμυδάκι, Τόφου","Τόφου (150γρ), Άγριο ρύζι (180γρ)",197-4,7.52,8.50,OK,"Κάρυ με λαχανικά, γάλα καρύδας, βασιλικό, τόφου (150γρ), Άγριο ρύζι (180γρ)",0.86,0.97,0.14,0.17,1.00,1.00,1.15,13.30%,€6.52,11.44%,1.86%,446,48,10,25,https://drive.google.com/file/d/1tGSk7HNSqvG4N3hAeFxwFtSxQE_AOq93/view?usp=sharing,https://drive.google.com/file/d/1tGSk7HNSqvG4N3hAeFxwFtSxQE_AOq93/view?usp=sharing
Μαγειρευτά,ΟΧΙ,Κεφτεδάκια φακής με ψητά λαχανικά και sauce γιαουρτιού,Κεφτεδάκια φακής (184γρ),"Φακή, Σκόρδο, Κρεμμύδι, Καρότο, Σπόροι chia, Ηλιόσπορος, Ρύζι, Κολοκύθι, Μελιτζάνα, Μανιτάρι, Πιπεριά, Γιαούρτι, Σκόρδο, Μέλι, Άνηθος, Μαϊντανός, Σχοινόπρασο","Κεφτεδάκια φακής (184γρ), Ψητά λαχανικά (140γρ), Sauce γιαουρτιού (50γρ)",110-1,6.99,7.90,OK,"Κεφτεδάκια φακής, ρυζιού και λαχανικών (184γρ), Sauce γιαουρτιού (50γρ), Λαχανικά ψητά (140γρ)",1.83,2.07,0.18,0.23,2.01,2.01,2.30,28.81%,€4.98,26.18%,2.63%,451,61,18,17,https://drive.google.com/file/d/1d7p53JIRzGfBUjcVINV6rBZrxflgWOyY/view?usp=sharing,https://drive.google.com/file/d/1d7p53JIRzGfBUjcVINV6rBZrxflgWOyY/view?usp=sharing
Μαγειρευτά,ΟΧΙ,Κεφτεδάκια φακής με ψητά λαχανικά και sauce γιαουρτιού,Κεφτεδάκια φακής (230γρ),"Φακή, Σκόρδο, Κρεμμύδι, Καρότο, Σπόροι chia, Ηλιόσπορος, Ρύζι, Κολοκύθι, Μελιτζάνα, Μανιτάρι, Πιπεριά, Γιαούρτι, Σκόρδο, Μέλι, Άνηθος, Μαϊντανός, Σχοινόπρασο","Κεφτεδάκια φακής (230γρ), Ψητά λαχανικά (140γρ), Sauce γιαουρτιού (50γρ)",110-2,7.52,8.50,OK,"Κεφτεδάκια φακής, ρυζιού και λαχανικών (230γρ), Sauce γιαουρτιού (50γρ), Λαχανικά ψητά (140γρ)",1.91,2.16,0.18,0.23,2.09,2.09,2.39,27.85%,€5.43,25.40%,2.45%,535,74,21,19,https://drive.google.com/file/d/1d7p53JIRzGfBUjcVINV6rBZrxflgWOyY/view?usp=sharing,https://drive.google.com/file/d/1d7p53JIRzGfBUjcVINV6rBZrxflgWOyY/view?usp=sharing
Μαγειρευτά,ΝΑΙ,Κεφτεδάκια φακής με ψητά λαχανικά και sauce γιαουρτιού,Κεφτεδάκια φακής (279γρ),"Φακή, Σκόρδο, Κρεμμύδι, Καρότο, Σπόροι chia, Ηλιόσπορος, Ρύζι, Κολοκύθι, Μελιτζάνα, Μανιτάρι, Πιπεριά, Γιαούρτι, Σκόρδο, Μέλι, Άνηθος, Μαϊντανός, Σχοινόπρασο","Κεφτεδάκια φακής (279γρ), Ψητά λαχανικά (140γρ), Sauce γιαουρτιού (50γρ)",110-3,7.88,8.90,OK,"Κεφτεδάκια φακής, ρυζιού και λαχανικών (279γρ), Sauce γιαουρτιού (50γρ), Λαχανικά ψητά (140γρ)",1.99,2.25,0.18,0.23,2.17,2.17,2.48,27.59%,€5.71,25.25%,2.34%,624,88,25,21,https://drive.google.com/file/d/1d7p53JIRzGfBUjcVINV6rBZrxflgWOyY/view?usp=sharing,https://drive.google.com/file/d/1d7p53JIRzGfBUjcVINV6rBZrxflgWOyY/view?usp=sharing
Μαγειρευτά,ΟΧΙ,Κεφτεδάκια φακής με ψητά λαχανικά και sauce γιαουρτιού,Κεφτεδάκια φακής (328γρ),"Φακή, Σκόρδο, Κρεμμύδι, Καρότο, Σπόροι chia, Ηλιόσπορος, Ρύζι, Κολοκύθι, Μελιτζάνα, Μανιτάρι, Πιπεριά, Γιαούρτι, Σκόρδο, Μέλι, Άνηθος, Μαϊντανός, Σχοινόπρασο","Κεφτεδάκια φακής (328γρ), Ψητά λαχανικά (140γρ), Sauce γιαουρτιού (50γρ)",110-4,8.41,9.50,OK,"Κεφτεδάκια φακής, ρυζιού και λαχανικών (328γρ), Sauce γιαουρτιού (50γρ), Λαχανικά ψητά (140γρ)",2.07,2.34,0.18,0.23,2.25,2.25,2.57,26.80%,€6.16,24.61%,2.19%,714,102,28,23,https://drive.google.com/file/d/1d7p53JIRzGfBUjcVINV6rBZrxflgWOyY/view?usp=sharing,https://drive.google.com/file/d/1d7p53JIRzGfBUjcVINV6rBZrxflgWOyY/view?usp=sharing
Μαγειρευτά,ΟΧΙ,Κοκκινιστά πράσινα φασολάκια με πατάτα και φέτα light,"Φασολάκια (250γρ), Φέτα light (30γρ)","Φασολάκια, Καρότο, Κρεμμύδι, Σκόρδο, Ντομάτα, Μαϊντανός, Ζωμός λαχανικών, Πατάτα, Φέτα light","Φασολάκια (250γρ), Πατάτα (90γρ), Φέτα light (30γρ)",190-1,6.11,6.90,OK,"Κοκκινιστά πράσινα φασολάκια με φρέσκια ντομάτα, καρότο, πατάτα (250γρ), Πατάτα, μαγειρεμένη (90γρ), Φέτα τυρί, light (30γρ)",1.36,1.54,0.19,0.23,1.55,1.55,1.77,25.31%,€4.56,22.26%,3.05%,334,38,11,18,https://drive.google.com/file/d/1pe5A2tHDmu9nhp4HcpLF-mtRL70NPMQS/view?usp=sharing,https://drive.google.com/file/d/1pe5A2tHDmu9nhp4HcpLF-mtRL70NPMQS/view?usp=sharing
Μαγειρευτά,ΟΧΙ,Κοκκινιστά πράσινα φασολάκια με πατάτα και φέτα light,"Φασολάκια (250γρ), Φέτα light (60γρ)","Φασολάκια, Καρότο, Κρεμμύδι, Σκόρδο, Ντομάτα, Μαϊντανός, Ζωμός λαχανικών, Πατάτα, Φέτα light","Φασολάκια (250γρ), Πατάτα (90γρ), Φέτα light (60γρ)",190-2,6.55,7.40,OK,"Κοκκινιστά πράσινα φασολάκια με φρέσκια ντομάτα, καρότο, πατάτα (250γρ), Πατάτα, μαγειρεμένη (90γρ), Φέτα τυρί, light (60γρ)",1.87,2.11,0.19,0.23,2.06,2.06,2.34,31.40%,€4.49,28.55%,2.85%,383,38,17,21,https://drive.google.com/file/d/1pe5A2tHDmu9nhp4HcpLF-mtRL70NPMQS/view?usp=sharing,https://drive.google.com/file/d/1pe5A2tHDmu9nhp4HcpLF-mtRL70NPMQS/view?usp=sharing
Μαγειρευτά,ΟΧΙ,Κοκκινιστά πράσινα φασολάκια με πατάτα και φέτα light,"Φασολάκια (300γρ), Φέτα light (30γρ)","Φασολάκια, Καρότο, Κρεμμύδι, Σκόρδο, Ντομάτα, Μαϊντανός, Ζωμός λαχανικών, Πατάτα, Φέτα light","Φασολάκια (300γρ), Πατάτα (90γρ), Φέτα light (30γρ)",190-3,6.55,7.40,OK,"Κοκκινιστά πράσινα φασολάκια με φρέσκια ντομάτα, καρότο, πατάτα (300γρ), Πατάτα, μαγειρεμένη (90γρ), Φέτα τυρί, light (30γρ)",1.52,1.72,0.19,0.23,1.71,1.71,1.95,26.05%,€4.84,23.21%,2.85%,376,42,12,21,https://drive.google.com/file/d/1pe5A2tHDmu9nhp4HcpLF-mtRL70NPMQS/view?usp=sharing,https://drive.google.com/file/d/1pe5A2tHDmu9nhp4HcpLF-mtRL70NPMQS/view?usp=sharing
Μαγειρευτά,ΟΧΙ,Κοκκινιστά πράσινα φασολάκια με πατάτα και φέτα light,"Φασολάκια (300γρ), Φέτα light (60γρ)","Φασολάκια, Καρότο, Κρεμμύδι, Σκόρδο, Ντομάτα, Μαϊντανός, Ζωμός λαχανικών, Πατάτα, Φέτα light","Φασολάκια (300γρ), Πατάτα (90γρ), Φέτα light (60γρ)",190-4,6.99,7.90,OK,"Κοκκινιστά πράσινα φασολάκια με φρέσκια ντομάτα, καρότο, πατάτα (300γρ), Πατάτα, μαγειρεμένη (90γρ), Φέτα τυρί, light (60γρ)",2.03,2.29,0.19,0.23,2.22,2.22,2.53,31.71%,€4.77,29.04%,2.67%,425,42,18,24,https://drive.google.com/file/d/1pe5A2tHDmu9nhp4HcpLF-mtRL70NPMQS/view?usp=sharing,https://drive.google.com/file/d/1pe5A2tHDmu9nhp4HcpLF-mtRL70NPMQS/view?usp=sharing
Μαγειρευτά,ΟΧΙ,Κοκκινιστά πράσινα φασολάκια με πατάτα και φέτα light,"Φασολάκια (300γρ), Φέτα light (90γρ)","Φασολάκια, Καρότο, Κρεμμύδι, Σκόρδο, Ντομάτα, Μαϊντανός, Ζωμός λαχανικών, Πατάτα, Φέτα light","Φασολάκια (300γρ), Πατάτα (90γρ), Φέτα light (90γρ)",190-5,7.43,8.40,OK,"Κοκκινιστά πράσινα φασολάκια με φρέσκια ντομάτα, καρότο, πατάτα (300γρ), Πατάτα, μαγειρεμένη (90γρ), Φέτα τυρί, light (90γρ)",2.54,2.87,0.19,0.23,2.73,2.73,3.10,36.69%,€4.70,34.19%,2.51%,474,42,23,28,https://drive.google.com/file/d/1pe5A2tHDmu9nhp4HcpLF-mtRL70NPMQS/view?usp=sharing,https://drive.google.com/file/d/1pe5A2tHDmu9nhp4HcpLF-mtRL70NPMQS/view?usp=sharing
Μαγειρευτά,ΟΧΙ,Κοκκινιστά πράσινα φασολάκια με πατάτα και φέτα light,"Φασολάκια (350γρ), Φέτα light (30γρ)","Φασολάκια, Καρότο, Κρεμμύδι, Σκόρδο, Ντομάτα, Μαϊντανός, Ζωμός λαχανικών, Πατάτα, Φέτα light","Φασολάκια (350γρ), Πατάτα (90γρ), Φέτα light (30γρ)",190-6,7.43,8.40,OK,"Κοκκινιστά πράσινα φασολάκια με φρέσκια ντομάτα, καρότο, πατάτα (350γρ), Πατάτα, μαγειρεμένη (90γρ), Φέτα τυρί, light (30γρ)",1.67,1.89,0.19,0.23,1.86,1.86,2.12,24.99%,€5.57,22.48%,2.51%,417,46,13,23,https://drive.google.com/file/d/1pe5A2tHDmu9nhp4HcpLF-mtRL70NPMQS/view?usp=sharing,https://drive.google.com/file/d/1pe5A2tHDmu9nhp4HcpLF-mtRL70NPMQS/view?usp=sharing
Μαγειρευτά,ΝΑΙ,Κοκκινιστά πράσινα φασολάκια με πατάτα και φέτα light,"Φασολάκια (350γρ), Φέτα light (60γρ)","Φασολάκια, Καρότο, Κρεμμύδι, Σκόρδο, Ντομάτα, Μαϊντανός, Ζωμός λαχανικών, Πατάτα, Φέτα light","Φασολάκια (350γρ), Πατάτα (90γρ), Φέτα light (60γρ)",190-7,7.88,8.90,OK,"Κοκκινιστά πράσινα φασολάκια με φρέσκια ντομάτα, καρότο, πατάτα (350γρ), Πατάτα, μαγειρεμένη (90γρ), Φέτα τυρί, light (60γρ)",2.18,2.46,0.19,0.23,2.37,2.37,2.69,30.03%,€5.51,27.66%,2.37%,466,46,18,27,https://drive.google.com/file/d/1pe5A2tHDmu9nhp4HcpLF-mtRL70NPMQS/view?usp=sharing,https://drive.google.com/file/d/1pe5A2tHDmu9nhp4HcpLF-mtRL70NPMQS/view?usp=sharing
Μαγειρευτά,ΟΧΙ,Κοκκινιστά πράσινα φασολάκια με πατάτα και φέτα light,"Φασολάκια (350γρ),  Φέτα light (90γρ)","Φασολάκια, Καρότο, Κρεμμύδι, Σκόρδο, Ντομάτα, Μαϊντανός, Ζωμός λαχανικών, Πατάτα, Φέτα light","Φασολάκια (350γρ), Πατάτα (90γρ), Φέτα light (90γρ)",190-8,8.32,9.40,OK,"Κοκκινιστά πράσινα φασολάκια με φρέσκια ντομάτα, καρότο, πατάτα (350γρ), Πατάτα, μαγειρεμένη (90γρ), Φέτα τυρί, light (90γρ)",2.69,3.04,0.19,0.23,2.88,2.88,3.27,34.57%,€5.44,32.33%,2.24%,515,46,24,31,https://drive.google.com/file/d/1pe5A2tHDmu9nhp4HcpLF-mtRL70NPMQS/view?usp=sharing,https://drive.google.com/file/d/1pe5A2tHDmu9nhp4HcpLF-mtRL70NPMQS/view?usp=sharing
Μαγειρευτά,ΟΧΙ,Κοκκινιστά πράσινα φασολάκια με πατάτα και φέτα light,"Φασολάκια (400γρ), Φέτα light (60γρ)","Φασολάκια, Καρότο, Κρεμμύδι, Σκόρδο, Ντομάτα, Μαϊντανός, Ζωμός λαχανικών, Πατάτα, Φέτα light","Φασολάκια (400γρ), Πατάτα (90γρ), Φέτα light (60γρ)",190-9,8.32,9.40,OK,"Κοκκινιστά πράσινα φασολάκια με φρέσκια ντομάτα, καρότο, πατάτα (400γρ), Πατάτα, μαγειρεμένη (90γρ), Φέτα τυρί, light (60γρ)",2.33,2.63,0.19,0.23,2.52,2.52,2.86,30.25%,€5.80,28.00%,2.24%,507,50,19,30,https://drive.google.com/file/d/1pe5A2tHDmu9nhp4HcpLF-mtRL70NPMQS/view?usp=sharing,https://drive.google.com/file/d/1pe5A2tHDmu9nhp4HcpLF-mtRL70NPMQS/view?usp=sharing
Μαγειρευτά,ΟΧΙ,Κοκκινιστά πράσινα φασολάκια με πατάτα και φέτα light,"Φασολάκια (400γρ), Φέτα light (90γρ)","Φασολάκια, Καρότο, Κρεμμύδι, Σκόρδο, Ντομάτα, Μαϊντανός, Ζωμός λαχανικών, Πατάτα, Φέτα light","Φασολάκια (400γρ), Πατάτα (90γρ), Φέτα light (90γρ)",190-10,8.76,9.90,OK,"Κοκκινιστά πράσινα φασολάκια με φρέσκια ντομάτα, καρότο, πατάτα (400γρ), Πατάτα, μαγειρεμένη (90γρ), Φέτα τυρί, light (90γρ)",2.84,3.21,0.19,0.23,3.03,3.03,3.44,34.55%,€5.73,32.42%,2.13%,557,50,25,33,https://drive.google.com/file/d/1pe5A2tHDmu9nhp4HcpLF-mtRL70NPMQS/view?usp=sharing,https://drive.google.com/file/d/1pe5A2tHDmu9nhp4HcpLF-mtRL70NPMQS/view?usp=sharing
Μαγειρευτά,ΟΧΙ,Κοκκινιστο φιλέτο κοτόπουλο με χυλοπιτάκι ολικής,"Κοκκινιστό κοτόπουλο (120γρ), Χυλοπιτάκι ολικής (140γρ)","Κοτόπουλο, Χυλοπίτες, Κρεμμύδι, Σκόρδο, Ντομάτα, Μέλι, Μαϊντανός, Κανέλα, Καρότο, Πράσο","Φιλέτο κοτόπουλο (120γρ), Χυλοπιτάκι ολικής (140γρ), Τριμμένο τυρί light (15γρ)",116-1,7.52,8.50,OK,"Κοτόπουλο στήθος, μαγειρεμένο (120γρ), Χυλοπίτες ολικής άλεσης, μαγειρεμένες (140γρ), Τυρί κίτρινο light (15γρ), Κόκκινη σάλτσα (για κοκκινιστό κοτόπουλο) (60γρ)",1.94,2.19,0.18,0.23,2.12,2.12,2.42,28.24%,€5.40,25.80%,2.45%,519,49,53,13,https://drive.google.com/file/d/1ACcw02yL9LQ-WFdVvH_nex7qnv3bvu0g/view?usp=sharing,https://drive.google.com/file/d/1ACcw02yL9LQ-WFdVvH_nex7qnv3bvu0g/view?usp=sharing
Μαγειρευτά,ΟΧΙ,Κοκκινιστο φιλέτο κοτόπουλο με χυλοπιτάκι ολικής,"Κοκκινιστό κοτόπουλο (120γρ), Χυλοπιτάκι ολικής (210γρ)","Κοτόπουλο, Χυλοπίτες, Κρεμμύδι, Σκόρδο, Ντομάτα, Μέλι, Μαϊντανός, Κανέλα, Καρότο, Πράσο","Φιλέτο κοτόπουλο (120γρ), Χυλοπιτάκι ολικής (210γρ), Τριμμένο τυρί light (15γρ)",116-2,7.88,8.90,OK,"Κοτόπουλο στήθος, μαγειρεμένο (120γρ), Χυλοπίτες ολικής άλεσης, μαγειρεμένες (210γρ), Τυρί κίτρινο light (15γρ), Κόκκινη σάλτσα (για κοκκινιστό κοτόπουλο) (60γρ)",2.06,2.33,0.18,0.23,2.24,2.24,2.56,28.48%,€5.64,26.14%,2.34%,624,70,57,14,https://drive.google.com/file/d/1ACcw02yL9LQ-WFdVvH_nex7qnv3bvu0g/view?usp=sharing,https://drive.google.com/file/d/1ACcw02yL9LQ-WFdVvH_nex7qnv3bvu0g/view?usp=sharing
Μαγειρευτά,ΟΧΙ,Κοκκινιστο φιλέτο κοτόπουλο με χυλοπιτάκι ολικής,"Κοκκινιστό κοτόπουλο (150γρ), Χυλοπιτάκι ολικής (140γρ)","Κοτόπουλο, Χυλοπίτες, Κρεμμύδι, Σκόρδο, Ντομάτα, Μέλι, Μαϊντανός, Κανέλα, Καρότο, Πράσο","Φιλέτο κοτόπουλο (150γρ), Χυλοπιτάκι ολικής (140γρ), Τριμμένο τυρί light (15γρ)",116-3,8.41,9.50,OK,"Κοτόπουλο στήθος, μαγειρεμένο (150γρ), Χυλοπίτες ολικής άλεσης, μαγειρεμένες (140γρ), Τυρί κίτρινο light (15γρ), Κόκκινη σάλτσα (για κοκκινιστό κοτόπουλο) (60γρ)",2.23,2.52,0.18,0.23,2.41,2.41,2.75,28.70%,€6.00,26.52%,2.19%,569,49,62,14,https://drive.google.com/file/d/1ACcw02yL9LQ-WFdVvH_nex7qnv3bvu0g/view?usp=sharing,https://drive.google.com/file/d/1ACcw02yL9LQ-WFdVvH_nex7qnv3bvu0g/view?usp=sharing
Μαγειρευτά,ΝΑΙ,Κοκκινιστο φιλέτο κοτόπουλο με χυλοπιτάκι ολικής,"Κοκκινιστό κοτόπουλο (150γρ), Χυλοπιτάκι ολικής (210γρ)","Κοτόπουλο, Χυλοπίτες, Κρεμμύδι, Σκόρδο, Ντομάτα, Μέλι, Μαϊντανός, Κανέλα, Καρότο, Πράσο","Φιλέτο κοτόπουλο (150γρ), Χυλοπιτάκι ολικής (210γρ), Τριμμένο τυρί light (15γρ)",116-4,8.76,9.90,OK,"Κοτόπουλο στήθος, μαγειρεμένο (150γρ), Χυλοπίτες ολικής άλεσης, μαγειρεμένες (210γρ), Τυρί κίτρινο light (15γρ), Κόκκινη σάλτσα (για κοκκινιστό κοτόπουλο) (60γρ)",2.36,2.67,0.18,0.23,2.54,2.54,2.89,29.04%,€6.22,26.94%,2.10%,673,70,66,15,https://drive.google.com/file/d/1ACcw02yL9LQ-WFdVvH_nex7qnv3bvu0g/view?usp=sharing,https://drive.google.com/file/d/1ACcw02yL9LQ-WFdVvH_nex7qnv3bvu0g/view?usp=sharing
Μαγειρευτά,ΟΧΙ,Κοκκινιστο φιλέτο κοτόπουλο με χυλοπιτάκι ολικής,"Κοκκινιστό κοτόπουλο (150γρ), Χυλοπιτάκι ολικής (280γρ)","Κοτόπουλο, Χυλοπίτες, Κρεμμύδι, Σκόρδο, Ντομάτα, Μέλι, Μαϊντανός, Κανέλα, Καρότο, Πράσο","Φιλέτο κοτόπουλο (150γρ), Χυλοπιτάκι ολικής (280γρ), Τριμμένο τυρί light (15γρ)",116-5,9.29,10.50,OK,"Κοτόπουλο στήθος, μαγειρεμένο (150γρ), Χυλοπίτες ολικής άλεσης, μαγειρεμένες (280γρ), Τυρί κίτρινο light (15γρ), Κόκκινη σάλτσα (για κοκκινιστό κοτόπουλο) (60γρ)",2.48,2.80,0.18,0.23,2.66,2.66,3.03,28.68%,€6.63,26.70%,1.98%,778,91,70,16,https://drive.google.com/file/d/1ACcw02yL9LQ-WFdVvH_nex7qnv3bvu0g/view?usp=sharing,https://drive.google.com/file/d/1ACcw02yL9LQ-WFdVvH_nex7qnv3bvu0g/view?usp=sharing
Μαγειρευτά,ΟΧΙ,Κοκκινιστο φιλέτο κοτόπουλο με χυλοπιτάκι ολικής,"Κοκκινιστό κοτόπουλο (180γρ), Χυλοπιτάκι ολικής (210γρ)","Κοτόπουλο, Χυλοπίτες, Κρεμμύδι, Σκόρδο, Ντομάτα, Μέλι, Μαϊντανός, Κανέλα, Καρότο, Πράσο","Φιλέτο κοτόπουλο (180γρ), Χυλοπιτάκι ολικής (210γρ), Τριμμένο τυρί light (15γρ)",116-6,9.65,10.90,OK,"Κοτόπουλο στήθος, μαγειρεμένο (180γρ), Χυλοπίτες ολικής άλεσης, μαγειρεμένες (210γρ), Τυρί κίτρινο light (15γρ), Κόκκινη σάλτσα (για κοκκινιστό κοτόπουλο) (60γρ)",2.65,2.99,0.18,0.23,2.83,2.83,3.22,29.37%,€6.82,27.46%,1.91%,723,70,75,16,https://drive.google.com/file/d/1ACcw02yL9LQ-WFdVvH_nex7qnv3bvu0g/view?usp=sharing,https://drive.google.com/file/d/1ACcw02yL9LQ-WFdVvH_nex7qnv3bvu0g/view?usp=sharing
Μαγειρευτά,ΟΧΙ,Κοκκινιστο φιλέτο κοτόπουλο με χυλοπιτάκι ολικής,"Κοκκινιστό κοτόπουλο (180γρ), Χυλοπιτάκι ολικής (280γρ)","Κοτόπουλο, Χυλοπίτες, Κρεμμύδι, Σκόρδο, Ντομάτα, Μέλι, Μαϊντανός, Κανέλα, Καρότο, Πράσο","Φιλέτο κοτόπουλο (180γρ), Χυλοπιτάκι ολικής (280γρ), Τριμμένο τυρί light (15γρ)",116-7,10.18,11.50,OK,"Κοτόπουλο στήθος, μαγειρεμένο (180γρ), Χυλοπίτες ολικής άλεσης, μαγειρεμένες (280γρ), Τυρί κίτρινο light (15γρ), Κόκκινη σάλτσα (για κοκκινιστό κοτόπουλο) (60γρ)",2.77,3.13,0.18,0.23,2.95,2.95,3.36,29.02%,€7.23,27.21%,1.81%,827,91,80,17,https://drive.google.com/file/d/1ACcw02yL9LQ-WFdVvH_nex7qnv3bvu0g/view?usp=sharing,https://drive.google.com/file/d/1ACcw02yL9LQ-WFdVvH_nex7qnv3bvu0g/view?usp=sharing
Μαγειρευτά,ΟΧΙ,Κοκκινιστός αρακάς με κοπανάκια κοτόπουλου,"Κοκκινιστός αρακάς με πατάτα (180γρ), Κοτόπουλο κοπανάκι (80γρ)","Αρακάς, Καρότο, Κρεμμύδι, Σκόρδο, Ντομάτα, Άνηθος, Ζωμός λαχανικών, Κοτόπουλο","Κοκκινιστός αρακάς με πατάτα (180γρ), Κοτόπουλο κοπανάκι (80γρ)",324-1,6.99,7.90,OK,"Κοκκινιστός αρακάς με φρέσκια ντομάτα, άνηθο, καρότο και πατάτα (180γρ), Κοτόπουλο κοπανάκι, μαγειρεμένο (80γρ)",1.11,1.25,0.14,0.17,1.25,1.25,1.43,17.88%,€5.74,15.88%,2.00%,553,19,19,45,https://drive.google.com/file/d/1k6W85Fnch0G6AbwJz0x6YzdEeCK2beNt/view?usp=sharing,
Μαγειρευτά,ΟΧΙ,Κοκκινιστός αρακάς με κοπανάκια κοτόπουλου,"Κοκκινιστός αρακάς με πατάτα (180γρ), Κοτόπουλο κοπανάκι (160γρ)","Αρακάς, Καρότο, Κρεμμύδι, Σκόρδο, Ντομάτα, Άνηθος, Ζωμός λαχανικών, Κοτόπουλο","Κοκκινιστός αρακάς με πατάτα (180γρ), Κοτόπουλο κοπανάκι (160γρ)",324-2,7.52,8.50,OK,"Κοκκινιστός αρακάς με φρέσκια ντομάτα, άνηθο, καρότο και πατάτα (180γρ), Κοτόπουλο κοπανάκι, μαγειρεμένο (160γρ)",1.71,1.93,0.14,0.17,1.85,1.85,2.11,24.60%,€5.67,22.74%,1.86%,923,19,32,81,https://drive.google.com/file/d/1k6W85Fnch0G6AbwJz0x6YzdEeCK2beNt/view?usp=sharing,
Μαγειρευτά,ΝΑΙ,Κοκκινιστός αρακάς με κοπανάκια κοτόπουλου,"Κοκκινιστός αρακάς με πατάτα (270γρ), Κοτόπουλο κοπανάκι (80γρ)","Αρακάς, Καρότο, Κρεμμύδι, Σκόρδο, Ντομάτα, Άνηθος, Ζωμός λαχανικών, Κοτόπουλο","Κοκκινιστός αρακάς με πατάτα (270γρ), Κοτόπουλο κοπανάκι (80γρ)",324-3,7.88,8.90,OK,"Κοκκινιστός αρακάς με φρέσκια ντομάτα, άνηθο, καρότο και πατάτα (270γρ), Κοτόπουλο κοπανάκι, μαγειρεμένο (80γρ)",1.36,1.54,0.14,0.17,1.50,1.50,1.71,19.04%,€6.38,17.26%,1.78%,645,29,21,50,https://drive.google.com/file/d/1k6W85Fnch0G6AbwJz0x6YzdEeCK2beNt/view?usp=sharing,
Μαγειρευτά,ΟΧΙ,Κοκκινιστός αρακάς με κοπανάκια κοτόπουλου,"Κοκκινιστός αρακάς με πατάτα (270γρ), Κοτόπουλο κοπανάκι (160γρ)","Αρακάς, Καρότο, Κρεμμύδι, Σκόρδο, Ντομάτα, Άνηθος, Ζωμός λαχανικών, Κοτόπουλο","Κοκκινιστός αρακάς με πατάτα (270γρ), Κοτόπουλο κοπανάκι (160γρ)",324-4,8.41,9.50,OK,"Κοκκινιστός αρακάς με φρέσκια ντομάτα, άνηθο, καρότο και πατάτα (270γρ), Κοτόπουλο κοπανάκι, μαγειρεμένο (160γρ)",1.96,2.21,0.14,0.17,2.10,2.10,2.39,24.97%,€6.31,23.31%,1.66%,1014,29,34,86,https://drive.google.com/file/d/1k6W85Fnch0G6AbwJz0x6YzdEeCK2beNt/view?usp=sharing,
Μαγειρευτά,ΟΧΙ,Κοκκινιστός αρακάς με πατάτα και φέτα light,"Αρακάς (180γρ), Φέτα light (30γρ)","Αρακάς, Καρότο, Κρεμμύδι, Σκόρδο, Ντομάτα, Άνηθος, Ζωμός λαχανικών, Πατάτα, Φέτα light","Αρακάς (180γρ), Πατάτα (90γρ), Φέτα light (30γρ)",191-1,6.11,6.90,OK,"Κοκκινιστός αρακάς με φρέσκια ντομάτα, άνηθο, καρότο και πατάτα (180γρ), Πατάτα, μαγειρεμένη (90γρ), Φέτα τυρί, light (30γρ)",1.12,1.27,0.19,0.23,1.31,1.31,1.50,21.38%,€4.80,18.33%,3.05%,311,38,13,14,https://drive.google.com/file/d/1ggupRSaNtvdJTpwym_YO5TcYMFgcQt2S/view?usp=sharing,https://drive.google.com/file/d/1ggupRSaNtvdJTpwym_YO5TcYMFgcQt2S/view?usp=sharing
Μαγειρευτά,ΟΧΙ,Κοκκινιστός αρακάς με πατάτα και φέτα light,"Αρακάς (180γρ), Φέτα light (60γρ)","Αρακάς, Καρότο, Κρεμμύδι, Σκόρδο, Ντομάτα, Άνηθος, Ζωμός λαχανικών, Πατάτα, Φέτα light","Αρακάς (180γρ), Πατάτα (90γρ), Φέτα light (60γρ)",191-2,6.55,7.40,OK,"Κοκκινιστός αρακάς με φρέσκια ντομάτα, άνηθο, καρότο και πατάτα (180γρ), Πατάτα, μαγειρεμένη (90γρ), Φέτα τυρί, light (60γρ)",1.63,1.84,0.19,0.23,1.82,1.82,2.07,27.73%,€4.73,24.89%,2.85%,360,38,18,17,https://drive.google.com/file/d/1ggupRSaNtvdJTpwym_YO5TcYMFgcQt2S/view?usp=sharing,https://drive.google.com/file/d/1ggupRSaNtvdJTpwym_YO5TcYMFgcQt2S/view?usp=sharing
Μαγειρευτά,ΟΧΙ,Κοκκινιστός αρακάς με πατάτα και φέτα light,"Αρακάς (270γρ), Φέτα light (30γρ)","Αρακάς, Καρότο, Κρεμμύδι, Σκόρδο, Ντομάτα, Άνηθος, Ζωμός λαχανικών, Πατάτα, Φέτα light","Αρακάς (270γρ), Πατάτα (90γρ), Φέτα light (30γρ)",191-3,6.99,7.90,OK,"Κοκκινιστός αρακάς με φρέσκια ντομάτα, άνηθο, καρότο και πατάτα (270γρ), Πατάτα, μαγειρεμένη (90γρ), Φέτα τυρί, light (30γρ)",1.37,1.55,0.19,0.23,1.56,1.56,1.78,22.27%,€5.43,19.60%,2.67%,402,47,15,19,https://drive.google.com/file/d/1ggupRSaNtvdJTpwym_YO5TcYMFgcQt2S/view?usp=sharing,https://drive.google.com/file/d/1ggupRSaNtvdJTpwym_YO5TcYMFgcQt2S/view?usp=sharing
Μαγειρευτά,ΟΧΙ,Κοκκινιστός αρακάς με πατάτα και φέτα light,"Αρακάς (270γρ), Φέτα light (60γρ)","Αρακάς, Καρότο, Κρεμμύδι, Σκόρδο, Ντομάτα, Άνηθος, Ζωμός λαχανικών, Πατάτα, Φέτα light","Αρακάς (270γρ), Πατάτα (90γρ), Φέτα light (60γρ)",191-4,7.43,8.40,OK,"Κοκκινιστός αρακάς με φρέσκια ντομάτα, άνηθο, καρότο και πατάτα (270γρ), Πατάτα, μαγειρεμένη (90γρ), Φέτα τυρί, light (60γρ)",1.88,2.12,0.19,0.23,2.07,2.07,2.36,27.81%,€5.36,25.30%,2.51%,452,47,21,23,https://drive.google.com/file/d/1ggupRSaNtvdJTpwym_YO5TcYMFgcQt2S/view?usp=sharing,https://drive.google.com/file/d/1ggupRSaNtvdJTpwym_YO5TcYMFgcQt2S/view?usp=sharing
Μαγειρευτά,ΟΧΙ,Κοκκινιστός αρακάς με πατάτα και φέτα light,"Αρακάς (270γρ), Φέτα light (90γρ)","Αρακάς, Καρότο, Κρεμμύδι, Σκόρδο, Ντομάτα, Άνηθος, Ζωμός λαχανικών, Πατάτα, Φέτα light","Αρακάς (270γρ), Πατάτα (90γρ), Φέτα light (90γρ)",191-5,7.88,8.90,OK,"Κοκκινιστός αρακάς με φρέσκια ντομάτα, άνηθο, καρότο και πατάτα (270γρ), Πατάτα, μαγειρεμένη (90γρ), Φέτα τυρί, light (90γρ)",2.39,2.70,0.19,0.23,2.58,2.58,2.93,32.70%,€5.30,30.33%,2.37%,501,47,27,26,https://drive.google.com/file/d/1ggupRSaNtvdJTpwym_YO5TcYMFgcQt2S/view?usp=sharing,https://drive.google.com/file/d/1ggupRSaNtvdJTpwym_YO5TcYMFgcQt2S/view?usp=sharing
Μαγειρευτά,ΟΧΙ,Κοκκινιστός αρακάς με πατάτα και φέτα light,"Αρακάς (360γρ), Φέτα light (30γρ)","Αρακάς, Καρότο, Κρεμμύδι, Σκόρδο, Ντομάτα, Άνηθος, Ζωμός λαχανικών, Πατάτα, Φέτα light","Αρακάς (360γρ), Πατάτα (90γρ), Φέτα light (30γρ)",191-6,7.43,8.40,OK,"Κοκκινιστός αρακάς με φρέσκια ντομάτα, άνηθο, καρότο και πατάτα (360γρ), Πατάτα, μαγειρεμένη (90γρ), Φέτα τυρί, light (30γρ)",1.62,1.83,0.19,0.23,1.81,1.81,2.06,24.31%,€5.62,21.80%,2.51%,494,57,18,24,https://drive.google.com/file/d/1ggupRSaNtvdJTpwym_YO5TcYMFgcQt2S/view?usp=sharing,https://drive.google.com/file/d/1ggupRSaNtvdJTpwym_YO5TcYMFgcQt2S/view?usp=sharing
Μαγειρευτά,ΝΑΙ,Κοκκινιστός αρακάς με πατάτα και φέτα light,"Αρακάς (360γρ), Φέτα light (60γρ)","Αρακάς, Καρότο, Κρεμμύδι, Σκόρδο, Ντομάτα, Άνηθος, Ζωμός λαχανικών, Πατάτα, Φέτα light","Αρακάς (360γρ), Πατάτα (90γρ), Φέτα light (60γρ)",191-7,7.88,8.90,OK,"Κοκκινιστός αρακάς με φρέσκια ντομάτα, άνηθο, καρότο και πατάτα (360γρ), Πατάτα, μαγειρεμένη (90γρ), Φέτα τυρί, light (60γρ)",2.13,2.41,0.19,0.23,2.32,2.32,2.64,29.40%,€5.56,27.03%,2.37%,543,57,24,28,https://drive.google.com/file/d/1ggupRSaNtvdJTpwym_YO5TcYMFgcQt2S/view?usp=sharing,https://drive.google.com/file/d/1ggupRSaNtvdJTpwym_YO5TcYMFgcQt2S/view?usp=sharing
Μαγειρευτά,ΟΧΙ,Κοκκινιστός αρακάς με πατάτα και φέτα light,"Αρακάς (360γρ), Φέτα light (90γρ)","Αρακάς, Καρότο, Κρεμμύδι, Σκόρδο, Ντομάτα, Άνηθος, Ζωμός λαχανικών, Πατάτα, Φέτα light","Αρακάς (360γρ), Πατάτα (90γρ), Φέτα light (90γρ)",191-8,8.32,9.40,OK,"Κοκκινιστός αρακάς με φρέσκια ντομάτα, άνηθο, καρότο και πατάτα (360γρ), Πατάτα, μαγειρεμένη (90γρ), Φέτα τυρί, light (90γρ)",2.64,2.98,0.19,0.23,2.83,2.83,3.21,33.97%,€5.49,31.73%,2.24%,593,57,29,31,https://drive.google.com/file/d/1ggupRSaNtvdJTpwym_YO5TcYMFgcQt2S/view?usp=sharing,https://drive.google.com/file/d/1ggupRSaNtvdJTpwym_YO5TcYMFgcQt2S/view?usp=sharing
Μαγειρευτά,ΟΧΙ,Κοκκινιστός αρακάς με πατάτα και φέτα light,"Αρακάς (450γρ), Φέτα light (60γρ)","Αρακάς, Καρότο, Κρεμμύδι, Σκόρδο, Ντομάτα, Άνηθος, Ζωμός λαχανικών, Πατάτα, Φέτα light","Αρακάς (450γρ), Πατάτα (90γρ), Φέτα light (60γρ)",191-9,8.32,9.40,OK,"Κοκκινιστός αρακάς με φρέσκια ντομάτα, άνηθο, καρότο και πατάτα (450γρ), Πατάτα, μαγειρεμένη (90γρ), Φέτα τυρί, light (60γρ)",2.39,2.70,0.19,0.23,2.58,2.58,2.93,30.97%,€5.74,28.73%,2.24%,635,67,26,33,https://drive.google.com/file/d/1ggupRSaNtvdJTpwym_YO5TcYMFgcQt2S/view?usp=sharing,https://drive.google.com/file/d/1ggupRSaNtvdJTpwym_YO5TcYMFgcQt2S/view?usp=sharing
Μαγειρευτά,ΟΧΙ,Κοκκινιστός αρακάς με πατάτα και φέτα light,"Αρακάς (450γρ), Φέτα light (90γρ)","Αρακάς, Καρότο, Κρεμμύδι, Σκόρδο, Ντομάτα, Άνηθος, Ζωμός λαχανικών, Πατάτα, Φέτα light","Αρακάς (450γρ), Πατάτα (90γρ), Φέτα light (90γρ)",191-10,8.76,9.90,OK,"Κοκκινιστός αρακάς με φρέσκια ντομάτα, άνηθο, καρότο και πατάτα (450γρ), Πατάτα, μαγειρεμένη (90γρ), Φέτα τυρί, light (90γρ)",2.90,3.28,0.19,0.23,3.09,3.09,3.51,35.23%,€5.67,33.11%,2.13%,684,67,32,36,https://drive.google.com/file/d/1ggupRSaNtvdJTpwym_YO5TcYMFgcQt2S/view?usp=sharing,https://drive.google.com/file/d/1ggupRSaNtvdJTpwym_YO5TcYMFgcQt2S/view?usp=sharing
Μαγειρευτά,ΟΧΙ,Κόκορας κρασάτος με μακαρόνι ολικής και τριμμένο τυρί light,"Μακαρόνι ολικής (210γρ), Κόκκορας (90γρ)","Ζυμαρικό, Κόκορας, Κρεμμύδι, Σκόρδο, Ντομάτα, Μέλι, Καρότο, Κανέλα, Πράσο, Γραβιέρα light ","Μακαρόνι ολικής (210γρ), Κόκκορας κρασάτος (90γρ), Σάλτσα ντομάτας (80γρ), Τριμμένο τυρί light (15γρ)",263-1,7.88,8.90,OK,"Μακαρόνια, χοντρά, ολικής, μαγειρεμένα (210γρ), Κόκορας, μαγειρεμένος (90γρ), Κόκκινη σάλτσα (για κόκκορα κρασάτο) (80γρ), Γραβιέρα light  (15γρ)",2.33,2.63,0.18,0.23,2.51,2.51,2.86,31.90%,€5.37,29.57%,2.34%,634,72,36,24,https://drive.google.com/file/d/1dXaAjUF-NIGpQueyqTzx8VMdasPRhFWM/view?usp=sharing,https://drive.google.com/file/d/1dXaAjUF-NIGpQueyqTzx8VMdasPRhFWM/view?usp=sharing
Μαγειρευτά,ΟΧΙ,Κόκορας κρασάτος με μακαρόνι ολικής και τριμμένο τυρί light,"Μακαρόνι ολικής (210γρ), Κόκκορας (120γρ)","Ζυμαρικό, Κόκορας, Κρεμμύδι, Σκόρδο, Ντομάτα, Μέλι, Καρότο, Κανέλα, Πράσο, Γραβιέρα light ","Μακαρόνι ολικής (210γρ), Κόκκορας κρασάτος (120γρ), Σάλτσα ντομάτας (80γρ), Τριμμένο τυρί light (15γρ)",263-2,8.32,9.40,OK,"Μακαρόνια, χοντρά, ολικής, μαγειρεμένα (210γρ), Κόκορας, μαγειρεμένος (120γρ), Κόκκινη σάλτσα (για κόκκορα κρασάτο) (80γρ), Γραβιέρα light  (15γρ)",2.86,3.23,0.18,0.23,3.04,3.04,3.46,36.59%,€5.28,34.38%,2.21%,690,72,42,27,https://drive.google.com/file/d/1dXaAjUF-NIGpQueyqTzx8VMdasPRhFWM/view?usp=sharing,https://drive.google.com/file/d/1dXaAjUF-NIGpQueyqTzx8VMdasPRhFWM/view?usp=sharing
Μαγειρευτά,ΟΧΙ,Κόκορας κρασάτος με μακαρόνι ολικής και τριμμένο τυρί light,"Μακαρόνι ολικής (210γρ), Κόκκορας (150γρ)","Ζυμαρικό, Κόκορας, Κρεμμύδι, Σκόρδο, Ντομάτα, Μέλι, Καρότο, Κανέλα, Πράσο, Γραβιέρα light ","Μακαρόνι ολικής (210γρ), Κόκκορας κρασάτος (150γρ), Σάλτσα ντομάτας (80γρ), Τριμμένο τυρί light (15γρ)",263-3,8.76,9.90,OK,"Μακαρόνια, χοντρά, ολικής, μαγειρεμένα (210γρ), Κόκορας, μαγειρεμένος (150γρ), Κόκκινη σάλτσα (για κόκκορα κρασάτο) (80γρ), Γραβιέρα light  (15γρ)",3.39,3.83,0.18,0.23,3.57,3.57,4.06,40.80%,€5.19,38.70%,2.10%,747,72,48,30,https://drive.google.com/file/d/1dXaAjUF-NIGpQueyqTzx8VMdasPRhFWM/view?usp=sharing,https://drive.google.com/file/d/1dXaAjUF-NIGpQueyqTzx8VMdasPRhFWM/view?usp=sharing
Μαγειρευτά,ΟΧΙ,Κόκορας κρασάτος με μακαρόνι ολικής και τριμμένο τυρί light,"Μακαρόνι ολικής (240γρ), Κόκκορας (90γρ)","Ζυμαρικό, Κόκορας, Κρεμμύδι, Σκόρδο, Ντομάτα, Μέλι, Καρότο, Κανέλα, Πράσο, Γραβιέρα light ","Μακαρόνι ολικής (240γρ), Κόκκορας κρασάτος (90γρ), Σάλτσα ντομάτας (80γρ), Τριμμένο τυρί light (15γρ)",263-4,8.76,9.90,OK,"Μακαρόνια, χοντρά, ολικής, μαγειρεμένα (240γρ), Κόκορας, μαγειρεμένος (90γρ), Κόκκινη σάλτσα (για κόκκορα κρασάτο) (80γρ), Γραβιέρα light  (15γρ)",2.37,2.68,0.18,0.23,2.55,2.55,2.91,29.16%,€6.21,27.05%,2.10%,679,81,38,24,https://drive.google.com/file/d/1dXaAjUF-NIGpQueyqTzx8VMdasPRhFWM/view?usp=sharing,https://drive.google.com/file/d/1dXaAjUF-NIGpQueyqTzx8VMdasPRhFWM/view?usp=sharing
Μαγειρευτά,ΝΑΙ,Κόκορας κρασάτος με μακαρόνι ολικής και τριμμένο τυρί light,"Μακαρόνι ολικής (240γρ), Κόκκορας (120γρ)","Ζυμαρικό, Κόκορας, Κρεμμύδι, Σκόρδο, Ντομάτα, Μέλι, Καρότο, Κανέλα, Πράσο, Γραβιέρα light ","Μακαρόνι ολικής (240γρ), Κόκκορας κρασάτος (120γρ), Σάλτσα ντομάτας (80γρ), Τριμμένο τυρί light (15γρ)",263-5,9.20,10.40,OK,"Μακαρόνια, χοντρά, ολικής, μαγειρεμένα (240γρ), Κόκορας, μαγειρεμένος (120γρ), Κόκκινη σάλτσα (για κόκκορα κρασάτο) (80γρ), Γραβιέρα light  (15γρ)",2.90,3.28,0.18,0.23,3.08,3.08,3.51,33.52%,€6.12,31.52%,2.00%,735,81,44,27,https://drive.google.com/file/d/1dXaAjUF-NIGpQueyqTzx8VMdasPRhFWM/view?usp=sharing,https://drive.google.com/file/d/1dXaAjUF-NIGpQueyqTzx8VMdasPRhFWM/view?usp=sharing
Μαγειρευτά,ΟΧΙ,Κόκορας κρασάτος με μακαρόνι ολικής και τριμμένο τυρί light,"Μακαρόνι ολικής (240γρ), Κόκκορας (150γρ)","Ζυμαρικό, Κόκορας, Κρεμμύδι, Σκόρδο, Ντομάτα, Μέλι, Καρότο, Κανέλα, Πράσο, Γραβιέρα light ","Μακαρόνι ολικής (240γρ), Κόκκορας κρασάτος (150γρ), Σάλτσα ντομάτας (80γρ), Τριμμένο τυρί light (15γρ)",263-6,9.65,10.90,OK,"Μακαρόνια, χοντρά, ολικής, μαγειρεμένα (240γρ), Κόκορας, μαγειρεμένος (150γρ), Κόκκινη σάλτσα (για κόκκορα κρασάτο) (80γρ), Γραβιέρα light  (15γρ)",3.43,3.88,0.18,0.23,3.61,3.61,4.10,37.45%,€6.04,35.54%,1.91%,791,81,50,31,https://drive.google.com/file/d/1dXaAjUF-NIGpQueyqTzx8VMdasPRhFWM/view?usp=sharing,https://drive.google.com/file/d/1dXaAjUF-NIGpQueyqTzx8VMdasPRhFWM/view?usp=sharing
Μαγειρευτά,ΟΧΙ,Κόκορας κρασάτος με μακαρόνι ολικής και τριμμένο τυρί light,"Μακαρόνι ολικής (300γρ), Κόκκορας (90γρ)","Ζυμαρικό, Κόκορας, Κρεμμύδι, Σκόρδο, Ντομάτα, Μέλι, Καρότο, Κανέλα, Πράσο, Γραβιέρα light ","Μακαρόνι ολικής (300γρ), Κόκκορας κρασάτος (90γρ), Σάλτσα ντομάτας (80γρ), Τριμμένο τυρί light (15γρ)",263-7,9.65,10.90,OK,"Μακαρόνια, χοντρά, ολικής, μαγειρεμένα (300γρ), Κόκορας, μαγειρεμένος (90γρ), Κόκκινη σάλτσα (για κόκκορα κρασάτο) (80γρ), Γραβιέρα light  (15γρ)",2.45,2.77,0.18,0.23,2.63,2.63,3.00,27.30%,€7.02,25.39%,1.91%,768,99,41,25,https://drive.google.com/file/d/1dXaAjUF-NIGpQueyqTzx8VMdasPRhFWM/view?usp=sharing,https://drive.google.com/file/d/1dXaAjUF-NIGpQueyqTzx8VMdasPRhFWM/view?usp=sharing
Μαγειρευτά,ΟΧΙ,Κόκορας κρασάτος με μακαρόνι ολικής και τριμμένο τυρί light,"Μακαρόνι ολικής (300γρ), Κόκκορας (120γρ)","Ζυμαρικό, Κόκορας, Κρεμμύδι, Σκόρδο, Ντομάτα, Μέλι, Καρότο, Κανέλα, Πράσο, Γραβιέρα light ","Μακαρόνι ολικής (300γρ), Κόκκορας κρασάτος (120γρ), Σάλτσα ντομάτας (80γρ), Τριμμένο τυρί light (15γρ)",263-8,10.09,11.40,OK,"Μακαρόνια, χοντρά, ολικής, μαγειρεμένα (300γρ), Κόκορας, μαγειρεμένος (120γρ), Κόκκινη σάλτσα (για κόκκορα κρασάτο) (80γρ), Γραβιέρα light  (15γρ)",2.98,3.37,0.18,0.23,3.16,3.16,3.60,31.36%,€6.93,29.53%,1.82%,824,99,47,28,https://drive.google.com/file/d/1dXaAjUF-NIGpQueyqTzx8VMdasPRhFWM/view?usp=sharing,https://drive.google.com/file/d/1dXaAjUF-NIGpQueyqTzx8VMdasPRhFWM/view?usp=sharing
Μαγειρευτά,ΟΧΙ,Κόκορας κρασάτος με μακαρόνι ολικής και τριμμένο τυρί light,"Μακαρόνι ολικής (300γρ), Κόκκορας (150γρ)","Ζυμαρικό, Κόκορας, Κρεμμύδι, Σκόρδο, Ντομάτα, Μέλι, Καρότο, Κανέλα, Πράσο, Γραβιέρα light ","Μακαρόνι ολικής (300γρ), Κόκκορας κρασάτος (150γρ), Σάλτσα ντομάτας (80γρ), Τριμμένο τυρί light (15γρ)",263-9,10.53,11.90,OK,"Μακαρόνια, χοντρά, ολικής, μαγειρεμένα (300γρ), Κόκορας, μαγειρεμένος (150γρ), Κόκκινη σάλτσα (για κόκκορα κρασάτο) (80γρ), Γραβιέρα light  (15γρ)",3.51,3.97,0.18,0.23,3.69,3.69,4.19,35.08%,€6.84,33.33%,1.75%,880,99,53,32,https://drive.google.com/file/d/1dXaAjUF-NIGpQueyqTzx8VMdasPRhFWM/view?usp=sharing,https://drive.google.com/file/d/1dXaAjUF-NIGpQueyqTzx8VMdasPRhFWM/view?usp=sharing
Μαγειρευτά,ΟΧΙ,Κολοκυθοκεφτέδες φούρνου με ψητά λαχανικά και φέτα light,Κολοκυθοκεφτέδες (180γρ),"Κολοκύθι, Βρώμη, Αλεύρι αμυγδάλου, Ντομάτα, Αυγό, Σκόρδο, Μαϊντανός, Άνηθος, Φέτα light, Μελιτζάνα, Μανιτάρι, Πιπεριά, Γιαούρτι, Μέλι, Σχοινόπρασο","Κολοκυθοκεφτέδες (180γρ), Ψητά λαχανικά (140γρ), Sauce γιαουρτιού (50γρ)",124-1,7.52,8.50,OK,"Κολοκυθοκεφτέδες φούρνου με μυρωδικά, αλεύρι αμυγδάλου (180γρ), Sauce γιαουρτιού (50γρ), Λαχανικά ψητά (140γρ)",2.34,2.64,0.20,0.25,2.54,2.54,2.89,33.75%,€4.98,31.12%,2.63%,441,41,19,24,https://drive.google.com/file/d/1kF_5HBBpnik4MU8HUON7eXlfixYmurMl/view?usp=sharing,https://drive.google.com/file/d/1kF_5HBBpnik4MU8HUON7eXlfixYmurMl/view?usp=sharing
Μαγειρευτά,ΝΑΙ,Κολοκυθοκεφτέδες φούρνου με ψητά λαχανικά και φέτα light,Κολοκυθοκεφτέδες (240γρ),"Κολοκύθι, Βρώμη, Αλεύρι αμυγδάλου, Ντομάτα, Αυγό, Σκόρδο, Μαϊντανός, Άνηθος, Φέτα light, Μελιτζάνα, Μανιτάρι, Πιπεριά, Γιαούρτι, Μέλι, Σχοινόπρασο","Κολοκυθοκεφτέδες (240γρ), Ψητά λαχανικά (140γρ), Sauce γιαουρτιού (50γρ)",124-2,7.88,8.90,OK,"Κολοκυθοκεφτέδες φούρνου με μυρωδικά, αλεύρι αμυγδάλου (240γρ), Sauce γιαουρτιού (50γρ), Λαχανικά ψητά (140γρ)",2.61,2.95,0.20,0.25,2.81,2.81,3.19,35.63%,€5.07,33.12%,2.51%,549,52,23,29,https://drive.google.com/file/d/1kF_5HBBpnik4MU8HUON7eXlfixYmurMl/view?usp=sharing,https://drive.google.com/file/d/1kF_5HBBpnik4MU8HUON7eXlfixYmurMl/view?usp=sharing
Μαγειρευτά,ΟΧΙ,Κολοκυθοκεφτέδες φούρνου με ψητά λαχανικά και φέτα light,Κολοκυθοκεφτέδες (300γρ),"Κολοκύθι, Βρώμη, Αλεύρι αμυγδάλου, Ντομάτα, Αυγό, Σκόρδο, Μαϊντανός, Άνηθος, Φέτα light, Μελιτζάνα, Μανιτάρι, Πιπεριά, Γιαούρτι, Μέλι, Σχοινόπρασο","Κολοκυθοκεφτέδες (300γρ), Ψητά λαχανικά (140γρ), Sauce γιαουρτιού (50γρ)",124-3,8.41,9.50,OK,"Κολοκυθοκεφτέδες φούρνου με μυρωδικά, αλεύρι αμυγδάλου (300γρ), Sauce γιαουρτιού (50γρ), Λαχανικά ψητά (140γρ)",2.88,3.25,0.20,0.25,3.08,3.08,3.50,36.60%,€5.33,34.24%,2.35%,657,63,28,35,https://drive.google.com/file/d/1kF_5HBBpnik4MU8HUON7eXlfixYmurMl/view?usp=sharing,https://drive.google.com/file/d/1kF_5HBBpnik4MU8HUON7eXlfixYmurMl/view?usp=sharing
Μαγειρευτά,ΟΧΙ,Κοτόπουλο με σάλτσα φυστικοβούτυρου και ρύζι basmati,"Κοτόπουλο μπούτι (120γρ), Ρύζι (60γρ), Σάλτσα φυστικοβούτυρο με σόγια (70γρ)","Κοτόπουλο, Φυστικοβούτυρο, Σόγια, Μέλι, Σκόρδο, Ginger, Μπούκοβο, Σουσάμι, Φρέσκο κρεμμυδάκι, Ρύζι","Κοτόπουλο μπούτι (120γρ), Ρύζι (60γρ), Σουσάμι (1γρ), Φρέσκο κρεμμυδάκι (5γρ), Σάλτσα φυστικοβούτυρο με σόγια (70γρ)",325-1,7.88,8.90,OK,"Κοτόπουλο μπούτι, μαγειρεμένο (120γρ), Ρύζι (60γρ), Σουσάμι (1γρ), Φρέσκο κρεμμυδάκι, ωμό (5γρ), Σάλτσα φυστικοβούτυρο με σόγια (70γρ)",1.80,2.03,0.14,0.17,1.94,1.94,2.21,24.62%,€5.94,22.84%,1.78%,569,31,39,31,https://drive.google.com/file/d/11iMenaprZG3o7Ny_izC4sO1QCY5ztm_v/view?usp=sharing,
Μαγειρευτά,ΟΧΙ,Κοτόπουλο με σάλτσα φυστικοβούτυρου και ρύζι basmati,"Κοτόπουλο μπούτι (120γρ), Ρύζι (120γρ), Σάλτσα φυστικοβούτυρο με σόγια (70γρ)","Κοτόπουλο, Φυστικοβούτυρο, Σόγια, Μέλι, Σκόρδο, Ginger, Μπούκοβο, Σουσάμι, Φρέσκο κρεμμυδάκι, Ρύζι","Κοτόπουλο μπούτι (120γρ), Ρύζι (120γρ), Σουσάμι (1γρ), Φρέσκο κρεμμυδάκι (5γρ), Σάλτσα φυστικοβούτυρο με σόγια (70γρ)",325-2,8.23,9.30,OK,"Κοτόπουλο μπούτι, μαγειρεμένο (120γρ), Ρύζι (120γρ), Σουσάμι (1γρ), Φρέσκο κρεμμυδάκι, ωμό (5γρ), Σάλτσα φυστικοβούτυρο με σόγια (70γρ)",1.86,2.10,0.14,0.17,2.00,2.00,2.28,24.30%,€6.23,22.60%,1.70%,661,46,41,34,https://drive.google.com/file/d/11iMenaprZG3o7Ny_izC4sO1QCY5ztm_v/view?usp=sharing,
Μαγειρευτά,ΟΧΙ,Κοτόπουλο με σάλτσα φυστικοβούτυρου και ρύζι basmati,"Κοτόπουλο μπούτι (120γρ), Ρύζι (180γρ), Σάλτσα φυστικοβούτυρο με σόγια (70γρ)","Κοτόπουλο, Φυστικοβούτυρο, Σόγια, Μέλι, Σκόρδο, Ginger, Μπούκοβο, Σουσάμι, Φρέσκο κρεμμυδάκι, Ρύζι","Κοτόπουλο μπούτι (120γρ), Ρύζι (180γρ), Σουσάμι (1γρ), Φρέσκο κρεμμυδάκι (5γρ), Σάλτσα φυστικοβούτυρο με σόγια (70γρ)",325-3,8.41,9.50,OK,"Κοτόπουλο μπούτι, μαγειρεμένο (120γρ), Ρύζι (180γρ), Σουσάμι (1γρ), Φρέσκο κρεμμυδάκι, ωμό (5γρ), Σάλτσα φυστικοβούτυρο με σόγια (70γρ)",1.93,2.18,0.14,0.17,2.07,2.07,2.35,24.61%,€6.34,22.95%,1.66%,753,62,42,36,https://drive.google.com/file/d/11iMenaprZG3o7Ny_izC4sO1QCY5ztm_v/view?usp=sharing,
Μαγειρευτά,ΟΧΙ,Κοτόπουλο με σάλτσα φυστικοβούτυρου και ρύζι basmati,"Κοτόπουλο μπούτι (150γρ), Ρύζι (60γρ), Σάλτσα φυστικοβούτυρο με σόγια (70γρ)","Κοτόπουλο, Φυστικοβούτυρο, Σόγια, Μέλι, Σκόρδο, Ginger, Μπούκοβο, Σουσάμι, Φρέσκο κρεμμυδάκι, Ρύζι","Κοτόπουλο μπούτι (150γρ), Ρύζι (60γρ), Σουσάμι (1γρ), Φρέσκο κρεμμυδάκι (5γρ), Σάλτσα φυστικοβούτυρο με σόγια (70γρ)",325-4,8.76,9.90,OK,"Κοτόπουλο μπούτι, μαγειρεμένο (150γρ), Ρύζι (60γρ), Σουσάμι (1γρ), Φρέσκο κρεμμυδάκι, ωμό (5γρ), Σάλτσα φυστικοβούτυρο με σόγια (70γρ)",2.15,2.43,0.14,0.17,2.29,2.29,2.60,26.14%,€6.47,24.54%,1.60%,626,31,46,34,https://drive.google.com/file/d/11iMenaprZG3o7Ny_izC4sO1QCY5ztm_v/view?usp=sharing,
Μαγειρευτά,ΟΧΙ,Κοτόπουλο με σάλτσα φυστικοβούτυρου και ρύζι basmati,"Κοτόπουλο μπούτι (150γρ), Ρύζι (120γρ), Σάλτσα φυστικοβούτυρο με σόγια (70γρ)","Κοτόπουλο, Φυστικοβούτυρο, Σόγια, Μέλι, Σκόρδο, Ginger, Μπούκοβο, Σουσάμι, Φρέσκο κρεμμυδάκι, Ρύζι","Κοτόπουλο μπούτι (150γρ), Ρύζι (120γρ), Σουσάμι (1γρ), Φρέσκο κρεμμυδάκι (5γρ), Σάλτσα φυστικοβούτυρο με σόγια (70γρ)",325-5,9.12,10.30,OK,"Κοτόπουλο μπούτι, μαγειρεμένο (150γρ), Ρύζι (120γρ), Σουσάμι (1γρ), Φρέσκο κρεμμυδάκι, ωμό (5γρ), Σάλτσα φυστικοβούτυρο με σόγια (70γρ)",2.21,2.50,0.14,0.17,2.35,2.35,2.67,25.77%,€6.77,24.23%,1.54%,718,46,48,37,https://drive.google.com/file/d/11iMenaprZG3o7Ny_izC4sO1QCY5ztm_v/view?usp=sharing,
Μαγειρευτά,ΟΧΙ,Κοτόπουλο με σάλτσα φυστικοβούτυρου και ρύζι basmati,"Κοτόπουλο μπούτι (150γρ), Ρύζι (180γρ), Σάλτσα φυστικοβούτυρο με σόγια (70γρ)","Κοτόπουλο, Φυστικοβούτυρο, Σόγια, Μέλι, Σκόρδο, Ginger, Μπούκοβο, Σουσάμι, Φρέσκο κρεμμυδάκι, Ρύζι","Κοτόπουλο μπούτι (150γρ), Ρύζι (180γρ), Σουσάμι (1γρ), Φρέσκο κρεμμυδάκι (5γρ), Σάλτσα φυστικοβούτυρο με σόγια (70γρ)",325-6,9.29,10.50,OK,"Κοτόπουλο μπούτι, μαγειρεμένο (150γρ), Ρύζι (180γρ), Σουσάμι (1γρ), Φρέσκο κρεμμυδάκι, ωμό (5γρ), Σάλτσα φυστικοβούτυρο με σόγια (70γρ)",2.28,2.58,0.14,0.17,2.42,2.42,2.75,26.05%,€6.87,24.54%,1.51%,810,62,49,39,https://drive.google.com/file/d/11iMenaprZG3o7Ny_izC4sO1QCY5ztm_v/view?usp=sharing,
Μαγειρευτά,ΟΧΙ,Κοτόπουλο με σάλτσα φυστικοβούτυρου και ρύζι basmati,"Κοτόπουλο μπούτι (180γρ), Ρύζι (120γρ), Σάλτσα φυστικοβούτυρο με σόγια (70γρ)","Κοτόπουλο, Φυστικοβούτυρο, Σόγια, Μέλι, Σκόρδο, Ginger, Μπούκοβο, Σουσάμι, Φρέσκο κρεμμυδάκι, Ρύζι","Κοτόπουλο μπούτι (180γρ), Ρύζι (120γρ), Σουσάμι (1γρ), Φρέσκο κρεμμυδάκι (5γρ), Σάλτσα φυστικοβούτυρο με σόγια (70γρ)",325-7,9.65,10.90,OK,"Κοτόπουλο μπούτι, μαγειρεμένο (180γρ), Ρύζι (120γρ), Σουσάμι (1γρ), Φρέσκο κρεμμυδάκι, ωμό (5γρ), Σάλτσα φυστικοβούτυρο με σόγια (70γρ)",2.56,2.89,0.14,0.17,2.70,2.70,3.07,27.98%,€6.95,26.53%,1.45%,776,46,55,40,https://drive.google.com/file/d/11iMenaprZG3o7Ny_izC4sO1QCY5ztm_v/view?usp=sharing,
Μαγειρευτά,ΝΑΙ,Κοτόπουλο με σάλτσα φυστικοβούτυρου και ρύζι basmati,"Κοτόπουλο μπούτι (180γρ), Ρύζι (180γρ), Σάλτσα φυστικοβούτυρο με σόγια (70γρ)","Κοτόπουλο, Φυστικοβούτυρο, Σόγια, Μέλι, Σκόρδο, Ginger, Μπούκοβο, Σουσάμι, Φρέσκο κρεμμυδάκι, Ρύζι","Κοτόπουλο μπούτι (180γρ), Ρύζι (180γρ), Σουσάμι (1γρ), Φρέσκο κρεμμυδάκι (5γρ), Σάλτσα φυστικοβούτυρο με σόγια (70γρ)",325-8,10.00,11.30,OK,"Κοτόπουλο μπούτι, μαγειρεμένο (180γρ), Ρύζι (180γρ), Σουσάμι (1γρ), Φρέσκο κρεμμυδάκι, ωμό (5γρ), Σάλτσα φυστικοβούτυρο με σόγια (70γρ)",2.63,2.97,0.14,0.17,2.77,2.77,3.15,27.70%,€7.23,26.30%,1.40%,868,62,56,43,https://drive.google.com/file/d/11iMenaprZG3o7Ny_izC4sO1QCY5ztm_v/view?usp=sharing,
Μαγειρευτά,ΟΧΙ,Κοτόπουλο με σάλτσα φυστικοβούτυρου και ρύζι basmati,"Κοτόπουλο μπούτι (180γρ), Ρύζι (240γρ), Σάλτσα φυστικοβούτυρο με σόγια (70γρ)","Κοτόπουλο, Φυστικοβούτυρο, Σόγια, Μέλι, Σκόρδο, Ginger, Μπούκοβο, Σουσάμι, Φρέσκο κρεμμυδάκι, Ρύζι","Κοτόπουλο μπούτι (180γρ), Ρύζι (240γρ), Σουσάμι (1γρ), Φρέσκο κρεμμυδάκι (5γρ), Σάλτσα φυστικοβούτυρο με σόγια (70γρ)",325-9,10.18,11.50,OK,"Κοτόπουλο μπούτι, μαγειρεμένο (180γρ), Ρύζι (240γρ), Σουσάμι (1γρ), Φρέσκο κρεμμυδάκι, ωμό (5γρ), Σάλτσα φυστικοβούτυρο με σόγια (70γρ)",2.69,3.04,0.14,0.17,2.83,2.83,3.21,27.80%,€7.35,26.42%,1.38%,960,77,58,45,https://drive.google.com/file/d/11iMenaprZG3o7Ny_izC4sO1QCY5ztm_v/view?usp=sharing,
Μαγειρευτά,ΟΧΙ,Κοτόπουλο μπούτι μαριναρισμένο με μουστάρδα και πατάτες φούρνου,"Μπούτι κοτόπουλο (260γρ), Αρωματικές πατάτες φούρνου (80γρ)","Κοτόπουλο, Ζωμός λαχανικών, Μουστάρδα, Πατάτα","Μπούτι κοτόπουλο (260γρ), Αρωματικές πατάτες φούρνου (80γρ)",330-1,7.88,8.90,OK,"Μπούτι κοτόπουλο με κόκκαλο, μαγειρεμένο (260γρ), Αρωματικές πατάτες φούρνου (80γρ)",1.03,1.16,0.14,0.17,1.17,1.17,1.34,14.85%,€6.71,13.07%,1.78%,590,13,64,30,https://drive.google.com/file/d/1rRWWp0Ytq-2m7AkaHQ9emm0sj-KtUY5u/view?usp=sharing,
Μαγειρευτά,ΝΑΙ,Κοτόπουλο μπούτι μαριναρισμένο με μουστάρδα και πατάτες φούρνου,"Μπούτι κοτόπουλο (260γρ), Αρωματικές πατάτες φούρνου (160γρ)","Κοτόπουλο, Ζωμός λαχανικών, Μουστάρδα, Πατάτα","Μπούτι κοτόπουλο (260γρ), Αρωματικές πατάτες φούρνου (160γρ)",330-2,8.41,9.50,OK,"Μπούτι κοτόπουλο με κόκκαλο, μαγειρεμένο (260γρ), Αρωματικές πατάτες φούρνου (160γρ)",1.21,1.37,0.14,0.17,1.35,1.35,1.54,16.05%,€7.06,14.39%,1.66%,702,27,65,36,https://drive.google.com/file/d/1rRWWp0Ytq-2m7AkaHQ9emm0sj-KtUY5u/view?usp=sharing,
Μαγειρευτά,ΟΧΙ,Κοτόπουλο μπούτι μαριναρισμένο με μουστάρδα και πατάτες φούρνου,"Μπούτι κοτόπουλο (260γρ), Αρωματικές πατάτες φούρνου (240γρ)","Κοτόπουλο, Ζωμός λαχανικών, Μουστάρδα, Πατάτα","Μπούτι κοτόπουλο (260γρ), Αρωματικές πατάτες φούρνου (240γρ)",330-3,8.76,9.90,OK,"Μπούτι κοτόπουλο με κόκκαλο, μαγειρεμένο (260γρ), Αρωματικές πατάτες φούρνου (240γρ)",1.39,1.57,0.14,0.17,1.53,1.53,1.74,17.47%,€7.23,15.87%,1.60%,814,40,67,42,https://drive.google.com/file/d/1rRWWp0Ytq-2m7AkaHQ9emm0sj-KtUY5u/view?usp=sharing,
Πρωϊνά,ΝΑΙ,Κουακερόπιτα με κατσίκισιο τυρί,Κουακερόπιτα (180γρ),"Αυγό, Βρώμη, Γάλα αμυγδάλου, Κατσικίσιο τυρί, Καρότο, Κολοκύθι, Πάπρικα","Κουακερόπιτα με γάλα αμυγδάλου, βρώμη, κατσικίσιο τυρί, καρότο, κολοκύθι και πάπρικα (180γρ)",66,4.34,4.90,OK,Κουακερόπιτα (180γρ),0.79,0.89,0.16,0.19,0.95,0.95,1.08,21.77%,€3.40,18.20%,3.57%,318,17,15,20,https://drive.google.com/file/d/1SzOttfnDMFizkBDv9kjXs5EdaM_op2fR/view?usp=sharing,https://drive.google.com/file/d/1SzOttfnDMFizkBDv9kjXs5EdaM_op2fR/view?usp=sharing
Πρωϊνά,ΝΑΙ,"Κουακεροπιτάκια με μέλι, ταχίνι και κανέλλα",Κουακεροπιτάκια (60γρ),"Μέλι, Ηλιόσπορος, Σπόροι κάνναβης, Ταχίνι, Κανέλα, Φρούτο, Αυγό, Βρώμη, Κανέλα, Γάλα βρώμης","Κουακεροπιτάκια (60γρ), Μέλι (30γρ), Ηλιόσποροι (20γρ), Σπόροι κάνναβης (5γρ), Ταχίνι (30γρ), Κανέλα (2γρ), Φρούτο εποχής (60γρ)",222,4.34,4.90,OK,"Κουακεροπιτάκι γλυκό (60γρ), Μέλι (30γρ), Ηλιόσπορος (20γρ), Σπόροι κάνναβης (5γρ), Ταχίνι (30γρ), Κανέλα, τριμμένη (2γρ), Φρούτο φρέσκο (60γρ)",0.83,0.94,0.19,0.23,1.02,1.02,1.17,23.48%,€3.32,19.12%,4.35%,623,76,17,32,https://drive.google.com/file/d/1e8yGE7_pdmsayttSXAssFp14cVMSUVhB/view?usp=sharing,https://drive.google.com/file/d/1e8yGE7_pdmsayttSXAssFp14cVMSUVhB/view?usp=sharing
Μαγειρευτά,ΟΧΙ,Κουνουπίδι καπαμά και φέτα light,"Κουνουπίδι καπαμά (300γρ), Φέτα light (30γρ)","Κουνουπίδι, Κρεμμύδι, Σκόρδο, Ντομάτα, Κολοκύθι, Μέλι, Chili πιπεριά, Ζωμός λαχανικών, Μαϊντανός, Φέτα light","Κουνουπίδι καπαμά με σάλτσα ντομάτας, κολοκύθι και μυρωδικά (300γρ), Πατάτα (50γρ), Φέτα light (30γρ)",233-1,6.55,7.40,OK,"Κουνουπίδι καπαμά με σάλτσα ντομάτας, πατάτα, κολοκύθι και μυρωδικά (300γρ), Πατάτα, μαγειρεμένη (50γρ), Φέτα τυρί, light (30γρ)",1.56,1.76,0.20,0.25,1.76,1.76,2.01,26.84%,€4.79,23.82%,3.02%,292,35,11,15,https://drive.google.com/file/d/1nCm7yKHuzaBPPF5dqUlKAqpiKgD8pp3h/view?usp=sharing,https://drive.google.com/file/d/1nCm7yKHuzaBPPF5dqUlKAqpiKgD8pp3h/view?usp=sharing
Μαγειρευτά,ΟΧΙ,Κουνουπίδι καπαμά και φέτα light,"Κουνουπίδι καπαμά (300γρ), Φέτα light (60γρ)","Κουνουπίδι, Κρεμμύδι, Σκόρδο, Ντομάτα, Κολοκύθι, Μέλι, Chili πιπεριά, Ζωμός λαχανικών, Μαϊντανός, Φέτα light","Κουνουπίδι καπαμά με σάλτσα ντομάτας, κολοκύθι και μυρωδικά (300γρ), Πατάτα (50γρ), Φέτα light (60γρ)",233-2,6.99,7.90,OK,"Κουνουπίδι καπαμά με σάλτσα ντομάτας, πατάτα, κολοκύθι και μυρωδικά (300γρ), Πατάτα, μαγειρεμένη (50γρ), Φέτα τυρί, light (60γρ)",2.07,2.34,0.20,0.25,2.27,2.27,2.58,32.44%,€4.72,29.61%,2.83%,342,35,17,18,https://drive.google.com/file/d/1nCm7yKHuzaBPPF5dqUlKAqpiKgD8pp3h/view?usp=sharing,https://drive.google.com/file/d/1nCm7yKHuzaBPPF5dqUlKAqpiKgD8pp3h/view?usp=sharing
Μαγειρευτά,ΟΧΙ,Κουνουπίδι καπαμά και φέτα light,"Κουνουπίδι καπαμά (400γρ), Φέτα light (30γρ)","Κουνουπίδι, Κρεμμύδι, Σκόρδο, Ντομάτα, Κολοκύθι, Μέλι, Chili πιπεριά, Ζωμός λαχανικών, Μαϊντανός, Φέτα light","Κουνουπίδι καπαμά με σάλτσα ντομάτας, κολοκύθι και μυρωδικά (400γρ), Πατάτα (50γρ), Φέτα light (30γρ)",233-3,7.43,8.40,OK,"Κουνουπίδι καπαμά με σάλτσα ντομάτας, πατάτα, κολοκύθι και μυρωδικά (400γρ), Πατάτα, μαγειρεμένη (50γρ), Φέτα τυρί, light (30γρ)",1.89,2.14,0.20,0.25,2.09,2.09,2.38,28.10%,€5.34,25.44%,2.66%,359,43,13,19,https://drive.google.com/file/d/1nCm7yKHuzaBPPF5dqUlKAqpiKgD8pp3h/view?usp=sharing,https://drive.google.com/file/d/1nCm7yKHuzaBPPF5dqUlKAqpiKgD8pp3h/view?usp=sharing
Μαγειρευτά,ΝΑΙ,Κουνουπίδι καπαμά και φέτα light,"Κουνουπίδι καπαμά (400γρ), Φέτα light (60γρ)","Κουνουπίδι, Κρεμμύδι, Σκόρδο, Ντομάτα, Κολοκύθι, Μέλι, Chili πιπεριά, Ζωμός λαχανικών, Μαϊντανός, Φέτα light","Κουνουπίδι καπαμά με σάλτσα ντομάτας, κολοκύθι και μυρωδικά (400γρ), Πατάτα (50γρ), Φέτα light (60γρ)",233-4,7.88,8.90,OK,"Κουνουπίδι καπαμά με σάλτσα ντομάτας, πατάτα, κολοκύθι και μυρωδικά (400γρ), Πατάτα, μαγειρεμένη (50γρ), Φέτα τυρί, light (60γρ)",2.40,2.71,0.20,0.25,2.60,2.60,2.96,32.97%,€5.28,30.46%,2.51%,408,43,19,22,https://drive.google.com/file/d/1nCm7yKHuzaBPPF5dqUlKAqpiKgD8pp3h/view?usp=sharing,https://drive.google.com/file/d/1nCm7yKHuzaBPPF5dqUlKAqpiKgD8pp3h/view?usp=sharing
Μαγειρευτά,ΟΧΙ,Κουνουπίδι καπαμά και φέτα light,"Κουνουπίδι καπαμά (400γρ), Φέτα light (90γρ)","Κουνουπίδι, Κρεμμύδι, Σκόρδο, Ντομάτα, Κολοκύθι, Μέλι, Chili πιπεριά, Ζωμός λαχανικών, Μαϊντανός, Φέτα light","Κουνουπίδι καπαμά με σάλτσα ντομάτας, κολοκύθι και μυρωδικά (400γρ), Πατάτα (50γρ), Φέτα light (90γρ)",233-5,7.88,8.90,OK,"Κουνουπίδι καπαμά με σάλτσα ντομάτας, πατάτα, κολοκύθι και μυρωδικά (400γρ), Πατάτα, μαγειρεμένη (50γρ), Φέτα τυρί, light (90γρ)",2.91,3.29,0.20,0.25,3.11,3.11,3.53,39.44%,€4.77,36.93%,2.51%,457,43,24,26,https://drive.google.com/file/d/1nCm7yKHuzaBPPF5dqUlKAqpiKgD8pp3h/view?usp=sharing,https://drive.google.com/file/d/1nCm7yKHuzaBPPF5dqUlKAqpiKgD8pp3h/view?usp=sharing
Μαγειρευτά,ΟΧΙ,Κουνουπίδι καπαμά και φέτα light,"Κουνουπίδι καπαμά (500γρ), Φέτα light (60γρ)","Κουνουπίδι, Κρεμμύδι, Σκόρδο, Ντομάτα, Κολοκύθι, Μέλι, Chili πιπεριά, Ζωμός λαχανικών, Μαϊντανός, Φέτα light","Κουνουπίδι καπαμά με σάλτσα ντομάτας, κολοκύθι και μυρωδικά (500γρ), Πατάτα (50γρ), Φέτα light (60γρ)",233-6,8.32,9.40,OK,"Κουνουπίδι καπαμά με σάλτσα ντομάτας, πατάτα, κολοκύθι και μυρωδικά (500γρ), Πατάτα, μαγειρεμένη (50γρ), Φέτα τυρί, light (60γρ)",2.73,3.08,0.20,0.25,2.93,2.93,3.33,35.19%,€5.39,32.81%,2.38%,475,52,20,26,https://drive.google.com/file/d/1nCm7yKHuzaBPPF5dqUlKAqpiKgD8pp3h/view?usp=sharing,https://drive.google.com/file/d/1nCm7yKHuzaBPPF5dqUlKAqpiKgD8pp3h/view?usp=sharing
Μαγειρευτά,ΟΧΙ,Κουνουπίδι καπαμά και φέτα light,"Κουνουπίδι καπαμά (500γρ), Φέτα light (90γρ)","Κουνουπίδι, Κρεμμύδι, Σκόρδο, Ντομάτα, Κολοκύθι, Μέλι, Chili πιπεριά, Ζωμός λαχανικών, Μαϊντανός, Φέτα light","Κουνουπίδι καπαμά με σάλτσα ντομάτας, κολοκύθι και μυρωδικά (500γρ), Πατάτα (50γρ), Φέτα light (90γρ)",233-7,8.76,9.90,OK,"Κουνουπίδι καπαμά με σάλτσα ντομάτας, πατάτα, κολοκύθι και μυρωδικά (500γρ), Πατάτα, μαγειρεμένη (50γρ), Φέτα τυρί, light (90γρ)",3.24,3.66,0.20,0.25,3.44,3.44,3.91,39.24%,€5.32,36.99%,2.26%,524,52,26,29,https://drive.google.com/file/d/1nCm7yKHuzaBPPF5dqUlKAqpiKgD8pp3h/view?usp=sharing,https://drive.google.com/file/d/1nCm7yKHuzaBPPF5dqUlKAqpiKgD8pp3h/view?usp=sharing
Μαγειρευτά,ΟΧΙ,Κριθαράκι ολικής με θαλασσινά και ντομάτα,Κριθαράκι ολικής με θαλασσινά (300γρ),"Ζυμαρικό, Χταπόδι, Σουπιά, Γαρίδα, Ντομάτα, Σκόρδο, Κρεμμύδι, Chili πιπεριά, Μαϊντανός","Κριθαράκι ολικής με θαλασσινά, ντομάτα και μυρωδικά (300γρ)",245-1,7.88,8.90,OK,"Κριθαράκι ολικής με θαλασσινα, ντομάτα και μυρωδικά (300γρ)",1.76,1.99,0.14,0.17,1.90,1.90,2.16,24.11%,€5.98,22.34%,1.78%,474,55,20,20,https://drive.google.com/file/d/1K1xYuNuoxvM03VotLdrZygRrhffbQ9HO/view?usp=sharing,https://drive.google.com/file/d/1K1xYuNuoxvM03VotLdrZygRrhffbQ9HO/view?usp=sharing
Μαγειρευτά,ΝΑΙ,Κριθαράκι ολικής με θαλασσινά και ντομάτα,Κριθαράκι ολικής με θαλασσινά (350γρ),"Ζυμαρικό, Χταπόδι, Σουπιά, Γαρίδα, Ντομάτα, Σκόρδο, Κρεμμύδι, Chili πιπεριά, Μαϊντανός","Κριθαράκι ολικής με θαλασσινά, ντομάτα και μυρωδικά (350γρ)",245-2,8.76,9.90,OK,"Κριθαράκι ολικής με θαλασσινα, ντομάτα και μυρωδικά (350γρ)",2.06,2.33,0.14,0.17,2.20,2.20,2.50,25.11%,€6.56,23.52%,1.60%,553,64,23,24,https://drive.google.com/file/d/1K1xYuNuoxvM03VotLdrZygRrhffbQ9HO/view?usp=sharing,https://drive.google.com/file/d/1K1xYuNuoxvM03VotLdrZygRrhffbQ9HO/view?usp=sharing
Μαγειρευτά,ΟΧΙ,Κριθαράκι ολικής με θαλασσινά και ντομάτα,Κριθαράκι ολικής με θαλασσινά (400γρ),"Ζυμαρικό, Χταπόδι, Σουπιά, Γαρίδα, Ντομάτα, Σκόρδο, Κρεμμύδι, Chili πιπεριά, Μαϊντανός","Κριθαράκι ολικής με θαλασσινά, ντομάτα και μυρωδικά (400γρ)",245-3,9.65,10.90,OK,"Κριθαράκι ολικής με θαλασσινα, ντομάτα και μυρωδικά (400γρ)",2.35,2.66,0.14,0.17,2.49,2.49,2.83,25.80%,€7.16,24.35%,1.45%,632,73,27,27,https://drive.google.com/file/d/1K1xYuNuoxvM03VotLdrZygRrhffbQ9HO/view?usp=sharing,https://drive.google.com/file/d/1K1xYuNuoxvM03VotLdrZygRrhffbQ9HO/view?usp=sharing
Μαγειρευτά,ΟΧΙ,Κριθαράκι ολικής με κινόα και λαχανικά,Κριθαράκι ολικής με πολύχρωμη κινόα (300γρ),"Ζυμαρικό, Κινόα, Κρεμμύδι, Πράσο, Καρότο, Κολοκύθι, Σκόρδο, Ντομάτα, Ζωμός λαχανικών, Κουκουνάρι, Μέλι, Μαϊντανός","Κριθαράκι ολικής με πολύχρωμη κινόα, καρότο, κολοκύθι και κουκουνάρι (300γρ)",120-1,6.11,6.90,OK,"Κριθαράκι ολικής με πολύχρωμη κινόα, καρότο, κολοκύθι και κουκουνάρι (300γρ)",0.68,0.77,0.14,0.17,0.82,0.82,0.94,13.42%,€5.29,11.13%,2.29%,335,57,11,9,https://drive.google.com/file/d/1ioYtlQTZdGCRCIcPHOHvBcEqU33rma29/view?usp=sharing,https://drive.google.com/file/d/1ioYtlQTZdGCRCIcPHOHvBcEqU33rma29/view?usp=sharing
Μαγειρευτά,ΟΧΙ,Κριθαράκι ολικής με κινόα και λαχανικά,Κριθαράκι ολικής με πολύχρωμη κινόα (350γρ),"Ζυμαρικό, Κινόα, Κρεμμύδι, Πράσο, Καρότο, Κολοκύθι, Σκόρδο, Ντομάτα, Ζωμός λαχανικών, Κουκουνάρι, Μέλι, Μαϊντανός","Κριθαράκι ολικής με πολύχρωμη κινόα, καρότο, κολοκύθι και κουκουνάρι (350γρ)",120-2,6.55,7.40,OK,"Κριθαράκι ολικής με πολύχρωμη κινόα, καρότο, κολοκύθι και κουκουνάρι (350γρ)",0.80,0.90,0.14,0.17,0.94,0.94,1.08,14.35%,€5.61,12.21%,2.14%,391,67,13,11,https://drive.google.com/file/d/1ioYtlQTZdGCRCIcPHOHvBcEqU33rma29/view?usp=sharing,https://drive.google.com/file/d/1ioYtlQTZdGCRCIcPHOHvBcEqU33rma29/view?usp=sharing
Μαγειρευτά,ΝΑΙ,Κριθαράκι ολικής με κινόα και λαχανικά,Κριθαράκι ολικής με πολύχρωμη κινόα (400γρ),"Ζυμαρικό, Κινόα, Κρεμμύδι, Πράσο, Καρότο, Κολοκύθι, Σκόρδο, Ντομάτα, Ζωμός λαχανικών, Κουκουνάρι, Μέλι, Μαϊντανός","Κριθαράκι ολικής με πολύχρωμη κινόα, καρότο, κολοκύθι και κουκουνάρι (400γρ)",120-3,6.99,7.90,OK,"Κριθαράκι ολικής με πολύχρωμη κινόα, καρότο, κολοκύθι και κουκουνάρι (400γρ)",0.91,1.03,0.14,0.17,1.05,1.05,1.20,15.02%,€5.94,13.02%,2.00%,447,76,15,12,https://drive.google.com/file/d/1ioYtlQTZdGCRCIcPHOHvBcEqU33rma29/view?usp=sharing,https://drive.google.com/file/d/1ioYtlQTZdGCRCIcPHOHvBcEqU33rma29/view?usp=sharing
Μαγειρευτά,ΟΧΙ,"Κριθαράκι ολικής με κινόα, λαχανικά και φέτα light","Κριθαράκι ολικής με πολύχρωμη κινόα (300γρ), Φέτα light (30γρ)","Ζυμαρικό, Κινόα, Κρεμμύδι, Πράσο, Καρότο, Κολοκύθι, Σκόρδο, Ντομάτα, Ζωμός λαχανικών, Κουκουνάρι, Μέλι, Μαϊντανός, Φέτα light","Κριθαράκι ολικής με πολύχρωμη κινόα, καρότο, κολοκύθι και κουκουνάρι (300γρ), Τριμμένη φέτα light (30γρ)",121-1,7.52,8.50,OK,"Κριθαράκι ολικής με πολύχρωμη κινόα, καρότο, κολοκύθι και κουκουνάρι (300γρ), Φέτα τυρί, light (30γρ)",1.19,1.34,0.20,0.25,1.39,1.39,1.59,18.45%,€6.13,15.82%,2.63%,384,57,17,13,https://drive.google.com/file/d/1ioYtlQTZdGCRCIcPHOHvBcEqU33rma29/view?usp=sharing,https://drive.google.com/file/d/1ioYtlQTZdGCRCIcPHOHvBcEqU33rma29/view?usp=sharing
Μαγειρευτά,ΝΑΙ,"Κριθαράκι ολικής με κινόα, λαχανικά και φέτα light","Κριθαράκι ολικής με πολύχρωμη κινόα (350γρ), Φέτα light (60γρ)","Ζυμαρικό, Κινόα, Κρεμμύδι, Πράσο, Καρότο, Κολοκύθι, Σκόρδο, Ντομάτα, Ζωμός λαχανικών, Κουκουνάρι, Μέλι, Μαϊντανός, Φέτα light","Κριθαράκι ολικής με πολύχρωμη κινόα, καρότο, κολοκύθι και κουκουνάρι (350γρ), Τριμμένη φέτα light (60γρ)",121-2,7.88,8.90,OK,"Κριθαράκι ολικής με πολύχρωμη κινόα, καρότο, κολοκύθι και κουκουνάρι (350γρ), Φέτα τυρί, light (60γρ)",1.82,2.06,0.20,0.25,2.02,2.02,2.30,25.61%,€5.86,23.10%,2.51%,489,67,24,18,https://drive.google.com/file/d/1ioYtlQTZdGCRCIcPHOHvBcEqU33rma29/view?usp=sharing,https://drive.google.com/file/d/1ioYtlQTZdGCRCIcPHOHvBcEqU33rma29/view?usp=sharing
Μαγειρευτά,ΟΧΙ,"Κριθαράκι ολικής με κινόα, λαχανικά και φέτα light","Κριθαράκι ολικής με πολύχρωμη κινόα (400γρ), Φέτα light (60γρ)","Ζυμαρικό, Κινόα, Κρεμμύδι, Πράσο, Καρότο, Κολοκύθι, Σκόρδο, Ντομάτα, Ζωμός λαχανικών, Κουκουνάρι, Μέλι, Μαϊντανός, Φέτα light","Κριθαράκι ολικής με πολύχρωμη κινόα, καρότο, κολοκύθι και κουκουνάρι (400γρ), Τριμμένη φέτα light (60γρ)",121-3,8.41,9.50,OK,"Κριθαράκι ολικής με πολύχρωμη κινόα, καρότο, κολοκύθι και κουκουνάρι (400γρ), Φέτα τυρί, light (60γρ)",1.93,2.18,0.20,0.25,2.13,2.13,2.43,25.30%,€6.28,22.95%,2.35%,545,76,26,20,https://drive.google.com/file/d/1ioYtlQTZdGCRCIcPHOHvBcEqU33rma29/view?usp=sharing,https://drive.google.com/file/d/1ioYtlQTZdGCRCIcPHOHvBcEqU33rma29/view?usp=sharing
Μαγειρευτά,ΟΧΙ,Κρύα σούπα Gazpacho τομάτας με φέτα light,"Σούπα gazphacho τομάτας (350γρ), Ελαιόλαδο (10γρ)","Ντομάτα, Αγγούρι, Κρεμμύδι, Πράσινη πιπεριά, Κόκκινη πιπεριά, Σκόρδο, Φέτα light, Ελιά","Σούπα gazphacho τομάτας (350γρ), Φέτα light (30γρ), Ντοματίνια (30γρ), Αγγούρι (30γρ), Ελιά (10γρ), Ελαιόλαδο (10γρ), Ρίγανη (1γρ)",322-1,6.64,7.50,Product Cost Change,"Σούπα gazphacho τομάτας (350γρ), Φέτα τυρί, light (30γρ), Ντοματίνια, ωμά (30γρ), Αγγούρι, ωμό (30γρ), Ελιά, πράσινη, ολόκληρη (10γρ), Ελαιόλαδο (10γρ), Ρίγανη (1γρ)",1.52,1.72,0.13,0.16,1.64,1.65,1.88,24.83%,€4.99,22.89%,1.94%,242,21,10,16,https://drive.google.com/file/d/18B1TUPgXA7tpNfSDD8lDgtn3tAzi6kHY/view?usp=sharing,
Μαγειρευτά,ΝΑΙ,Κρύα σούπα Gazpacho τομάτας με φέτα light,"Σούπα gazphacho τομάτας (400γρ), Ελαιόλαδο (10γρ)","Ντομάτα, Αγγούρι, Κρεμμύδι, Πράσινη πιπεριά, Κόκκινη πιπεριά, Σκόρδο, Φέτα light, Ελιά","Σούπα gazphacho τομάτας (400γρ), Φέτα light (30γρ), Ντοματίνια (30γρ), Αγγούρι (30γρ), Ελιά (10γρ), Ελαιόλαδο (10γρ), Ρίγανη (1γρ)",322-2,7.52,8.50,Product Cost Change,"Σούπα gazphacho τομάτας (400γρ), Φέτα τυρί, light (30γρ), Ντοματίνια, ωμά (30γρ), Αγγούρι, ωμό (30γρ), Ελιά, πράσινη, ολόκληρη (10γρ), Ελαιόλαδο (10γρ), Ρίγανη (1γρ)",1.62,1.83,0.13,0.16,1.74,1.75,1.99,23.25%,€5.77,21.54%,1.71%,254,23,10,16,https://drive.google.com/file/d/18B1TUPgXA7tpNfSDD8lDgtn3tAzi6kHY/view?usp=sharing,
Μαγειρευτά,ΟΧΙ,Κρύα σούπα βελουτέ αρακά με κατίκι δομοκού και σπιτικά κρουτόν,"Βελουτέ αρακά (350γρ), Κατίκι (30γρ), Κρουτόν (30γρ)","Αρακάς, Ζωμός λαχανικών, Μαϊντανός, Κατίκι, Κρουτόν","Βελουτέ αρακά (350γρ), Κατίκι (30γρ), Κρουτόν (30γρ)",323-1,5.75,6.50,OK,"Βελουτέ αρακά  (350γρ), Κατίκι (30γρ), Κρουτόν (30γρ)",1.23,1.39,0.19,0.23,1.42,1.42,1.62,24.63%,€4.33,21.39%,3.24%,395,62,19,9,https://drive.google.com/file/d/1ClXJSKDUVc8P-dKykAzPQ9GWcWflnz_Z/view?usp=sharing,
Μαγειρευτά,ΝΑΙ,Κρύα σούπα βελουτέ αρακά με κατίκι δομοκού και σπιτικά κρουτόν,"Βελουτέ αρακά (400γρ), Κατίκι (30γρ), Κρουτόν (30γρ)","Αρακάς, Ζωμός λαχανικών, Μαϊντανός, Κατίκι, Κρουτόν","Βελουτέ αρακά (400γρ), Κατίκι (30γρ), Κρουτόν (30γρ)",323-2,6.64,7.50,OK,"Βελουτέ αρακά  (400γρ), Κατίκι (30γρ), Κρουτόν (30γρ)",1.36,1.54,0.19,0.23,1.55,1.55,1.77,23.29%,€5.09,20.48%,2.81%,427,68,21,9,https://drive.google.com/file/d/1ClXJSKDUVc8P-dKykAzPQ9GWcWflnz_Z/view?usp=sharing,
Μαγειρευτά,ΟΧΙ,"Λαζάνια με λαχανικά ρικότα, μοτσαρέλα και γραβιέρα light",Λαζάνια (250γρ),"Ζυμαρικό, Κρεμμύδι, Σκόρδο, Κολοκύθι, Μελιτζάνα, Κόκκινη πιπεριά, Κίτρινη πιπεριά, Μανιτάρι, Σπανάκι, Ντομάτα, Μέλι, Αυγό, Ρικότα, Παρμεζάνα, Γραβιέρα light, Μοτσαρέλα","Λαζάνια με κολοκύθι, μελιτζάνα, πιπεριές, μανιτάρια, σπανάκι, ρικότα, μοτσαρέλα, γραβιέρα light και φρέσκο βασιλικό (250γρ)",232-1,6.99,7.90,OK,"Λαζάνια (80γρ), Λαχανικά (για λαζάνια) (170γρ)",1.24,1.40,0.14,0.17,1.38,1.38,1.57,19.74%,€5.61,17.74%,2.00%,371,35,21,17,https://drive.google.com/file/d/1dP4mxunUgmQP7-B3hEPa_C5tlRRz3tKL/view?usp=sharing,https://drive.google.com/file/d/1dP4mxunUgmQP7-B3hEPa_C5tlRRz3tKL/view?usp=sharing
Μαγειρευτά,ΟΧΙ,"Λαζάνια με λαχανικά ρικότα, μοτσαρέλα και γραβιέρα light",Λαζάνια (300γρ),"Ζυμαρικό, Κρεμμύδι, Σκόρδο, Κολοκύθι, Μελιτζάνα, Κόκκινη πιπεριά, Κίτρινη πιπεριά, Μανιτάρι, Σπανάκι, Ντομάτα, Μέλι, Αυγό, Ρικότα, Παρμεζάνα, Γραβιέρα light, Μοτσαρέλα","Λαζάνια με κολοκύθι, μελιτζάνα, πιπεριές, μανιτάρια, σπανάκι, ρικότα, μοτσαρέλα, γραβιέρα light και φρέσκο βασιλικό (300γρ)",232-2,7.52,8.50,OK,"Λαζάνια (95γρ), Λαχανικά (για λαζάνια) (205γρ)",1.49,1.68,0.14,0.17,1.63,1.63,1.86,21.68%,€5.89,19.81%,1.86%,445,41,26,20,https://drive.google.com/file/d/1dP4mxunUgmQP7-B3hEPa_C5tlRRz3tKL/view?usp=sharing,https://drive.google.com/file/d/1dP4mxunUgmQP7-B3hEPa_C5tlRRz3tKL/view?usp=sharing
Μαγειρευτά,ΝΑΙ,"Λαζάνια με λαχανικά ρικότα, μοτσαρέλα και γραβιέρα light",Λαζάνια (350γρ),"Ζυμαρικό, Κρεμμύδι, Σκόρδο, Κολοκύθι, Μελιτζάνα, Κόκκινη πιπεριά, Κίτρινη πιπεριά, Μανιτάρι, Σπανάκι, Ντομάτα, Μέλι, Αυγό, Ρικότα, Παρμεζάνα, Γραβιέρα light, Μοτσαρέλα","Λαζάνια με κολοκύθι, μελιτζάνα, πιπεριές, μανιτάρια, σπανάκι, ρικότα, μοτσαρέλα, γραβιέρα light και φρέσκο βασιλικό (350γρ)",232-3,7.88,8.90,OK,"Λαζάνια (110γρ), Λαχανικά (για λαζάνια) (240γρ)",1.75,1.98,0.14,0.17,1.89,1.89,2.15,23.98%,€5.99,22.21%,1.78%,519,48,30,24,https://drive.google.com/file/d/1dP4mxunUgmQP7-B3hEPa_C5tlRRz3tKL/view?usp=sharing,https://drive.google.com/file/d/1dP4mxunUgmQP7-B3hEPa_C5tlRRz3tKL/view?usp=sharing
Μαγειρευτά,ΟΧΙ,"Λαζάνια με λαχανικά ρικότα, μοτσαρέλα και γραβιέρα light",Λαζάνια (400γρ),"Ζυμαρικό, Κρεμμύδι, Σκόρδο, Κολοκύθι, Μελιτζάνα, Κόκκινη πιπεριά, Κίτρινη πιπεριά, Μανιτάρι, Σπανάκι, Ντομάτα, Μέλι, Αυγό, Ρικότα, Παρμεζάνα, Γραβιέρα light, Μοτσαρέλα","Λαζάνια με κολοκύθι, μελιτζάνα, πιπεριές, μανιτάρια, σπανάκι, ρικότα, μοτσαρέλα, γραβιέρα light και φρέσκο βασιλικό (400γρ)",232-4,8.41,9.50,OK,"Λαζάνια (125γρ), Λαχανικά (για λαζάνια) (275γρ)",2.00,2.26,0.14,0.17,2.14,2.14,2.43,25.45%,€6.27,23.78%,1.66%,593,54,34,27,https://drive.google.com/file/d/1dP4mxunUgmQP7-B3hEPa_C5tlRRz3tKL/view?usp=sharing,https://drive.google.com/file/d/1dP4mxunUgmQP7-B3hEPa_C5tlRRz3tKL/view?usp=sharing
Μαγειρευτά,ΟΧΙ,Λαχανοντολμάδες κιμά κοτόπουλου και αυγολέμονο,Λαχανοντολμάδες με κιμά κοτόπουλου (210γρ),"Λάχανο, Κοτόπουλο, Καρότο, Σέλερι, Πράσο, Κρεμμύδι, Μαϊντανός, Ρύζι, Σκόρδο, Άνηθος, Φρυγανιά, Αυγό",Λαχανοντολμάδες με κιμά κοτόπουλου (210γρ),230-1,6.99,7.90,OK,"Λαχανοντολμάδες με κιμά κοτόπουλο (210γρ),  Σάλτσα αυγολέμονο (για λαχανοντολμάδες) (100γρ)",1.06,1.20,0.14,0.17,1.20,1.20,1.37,17.17%,€5.79,15.16%,2.00%,590,43,18,39,https://drive.google.com/file/d/11UZeFkdlYIZeSOgRVuTTF3JAKMkOM-mo/view?usp=sharing,https://drive.google.com/file/d/11UZeFkdlYIZeSOgRVuTTF3JAKMkOM-mo/view?usp=sharing
Μαγειρευτά,ΟΧΙ,Λαχανοντολμάδες κιμά κοτόπουλου και αυγολέμονο,Λαχανοντολμάδες με κιμά κοτόπουλου (280γρ),"Λάχανο, Κοτόπουλο, Καρότο, Σέλερι, Πράσο, Κρεμμύδι, Μαϊντανός, Ρύζι, Σκόρδο, Άνηθος, Φρυγανιά, Αυγό",Λαχανοντολμάδες με κιμά κοτόπουλου (280γρ),230-2,7.88,8.90,OK,"Λαχανοντολμάδες με κιμά κοτόπουλο (280γρ),  Σάλτσα αυγολέμονο (για λαχανοντολμάδες) (100γρ)",1.28,1.45,0.14,0.17,1.42,1.42,1.62,18.02%,€6.46,16.24%,1.78%,673,49,22,44,https://drive.google.com/file/d/11UZeFkdlYIZeSOgRVuTTF3JAKMkOM-mo/view?usp=sharing,https://drive.google.com/file/d/11UZeFkdlYIZeSOgRVuTTF3JAKMkOM-mo/view?usp=sharing
Μαγειρευτά,ΝΑΙ,Λαχανοντολμάδες κιμά κοτόπουλου και αυγολέμονο,Λαχανοντολμάδες με κιμά κοτόπουλου (350γρ),"Λάχανο, Κοτόπουλο, Καρότο, Σέλερι, Πράσο, Κρεμμύδι, Μαϊντανός, Ρύζι, Σκόρδο, Άνηθος, Φρυγανιά, Αυγό",Λαχανοντολμάδες με κιμά κοτόπουλου (350γρ),230-3,8.76,9.90,OK,"Λαχανοντολμάδες με κιμά κοτόπουλο (350γρ),  Σάλτσα αυγολέμονο (για λαχανοντολμάδες) (100γρ)",1.50,1.70,0.14,0.17,1.64,1.64,1.87,18.72%,€7.12,17.12%,1.60%,756,55,25,50,https://drive.google.com/file/d/11UZeFkdlYIZeSOgRVuTTF3JAKMkOM-mo/view?usp=sharing,https://drive.google.com/file/d/11UZeFkdlYIZeSOgRVuTTF3JAKMkOM-mo/view?usp=sharing
Μαγειρευτά,ΟΧΙ,Λαχανοντολμάδες κιμά κοτόπουλου και αυγολέμονο,Λαχανοντολμάδες με κιμά κοτόπουλου (420γρ),"Λάχανο, Κοτόπουλο, Καρότο, Σέλερι, Πράσο, Κρεμμύδι, Μαϊντανός, Ρύζι, Σκόρδο, Άνηθος, Φρυγανιά, Αυγό",Λαχανοντολμάδες με κιμά κοτόπουλου (420γρ),230-4,9.65,10.90,OK,"Λαχανοντολμάδες με κιμά κοτόπουλο (420γρ),  Σάλτσα αυγολέμονο (για λαχανοντολμάδες) (100γρ)",1.72,1.94,0.14,0.17,1.86,1.86,2.12,19.27%,€7.79,17.82%,1.45%,839,61,29,55,https://drive.google.com/file/d/11UZeFkdlYIZeSOgRVuTTF3JAKMkOM-mo/view?usp=sharing,https://drive.google.com/file/d/11UZeFkdlYIZeSOgRVuTTF3JAKMkOM-mo/view?usp=sharing
Μαγειρευτά,ΟΧΙ,Λαχανοντολμάδες με κιμά μανιταριών και αυγολέμονο,Λαχανοντολμάδες με κιμά μανιταριών (210γρ),"Λάχανο, Καρότο, Σέλερι, Πράσο, Πλιγούρι, Μανιτάρι, Κρεμμύδι, Μαϊντανός, Ρύζι, Σκόρδο, Άνηθος, Φρυγανιά, Αυγό",Λαχανοντολμάδες με κιμά μανιταριών (210γρ),262-1,6.11,6.90,OK,"Λαχανοντολμάδες με κιμά μανιταριών (210γρ),  Σάλτσα αυγολέμονο (για λαχανοντολμάδες) (100γρ)",0.90,1.02,0.14,0.17,1.04,1.04,1.19,17.02%,€5.07,14.73%,2.29%,541,47,11,35,https://drive.google.com/file/d/1nZ_u_ZDZvYfcKwjUwuA5YDxt8kDN0TSA/view?usp=sharing,https://drive.google.com/file/d/1nZ_u_ZDZvYfcKwjUwuA5YDxt8kDN0TSA/view?usp=sharing
Μαγειρευτά,ΟΧΙ,Λαχανοντολμάδες με κιμά μανιταριών και αυγολέμονο,Λαχανοντολμάδες με κιμά μανιταριών (280γρ),"Λάχανο, Καρότο, Σέλερι, Πράσο, Πλιγούρι, Μανιτάρι, Κρεμμύδι, Μαϊντανός, Ρύζι, Σκόρδο, Άνηθος, Φρυγανιά, Αυγό",Λαχανοντολμάδες με κιμά μανιταριών (280γρ),262-2,6.99,7.90,OK,"Λαχανοντολμάδες με κιμά μανιταριών (280γρ),  Σάλτσα αυγολέμονο (για λαχανοντολμάδες) (100γρ)",1.06,1.20,0.14,0.17,1.20,1.20,1.37,17.17%,€5.79,15.16%,2.00%,608,55,13,39,https://drive.google.com/file/d/1nZ_u_ZDZvYfcKwjUwuA5YDxt8kDN0TSA/view?usp=sharing,https://drive.google.com/file/d/1nZ_u_ZDZvYfcKwjUwuA5YDxt8kDN0TSA/view?usp=sharing
Μαγειρευτά,ΝΑΙ,Λαχανοντολμάδες με κιμά μανιταριών και αυγολέμονο,Λαχανοντολμάδες με κιμά μανιταριών (350γρ),"Λάχανο, Καρότο, Σέλερι, Πράσο, Πλιγούρι, Μανιτάρι, Κρεμμύδι, Μαϊντανός, Ρύζι, Σκόρδο, Άνηθος, Φρυγανιά, Αυγό",Λαχανοντολμάδες με κιμά μανιταριών (350γρ),262-3,7.88,8.90,OK,"Λαχανοντολμάδες με κιμά μανιταριών (350γρ),  Σάλτσα αυγολέμονο (για λαχανοντολμάδες) (100γρ)",1.22,1.38,0.14,0.17,1.36,1.36,1.55,17.26%,€6.52,15.48%,1.78%,675,62,14,43,https://drive.google.com/file/d/1nZ_u_ZDZvYfcKwjUwuA5YDxt8kDN0TSA/view?usp=sharing,https://drive.google.com/file/d/1nZ_u_ZDZvYfcKwjUwuA5YDxt8kDN0TSA/view?usp=sharing
Μαγειρευτά,ΟΧΙ,Λαχανοντολμάδες με κιμά μανιταριών και αυγολέμονο,Λαχανοντολμάδες με κιμά μανιταριών (420γρ),"Λάχανο, Καρότο, Σέλερι, Πράσο, Πλιγούρι, Μανιτάρι, Κρεμμύδι, Μαϊντανός, Ρύζι, Σκόρδο, Άνηθος, Φρυγανιά, Αυγό",Λαχανοντολμάδες με κιμά μανιταριών (420γρ),262-4,8.76,9.90,OK,"Λαχανοντολμάδες με κιμά μανιταριών (420γρ),  Σάλτσα αυγολέμονο (για λαχανοντολμάδες) (100γρ)",1.39,1.57,0.14,0.17,1.53,1.53,1.74,17.47%,€7.23,15.87%,1.60%,741,69,15,47,https://drive.google.com/file/d/1nZ_u_ZDZvYfcKwjUwuA5YDxt8kDN0TSA/view?usp=sharing,https://drive.google.com/file/d/1nZ_u_ZDZvYfcKwjUwuA5YDxt8kDN0TSA/view?usp=sharing
Μαγειρευτά,ΟΧΙ,"Λαχανόρυζο με ντομάτα, μυρωδικά και φέτα light","Λαχανόρυζο (280γρ), Φέτα light (30γρ)","Ρύζι, Λάχανο, Κρεμμύδι, Σκόρδο, Ντομάτα, Φρέσκο κρεμμυδάκι, Μαϊντανός, Chili πιπεριά, Φέτα light","Λαχανόρυζο (280γρ), Φέτα light (30γρ)",112-1,6.11,6.90,OK,"Λαχανόρυζο με ντομάτα και μυρωδικά (280γρ), Φέτα τυρί, light (30γρ)",0.80,0.90,0.20,0.25,1.00,1.00,1.15,16.33%,€5.11,13.09%,3.24%,304,45,11,10,https://drive.google.com/file/d/13Jlf0R3p7Wgi94XB7Acipdp9oEGHvM2G/view?usp=sharing,https://drive.google.com/file/d/13Jlf0R3p7Wgi94XB7Acipdp9oEGHvM2G/view?usp=sharing
Μαγειρευτά,ΟΧΙ,"Λαχανόρυζο με ντομάτα, μυρωδικά και φέτα light","Λαχανόρυζο (280γρ), Φέτα light (60γρ)","Ρύζι, Λάχανο, Κρεμμύδι, Σκόρδο, Ντομάτα, Φρέσκο κρεμμυδάκι, Μαϊντανός, Chili πιπεριά, Φέτα light","Λαχανόρυζο (280γρ), Φέτα light (60γρ)",112-2,6.55,7.40,OK,"Λαχανόρυζο με ντομάτα και μυρωδικά (280γρ), Φέτα τυρί, light (60γρ)",1.31,1.48,0.20,0.25,1.51,1.51,1.73,23.02%,€5.04,20.00%,3.02%,353,45,16,13,https://drive.google.com/file/d/13Jlf0R3p7Wgi94XB7Acipdp9oEGHvM2G/view?usp=sharing,https://drive.google.com/file/d/13Jlf0R3p7Wgi94XB7Acipdp9oEGHvM2G/view?usp=sharing
Μαγειρευτά,ΟΧΙ,"Λαχανόρυζο με ντομάτα, μυρωδικά και φέτα light","Λαχανόρυζο (380γρ), Φέτα light (30γρ)","Ρύζι, Λάχανο, Κρεμμύδι, Σκόρδο, Ντομάτα, Φρέσκο κρεμμυδάκι, Μαϊντανός, Chili πιπεριά, Φέτα light","Λαχανόρυζο (380γρ), Φέτα light (30γρ)",112-3,6.55,7.40,OK,"Λαχανόρυζο με ντομάτα και μυρωδικά (380γρ), Φέτα τυρί, light (30γρ)",0.90,1.02,0.20,0.25,1.10,1.10,1.26,16.76%,€5.45,13.74%,3.02%,395,61,12,12,https://drive.google.com/file/d/13Jlf0R3p7Wgi94XB7Acipdp9oEGHvM2G/view?usp=sharing,https://drive.google.com/file/d/13Jlf0R3p7Wgi94XB7Acipdp9oEGHvM2G/view?usp=sharing
Μαγειρευτά,ΟΧΙ,"Λαχανόρυζο με ντομάτα, μυρωδικά και φέτα light","Λαχανόρυζο (380γρ), Φέτα light (60γρ)","Ρύζι, Λάχανο, Κρεμμύδι, Σκόρδο, Ντομάτα, Φρέσκο κρεμμυδάκι, Μαϊντανός, Chili πιπεριά, Φέτα light","Λαχανόρυζο (380γρ), Φέτα light (60γρ)",112-4,6.99,7.90,OK,"Λαχανόρυζο με ντομάτα και μυρωδικά (380γρ), Φέτα τυρί, light (60γρ)",1.41,1.59,0.20,0.25,1.61,1.61,1.84,23.00%,€5.38,20.17%,2.83%,444,61,18,15,https://drive.google.com/file/d/13Jlf0R3p7Wgi94XB7Acipdp9oEGHvM2G/view?usp=sharing,https://drive.google.com/file/d/13Jlf0R3p7Wgi94XB7Acipdp9oEGHvM2G/view?usp=sharing
Μαγειρευτά,ΟΧΙ,"Λαχανόρυζο με ντομάτα, μυρωδικά και φέτα light","Λαχανόρυζο (380γρ), Φέτα light (90γρ)","Ρύζι, Λάχανο, Κρεμμύδι, Σκόρδο, Ντομάτα, Φρέσκο κρεμμυδάκι, Μαϊντανός, Chili πιπεριά, Φέτα light","Λαχανόρυζο (380γρ), Φέτα light (90γρ)",112-5,7.43,8.40,OK,"Λαχανόρυζο με ντομάτα και μυρωδικά (380γρ), Φέτα τυρί, light (90γρ)",1.92,2.17,0.20,0.25,2.12,2.12,2.41,28.50%,€5.31,25.84%,2.66%,493,61,24,19,https://drive.google.com/file/d/13Jlf0R3p7Wgi94XB7Acipdp9oEGHvM2G/view?usp=sharing,https://drive.google.com/file/d/13Jlf0R3p7Wgi94XB7Acipdp9oEGHvM2G/view?usp=sharing
Μαγειρευτά,ΟΧΙ,"Λαχανόρυζο με ντομάτα, μυρωδικά και φέτα light","Λαχανόρυζο (460γρ), Φέτα light (30γρ)","Ρύζι, Λάχανο, Κρεμμύδι, Σκόρδο, Ντομάτα, Φρέσκο κρεμμυδάκι, Μαϊντανός, Chili πιπεριά, Φέτα light","Λαχανόρυζο (460γρ), Φέτα light (30γρ)",112-6,7.43,8.40,OK,"Λαχανόρυζο με ντομάτα και μυρωδικά (460γρ), Φέτα τυρί, light (30γρ)",0.99,1.12,0.20,0.25,1.19,1.19,1.36,15.99%,€6.24,13.32%,2.66%,467,74,14,14,https://drive.google.com/file/d/13Jlf0R3p7Wgi94XB7Acipdp9oEGHvM2G/view?usp=sharing,https://drive.google.com/file/d/13Jlf0R3p7Wgi94XB7Acipdp9oEGHvM2G/view?usp=sharing
Μαγειρευτά,ΝΑΙ,"Λαχανόρυζο με ντομάτα, μυρωδικά και φέτα light","Λαχανόρυζο (460γρ), Φέτα light (60γρ)","Ρύζι, Λάχανο, Κρεμμύδι, Σκόρδο, Ντομάτα, Φρέσκο κρεμμυδάκι, Μαϊντανός, Chili πιπεριά, Φέτα light","Λαχανόρυζο (460γρ), Φέτα light (60γρ)",112-7,7.88,8.90,OK,"Λαχανόρυζο με ντομάτα και μυρωδικά (460γρ), Φέτα τυρί, light (60γρ)",1.50,1.70,0.20,0.25,1.70,1.70,1.94,21.55%,€6.18,19.04%,2.51%,516,74,19,17,https://drive.google.com/file/d/13Jlf0R3p7Wgi94XB7Acipdp9oEGHvM2G/view?usp=sharing,https://drive.google.com/file/d/13Jlf0R3p7Wgi94XB7Acipdp9oEGHvM2G/view?usp=sharing
Μαγειρευτά,ΟΧΙ,"Λαχανόρυζο με ντομάτα, μυρωδικά και φέτα light","Λαχανόρυζο (460γρ), Φέτα light (90γρ)","Ρύζι, Λάχανο, Κρεμμύδι, Σκόρδο, Ντομάτα, Φρέσκο κρεμμυδάκι, Μαϊντανός, Chili πιπεριά, Φέτα light","Λαχανόρυζο (460γρ), Φέτα light (90γρ)",112-8,8.32,9.40,OK,"Λαχανόρυζο με ντομάτα και μυρωδικά (460γρ), Φέτα τυρί, light (90γρ)",2.01,2.27,0.20,0.25,2.21,2.21,2.52,26.54%,€6.11,24.16%,2.38%,566,74,25,21,https://drive.google.com/file/d/13Jlf0R3p7Wgi94XB7Acipdp9oEGHvM2G/view?usp=sharing,https://drive.google.com/file/d/13Jlf0R3p7Wgi94XB7Acipdp9oEGHvM2G/view?usp=sharing
Μαγειρευτά,ΟΧΙ,"Λαχανόρυζο με ντομάτα, μυρωδικά και φέτα light","Λαχανόρυζο (560γρ), Φέτα light (60γρ)","Ρύζι, Λάχανο, Κρεμμύδι, Σκόρδο, Ντομάτα, Φρέσκο κρεμμυδάκι, Μαϊντανός, Chili πιπεριά, Φέτα light","Λαχανόρυζο (560γρ), Φέτα light (60γρ)",112-9,8.32,9.40,OK,"Λαχανόρυζο με ντομάτα και μυρωδικά (560γρ), Φέτα τυρί, light (60γρ)",1.60,1.81,0.20,0.25,1.80,1.80,2.05,21.61%,€6.52,19.23%,2.38%,607,90,21,19,https://drive.google.com/file/d/13Jlf0R3p7Wgi94XB7Acipdp9oEGHvM2G/view?usp=sharing,https://drive.google.com/file/d/13Jlf0R3p7Wgi94XB7Acipdp9oEGHvM2G/view?usp=sharing
Μαγειρευτά,ΟΧΙ,"Λαχανόρυζο με ντομάτα, μυρωδικά και φέτα light","Λαχανόρυζο (560γρ), Φέτα light (90γρ)","Ρύζι, Λάχανο, Κρεμμύδι, Σκόρδο, Ντομάτα, Φρέσκο κρεμμυδάκι, Μαϊντανός, Chili πιπεριά, Φέτα light","Λαχανόρυζο (560γρ), Φέτα light (90γρ)",112-10,8.76,9.90,OK,"Λαχανόρυζο με ντομάτα και μυρωδικά (560γρ), Φέτα τυρί, light (90γρ)",2.11,2.38,0.20,0.25,2.31,2.31,2.63,26.34%,€6.45,24.09%,2.26%,657,90,27,23,https://drive.google.com/file/d/13Jlf0R3p7Wgi94XB7Acipdp9oEGHvM2G/view?usp=sharing,https://drive.google.com/file/d/13Jlf0R3p7Wgi94XB7Acipdp9oEGHvM2G/view?usp=sharing
Μαγειρευτά,ΟΧΙ,Λεμονάτη τηγανιά κοτόπουλο με ρύζι basmati ,"Κοτόπουλο μπούτι (120γρ), Ρύζι (60γρ)","Κοτόπουλο, Κίτρινη πιπεριά, Κόκκινη πιπεριά, Πορτοκαλί πιπεριά, Κρεμμύδι, Μέλι, Σκόρδο, Ζωμός λαχανικών, Μαϊντανός, Ρύζι","Κοτόπουλο μπούτι (120γρ), Ρύζι (60γρ), Λεμονάτη σάλτσα με πιπεριές (100γρ)",329-1,7.43,8.40,OK,"Κοτόπουλο μπούτι, μαγειρεμένο (120γρ), Ρύζι (60γρ), Λεμονάτη τηγανιά κοτόπουλο (100γρ)",2.16,2.44,0.14,0.17,2.30,2.30,2.61,30.96%,€5.13,29.07%,1.88%,470,22,40,24,https://drive.google.com/file/d/1Tqhb9rZ9YJw3CQoQ20XDSNqzYb5vxxC_/view?usp=sharing,
Μαγειρευτά,ΟΧΙ,Λεμονάτη τηγανιά κοτόπουλο με ρύζι basmati ,"Κοτόπουλο μπούτι (120γρ), Ρύζι (120γρ)","Κοτόπουλο, Κίτρινη πιπεριά, Κόκκινη πιπεριά, Πορτοκαλί πιπεριά, Κρεμμύδι, Μέλι, Σκόρδο, Ζωμός λαχανικών, Μαϊντανός, Ρύζι","Κοτόπουλο μπούτι (120γρ), Ρύζι (120γρ), Λεμονάτη σάλτσα με πιπεριές (100γρ)",329-2,7.88,8.90,OK,"Κοτόπουλο μπούτι, μαγειρεμένο (120γρ), Ρύζι (120γρ), Λεμονάτη τηγανιά κοτόπουλο (100γρ)",2.23,2.52,0.14,0.17,2.37,2.37,2.69,30.08%,€5.51,28.30%,1.78%,562,38,41,26,https://drive.google.com/file/d/1Tqhb9rZ9YJw3CQoQ20XDSNqzYb5vxxC_/view?usp=sharing,
Μαγειρευτά,ΟΧΙ,Λεμονάτη τηγανιά κοτόπουλο με ρύζι basmati ,"Κοτόπουλο μπούτι (120γρ), Ρύζι (180γρ)","Κοτόπουλο, Κίτρινη πιπεριά, Κόκκινη πιπεριά, Πορτοκαλί πιπεριά, Κρεμμύδι, Μέλι, Σκόρδο, Ζωμός λαχανικών, Μαϊντανός, Ρύζι","Κοτόπουλο μπούτι (120γρ), Ρύζι (180γρ), Λεμονάτη σάλτσα με πιπεριές (100γρ)",329-3,8.32,9.40,OK,"Κοτόπουλο μπούτι, μαγειρεμένο (120γρ), Ρύζι (180γρ), Λεμονάτη τηγανιά κοτόπουλο (100γρ)",2.29,2.59,0.14,0.17,2.43,2.43,2.76,29.21%,€5.89,27.52%,1.68%,654,53,43,29,https://drive.google.com/file/d/1Tqhb9rZ9YJw3CQoQ20XDSNqzYb5vxxC_/view?usp=sharing,
Μαγειρευτά,ΟΧΙ,Λεμονάτη τηγανιά κοτόπουλο με ρύζι basmati ,"Κοτόπουλο μπούτι (150γρ), Ρύζι (60γρ)","Κοτόπουλο, Κίτρινη πιπεριά, Κόκκινη πιπεριά, Πορτοκαλί πιπεριά, Κρεμμύδι, Μέλι, Σκόρδο, Ζωμός λαχανικών, Μαϊντανός, Ρύζι","Κοτόπουλο μπούτι (150γρ), Ρύζι (60γρ), Λεμονάτη σάλτσα με πιπεριές (100γρ)",329-4,8.32,9.40,OK,"Κοτόπουλο μπούτι, μαγειρεμένο (150γρ), Ρύζι (60γρ), Λεμονάτη τηγανιά κοτόπουλο (100γρ)",2.51,2.84,0.14,0.17,2.65,2.65,3.01,31.85%,€5.67,30.17%,1.68%,528,22,47,27,https://drive.google.com/file/d/1Tqhb9rZ9YJw3CQoQ20XDSNqzYb5vxxC_/view?usp=sharing,
Μαγειρευτά,ΟΧΙ,Λεμονάτη τηγανιά κοτόπουλο με ρύζι basmati ,"Κοτόπουλο μπούτι (150γρ), Ρύζι (120γρ)","Κοτόπουλο, Κίτρινη πιπεριά, Κόκκινη πιπεριά, Πορτοκαλί πιπεριά, Κρεμμύδι, Μέλι, Σκόρδο, Ζωμός λαχανικών, Μαϊντανός, Ρύζι","Κοτόπουλο μπούτι (150γρ), Ρύζι (120γρ), Λεμονάτη σάλτσα με πιπεριές (100γρ)",329-5,8.76,9.90,OK,"Κοτόπουλο μπούτι, μαγειρεμένο (150γρ), Ρύζι (120γρ), Λεμονάτη τηγανιά κοτόπουλο (100γρ)",2.58,2.92,0.14,0.17,2.72,2.72,3.09,31.05%,€6.04,29.45%,1.60%,620,38,48,30,https://drive.google.com/file/d/1Tqhb9rZ9YJw3CQoQ20XDSNqzYb5vxxC_/view?usp=sharing,
Μαγειρευτά,ΟΧΙ,Λεμονάτη τηγανιά κοτόπουλο με ρύζι basmati ,"Κοτόπουλο μπούτι (150γρ), Ρύζι (180γρ)","Κοτόπουλο, Κίτρινη πιπεριά, Κόκκινη πιπεριά, Πορτοκαλί πιπεριά, Κρεμμύδι, Μέλι, Σκόρδο, Ζωμός λαχανικών, Μαϊντανός, Ρύζι","Κοτόπουλο μπούτι (150γρ), Ρύζι (180γρ), Λεμονάτη σάλτσα με πιπεριές (100γρ)",329-6,9.20,10.40,OK,"Κοτόπουλο μπούτι, μαγειρεμένο (150γρ), Ρύζι (180γρ), Λεμονάτη τηγανιά κοτόπουλο (100γρ)",2.64,2.98,0.14,0.17,2.78,2.78,3.16,30.22%,€6.42,28.70%,1.52%,712,53,50,32,https://drive.google.com/file/d/1Tqhb9rZ9YJw3CQoQ20XDSNqzYb5vxxC_/view?usp=sharing,
Μαγειρευτά,ΟΧΙ,Λεμονάτη τηγανιά κοτόπουλο με ρύζι basmati ,"Κοτόπουλο μπούτι (180γρ), Ρύζι (120γρ)","Κοτόπουλο, Κίτρινη πιπεριά, Κόκκινη πιπεριά, Πορτοκαλί πιπεριά, Κρεμμύδι, Μέλι, Σκόρδο, Ζωμός λαχανικών, Μαϊντανός, Ρύζι","Κοτόπουλο μπούτι (180γρ), Ρύζι (120γρ), Λεμονάτη σάλτσα με πιπεριές (100γρ)",329-7,9.20,10.40,OK,"Κοτόπουλο μπούτι, μαγειρεμένο (180γρ), Ρύζι (120γρ), Λεμονάτη τηγανιά κοτόπουλο (100γρ)",2.93,3.31,0.14,0.17,3.07,3.07,3.48,33.37%,€6.13,31.85%,1.52%,677,38,56,33,https://drive.google.com/file/d/1Tqhb9rZ9YJw3CQoQ20XDSNqzYb5vxxC_/view?usp=sharing,
Μαγειρευτά,ΝΑΙ,Λεμονάτη τηγανιά κοτόπουλο με ρύζι basmati ,"Κοτόπουλο μπούτι (180γρ), Ρύζι (180γρ)","Κοτόπουλο, Κίτρινη πιπεριά, Κόκκινη πιπεριά, Πορτοκαλί πιπεριά, Κρεμμύδι, Μέλι, Σκόρδο, Ζωμός λαχανικών, Μαϊντανός, Ρύζι","Κοτόπουλο μπούτι (180γρ), Ρύζι (180γρ), Λεμονάτη σάλτσα με πιπεριές (100γρ)",329-8,9.65,10.90,OK,"Κοτόπουλο μπούτι, μαγειρεμένο (180γρ), Ρύζι (180γρ), Λεμονάτη τηγανιά κοτόπουλο (100γρ)",2.99,3.38,0.14,0.17,3.13,3.13,3.55,32.44%,€6.52,30.98%,1.45%,769,53,57,35,https://drive.google.com/file/d/1Tqhb9rZ9YJw3CQoQ20XDSNqzYb5vxxC_/view?usp=sharing,
Μαγειρευτά,ΟΧΙ,Λεμονάτη τηγανιά κοτόπουλο με ρύζι basmati ,"Κοτόπουλο μπούτι (180γρ), Ρύζι (240γρ)","Κοτόπουλο, Κίτρινη πιπεριά, Κόκκινη πιπεριά, Πορτοκαλί πιπεριά, Κρεμμύδι, Μέλι, Σκόρδο, Ζωμός λαχανικών, Μαϊντανός, Ρύζι","Κοτόπουλο μπούτι (180γρ), Ρύζι (240γρ), Λεμονάτη σάλτσα με πιπεριές (100γρ)",329-9,10.09,11.40,OK,"Κοτόπουλο μπούτι, μαγειρεμένο (180γρ), Ρύζι (240γρ), Λεμονάτη τηγανιά κοτόπουλο (100γρ)",3.05,3.45,0.14,0.17,3.19,3.19,3.62,31.62%,€6.90,30.23%,1.39%,861,68,58,38,https://drive.google.com/file/d/1Tqhb9rZ9YJw3CQoQ20XDSNqzYb5vxxC_/view?usp=sharing,
Μαγειρευτά,ΟΧΙ,Λεμονάτη τηγανιά κοτόπουλο με ρύζι basmati ,"Κοτόπουλο μπούτι (210γρ), Ρύζι (120γρ)","Κοτόπουλο, Κίτρινη πιπεριά, Κόκκινη πιπεριά, Πορτοκαλί πιπεριά, Κρεμμύδι, Μέλι, Σκόρδο, Ζωμός λαχανικών, Μαϊντανός, Ρύζι","Κοτόπουλο μπούτι (210γρ), Ρύζι (120γρ), Λεμονάτη σάλτσα με πιπεριές (100γρ)",329-10,10.09,11.40,OK,"Κοτόπουλο μπούτι, μαγειρεμένο (210γρ), Ρύζι (120γρ), Λεμονάτη τηγανιά κοτόπουλο (100γρ)",3.28,3.71,0.14,0.17,3.42,3.42,3.88,33.89%,€6.67,32.51%,1.39%,734,38,63,36,https://drive.google.com/file/d/1Tqhb9rZ9YJw3CQoQ20XDSNqzYb5vxxC_/view?usp=sharing,
Μαγειρευτά,ΟΧΙ,Λεμονάτη τηγανιά κοτόπουλο με ρύζι basmati ,"Κοτόπουλο μπούτι (210γρ), Ρύζι (180γρ)","Κοτόπουλο, Κίτρινη πιπεριά, Κόκκινη πιπεριά, Πορτοκαλί πιπεριά, Κρεμμύδι, Μέλι, Σκόρδο, Ζωμός λαχανικών, Μαϊντανός, Ρύζι","Κοτόπουλο μπούτι (210γρ), Ρύζι (180γρ), Λεμονάτη σάλτσα με πιπεριές (100γρ)",329-11,10.53,11.90,OK,"Κοτόπουλο μπούτι, μαγειρεμένο (210γρ), Ρύζι (180γρ), Λεμονάτη τηγανιά κοτόπουλο (100γρ)",3.34,3.77,0.14,0.17,3.48,3.48,3.95,33.05%,€7.05,31.72%,1.33%,826,53,64,38,https://drive.google.com/file/d/1Tqhb9rZ9YJw3CQoQ20XDSNqzYb5vxxC_/view?usp=sharing,
Μαγειρευτά,ΟΧΙ,Λεμονάτη τηγανιά κοτόπουλο με ρύζι basmati ,"Κοτόπουλο μπούτι (210γρ), Ρύζι (240γρ)","Κοτόπουλο, Κίτρινη πιπεριά, Κόκκινη πιπεριά, Πορτοκαλί πιπεριά, Κρεμμύδι, Μέλι, Σκόρδο, Ζωμός λαχανικών, Μαϊντανός, Ρύζι","Κοτόπουλο μπούτι (210γρ), Ρύζι (240γρ), Λεμονάτη σάλτσα με πιπεριές (100γρ)",329-12,10.97,12.40,OK,"Κοτόπουλο μπούτι, μαγειρεμένο (210γρ), Ρύζι (240γρ), Λεμονάτη τηγανιά κοτόπουλο (100γρ)",3.40,3.84,0.14,0.17,3.54,3.54,4.02,32.27%,€7.43,30.99%,1.28%,918,68,65,41,https://drive.google.com/file/d/1Tqhb9rZ9YJw3CQoQ20XDSNqzYb5vxxC_/view?usp=sharing,
Μαγειρευτά,ΟΧΙ,Λιγκουίνι ολικής με vegan pesto,"Λιγκουίνι ολικής (210γρ), Pesto (22γρ), Τυρί light (15γρ)","Ζυμαρικό, Βασιλικός, Κουκουνάρι, Σκόρδο, Τυρί κίτρινο light","Λιγκουίνι ολικής (210γρ), Vegan pesto (22γρ), Τριμμένο τυρί light (15γρ)",189-1,6.99,7.90,OK,"Λιγκουίνι ολικής άλεσης, μαγειρεμένα (210γρ), Vegan pesto (22γρ), Τυρί κίτρινο light (15γρ)",0.83,0.94,0.18,0.23,1.01,1.01,1.17,14.51%,€5.98,11.87%,2.63%,504,64,18,23,https://drive.google.com/file/d/1r1iBgBPItTztTpKtPUnCZVTYBUhuuh5I/view?usp=sharing,https://drive.google.com/file/d/1r1iBgBPItTztTpKtPUnCZVTYBUhuuh5I/view?usp=sharing
Μαγειρευτά,ΝΑΙ,Λιγκουίνι ολικής με vegan pesto,"Λιγκουίνι ολικής (240γρ), Pesto (28γρ), Τυρί light (15γρ)","Ζυμαρικό, Βασιλικός, Κουκουνάρι, Σκόρδο, Τυρί κίτρινο light","Λιγκουίνι ολικής (240γρ), Vegan pesto (28γρ), Τριμμένο τυρί light (15γρ)",189-2,7.52,8.50,OK,"Λιγκουίνι ολικής άλεσης, μαγειρεμένα (240γρ), Vegan pesto (28γρ), Τυρί κίτρινο light (15γρ)",0.96,1.08,0.18,0.23,1.14,1.14,1.31,15.21%,€6.38,12.77%,2.45%,592,73,19,28,https://drive.google.com/file/d/1r1iBgBPItTztTpKtPUnCZVTYBUhuuh5I/view?usp=sharing,https://drive.google.com/file/d/1r1iBgBPItTztTpKtPUnCZVTYBUhuuh5I/view?usp=sharing
Μαγειρευτά,ΟΧΙ,Λιγκουίνι ολικής με vegan pesto,"Λιγκουίνι ολικής (300γρ), Pesto (30γρ), Τυρί light (15γρ)","Ζυμαρικό, Βασιλικός, Κουκουνάρι, Σκόρδο, Τυρί κίτρινο light","Λιγκουίνι ολικής (300γρ), Vegan pesto (30γρ), Τριμμένο τυρί light (15γρ)",189-3,7.88,8.90,OK,"Λιγκουίνι ολικής άλεσης, μαγειρεμένα (300γρ), Vegan pesto (30γρ), Τυρί κίτρινο light (15γρ)",1.05,1.19,0.18,0.23,1.23,1.23,1.41,15.66%,€6.65,13.32%,2.34%,696,91,23,31,https://drive.google.com/file/d/1r1iBgBPItTztTpKtPUnCZVTYBUhuuh5I/view?usp=sharing,https://drive.google.com/file/d/1r1iBgBPItTztTpKtPUnCZVTYBUhuuh5I/view?usp=sharing
Μαγειρευτά,ΟΧΙ,Λιγκουίνι ολικής με vegan pesto,"Λιγκουίνι ολικής (210γρ), Pesto (22γρ)","Ζυμαρικό, Βασιλικός, Κουκουνάρι, Σκόρδο, Τυρί κίτρινο light","Λιγκουίνι ολικής (210γρ), Vegan pesto (22γρ)",189-4,6.64,7.50,OK,"Λιγκουίνι ολικής άλεσης, μαγειρεμένα (210γρ), Vegan pesto (22γρ)",0.58,0.66,0.14,0.17,0.72,0.72,0.83,10.84%,€5.92,8.73%,2.11%,470,64,13,21,https://drive.google.com/file/d/1r1iBgBPItTztTpKtPUnCZVTYBUhuuh5I/view?usp=sharing,https://drive.google.com/file/d/1r1iBgBPItTztTpKtPUnCZVTYBUhuuh5I/view?usp=sharing
Μαγειρευτά,ΟΧΙ,Λιγκουίνι ολικής με vegan pesto,"Λιγκουίνι ολικής (240γρ), Pesto (28γρ)","Ζυμαρικό, Βασιλικός, Κουκουνάρι, Σκόρδο, Τυρί κίτρινο light","Λιγκουίνι ολικής (240γρ), Vegan pesto (28γρ)",189-5,6.99,7.90,OK,"Λιγκουίνι ολικής άλεσης, μαγειρεμένα (240γρ), Vegan pesto (28γρ)",0.71,0.80,0.14,0.17,0.85,0.85,0.98,12.16%,€6.14,10.16%,2.00%,558,73,15,27,https://drive.google.com/file/d/1r1iBgBPItTztTpKtPUnCZVTYBUhuuh5I/view?usp=sharing,https://drive.google.com/file/d/1r1iBgBPItTztTpKtPUnCZVTYBUhuuh5I/view?usp=sharing
Μαγειρευτά,ΟΧΙ,Λιγκουίνι ολικής με vegan pesto,"Λιγκουίνι ολικής (300γρ), Pesto (30γρ)","Ζυμαρικό, Βασιλικός, Κουκουνάρι, Σκόρδο, Τυρί κίτρινο light","Λιγκουίνι ολικής (300γρ), Vegan pesto (30γρ)",189-6,7.52,8.50,OK,"Λιγκουίνι ολικής άλεσης, μαγειρεμένα (300γρ), Vegan pesto (30γρ)",0.81,0.92,0.14,0.17,0.95,0.95,1.09,12.63%,€6.57,10.77%,1.86%,662,91,19,29,https://drive.google.com/file/d/1r1iBgBPItTztTpKtPUnCZVTYBUhuuh5I/view?usp=sharing,https://drive.google.com/file/d/1r1iBgBPItTztTpKtPUnCZVTYBUhuuh5I/view?usp=sharing
Μαγειρευτά,ΟΧΙ,Λιγκουίνι ολικής με γαρίδες και σάλτσα λευκού κρασιού,"Λιγκουίνι ολικής (210γρ), Γαρίδες (90γρ)","Ζυμαρικό, Γαρίδα, Σκόρδο, Αρακάς, Καρότο, Κολοκύθι, Τυρί κρέμα light, Μαϊντανός","Λιγκουίνι ολικής (210γρ), Γαρίδες (90γρ), Σάλτσα λευκού κρασιού (85γρ)",185-1,11.95,13.50,OK,"Λιγκουίνι ολικής άλεσης, μαγειρεμένα (210γρ), Γαρίδα, μαγειρεμένη (75γρ), Σάλτσα λευκού κρασιού (125γρ)",4.25,4.80,0.14,0.17,4.39,4.39,4.98,36.74%,€7.56,35.56%,1.17%,578,70,33,19,https://drive.google.com/file/d/1fVhdqBsqbRUDMts7GLxm8qDq2yWZg-Ph/view?usp=sharing,https://drive.google.com/file/d/1fVhdqBsqbRUDMts7GLxm8qDq2yWZg-Ph/view?usp=sharing
Μαγειρευτά,ΟΧΙ,Λιγκουίνι ολικής με γαρίδες και σάλτσα λευκού κρασιού,"Λιγκουίνι ολικής (210γρ), Γαρίδες (120γρ)","Ζυμαρικό, Γαρίδα, Σκόρδο, Αρακάς, Καρότο, Κολοκύθι, Τυρί κρέμα light, Μαϊντανός","Λιγκουίνι ολικής (210γρ), Γαρίδες (120γρ), Σάλτσα λευκού κρασιού (85γρ)",185-2,13.19,14.90,OK,"Λιγκουίνι ολικής άλεσης, μαγειρεμένα (210γρ), Γαρίδα, μαγειρεμένη (100γρ), Σάλτσα λευκού κρασιού (125γρ)",5.45,6.16,0.14,0.17,5.59,5.59,6.33,42.38%,€7.60,41.32%,1.06%,603,70,39,19,https://drive.google.com/file/d/1fVhdqBsqbRUDMts7GLxm8qDq2yWZg-Ph/view?usp=sharing,https://drive.google.com/file/d/1fVhdqBsqbRUDMts7GLxm8qDq2yWZg-Ph/view?usp=sharing
Μαγειρευτά,ΟΧΙ,Λιγκουίνι ολικής με γαρίδες και σάλτσα λευκού κρασιού,"Λιγκουίνι ολικής (210γρ), Γαρίδες (150γρ)","Ζυμαρικό, Γαρίδα, Σκόρδο, Αρακάς, Καρότο, Κολοκύθι, Τυρί κρέμα light, Μαϊντανός","Λιγκουίνι ολικής (210γρ), Γαρίδες (150γρ), Σάλτσα λευκού κρασιού (85γρ)",185-3,14.60,16.50,OK,"Λιγκουίνι ολικής άλεσης, μαγειρεμένα (210γρ), Γαρίδα, μαγειρεμένη (125γρ), Σάλτσα λευκού κρασιού (125γρ)",6.65,7.51,0.14,0.17,6.79,6.79,7.69,46.51%,€7.81,45.55%,0.96%,628,70,45,19,https://drive.google.com/file/d/1fVhdqBsqbRUDMts7GLxm8qDq2yWZg-Ph/view?usp=sharing,https://drive.google.com/file/d/1fVhdqBsqbRUDMts7GLxm8qDq2yWZg-Ph/view?usp=sharing
Μαγειρευτά,ΟΧΙ,Λιγκουίνι ολικής με γαρίδες και σάλτσα λευκού κρασιού,"Λιγκουίνι ολικής (240γρ), Γαρίδες (90γρ)","Ζυμαρικό, Γαρίδα, Σκόρδο, Αρακάς, Καρότο, Κολοκύθι, Τυρί κρέμα light, Μαϊντανός","Λιγκουίνι ολικής (240γρ), Γαρίδες (90γρ), Σάλτσα λευκού κρασιού (100γρ)",185-4,12.30,13.90,OK,"Λιγκουίνι ολικής άλεσης, μαγειρεμένα (240γρ), Γαρίδα, μαγειρεμένη (75γρ), Σάλτσα λευκού κρασιού (125γρ)",4.29,4.85,0.14,0.17,4.43,4.43,5.02,36.02%,€7.87,34.88%,1.14%,623,79,35,19,https://drive.google.com/file/d/1fVhdqBsqbRUDMts7GLxm8qDq2yWZg-Ph/view?usp=sharing,https://drive.google.com/file/d/1fVhdqBsqbRUDMts7GLxm8qDq2yWZg-Ph/view?usp=sharing
Μαγειρευτά,ΝΑΙ,Λιγκουίνι ολικής με γαρίδες και σάλτσα λευκού κρασιού,"Λιγκουίνι ολικής (240γρ), Γαρίδες (120γρ)","Ζυμαρικό, Γαρίδα, Σκόρδο, Αρακάς, Καρότο, Κολοκύθι, Τυρί κρέμα light, Μαϊντανός","Λιγκουίνι ολικής (240γρ), Γαρίδες (120γρ), Σάλτσα λευκού κρασιού (100γρ)",185-5,13.72,15.50,OK,"Λιγκουίνι ολικής άλεσης, μαγειρεμένα (240γρ), Γαρίδα, μαγειρεμένη (100γρ), Σάλτσα λευκού κρασιού (125γρ)",5.49,6.20,0.14,0.17,5.63,5.63,6.38,41.03%,€8.09,40.01%,1.02%,647,79,41,19,https://drive.google.com/file/d/1fVhdqBsqbRUDMts7GLxm8qDq2yWZg-Ph/view?usp=sharing,https://drive.google.com/file/d/1fVhdqBsqbRUDMts7GLxm8qDq2yWZg-Ph/view?usp=sharing
Μαγειρευτά,ΟΧΙ,Λιγκουίνι ολικής με γαρίδες και σάλτσα λευκού κρασιού,"Λιγκουίνι ολικής (240γρ), Γαρίδες (150γρ)","Ζυμαρικό, Γαρίδα, Σκόρδο, Αρακάς, Καρότο, Κολοκύθι, Τυρί κρέμα light, Μαϊντανός","Λιγκουίνι ολικής (240γρ), Γαρίδες (150γρ), Σάλτσα λευκού κρασιού (100γρ)",185-6,14.96,16.90,OK,"Λιγκουίνι ολικής άλεσης, μαγειρεμένα (240γρ), Γαρίδα, μαγειρεμένη (125γρ), Σάλτσα λευκού κρασιού (125γρ)",6.69,7.56,0.14,0.17,6.83,6.83,7.73,45.66%,€8.13,44.72%,0.94%,672,79,47,19,https://drive.google.com/file/d/1fVhdqBsqbRUDMts7GLxm8qDq2yWZg-Ph/view?usp=sharing,https://drive.google.com/file/d/1fVhdqBsqbRUDMts7GLxm8qDq2yWZg-Ph/view?usp=sharing
Μαγειρευτά,ΟΧΙ,Λιγκουίνι ολικής με γαρίδες και σάλτσα λευκού κρασιού,"Λιγκουίνι ολικής (300γρ), Γαρίδες (90γρ)","Ζυμαρικό, Γαρίδα, Σκόρδο, Αρακάς, Καρότο, Κολοκύθι, Τυρί κρέμα light, Μαϊντανός","Λιγκουίνι ολικής (300γρ), Γαρίδες (90γρ), Σάλτσα λευκού κρασιού (130γρ)",185-7,12.83,14.50,OK,"Λιγκουίνι ολικής άλεσης, μαγειρεμένα (300γρ), Γαρίδα, μαγειρεμένη (75γρ), Σάλτσα λευκού κρασιού (125γρ)",4.35,4.92,0.14,0.17,4.49,4.49,5.09,35.00%,€8.34,33.90%,1.09%,711,97,39,20,https://drive.google.com/file/d/1fVhdqBsqbRUDMts7GLxm8qDq2yWZg-Ph/view?usp=sharing,https://drive.google.com/file/d/1fVhdqBsqbRUDMts7GLxm8qDq2yWZg-Ph/view?usp=sharing
Μαγειρευτά,ΟΧΙ,Λιγκουίνι ολικής με γαρίδες και σάλτσα λευκού κρασιού,"Λιγκουίνι ολικής (300γρ), Γαρίδες (120γρ)","Ζυμαρικό, Γαρίδα, Σκόρδο, Αρακάς, Καρότο, Κολοκύθι, Τυρί κρέμα light, Μαϊντανός","Λιγκουίνι ολικής (300γρ), Γαρίδες (120γρ), Σάλτσα λευκού κρασιού (130γρ)",185-8,14.07,15.90,OK,"Λιγκουίνι ολικής άλεσης, μαγειρεμένα (300γρ), Γαρίδα, μαγειρεμένη (100γρ), Σάλτσα λευκού κρασιού (125γρ)",5.55,6.27,0.14,0.17,5.69,5.69,6.45,40.44%,€8.38,39.45%,1.00%,736,97,45,20,https://drive.google.com/file/d/1fVhdqBsqbRUDMts7GLxm8qDq2yWZg-Ph/view?usp=sharing,https://drive.google.com/file/d/1fVhdqBsqbRUDMts7GLxm8qDq2yWZg-Ph/view?usp=sharing
Μαγειρευτά,ΟΧΙ,Λιγκουίνι ολικής με γαρίδες και σάλτσα λευκού κρασιού,"Λιγκουίνι ολικής (300γρ), Γαρίδες (150γρ)","Ζυμαρικό, Γαρίδα, Σκόρδο, Αρακάς, Καρότο, Κολοκύθι, Τυρί κρέμα light, Μαϊντανός","Λιγκουίνι ολικής (300γρ), Γαρίδες (150γρ), Σάλτσα λευκού κρασιού (130γρ)",185-9,15.49,17.50,OK,"Λιγκουίνι ολικής άλεσης, μαγειρεμένα (300γρ), Γαρίδα, μαγειρεμένη (125γρ), Σάλτσα λευκού κρασιού (125γρ)",6.75,7.63,0.14,0.17,6.89,6.89,7.80,44.48%,€8.60,43.58%,0.90%,761,97,51,20,https://drive.google.com/file/d/1fVhdqBsqbRUDMts7GLxm8qDq2yWZg-Ph/view?usp=sharing,https://drive.google.com/file/d/1fVhdqBsqbRUDMts7GLxm8qDq2yWZg-Ph/view?usp=sharing
Μαγειρευτά,ΟΧΙ,Λιγκουίνι ολικής με κιμά γαλοπούλας και τριμμένο τυρί light,"Λιγκουίνι ολικής (210γρ), Κιμάς γαλοπούλας (90γρ)","Ζυμαρικό, Γαλοπούλα, Κρεμμύδι, Σκόρδο, Καρότο, Ντομάτα, Μέλι, Κανέλα, Ζωμός κοτόπουλου, Τυρί κίτρινο light","Λιγκουίνι ολικής (210γρ), Κιμάς γαλοπούλας (90γρ), Τριμμένο τυρί light (15γρ)",186-1,7.88,8.90,OK,"Λιγκουίνι ολικής άλεσης, μαγειρεμένα (210γρ), Κιμάς γαλοπούλας (90γρ), Τυρί κίτρινο light (15γρ)",1.05,1.19,0.18,0.23,1.23,1.23,1.41,15.66%,€6.65,13.32%,2.34%,461,72,28,10,https://drive.google.com/file/d/1Hbdo_KdlXQ5jjyR9uReC0Bbw2y9PJD1t/view?usp=sharing,https://drive.google.com/file/d/1Hbdo_KdlXQ5jjyR9uReC0Bbw2y9PJD1t/view?usp=sharing
Μαγειρευτά,ΟΧΙ,Λιγκουίνι ολικής με κιμά γαλοπούλας και τριμμένο τυρί light,"Λιγκουίνι ολικής (210γρ), Κιμάς γαλοπούλας (120γρ)","Ζυμαρικό, Γαλοπούλα, Κρεμμύδι, Σκόρδο, Καρότο, Ντομάτα, Μέλι, Κανέλα, Ζωμός κοτόπουλου, Τυρί κίτρινο light","Λιγκουίνι ολικής (210γρ), Κιμάς γαλοπούλας (120γρ), Τριμμένο τυρί light (15γρ)",186-2,8.32,9.40,OK,"Λιγκουίνι ολικής άλεσης, μαγειρεμένα (210γρ), Κιμάς γαλοπούλας (120γρ), Τυρί κίτρινο light (15γρ)",1.24,1.40,0.18,0.23,1.42,1.42,1.63,17.12%,€6.90,14.90%,2.21%,500,75,32,11,https://drive.google.com/file/d/1Hbdo_KdlXQ5jjyR9uReC0Bbw2y9PJD1t/view?usp=sharing,https://drive.google.com/file/d/1Hbdo_KdlXQ5jjyR9uReC0Bbw2y9PJD1t/view?usp=sharing
Μαγειρευτά,ΟΧΙ,Λιγκουίνι ολικής με κιμά γαλοπούλας και τριμμένο τυρί light,"Λιγκουίνι ολικής (210γρ), Κιμάς γαλοπούλας (150γρ)","Ζυμαρικό, Γαλοπούλα, Κρεμμύδι, Σκόρδο, Καρότο, Ντομάτα, Μέλι, Κανέλα, Ζωμός κοτόπουλου, Τυρί κίτρινο light","Λιγκουίνι ολικής (210γρ), Κιμάς γαλοπούλας (150γρ), Τριμμένο τυρί light (15γρ)",186-3,8.76,9.90,OK,"Λιγκουίνι ολικής άλεσης, μαγειρεμένα (210γρ), Κιμάς γαλοπούλας (150γρ), Τυρί κίτρινο light (15γρ)",1.44,1.63,0.18,0.23,1.62,1.62,1.86,18.54%,€7.14,16.44%,2.10%,539,78,35,13,https://drive.google.com/file/d/1Hbdo_KdlXQ5jjyR9uReC0Bbw2y9PJD1t/view?usp=sharing,https://drive.google.com/file/d/1Hbdo_KdlXQ5jjyR9uReC0Bbw2y9PJD1t/view?usp=sharing
Μαγειρευτά,ΟΧΙ,Λιγκουίνι ολικής με κιμά γαλοπούλας και τριμμένο τυρί light,"Λιγκουίνι ολικής (240γρ), Κιμάς γαλοπούλας (90γρ)","Ζυμαρικό, Γαλοπούλα, Κρεμμύδι, Σκόρδο, Καρότο, Ντομάτα, Μέλι, Κανέλα, Ζωμός κοτόπουλου, Τυρί κίτρινο light","Λιγκουίνι ολικής (240γρ), Κιμάς γαλοπούλας (90γρ), Τριμμένο τυρί light (15γρ)",186-4,8.32,9.40,OK,"Λιγκουίνι ολικής άλεσης, μαγειρεμένα (240γρ), Κιμάς γαλοπούλας (90γρ), Τυρί κίτρινο light (15γρ)",1.08,1.22,0.18,0.23,1.26,1.26,1.45,15.19%,€7.06,12.98%,2.21%,506,81,30,10,https://drive.google.com/file/d/1Hbdo_KdlXQ5jjyR9uReC0Bbw2y9PJD1t/view?usp=sharing,https://drive.google.com/file/d/1Hbdo_KdlXQ5jjyR9uReC0Bbw2y9PJD1t/view?usp=sharing
Μαγειρευτά,ΝΑΙ,Λιγκουίνι ολικής με κιμά γαλοπούλας και τριμμένο τυρί light,"Λιγκουίνι ολικής (240γρ), Κιμάς γαλοπούλας (120γρ)","Ζυμαρικό, Γαλοπούλα, Κρεμμύδι, Σκόρδο, Καρότο, Ντομάτα, Μέλι, Κανέλα, Ζωμός κοτόπουλου, Τυρί κίτρινο light","Λιγκουίνι ολικής (240γρ), Κιμάς γαλοπούλας (120γρ), Τριμμένο τυρί light (15γρ)",186-5,8.76,9.90,OK,"Λιγκουίνι ολικής άλεσης, μαγειρεμένα (240γρ), Κιμάς γαλοπούλας (120γρ), Τυρί κίτρινο light (15γρ)",1.27,1.44,0.18,0.23,1.45,1.45,1.66,16.60%,€7.31,14.50%,2.10%,544,84,33,12,https://drive.google.com/file/d/1Hbdo_KdlXQ5jjyR9uReC0Bbw2y9PJD1t/view?usp=sharing,https://drive.google.com/file/d/1Hbdo_KdlXQ5jjyR9uReC0Bbw2y9PJD1t/view?usp=sharing
Μαγειρευτά,ΟΧΙ,Λιγκουίνι ολικής με κιμά γαλοπούλας και τριμμένο τυρί light,"Λιγκουίνι ολικής (240γρ), Κιμάς γαλοπούλας (150γρ)","Ζυμαρικό, Γαλοπούλα, Κρεμμύδι, Σκόρδο, Καρότο, Ντομάτα, Μέλι, Κανέλα, Ζωμός κοτόπουλου, Τυρί κίτρινο light","Λιγκουίνι ολικής (240γρ), Κιμάς γαλοπούλας (150γρ), Τριμμένο τυρί light (15γρ)",186-6,9.20,10.40,OK,"Λιγκουίνι ολικής άλεσης, μαγειρεμένα (240γρ), Κιμάς γαλοπούλας (150γρ), Τυρί κίτρινο light (15γρ)",1.47,1.66,0.18,0.23,1.65,1.65,1.89,17.98%,€7.55,15.98%,2.00%,583,86,37,13,https://drive.google.com/file/d/1Hbdo_KdlXQ5jjyR9uReC0Bbw2y9PJD1t/view?usp=sharing,https://drive.google.com/file/d/1Hbdo_KdlXQ5jjyR9uReC0Bbw2y9PJD1t/view?usp=sharing
Μαγειρευτά,ΟΧΙ,Λιγκουίνι ολικής με κιμά γαλοπούλας και τριμμένο τυρί light,"Λιγκουίνι ολικής (300γρ), Κιμάς γαλοπούλας (90γρ)","Ζυμαρικό, Γαλοπούλα, Κρεμμύδι, Σκόρδο, Καρότο, Ντομάτα, Μέλι, Κανέλα, Ζωμός κοτόπουλου, Τυρί κίτρινο light","Λιγκουίνι ολικής (300γρ), Κιμάς γαλοπούλας (90γρ), Τριμμένο τυρί light (15γρ)",186-7,8.76,9.90,OK,"Λιγκουίνι ολικής άλεσης, μαγειρεμένα (300γρ), Κιμάς γαλοπούλας (90γρ), Τυρί κίτρινο light (15γρ)",1.14,1.29,0.18,0.23,1.32,1.32,1.52,15.11%,€7.44,13.01%,2.10%,594,99,33,11,https://drive.google.com/file/d/1Hbdo_KdlXQ5jjyR9uReC0Bbw2y9PJD1t/view?usp=sharing,https://drive.google.com/file/d/1Hbdo_KdlXQ5jjyR9uReC0Bbw2y9PJD1t/view?usp=sharing
Μαγειρευτά,ΟΧΙ,Λιγκουίνι ολικής με κιμά γαλοπούλας και τριμμένο τυρί light,"Λιγκουίνι ολικής (300γρ), Κιμάς γαλοπούλας (120γρ)","Ζυμαρικό, Γαλοπούλα, Κρεμμύδι, Σκόρδο, Καρότο, Ντομάτα, Μέλι, Κανέλα, Ζωμός κοτόπουλου, Τυρί κίτρινο light","Λιγκουίνι ολικής (300γρ), Κιμάς γαλοπούλας (120γρ), Τριμμένο τυρί light (15γρ)",186-8,9.20,10.40,OK,"Λιγκουίνι ολικής άλεσης, μαγειρεμένα (300γρ), Κιμάς γαλοπούλας (120γρ), Τυρί κίτρινο light (15γρ)",1.34,1.51,0.18,0.23,1.52,1.52,1.74,16.57%,€7.68,14.57%,2.00%,633,101,37,13,https://drive.google.com/file/d/1Hbdo_KdlXQ5jjyR9uReC0Bbw2y9PJD1t/view?usp=sharing,https://drive.google.com/file/d/1Hbdo_KdlXQ5jjyR9uReC0Bbw2y9PJD1t/view?usp=sharing
Μαγειρευτά,ΟΧΙ,Λιγκουίνι ολικής με κιμά γαλοπούλας και τριμμένο τυρί light,"Λιγκουίνι ολικής (300γρ), Κιμάς γαλοπούλας (150γρ)","Ζυμαρικό, Γαλοπούλα, Κρεμμύδι, Σκόρδο, Καρότο, Ντομάτα, Μέλι, Κανέλα, Ζωμός κοτόπουλου, Τυρί κίτρινο light","Λιγκουίνι ολικής (300γρ), Κιμάς γαλοπούλας (150γρ), Τριμμένο τυρί light (15γρ)",186-9,9.65,10.90,OK,"Λιγκουίνι ολικής άλεσης, μαγειρεμένα (300γρ), Κιμάς γαλοπούλας (150γρ), Τυρί κίτρινο light (15γρ)",1.53,1.73,0.18,0.23,1.71,1.71,1.96,17.76%,€7.94,15.85%,1.91%,672,104,41,14,https://drive.google.com/file/d/1Hbdo_KdlXQ5jjyR9uReC0Bbw2y9PJD1t/view?usp=sharing,https://drive.google.com/file/d/1Hbdo_KdlXQ5jjyR9uReC0Bbw2y9PJD1t/view?usp=sharing
Μαγειρευτά,ΟΧΙ,Λιγκουίνι ολικής με μοσχαρίσιο κιμά και τριμμένο τυρί light,"Λιγκουίνι ολικής (210γρ), Μοσχαρίσιος κιμάς (90γρ)","Ζυμαρικό, Μοσχάρι, Κρεμμύδι, Καρότο, Ντομάτα, Ζωμός κοτόπουλου, Κανέλα, Μέλι, Τυρί κίτρινο light","Λιγκουίνι ολικής (210γρ), Μοσχαρίσιος κιμάς (90γρ), Τριμμένο τυρί light (15γρ)",187-1,7.88,8.90,OK,"Λιγκουίνι ολικής άλεσης, μαγειρεμένα (210γρ), Μοσχαρίσιο ραγού (90γρ), Τυρί κίτρινο light (15γρ)",1.26,1.42,0.18,0.23,1.44,1.44,1.65,18.32%,€6.44,15.99%,2.34%,504,72,27,15,https://drive.google.com/file/d/1fqRNqwUSBD1i_sw0OGePeoemILFNnG11/view?usp=sharing,https://drive.google.com/file/d/1fqRNqwUSBD1i_sw0OGePeoemILFNnG11/view?usp=sharing
Μαγειρευτά,ΟΧΙ,Λιγκουίνι ολικής με μοσχαρίσιο κιμά και τριμμένο τυρί light,"Λιγκουίνι ολικής (210γρ), Μοσχαρίσιος κιμάς (120γρ)","Ζυμαρικό, Μοσχάρι, Κρεμμύδι, Καρότο, Ντομάτα, Ζωμός κοτόπουλου, Κανέλα, Μέλι, Τυρί κίτρινο light","Λιγκουίνι ολικής (210γρ), Μοσχαρίσιος κιμάς (120γρ), Τριμμένο τυρί light (15γρ)",187-2,8.32,9.40,OK,"Λιγκουίνι ολικής άλεσης, μαγειρεμένα (210γρ), Μοσχαρίσιο ραγού (120γρ), Τυρί κίτρινο light (15γρ)",1.52,1.72,0.18,0.23,1.70,1.70,1.95,20.48%,€6.62,18.27%,2.21%,558,75,31,18,https://drive.google.com/file/d/1fqRNqwUSBD1i_sw0OGePeoemILFNnG11/view?usp=sharing,https://drive.google.com/file/d/1fqRNqwUSBD1i_sw0OGePeoemILFNnG11/view?usp=sharing
Μαγειρευτά,ΟΧΙ,Λιγκουίνι ολικής με μοσχαρίσιο κιμά και τριμμένο τυρί light,"Λιγκουίνι ολικής (210γρ), Μοσχαρίσιος κιμάς (150γρ)","Ζυμαρικό, Μοσχάρι, Κρεμμύδι, Καρότο, Ντομάτα, Ζωμός κοτόπουλου, Κανέλα, Μέλι, Τυρί κίτρινο light","Λιγκουίνι ολικής (210γρ), Μοσχαρίσιος κιμάς (150γρ), Τριμμένο τυρί light (15γρ)",187-3,8.76,9.90,OK,"Λιγκουίνι ολικής άλεσης, μαγειρεμένα (210γρ), Μοσχαρίσιο ραγού (150γρ), Τυρί κίτρινο light (15γρ)",1.79,2.02,0.18,0.23,1.97,1.97,2.25,22.53%,€6.79,20.43%,2.10%,611,78,34,21,https://drive.google.com/file/d/1fqRNqwUSBD1i_sw0OGePeoemILFNnG11/view?usp=sharing,https://drive.google.com/file/d/1fqRNqwUSBD1i_sw0OGePeoemILFNnG11/view?usp=sharing
Μαγειρευτά,ΟΧΙ,Λιγκουίνι ολικής με μοσχαρίσιο κιμά και τριμμένο τυρί light,"Λιγκουίνι ολικής (240γρ), Μοσχαρίσιος κιμάς (90γρ)","Ζυμαρικό, Μοσχάρι, Κρεμμύδι, Καρότο, Ντομάτα, Ζωμός κοτόπουλου, Κανέλα, Μέλι, Τυρί κίτρινο light","Λιγκουίνι ολικής (240γρ), Μοσχαρίσιος κιμάς (90γρ), Τριμμένο τυρί light (15γρ)",187-4,8.32,9.40,OK,"Λιγκουίνι ολικής άλεσης, μαγειρεμένα (240γρ), Μοσχαρίσιο ραγού (90γρ), Τυρί κίτρινο light (15γρ)",1.29,1.46,0.18,0.23,1.47,1.47,1.69,17.72%,€6.85,15.50%,2.21%,549,81,29,15,https://drive.google.com/file/d/1fqRNqwUSBD1i_sw0OGePeoemILFNnG11/view?usp=sharing,https://drive.google.com/file/d/1fqRNqwUSBD1i_sw0OGePeoemILFNnG11/view?usp=sharing
Μαγειρευτά,ΝΑΙ,Λιγκουίνι ολικής με μοσχαρίσιο κιμά και τριμμένο τυρί light,"Λιγκουίνι ολικής (240γρ), Μοσχαρίσιος κιμάς (120γρ)","Ζυμαρικό, Μοσχάρι, Κρεμμύδι, Καρότο, Ντομάτα, Ζωμός κοτόπουλου, Κανέλα, Μέλι, Τυρί κίτρινο light","Λιγκουίνι ολικής (240γρ), Μοσχαρίσιος κιμάς (120γρ), Τριμμένο τυρί light (15γρ)",187-5,8.76,9.90,OK,"Λιγκουίνι ολικής άλεσης, μαγειρεμένα (240γρ), Μοσχαρίσιο ραγού (120γρ), Τυρί κίτρινο light (15γρ)",1.56,1.76,0.18,0.23,1.74,1.74,1.99,19.91%,€7.02,17.81%,2.10%,602,84,32,18,https://drive.google.com/file/d/1fqRNqwUSBD1i_sw0OGePeoemILFNnG11/view?usp=sharing,https://drive.google.com/file/d/1fqRNqwUSBD1i_sw0OGePeoemILFNnG11/view?usp=sharing
Μαγειρευτά,ΟΧΙ,Λιγκουίνι ολικής με μοσχαρίσιο κιμά και τριμμένο τυρί light,"Λιγκουίνι ολικής (240γρ), Μοσχαρίσιος κιμάς (150γρ)","Ζυμαρικό, Μοσχάρι, Κρεμμύδι, Καρότο, Ντομάτα, Ζωμός κοτόπουλου, Κανέλα, Μέλι, Τυρί κίτρινο light","Λιγκουίνι ολικής (240γρ), Μοσχαρίσιος κιμάς (150γρ), Τριμμένο τυρί light (15γρ)",187-6,9.20,10.40,OK,"Λιγκουίνι ολικής άλεσης, μαγειρεμένα (240γρ), Μοσχαρίσιο ραγού (150γρ), Τυρί κίτρινο light (15γρ)",1.82,2.06,0.18,0.23,2.00,2.00,2.28,21.78%,€7.20,19.78%,2.00%,655,87,36,21,https://drive.google.com/file/d/1fqRNqwUSBD1i_sw0OGePeoemILFNnG11/view?usp=sharing,https://drive.google.com/file/d/1fqRNqwUSBD1i_sw0OGePeoemILFNnG11/view?usp=sharing
Μαγειρευτά,ΟΧΙ,Λιγκουίνι ολικής με μοσχαρίσιο κιμά και τριμμένο τυρί light,"Λιγκουίνι ολικής (300γρ), Μοσχαρίσιος κιμάς (90γρ)","Ζυμαρικό, Μοσχάρι, Κρεμμύδι, Καρότο, Ντομάτα, Ζωμός κοτόπουλου, Κανέλα, Μέλι, Τυρί κίτρινο light","Λιγκουίνι ολικής (300γρ), Μοσχαρίσιος κιμάς (90γρ), Τριμμένο τυρί light (15γρ)",187-7,8.76,9.90,OK,"Λιγκουίνι ολικής άλεσης, μαγειρεμένα (300γρ), Μοσχαρίσιο ραγού (90γρ), Τυρί κίτρινο light (15γρ)",1.35,1.53,0.18,0.23,1.53,1.53,1.75,17.51%,€7.23,15.41%,2.10%,638,99,33,16,https://drive.google.com/file/d/1fqRNqwUSBD1i_sw0OGePeoemILFNnG11/view?usp=sharing,https://drive.google.com/file/d/1fqRNqwUSBD1i_sw0OGePeoemILFNnG11/view?usp=sharing
Μαγειρευτά,ΟΧΙ,Λιγκουίνι ολικής με μοσχαρίσιο κιμά και τριμμένο τυρί light,"Λιγκουίνι ολικής (300γρ), Μοσχαρίσιος κιμάς (120γρ)","Ζυμαρικό, Μοσχάρι, Κρεμμύδι, Καρότο, Ντομάτα, Ζωμός κοτόπουλου, Κανέλα, Μέλι, Τυρί κίτρινο light","Λιγκουίνι ολικής (300γρ), Μοσχαρίσιος κιμάς (120γρ), Τριμμένο τυρί light(15γρ)",187-8,9.20,10.40,OK,"Λιγκουίνι ολικής άλεσης, μαγειρεμένα (300γρ), Μοσχαρίσιο ραγού (120γρ), Τυρί κίτρινο light (15γρ)",1.62,1.83,0.18,0.23,1.80,1.80,2.06,19.61%,€7.40,17.61%,2.00%,691,102,36,19,https://drive.google.com/file/d/1fqRNqwUSBD1i_sw0OGePeoemILFNnG11/view?usp=sharing,https://drive.google.com/file/d/1fqRNqwUSBD1i_sw0OGePeoemILFNnG11/view?usp=sharing
Μαγειρευτά,ΟΧΙ,Λιγκουίνι ολικής με μοσχαρίσιο κιμά και τριμμένο τυρί light,"Λιγκουίνι ολικής (300γρ), Μοσχαρίσιος κιμάς (150γρ)","Ζυμαρικό, Μοσχάρι, Κρεμμύδι, Καρότο, Ντομάτα, Ζωμός κοτόπουλου, Κανέλα, Μέλι, Τυρί κίτρινο light","Λιγκουίνι ολικής (300γρ), Μοσχαρίσιος κιμάς (150γρ), Τριμμένο τυρί light (15γρ)",187-9,9.65,10.90,OK,"Λιγκουίνι ολικής άλεσης, μαγειρεμένα (300γρ), Μοσχαρίσιο ραγού (150γρ), Τυρί κίτρινο light (15γρ)",1.88,2.12,0.18,0.23,2.06,2.06,2.35,21.39%,€7.59,19.48%,1.91%,744,105,39,22,https://drive.google.com/file/d/1fqRNqwUSBD1i_sw0OGePeoemILFNnG11/view?usp=sharing,https://drive.google.com/file/d/1fqRNqwUSBD1i_sw0OGePeoemILFNnG11/view?usp=sharing
Μαγειρευτά,ΟΧΙ,Λιγκουίνι ολικής με σάλτσα bolognese από φακή,"Λιγκουίνι ολικής (210γρ), Bolognese (90γρ)","Ζυμαρικό, Κρεμμύδι, Καρότο, Σέλερι, Σελινόριζα, Σκόρδο, Φακή, Ντομάτα, Μέλι, Ζωμός λαχανικών, Σόγια, Μαϊντανός","Λιγκουίνι ολικής (210γρ), Σάλτσα bolognese από φακή (90γρ)",234-1,6.11,6.90,OK,"Λιγκουίνι ολικής άλεσης, μαγειρεμένα (210γρ), Σάλτσα μπολονέζ από φακή με καρότο, σέλερι, σελινόριζα, ντομάτα και μυρωδικά (90γρ)",0.39,0.44,0.14,0.17,0.53,0.53,0.61,8.67%,€5.58,6.38%,2.29%,385,74,16,5,https://drive.google.com/file/d/1SrsJAGwIBGVANt9dDnX06ZjG0p4xepS9/view?usp=sharing,https://drive.google.com/file/d/1SrsJAGwIBGVANt9dDnX06ZjG0p4xepS9/view?usp=sharing
Μαγειρευτά,ΟΧΙ,Λιγκουίνι ολικής με σάλτσα bolognese από φακή,"Λιγκουίνι ολικής (210γρ), Bolognese (120γρ)","Ζυμαρικό, Κρεμμύδι, Καρότο, Σέλερι, Σελινόριζα, Σκόρδο, Φακή, Ντομάτα, Μέλι, Ζωμός λαχανικών, Σόγια, Μαϊντανός","Λιγκουίνι ολικής (210γρ), Σάλτσα bolognese από φακή (120γρ)",234-2,6.55,7.40,OK,"Λιγκουίνι ολικής άλεσης, μαγειρεμένα (210γρ), Σάλτσα μπολονέζ από φακή με καρότο, σέλερι, σελινόριζα, ντομάτα και μυρωδικά (120γρ)",0.44,0.50,0.14,0.17,0.58,0.58,0.67,8.85%,€5.97,6.72%,2.14%,410,78,17,6,https://drive.google.com/file/d/1SrsJAGwIBGVANt9dDnX06ZjG0p4xepS9/view?usp=sharing,https://drive.google.com/file/d/1SrsJAGwIBGVANt9dDnX06ZjG0p4xepS9/view?usp=sharing
Μαγειρευτά,ΟΧΙ,Λιγκουίνι ολικής με σάλτσα bolognese από φακή,"Λιγκουίνι ολικής (240γρ), Bolognese (90γρ)","Ζυμαρικό, Κρεμμύδι, Καρότο, Σέλερι, Σελινόριζα, Σκόρδο, Φακή, Ντομάτα, Μέλι, Ζωμός λαχανικών, Σόγια, Μαϊντανός","Λιγκουίνι ολικής (240γρ), Σάλτσα bolognese από φακή (90γρ)",234-3,6.55,7.40,OK,"Λιγκουίνι ολικής άλεσης, μαγειρεμένα (240γρ), Σάλτσα μπολονέζ από φακή με καρότο, σέλερι, σελινόριζα, ντομάτα και μυρωδικά (90γρ)",0.42,0.47,0.14,0.17,0.56,0.56,0.65,8.55%,€5.99,6.41%,2.14%,430,83,18,6,https://drive.google.com/file/d/1SrsJAGwIBGVANt9dDnX06ZjG0p4xepS9/view?usp=sharing,https://drive.google.com/file/d/1SrsJAGwIBGVANt9dDnX06ZjG0p4xepS9/view?usp=sharing
Μαγειρευτά,ΝΑΙ,Λιγκουίνι ολικής με σάλτσα bolognese από φακή,"Λιγκουίνι ολικής (240γρ), Bolognese (120γρ)","Ζυμαρικό, Κρεμμύδι, Καρότο, Σέλερι, Σελινόριζα, Σκόρδο, Φακή, Ντομάτα, Μέλι, Ζωμός λαχανικών, Σόγια, Μαϊντανός","Λιγκουίνι ολικής (240γρ), Σάλτσα bolognese από φακή (120γρ)",234-4,6.99,7.90,OK,"Λιγκουίνι ολικής άλεσης, μαγειρεμένα (240γρ), Σάλτσα μπολονέζ από φακή με καρότο, σέλερι, σελινόριζα, ντομάτα και μυρωδικά (120γρ)",0.48,0.54,0.14,0.17,0.62,0.62,0.72,8.87%,€6.37,6.87%,2.00%,455,87,19,6,https://drive.google.com/file/d/1SrsJAGwIBGVANt9dDnX06ZjG0p4xepS9/view?usp=sharing,https://drive.google.com/file/d/1SrsJAGwIBGVANt9dDnX06ZjG0p4xepS9/view?usp=sharing
Μαγειρευτά,ΟΧΙ,Λιγκουίνι ολικής με σάλτσα bolognese από φακή,"Λιγκουίνι ολικής (240γρ), Bolognese (150γρ)","Ζυμαρικό, Κρεμμύδι, Καρότο, Σέλερι, Σελινόριζα, Σκόρδο, Φακή, Ντομάτα, Μέλι, Ζωμός λαχανικών, Σόγια, Μαϊντανός","Λιγκουίνι ολικής (240γρ), Σάλτσα bolognese από φακή (150γρ)",234-5,7.43,8.40,OK,"Λιγκουίνι ολικής άλεσης, μαγειρεμένα (240γρ), Σάλτσα μπολονέζ από φακή με καρότο, σέλερι, σελινόριζα, ντομάτα και μυρωδικά (150γρ)",0.53,0.60,0.14,0.17,0.67,0.67,0.77,9.02%,€6.76,7.13%,1.88%,479,91,20,7,https://drive.google.com/file/d/1SrsJAGwIBGVANt9dDnX06ZjG0p4xepS9/view?usp=sharing,https://drive.google.com/file/d/1SrsJAGwIBGVANt9dDnX06ZjG0p4xepS9/view?usp=sharing
Μαγειρευτά,ΟΧΙ,Λιγκουίνι ολικής με σάλτσα bolognese από φακή,"Λιγκουίνι ολικής (300γρ), Bolognese (120γρ)","Ζυμαρικό, Κρεμμύδι, Καρότο, Σέλερι, Σελινόριζα, Σκόρδο, Φακή, Ντομάτα, Μέλι, Ζωμός λαχανικών, Σόγια, Μαϊντανός","Λιγκουίνι ολικής (300γρ), Σάλτσα bolognese από φακή (120γρ)",234-6,7.43,8.40,OK,"Λιγκουίνι ολικής άλεσης, μαγειρεμένα (300γρ), Σάλτσα μπολονέζ από φακή με καρότο, σέλερι, σελινόριζα, ντομάτα και μυρωδικά (120γρ)",0.54,0.61,0.14,0.17,0.68,0.68,0.78,9.15%,€6.75,7.27%,1.88%,543,105,22,7,https://drive.google.com/file/d/1SrsJAGwIBGVANt9dDnX06ZjG0p4xepS9/view?usp=sharing,https://drive.google.com/file/d/1SrsJAGwIBGVANt9dDnX06ZjG0p4xepS9/view?usp=sharing
Μαγειρευτά,ΟΧΙ,Λιγκουίνι ολικής με σάλτσα bolognese από φακή,"Λιγκουίνι ολικής (300γρ), Bolognese (150γρ)","Ζυμαρικό, Κρεμμύδι, Καρότο, Σέλερι, Σελινόριζα, Σκόρδο, Φακή, Ντομάτα, Μέλι, Ζωμός λαχανικών, Σόγια, Μαϊντανός","Λιγκουίνι ολικής (300γρ), Σάλτσα bolognese από φακή (150γρ)",234-7,7.88,8.90,OK,"Λιγκουίνι ολικής άλεσης, μαγειρεμένα (300γρ), Σάλτσα μπολονέζ από φακή με καρότο, σέλερι, σελινόριζα, ντομάτα και μυρωδικά (150γρ)",0.59,0.67,0.14,0.17,0.73,0.73,0.84,9.26%,€7.15,7.49%,1.78%,568,109,23,8,https://drive.google.com/file/d/1SrsJAGwIBGVANt9dDnX06ZjG0p4xepS9/view?usp=sharing,https://drive.google.com/file/d/1SrsJAGwIBGVANt9dDnX06ZjG0p4xepS9/view?usp=sharing
Μαγειρευτά,ΟΧΙ,Λιγκουίνι ολικής με σάλτσα ντομάτας και τριμμένο τυρί light,"Λιγκουίνι ολικής (210γρ), Σάλτσα ντομάτας (85γρ)","Ζυμαρικό, Κρεμμύδι, Σκόρδο, Ντομάτα, Τυρί κίτρινο light","Λιγκουίνι ολικής (210γρ), Σάλτσα ντομάτας (85γρ), Τριμμένο τυρί light (30γρ)",123-1,6.99,7.90,OK,"Λιγκουίνι ολικής άλεσης, μαγειρεμένα (210γρ), Κόκκινη σάλτσα ντομάτας (85γρ), Τυρί κίτρινο light (15γρ)",0.77,0.87,0.18,0.23,0.95,0.95,1.10,13.65%,€6.04,11.02%,2.63%,451,71,19,13,https://drive.google.com/file/d/18KBfP1gdIQKdb8QWR0DpJxSvLv6noLjI/view?usp=sharing,https://drive.google.com/file/d/18KBfP1gdIQKdb8QWR0DpJxSvLv6noLjI/view?usp=sharing
Μαγειρευτά,ΝΑΙ,Λιγκουίνι ολικής με σάλτσα ντομάτας και τριμμένο τυρί light,"Λιγκουίνι ολικής (240γρ), Σάλτσα ντομάτας (100γρ)","Ζυμαρικό, Κρεμμύδι, Σκόρδο, Ντομάτα, Τυρί κίτρινο light","Λιγκουίνι ολικής (240γρ), Σάλτσα ντομάτας (100γρ), Τριμμένο τυρί light (30γρ)",123-2,7.52,8.50,OK,"Λιγκουίνι ολικής άλεσης, μαγειρεμένα (240γρ), Κόκκινη σάλτσα ντομάτας (100γρ), Τυρί κίτρινο light (15γρ)",0.85,0.96,0.18,0.23,1.03,1.03,1.19,13.75%,€6.49,11.30%,2.45%,515,82,21,15,https://drive.google.com/file/d/18KBfP1gdIQKdb8QWR0DpJxSvLv6noLjI/view?usp=sharing,https://drive.google.com/file/d/18KBfP1gdIQKdb8QWR0DpJxSvLv6noLjI/view?usp=sharing
Μαγειρευτά,ΟΧΙ,Λιγκουίνι ολικής με σάλτσα ντομάτας και τριμμένο τυρί light,"Λιγκουίνι ολικής (300γρ), Σάλτσα ντομάτας (130γρ)","Ζυμαρικό, Κρεμμύδι, Σκόρδο, Ντομάτα, Τυρί κίτρινο light","Λιγκουίνι ολικής (300γρ), Σάλτσα ντομάτας (130γρ), Τριμμένο τυρί light (30γρ)",123-3,7.88,8.90,OK,"Λιγκουίνι ολικής άλεσης, μαγειρεμένα (300γρ), Κόκκινη σάλτσα ντομάτας (130γρ), Τυρί κίτρινο light (15γρ)",1.02,1.15,0.18,0.23,1.20,1.20,1.38,15.28%,€6.68,12.94%,2.34%,641,102,25,19,https://drive.google.com/file/d/18KBfP1gdIQKdb8QWR0DpJxSvLv6noLjI/view?usp=sharing,https://drive.google.com/file/d/18KBfP1gdIQKdb8QWR0DpJxSvLv6noLjI/view?usp=sharing
Μαγειρευτά,ΟΧΙ,"Λιγκουίνι ολικής με σολομό, σάλτσα λεμονιού και τριμμένο τυρί light","Λιγκουίνι ολικής (210γρ), Σολομός ψητός (90γρ)","Ζυμαρικό, Σολομός, Σκόρδο, Τυρί κίτρινο light, Μαϊντανός, Chili πιπεριά, Ντοματίνια","Λιγκουίνι ολικής (210γρ), Σολομός ψητός (90γρ), Ντοματίνια (35γρ), Καρύδια (20γρ)",252-1,10.53,11.90,Product Cost Change,"Λιγκουίνι ολικής άλεσης, μαγειρεμένα (210γρ), Σολομός, μαγειρεμένος (90γρ), Ντοματίνια, σωτέ (35γρ), Καρύδι, ωμό, ανάλατο (20γρ)",3.34,3.77,0.14,0.17,3.45,3.48,3.95,33.05%,€7.05,31.72%,1.33%,612,67,39,24,https://drive.google.com/file/d/1ZTaORFDhQRqrjT3y3vkS0hPDQl3l_x7V/view?usp=sharing,https://drive.google.com/file/d/1ZTaORFDhQRqrjT3y3vkS0hPDQl3l_x7V/view?usp=sharing
Μαγειρευτά,ΟΧΙ,"Λιγκουίνι ολικής με σολομό, σάλτσα λεμονιού και τριμμένο τυρί light","Λιγκουίνι ολικής (210γρ), Σολομός ψητός (120γρ)","Ζυμαρικό, Σολομός, Σκόρδο, Τυρί κίτρινο light, Μαϊντανός, Chili πιπεριά, Ντοματίνια","Λιγκουίνι ολικής (210γρ), Σολομός ψητός (120γρ), Ντοματίνια (35γρ), Καρύδια (20γρ)",252-2,11.42,12.90,Product Cost Change,"Λιγκουίνι ολικής άλεσης, μαγειρεμένα (210γρ), Σολομός, μαγειρεμένος (120γρ), Ντοματίνια, σωτέ (35γρ), Καρύδι, ωμό, ανάλατο (20γρ)",4.26,4.81,0.14,0.17,4.38,4.40,4.99,38.53%,€7.02,37.30%,1.23%,667,67,46,26,https://drive.google.com/file/d/1ZTaORFDhQRqrjT3y3vkS0hPDQl3l_x7V/view?usp=sharing,https://drive.google.com/file/d/1ZTaORFDhQRqrjT3y3vkS0hPDQl3l_x7V/view?usp=sharing
Μαγειρευτά,ΟΧΙ,"Λιγκουίνι ολικής με σολομό, σάλτσα λεμονιού και τριμμένο τυρί light","Λιγκουίνι ολικής (210γρ), Σολομός ψητός (150γρ)","Ζυμαρικό, Σολομός, Σκόρδο, Τυρί κίτρινο light, Μαϊντανός, Chili πιπεριά, Ντοματίνια","Λιγκουίνι ολικής (210γρ), Σολομός ψητός (150γρ), Ντοματίνια (35γρ), Καρύδια (20γρ)",252-3,12.30,13.90,Product Cost Change,"Λιγκουίνι ολικής άλεσης, μαγειρεμένα (210γρ), Σολομός, μαγειρεμένος (150γρ), Ντοματίνια, σωτέ (35γρ), Καρύδι, ωμό, ανάλατο (20γρ)",5.19,5.86,0.14,0.17,5.30,5.33,6.04,43.33%,€6.97,42.20%,1.14%,721,67,54,29,https://drive.google.com/file/d/1ZTaORFDhQRqrjT3y3vkS0hPDQl3l_x7V/view?usp=sharing,https://drive.google.com/file/d/1ZTaORFDhQRqrjT3y3vkS0hPDQl3l_x7V/view?usp=sharing
Μαγειρευτά,ΟΧΙ,"Λιγκουίνι ολικής με σολομό, σάλτσα λεμονιού και τριμμένο τυρί light","Λιγκουίνι ολικής (240γρ), Σολομός ψητός (90γρ)","Ζυμαρικό, Σολομός, Σκόρδο, Τυρί κίτρινο light, Μαϊντανός, Chili πιπεριά, Ντοματίνια","Λιγκουίνι ολικής (240γρ), Σολομός ψητός (90γρ), Ντοματίνια (35γρ), Καρύδια (20γρ)",252-4,11.42,12.90,Product Cost Change,"Λιγκουίνι ολικής άλεσης, μαγειρεμένα (240γρ), Σολομός, μαγειρεμένος (90γρ), Ντοματίνια, σωτέ (35γρ), Καρύδι, ωμό, ανάλατο (20γρ)",3.37,3.81,0.14,0.17,3.48,3.51,3.98,30.74%,€7.91,29.51%,1.23%,656,76,40,25,https://drive.google.com/file/d/1ZTaORFDhQRqrjT3y3vkS0hPDQl3l_x7V/view?usp=sharing,https://drive.google.com/file/d/1ZTaORFDhQRqrjT3y3vkS0hPDQl3l_x7V/view?usp=sharing
Μαγειρευτά,ΝΑΙ,"Λιγκουίνι ολικής με σολομό, σάλτσα λεμονιού και τριμμένο τυρί light","Λιγκουίνι ολικής (240γρ), Σολομός ψητός (120γρ)","Ζυμαρικό, Σολομός, Σκόρδο, Τυρί κίτρινο light, Μαϊντανός, Chili πιπεριά, Ντοματίνια","Λιγκουίνι ολικής (240γρ), Σολομός ψητός (120γρ), Ντοματίνια (35γρ), Καρύδια (20γρ)",252-5,12.30,13.90,Product Cost Change,"Λιγκουίνι ολικής άλεσης, μαγειρεμένα (240γρ), Σολομός, μαγειρεμένος (120γρ), Ντοματίνια, σωτέ (35γρ), Καρύδι, ωμό, ανάλατο (20γρ)",4.30,4.86,0.14,0.17,4.41,4.44,5.03,36.10%,€7.86,34.96%,1.14%,711,76,48,27,https://drive.google.com/file/d/1ZTaORFDhQRqrjT3y3vkS0hPDQl3l_x7V/view?usp=sharing,https://drive.google.com/file/d/1ZTaORFDhQRqrjT3y3vkS0hPDQl3l_x7V/view?usp=sharing
Μαγειρευτά,ΟΧΙ,"Λιγκουίνι ολικής με σολομό, σάλτσα λεμονιού και τριμμένο τυρί light","Λιγκουίνι ολικής (240γρ), Σολομός ψητός (150γρ)","Ζυμαρικό, Σολομός, Σκόρδο, Τυρί κίτρινο light, Μαϊντανός, Chili πιπεριά, Ντοματίνια","Λιγκουίνι ολικής (240γρ), Σολομός ψητός (150γρ), Ντοματίνια (35γρ), Καρύδια (20γρ)",252-6,13.19,14.90,Product Cost Change,"Λιγκουίνι ολικής άλεσης, μαγειρεμένα (240γρ), Σολομός, μαγειρεμένος (150γρ), Ντοματίνια, σωτέ (35γρ), Καρύδι, ωμό, ανάλατο (20γρ)",5.22,5.90,0.14,0.17,5.33,5.36,6.07,40.64%,€7.83,39.58%,1.06%,766,76,56,29,https://drive.google.com/file/d/1ZTaORFDhQRqrjT3y3vkS0hPDQl3l_x7V/view?usp=sharing,https://drive.google.com/file/d/1ZTaORFDhQRqrjT3y3vkS0hPDQl3l_x7V/view?usp=sharing
Μαγειρευτά,ΟΧΙ,"Λιγκουίνι ολικής με σολομό, σάλτσα λεμονιού και τριμμένο τυρί light","Λιγκουίνι ολικής (300γρ), Σολομός ψητός (90γρ)","Ζυμαρικό, Σολομός, Σκόρδο, Τυρί κίτρινο light, Μαϊντανός, Chili πιπεριά, Ντοματίνια","Λιγκουίνι ολικής (300γρ), Σολομός ψητός (90γρ), Ντοματίνια (35γρ), Καρύδια (20γρ)",252-7,12.30,13.90,Product Cost Change,"Λιγκουίνι ολικής άλεσης, μαγειρεμένα (300γρ), Σολομός, μαγειρεμένος (90γρ), Ντοματίνια, σωτέ (35γρ), Καρύδι, ωμό, ανάλατο (20γρ)",3.43,3.88,0.14,0.17,3.55,3.57,4.05,29.02%,€8.73,27.89%,1.14%,745,94,44,26,https://drive.google.com/file/d/1ZTaORFDhQRqrjT3y3vkS0hPDQl3l_x7V/view?usp=sharing,https://drive.google.com/file/d/1ZTaORFDhQRqrjT3y3vkS0hPDQl3l_x7V/view?usp=sharing
Μαγειρευτά,ΟΧΙ,"Λιγκουίνι ολικής με σολομό, σάλτσα λεμονιού και τριμμένο τυρί light","Λιγκουίνι ολικής (300γρ), Σολομός ψητός (120γρ)","Ζυμαρικό, Σολομός, Σκόρδο, Τυρί κίτρινο light, Μαϊντανός, Chili πιπεριά, Ντοματίνια","Λιγκουίνι ολικής (300γρ), Σολομός ψητός (120γρ), Ντοματίνια (35γρ), Καρύδια (20γρ)",252-8,13.19,14.90,Product Cost Change,"Λιγκουίνι ολικής άλεσης, μαγειρεμένα (300γρ), Σολομός, μαγειρεμένος (120γρ), Ντοματίνια, σωτέ (35γρ), Καρύδι, ωμό, ανάλατο (20γρ)",4.36,4.93,0.14,0.17,4.47,4.50,5.10,34.12%,€8.69,33.06%,1.06%,800,94,52,28,https://drive.google.com/file/d/1ZTaORFDhQRqrjT3y3vkS0hPDQl3l_x7V/view?usp=sharing,https://drive.google.com/file/d/1ZTaORFDhQRqrjT3y3vkS0hPDQl3l_x7V/view?usp=sharing
Μαγειρευτά,ΟΧΙ,"Λιγκουίνι ολικής με σολομό, σάλτσα λεμονιού και τριμμένο τυρί light","Λιγκουίνι ολικής (300γρ), Σολομός ψητός (150γρ)","Ζυμαρικό, Σολομός, Σκόρδο, Τυρί κίτρινο light, Μαϊντανός, Chili πιπεριά, Ντοματίνια","Λιγκουίνι ολικής (300γρ), Σολομός ψητός (150γρ), Ντοματίνια (35γρ), Καρύδια (20γρ)",252-9,14.07,15.90,Product Cost Change,"Λιγκουίνι ολικής άλεσης, μαγειρεμένα (300γρ), Σολομός, μαγειρεμένος (150γρ), Ντοματίνια, σωτέ (35γρ), Καρύδι, ωμό, ανάλατο (20γρ)",5.28,5.97,0.14,0.17,5.40,5.42,6.14,38.52%,€8.65,37.53%,1.00%,854,94,59,30,https://drive.google.com/file/d/1ZTaORFDhQRqrjT3y3vkS0hPDQl3l_x7V/view?usp=sharing,https://drive.google.com/file/d/1ZTaORFDhQRqrjT3y3vkS0hPDQl3l_x7V/view?usp=sharing
Σαλάτες,ΟΧΙ,Μακαρονοσαλάτα με βίδες ολικής και κοτόπουλο σχάρας,"Βίδες ολικής (140γρ), Κοτόπουλο στήθος (60γρ)","Ζυμαρικό, Κοτόπουλο, Λιαστή ντομάτα, Τυρί κρέμα light, Μαγιονέζα light, Μαϊντανός ","Βίδες ολικής (140γρ), Κοτόπουλο στήθος (60γρ), Λιαστή ντομάτα (30γρ), Τυρί κρέμα light (10γρ), Μαγιονέζα light (30γρ), Μαϊντανός (5γρ)",320-1,6.99,7.90,OK,"Βίδες ολικής, μαγειρεμένες (140γρ), Κοτόπουλο στήθος, μαγειρεμένο (60γρ), Λιαστή ντομάτα (30γρ), Τυρί κρέμα, light (10γρ), Μαγιονέζα light (30γρ), Μαϊντανός, φρέσκος (5γρ)",1.21,1.37,0.14,0.17,1.35,1.35,1.54,19.31%,€5.64,17.31%,2.00%,473,52,29,18,https://drive.google.com/file/d/1oYOE9iMcyh-toda7N1LqBIp4XWBOSRCd/view?usp=sharing,
Σαλάτες,ΝΑΙ,Μακαρονοσαλάτα με βίδες ολικής και κοτόπουλο σχάρας,"Βίδες ολικής (210γρ), Κοτόπουλο στήθος (90γρ)","Ζυμαρικό, Κοτόπουλο, Λιαστή ντομάτα, Τυρί κρέμα light, Μαγιονέζα light, Μαϊντανός ","Βίδες ολικής (210γρ), Κοτόπουλο στήθος (90γρ), Λιαστή ντομάτα (30γρ), Τυρί κρέμα light (16γρ), Μαγιονέζα light (50γρ), Μαϊντανός (7γρ)",320-2,7.43,8.40,OK,"Βίδες ολικής, μαγειρεμένες (210γρ), Κοτόπουλο στήθος, μαγειρεμένο (90γρ), Λιαστή ντομάτα (30γρ), Τυρί κρέμα, light (16γρ), Μαγιονέζα light (50γρ), Μαϊντανός, φρέσκος (7γρ)",1.71,1.93,0.14,0.17,1.85,1.85,2.11,24.90%,€5.58,23.01%,1.88%,694,74,44,27,https://drive.google.com/file/d/1oYOE9iMcyh-toda7N1LqBIp4XWBOSRCd/view?usp=sharing,
Σαλάτες,ΟΧΙ,Μακαρονοσαλάτα με βίδες ολικής και κοτόπουλο σχάρας,"Βίδες ολικής (210γρ), Κοτόπουλο στήθος (120γρ)","Ζυμαρικό, Κοτόπουλο, Λιαστή ντομάτα, Τυρί κρέμα light, Μαγιονέζα light, Μαϊντανός ","Βίδες ολικής (210γρ), Κοτόπουλο στήθος (120γρ), Λιαστή ντομάτα (30γρ), Τυρί κρέμα light (16γρ), Μαγιονέζα light (50γρ), Μαϊντανός (7γρ)",320-3,7.88,8.90,OK,"Βίδες ολικής, μαγειρεμένες (210γρ), Κοτόπουλο στήθος, μαγειρεμένο (120γρ), Λιαστή ντομάτα (30γρ), Τυρί κρέμα, light (16γρ), Μαγιονέζα light (50γρ), Μαϊντανός, φρέσκος (7γρ)",2.01,2.27,0.14,0.17,2.15,2.15,2.44,27.28%,€5.73,25.51%,1.78%,743,74,53,28,https://drive.google.com/file/d/1oYOE9iMcyh-toda7N1LqBIp4XWBOSRCd/view?usp=sharing,
Σαλάτες,ΟΧΙ,Μακαρονοσαλάτα με βίδες ολικής και πέστο βασιλικού,"Βίδες ολικής (140γρ), Pesto (20γρ), Παρμεζάνα (30γρ)","Ζυμαρικό, Βασιλικός, Σκόρδο, Κουκουνάρι, Παρμεζάνα, Μαϊντανός, Αγγούρι, Ντοματίνια, Φρέσκο κρεμμυδάκι, Κόκκινη πιπεριά, Ελιά","Βίδες ολικής (140γρ), Pesto (20γρ), Flakes παρμεζάνας (30γρ), Ντοματίνια (70γρ), Αγγούρι (30γρ), Ελιές (20γρ), Κόκκινη πιπεριά (30γρ), Φρέσκο κρεμμύδι (5γρ)",77-1,6.99,7.90,Product Cost Change,"Βίδες ολικής, μαγειρεμένες (140γρ), Pesto (20γρ), Παρμεζάνα τυρί (30γρ), Αγγούρι, ωμό (30γρ), Ντοματίνια, ωμά (70γρ), Φρέσκο κρεμμυδάκι, ωμό (5γρ), Κόκκινη πιπεριά γλυκιά, ωμή (30γρ), Ελιά, πράσινη, ολόκληρη (20γρ)",1.61,1.82,0.14,0.17,1.73,1.75,1.99,25.04%,€5.24,23.03%,2.00%,514,51,23,27,https://drive.google.com/file/d/1ax_mnzSStmbTH-cOYjq8mO9mcQL4Gjyy/view?usp=sharing,https://drive.google.com/file/d/1ax_mnzSStmbTH-cOYjq8mO9mcQL4Gjyy/view?usp=sharing
Σαλάτες,ΝΑΙ,Μακαρονοσαλάτα με βίδες ολικής και πέστο βασιλικού,"Βίδες ολικής (210γρ), Pesto (25γρ), Παρμεζάνα (30γρ)","Ζυμαρικό, Βασιλικός, Σκόρδο, Κουκουνάρι, Παρμεζάνα, Μαϊντανός, Αγγούρι, Ντοματίνια, Φρέσκο κρεμμυδάκι, Κόκκινη πιπεριά, Ελιά","Βίδες ολικής (210γρ), Pesto (25γρ), Flakes παρμεζάνας (30γρ), Ντοματίνια (80γρ), Αγγούρι (40γρ), Ελιές (25γρ), Κόκκινη πιπεριά (45γρ), Φρέσκο κρεμμύδι (8γρ)",77-2,7.52,8.50,Product Cost Change,"Βίδες ολικής, μαγειρεμένες (210γρ), Pesto (25γρ), Παρμεζάνα τυρί (30γρ), Αγγούρι, ωμό (40γρ), Ντοματίνια, ωμά (80γρ), Φρέσκο κρεμμυδάκι, ωμό (8γρ), Κόκκινη πιπεριά γλυκιά, ωμή (45γρ), Ελιά, πράσινη, ολόκληρη (25γρ)",1.97,2.23,0.14,0.17,2.08,2.11,2.40,28.06%,€5.41,26.20%,1.86%,663,74,28,32,https://drive.google.com/file/d/1ax_mnzSStmbTH-cOYjq8mO9mcQL4Gjyy/view?usp=sharing,https://drive.google.com/file/d/1ax_mnzSStmbTH-cOYjq8mO9mcQL4Gjyy/view?usp=sharing
Σαλάτες,ΟΧΙ,Μακαρονοσαλάτα με βίδες ολικής και πέστο βασιλικού,"Βίδες ολικής (210γρ), Pesto (25γρ), Παρμεζάνα (60γρ)","Ζυμαρικό, Βασιλικός, Σκόρδο, Κουκουνάρι, Παρμεζάνα, Μαϊντανός, Αγγούρι, Ντοματίνια, Φρέσκο κρεμμυδάκι, Κόκκινη πιπεριά, Ελιά","Βίδες ολικής (210γρ), Pesto (25γρ), Flakes παρμεζάνας (60γρ), Ντοματίνια (80γρ), Αγγούρι (40γρ), Ελιές (25γρ), Κόκκινη πιπεριά (45γρ), Φρέσκο κρεμμύδι (8γρ)",77-3,8.41,9.50,Product Cost Change,"Βίδες ολικής, μαγειρεμένες (210γρ), Pesto (25γρ), Παρμεζάνα τυρί (60γρ), Αγγούρι, ωμό (40γρ), Ντοματίνια, ωμά (80γρ), Φρέσκο κρεμμυδάκι, ωμό (8γρ), Κόκκινη πιπεριά γλυκιά, ωμή (45γρ), Ελιά, πράσινη, ολόκληρη (25γρ)",2.46,2.78,0.14,0.17,2.57,2.60,2.95,30.92%,€5.81,29.25%,1.66%,792,76,40,41,https://drive.google.com/file/d/1ax_mnzSStmbTH-cOYjq8mO9mcQL4Gjyy/view?usp=sharing,https://drive.google.com/file/d/1ax_mnzSStmbTH-cOYjq8mO9mcQL4Gjyy/view?usp=sharing
Σαλάτες,ΟΧΙ,Μακαρονοσαλάτα με πέννες ολικής και κοτόπουλο,"Πέννες ολικής (140γρ), Φιλέτο κοτόπουλο (60γρ)","Ζυμαρικό, Κοτόπουλο, Καρότο, Φρέσκο κρεμμυδάκι, Σόγια, Καλαμπόκι, Σέλερι, Κόλιανδρος, Σουσάμι, Ηλιόσπορος, Σπόροι κάνναβης, Μαγιονέζα light, Chili πιπεριά","Πέννες ολικής (140γρ), Φιλέτο κοτόπουλο (60γρ), Καρότο (60γρ), Φρέσκο κρεμμύδι (5γρ), Σόγια (5γρ), Καλαμπόκι (30γρ), Σέλερι (25γρ), Κόλιανδρος (5γρ), Σουσάμι (5γρ), Ηλιόσποροι (20γρ), Σπόροι κάνναβης (5γρ), Μαγιονέζα light (30γρ), Chili πιπεριά (5γρ)",224-1,7.88,8.90,OK,"Πέννες ολικής, μαγειρεμένες (140γρ), Κοτόπουλο στήθος, μαγειρεμένο (60γρ), Καρότο, ωμό (60γρ), Φρέσκο κρεμμυδάκι, ωμό (5γρ), Soy sauce (5γρ), Καλαμπόκι, κονσέρβα (30γρ), Σέλερι, ωμό (25γρ), Κόλιανδρος (5γρ), Σουσάμι (5γρ), Ηλιόσπορος (20γρ), Σπόροι κάνναβης (5γρ), Μαγιονέζα light (30γρ), Chili πιπεριά (5γρ)",1.46,1.65,0.14,0.17,1.60,1.60,1.82,20.30%,€6.28,18.53%,1.78%,619,60,36,28,https://drive.google.com/file/d/1nSMgCg9xrHdzU0nAWfWiR77-VZnuCQSG/view?usp=sharing,https://drive.google.com/file/d/1nSMgCg9xrHdzU0nAWfWiR77-VZnuCQSG/view?usp=sharing
Σαλάτες,ΝΑΙ,Μακαρονοσαλάτα με πέννες ολικής και κοτόπουλο,"Πέννες ολικής (210γρ), Φιλέτο κοτόπουλο (90γρ)","Ζυμαρικό, Κοτόπουλο, Καρότο, Φρέσκο κρεμμυδάκι, Σόγια, Καλαμπόκι, Σέλερι, Κόλιανδρος, Σουσάμι, Ηλιόσπορος, Σπόροι κάνναβης, Μαγιονέζα light, Chili πιπεριά","Πέννες ολικής (210γρ), Φιλέτο κοτόπουλο (90γρ), Καρότο (60γρ), Φρέσκο κρεμμύδι (5γρ), Σόγια (5γρ), Καλαμπόκι (30γρ), Σέλερι (25γρ), Κόλιανδρος (5γρ), Σουσάμι (5γρ), Ηλιόσποροι (20γρ), Σπόροι κάνναβης (5γρ), Μαγιονέζα light (30γρ), Chili πιπεριά (5γρ)",224-2,8.32,9.40,Product Cost Change,"Πέννες ολικής, μαγειρεμένες (210γρ), Κοτόπουλο στήθος, μαγειρεμένο (90γρ), Καρότο, ωμό (60γρ), Φρέσκο κρεμμυδάκι, ωμό (5γρ), Soy sauce (5γρ), Καλαμπόκι, κονσέρβα (30γρ), Σέλερι, ωμό (25γρ), Κόλιανδρος (5γρ), Σουσάμι (5γρ), Ηλιόσπορος (20γρ), Σπόροι κάνναβης (5γρ), Μαγιονέζα light (30γρ), Chili πιπεριά (5γρ)",1.92,2.17,0.14,0.17,2.05,2.06,2.34,24.76%,€6.26,23.08%,1.68%,772,81,50,30,https://drive.google.com/file/d/1nSMgCg9xrHdzU0nAWfWiR77-VZnuCQSG/view?usp=sharing,https://drive.google.com/file/d/1nSMgCg9xrHdzU0nAWfWiR77-VZnuCQSG/view?usp=sharing
Σαλάτες,ΟΧΙ,Μακαρονοσαλάτα με πέννες ολικής και κοτόπουλο,"Πέννες ολικής (210γρ), Φιλέτο κοτόπουλο (120γρ)","Ζυμαρικό, Κοτόπουλο, Καρότο, Φρέσκο κρεμμυδάκι, Σόγια, Καλαμπόκι, Σέλερι, Κόλιανδρος, Σουσάμι, Ηλιόσπορος, Σπόροι κάνναβης, Μαγιονέζα light, Chili πιπεριά","Πέννες ολικής (210γρ), Φιλέτο κοτόπουλο (120γρ), Καρότο (60γρ), Φρέσκο κρεμμύδι (5γρ), Σόγια (5γρ), Καλαμπόκι (30γρ), Σέλερι (25γρ), Κόλιανδρος (5γρ), Σουσάμι (5γρ), Ηλιόσποροι (20γρ), Σπόροι κάνναβης (5γρ), Μαγιονέζα light (30γρ), Chili πιπεριά (5γρ)",224-3,8.76,9.90,OK,"Πέννες ολικής, μαγειρεμένες (210γρ), Κοτόπουλο στήθος, μαγειρεμένο (120γρ), Καρότο, ωμό (60γρ), Φρέσκο κρεμμυδάκι, ωμό (5γρ), Soy sauce (5γρ), Καλαμπόκι, κονσέρβα (30γρ), Σέλερι, ωμό (25γρ), Κόλιανδρος (5γρ), Σουσάμι (5γρ), Ηλιόσπορος (20γρ), Σπόροι κάνναβης (5γρ), Μαγιονέζα light (30γρ), Chili πιπεριά (5γρ)",2.21,2.50,0.14,0.17,2.35,2.35,2.67,26.83%,€6.41,25.23%,1.60%,822,81,59,31,https://drive.google.com/file/d/1nSMgCg9xrHdzU0nAWfWiR77-VZnuCQSG/view?usp=sharing,https://drive.google.com/file/d/1nSMgCg9xrHdzU0nAWfWiR77-VZnuCQSG/view?usp=sharing
Σαλάτες,ΟΧΙ,Μακαρονοσαλάτα με πέννες ολικής και ψητό σολομό,"Πέννες ολικής (140γρ), Σολομός ψητός (60γρ)","Ζυμαρικό, Σολομός, Καρότο, Φρέσκο κρεμμυδάκι, Σόγια, Καλαμπόκι, Σέλερι, Κόλιανδρος, Σουσάμι, Ηλιόσπορος, Σπόροι κάνναβης, Μαγιονέζα light, Chili πιπεριά, Κόκκινα φασόλια, Άνηθος","Πέννες ολικής (140γρ), Σολομός ψητός (60γρ), Καρότο (60γρ), Φρέσκο κρεμμύδι (5γρ), Σόγια (5γρ), Καλαμπόκι (30γρ), Σέλερι (25γρ), Κόλιανδρος (5γρ), Σουσάμι (5γρ), Ηλιόσποροι (20γρ), Σπόροι κάνναβης (5γρ), Μαγιονέζα light (30γρ), Chili πιπεριά (5γρ), Κόκκινα φασόλια (80γρ), Άνηθος (5γρ)",225-1,9.65,10.90,OK,"Πέννες ολικής, μαγειρεμένες (140γρ), Σολομός, μαγειρεμένος (60γρ), Καρότο, ωμό (60γρ), Φρέσκο κρεμμυδάκι, ωμό (5γρ), Soy sauce (5γρ), Καλαμπόκι, κονσέρβα (30γρ), Σέλερι, ωμό (25γρ), Κόλιανδρος (5γρ), Σουσάμι (5γρ), Ηλιόσπορος (20γρ), Σπόροι κάνναβης (5γρ), Μαγιονέζα light (30γρ), Chili πιπεριά (5γρ), Κόκκινα φασόλια, κονσέρβα (80γρ), Άνηθος, φρέσκος (5γρ)",3.15,3.56,0.14,0.17,3.29,3.29,3.73,34.09%,€6.36,32.64%,1.45%,741,72,43,32,https://drive.google.com/file/d/1TTPxjXtCUoBwlYKc5Vw6TWvO6c84balp/view?usp=sharing,https://drive.google.com/file/d/1TTPxjXtCUoBwlYKc5Vw6TWvO6c84balp/view?usp=sharing
Σαλάτες,ΝΑΙ,Μακαρονοσαλάτα με πέννες ολικής και ψητό σολομό,"Πέννες ολικής (210γρ), Σολομός ψητός (90γρ)","Ζυμαρικό, Σολομός, Καρότο, Φρέσκο κρεμμυδάκι, Σόγια, Καλαμπόκι, Σέλερι, Κόλιανδρος, Σουσάμι, Ηλιόσπορος, Σπόροι κάνναβης, Μαγιονέζα light, Chili πιπεριά, Κόκκινα φασόλια, Άνηθος","Πέννες ολικής (210γρ), Σολομός ψητός (90γρ), Καρότο (60γρ), Φρέσκο κρεμμύδι (5γρ), Σόγια (5γρ), Καλαμπόκι (30γρ), Σέλερι (25γρ), Κόλιανδρος (5γρ), Σουσάμι (5γρ), Ηλιόσποροι (20γρ), Σπόροι κάνναβης (5γρ), Μαγιονέζα light (30γρ), Chili πιπεριά (5γρ), Κόκκινα φασόλια (80γρ), Άνηθος (5γρ)",225-2,11.42,12.90,OK,"Πέννες ολικής, μαγειρεμένες (210γρ), Σολομός, μαγειρεμένος (90γρ), Καρότο, ωμό (60γρ), Φρέσκο κρεμμυδάκι, ωμό (5γρ), Soy sauce (5γρ), Καλαμπόκι, κονσέρβα (30γρ), Σέλερι, ωμό (25γρ), Κόλιανδρος (5γρ), Σουσάμι (5γρ), Ηλιόσπορος (20γρ), Σπόροι κάνναβης (5γρ), Μαγιονέζα light (30γρ), Chili πιπεριά (5γρ), Κόκκινα φασόλια, κονσέρβα (80γρ), Άνηθος, φρέσκος (5γρ)",4.24,4.79,0.14,0.17,4.38,4.38,4.96,38.35%,€7.04,37.13%,1.23%,899,93,55,35,https://drive.google.com/file/d/1TTPxjXtCUoBwlYKc5Vw6TWvO6c84balp/view?usp=sharing,https://drive.google.com/file/d/1TTPxjXtCUoBwlYKc5Vw6TWvO6c84balp/view?usp=sharing
Σαλάτες,ΟΧΙ,Μακαρονοσαλάτα με πέννες ολικής και ψητό σολομό,"Πέννες ολικής (210γρ), Σολομός ψητός (120γρ)","Ζυμαρικό, Σολομός, Καρότο, Φρέσκο κρεμμυδάκι, Σόγια, Καλαμπόκι, Σέλερι, Κόλιανδρος, Σουσάμι, Ηλιόσπορος, Σπόροι κάνναβης, Μαγιονέζα light, Chili πιπεριά, Κόκκινα φασόλια, Άνηθος","Πέννες ολικής (210γρ), Σολομός ψητός (120γρ), Καρότο (60γρ), Φρέσκο κρεμμύδι (5γρ), Σόγια (5γρ), Καλαμπόκι (30γρ), Σέλερι (25γρ), Κόλιανδρος (5γρ), Σουσάμι (5γρ), Ηλιόσποροι (20γρ), Σπόροι κάνναβης (5γρ), Μαγιονέζα light (30γρ), Chili πιπεριά (5γρ), Κόκκινα φασόλια (80γρ), Άνηθος (5γρ)",225-3,13.19,14.90,OK,"Πέννες ολικής, μαγειρεμένες (210γρ), Σολομός, μαγειρεμένος (120γρ), Καρότο, ωμό (60γρ), Φρέσκο κρεμμυδάκι, ωμό (5γρ), Soy sauce (5γρ), Καλαμπόκι, κονσέρβα (30γρ), Σέλερι, ωμό (25γρ), Κόλιανδρος (5γρ), Σουσάμι (5γρ), Ηλιόσπορος (20γρ), Σπόροι κάνναβης (5γρ), Μαγιονέζα light (30γρ), Chili πιπεριά (5γρ), Κόκκινα φασόλια, κονσέρβα (80γρ), Άνηθος, φρέσκος (5γρ)",5.16,5.83,0.14,0.17,5.30,5.30,6.00,40.18%,€7.89,39.12%,1.06%,954,93,63,38,https://drive.google.com/file/d/1TTPxjXtCUoBwlYKc5Vw6TWvO6c84balp/view?usp=sharing,https://drive.google.com/file/d/1TTPxjXtCUoBwlYKc5Vw6TWvO6c84balp/view?usp=sharing
Μαγειρευτά,ΟΧΙ,Μανιτάρια στιφάδο με άγριο ρύζι,"Μανιτάρια (200γρ), Άγριο ρύζι (120γρ)","Μανιτάρι, Κρεμμύδι, Ντομάτα, Σκόρδο, Ζωμός λαχανικών, Μαϊντανός, Μέλι, Ρύζι","Μανιτάρια στιφάδο (200γρ), Άγριο ρύζι (120γρ)",180-1,6.11,6.90,OK,"Μανιτάρια στιφάδο (200γρ), Άγριο ρύζι (120γρ)",1.47,1.66,0.14,0.17,1.61,1.61,1.83,26.35%,€4.50,24.06%,2.29%,301,41,8,13,https://drive.google.com/file/d/1RgY00dBKvPzuja4KMEnWQFQiQYVdN3i_/view?usp=sharing,https://drive.google.com/file/d/1RgY00dBKvPzuja4KMEnWQFQiQYVdN3i_/view?usp=sharing
Μαγειρευτά,ΟΧΙ,Μανιτάρια στιφάδο με άγριο ρύζι,"Μανιτάρια (250γρ), Άγριο ρύζι (120γρ)","Μανιτάρι, Κρεμμύδι, Ντομάτα, Σκόρδο, Ζωμός λαχανικών, Μαϊντανός, Μέλι, Ρύζι","Μανιτάρια στιφάδο (250γρ), Άγριο ρύζι (120γρ)",180-2,6.64,7.50,OK,"Μανιτάρια στιφάδο (250γρ), Άγριο ρύζι (120γρ)",1.79,2.02,0.14,0.17,1.93,1.93,2.20,29.07%,€4.71,26.96%,2.11%,338,45,9,14,https://drive.google.com/file/d/1RgY00dBKvPzuja4KMEnWQFQiQYVdN3i_/view?usp=sharing,https://drive.google.com/file/d/1RgY00dBKvPzuja4KMEnWQFQiQYVdN3i_/view?usp=sharing
Μαγειρευτά,ΟΧΙ,Μανιτάρια στιφάδο με άγριο ρύζι,"Μανιτάρια (300γρ), Άγριο ρύζι (120γρ)","Μανιτάρι, Κρεμμύδι, Ντομάτα, Σκόρδο, Ζωμός λαχανικών, Μαϊντανός, Μέλι, Ρύζι","Μανιτάρια στιφάδο (300γρ), Άγριο ρύζι (120γρ)",180-3,6.99,7.90,OK,"Μανιτάρια στιφάδο (300γρ), Άγριο ρύζι (120γρ)",2.11,2.38,0.14,0.17,2.25,2.25,2.56,32.19%,€4.74,30.19%,2.00%,374,50,10,16,https://drive.google.com/file/d/1RgY00dBKvPzuja4KMEnWQFQiQYVdN3i_/view?usp=sharing,https://drive.google.com/file/d/1RgY00dBKvPzuja4KMEnWQFQiQYVdN3i_/view?usp=sharing
Μαγειρευτά,ΟΧΙ,Μανιτάρια στιφάδο με άγριο ρύζι,"Μανιτάρια (200γρ), Άγριο ρύζι (180γρ)","Μανιτάρι, Κρεμμύδι, Ντομάτα, Σκόρδο, Ζωμός λαχανικών, Μαϊντανός, Μέλι, Ρύζι","Μανιτάρια στιφάδο (200γρ), Άγριο ρύζι (180γρ)",180-4,6.64,7.50,OK,"Μανιτάρια στιφάδο (200γρ), Άγριο ρύζι (180γρ)",1.57,1.77,0.14,0.17,1.71,1.71,1.95,25.75%,€4.93,23.64%,2.11%,379,53,10,15,https://drive.google.com/file/d/1RgY00dBKvPzuja4KMEnWQFQiQYVdN3i_/view?usp=sharing,https://drive.google.com/file/d/1RgY00dBKvPzuja4KMEnWQFQiQYVdN3i_/view?usp=sharing
Μαγειρευτά,ΝΑΙ,Μανιτάρια στιφάδο με άγριο ρύζι,"Μανιτάρια (250γρ), Άγριο ρύζι (180γρ)","Μανιτάρι, Κρεμμύδι, Ντομάτα, Σκόρδο, Ζωμός λαχανικών, Μαϊντανός, Μέλι, Ρύζι","Μανιτάρια στιφάδο (250γρ), Άγριο ρύζι (180γρ)",180-5,6.99,7.90,OK,"Μανιτάρια στιφάδο (250γρ), Άγριο ρύζι (180γρ)",1.89,2.14,0.14,0.17,2.03,2.03,2.31,29.04%,€4.96,27.04%,2.00%,415,57,11,17,https://drive.google.com/file/d/1RgY00dBKvPzuja4KMEnWQFQiQYVdN3i_/view?usp=sharing,https://drive.google.com/file/d/1RgY00dBKvPzuja4KMEnWQFQiQYVdN3i_/view?usp=sharing
Μαγειρευτά,ΟΧΙ,Μανιτάρια στιφάδο με άγριο ρύζι,"Μανιτάρια (300γρ), Άγριο ρύζι (180γρ)","Μανιτάρι, Κρεμμύδι, Ντομάτα, Σκόρδο, Ζωμός λαχανικών, Μαϊντανός, Μέλι, Ρύζι","Μανιτάρια στιφάδο (300γρ), Άγριο ρύζι (180γρ)",180-6,7.52,8.50,OK,"Μανιτάρια στιφάδο (300γρ), Άγριο ρύζι (180γρ)",2.21,2.50,0.14,0.17,2.35,2.35,2.67,31.25%,€5.17,29.39%,1.86%,452,62,12,19,https://drive.google.com/file/d/1RgY00dBKvPzuja4KMEnWQFQiQYVdN3i_/view?usp=sharing,https://drive.google.com/file/d/1RgY00dBKvPzuja4KMEnWQFQiQYVdN3i_/view?usp=sharing
Μαγειρευτά,ΟΧΙ,Μαυρομάτικα φασόλια κοκκινιστά με σπανάκι και φέτα light,"Μαυρομάτικα φασόλια (250γρ), Φέτα light (30γρ)","Μαυρομάτικα φασόλια, Κρεμμύδι, Σκόρδο, Πράσο, Καρότο, Σέλερι, Ντομάτα, Ζωμός λαχανικών, Άνηθος, Μαϊντανός, Σπανάκι, Φέτα light","Μαυρομάτικα φασόλια (250γρ), Φέτα light (30γρ)",132-1,6.11,6.90,OK,"Μαυρομάτικα φασόλια κοκκινιστά με σπανάκι (250γρ), Φέτα τυρί, light (30γρ)",0.99,1.12,0.19,0.23,1.18,1.18,1.35,19.25%,€4.93,16.20%,3.05%,254,34,11,9,https://drive.google.com/file/d/1b1mSwXYRIzVVv0ZPv9GihazYUSzTZgIM/view?usp=sharing ,https://drive.google.com/file/d/1b1mSwXYRIzVVv0ZPv9GihazYUSzTZgIM/view?usp=sharing 
Μαγειρευτά,ΟΧΙ,Μαυρομάτικα φασόλια κοκκινιστά με σπανάκι και φέτα light,"Μαυρομάτικα φασόλια (250γρ), Φέτα light (60γρ)","Μαυρομάτικα φασόλια, Κρεμμύδι, Σκόρδο, Πράσο, Καρότο, Σέλερι, Ντομάτα, Ζωμός λαχανικών, Άνηθος, Μαϊντανός, Σπανάκι, Φέτα light","Μαυρομάτικα φασόλια (250γρ), Φέτα light (60γρ)",132-2,6.55,7.40,OK,"Μαυρομάτικα φασόλια κοκκινιστά με σπανάκι (250γρ), Φέτα τυρί, light (60γρ)",1.50,1.70,0.19,0.23,1.69,1.69,1.93,25.75%,€4.86,22.90%,2.85%,303,34,17,13,https://drive.google.com/file/d/1b1mSwXYRIzVVv0ZPv9GihazYUSzTZgIM/view?usp=sharing ,https://drive.google.com/file/d/1b1mSwXYRIzVVv0ZPv9GihazYUSzTZgIM/view?usp=sharing 
Μαγειρευτά,ΟΧΙ,Μαυρομάτικα φασόλια κοκκινιστά με σπανάκι και φέτα light,"Μαυρομάτικα φασόλια (350γρ), Φέτα light (30γρ)","Μαυρομάτικα φασόλια, Κρεμμύδι, Σκόρδο, Πράσο, Καρότο, Σέλερι, Ντομάτα, Ζωμός λαχανικών, Άνηθος, Μαϊντανός, Σπανάκι, Φέτα light","Μαυρομάτικα φασόλια (350γρ), Φέτα light (30γρ)",132-3,6.99,7.90,OK,"Μαυρομάτικα φασόλια κοκκινιστά με σπανάκι (350γρ), Φέτα τυρί, light (30γρ)",1.19,1.34,0.19,0.23,1.38,1.38,1.58,19.69%,€5.61,17.02%,2.67%,336,47,14,12,https://drive.google.com/file/d/1b1mSwXYRIzVVv0ZPv9GihazYUSzTZgIM/view?usp=sharing,https://drive.google.com/file/d/1b1mSwXYRIzVVv0ZPv9GihazYUSzTZgIM/view?usp=sharing
Μαγειρευτά,ΟΧΙ,Μαυρομάτικα φασόλια κοκκινιστά με σπανάκι και φέτα light,"Μαυρομάτικα φασόλια (350γρ), Φέτα light (60γρ)","Μαυρομάτικα φασόλια, Κρεμμύδι, Σκόρδο, Πράσο, Καρότο, Σέλερι, Ντομάτα, Ζωμός λαχανικών, Άνηθος, Μαϊντανός, Σπανάκι, Φέτα light","Μαυρομάτικα φασόλια (350γρ), Φέτα light (60γρ)",132-4,7.43,8.40,OK,"Μαυρομάτικα φασόλια κοκκινιστά με σπανάκι (350γρ), Φέτα τυρί, light (60γρ)",1.70,1.92,0.19,0.23,1.89,1.89,2.15,25.39%,€5.54,22.88%,2.51%,385,47,19,15,https://drive.google.com/file/d/1b1mSwXYRIzVVv0ZPv9GihazYUSzTZgIM/view?usp=sharing,https://drive.google.com/file/d/1b1mSwXYRIzVVv0ZPv9GihazYUSzTZgIM/view?usp=sharing
Μαγειρευτά,ΟΧΙ,Μαυρομάτικα φασόλια κοκκινιστά με σπανάκι και φέτα light,"Μαυρομάτικα φασόλια (350γρ), Φέτα light (90γρ)","Μαυρομάτικα φασόλια, Κρεμμύδι, Σκόρδο, Πράσο, Καρότο, Σέλερι, Ντομάτα, Ζωμός λαχανικών, Άνηθος, Μαϊντανός, Σπανάκι, Φέτα light","Μαυρομάτικα φασόλια (350γρ), Φέτα light (90γρ)",132-5,7.88,8.90,OK,"Μαυρομάτικα φασόλια κοκκινιστά με σπανάκι (350γρ), Φέτα τυρί, light (90γρ)",2.21,2.50,0.19,0.23,2.40,2.40,2.73,30.41%,€5.48,28.05%,2.37%,434,47,25,19,https://drive.google.com/file/d/1b1mSwXYRIzVVv0ZPv9GihazYUSzTZgIM/view?usp=sharing,https://drive.google.com/file/d/1b1mSwXYRIzVVv0ZPv9GihazYUSzTZgIM/view?usp=sharing
Μαγειρευτά,ΟΧΙ,Μαυρομάτικα φασόλια κοκκινιστά με σπανάκι και φέτα light,"Μαυρομάτικα φασόλια (450γρ), Φέτα light (30γρ)","Μαυρομάτικα φασόλια, Κρεμμύδι, Σκόρδο, Πράσο, Καρότο, Σέλερι, Ντομάτα, Ζωμός λαχανικών, Άνηθος, Μαϊντανός, Σπανάκι, Φέτα light","Μαυρομάτικα φασόλια (450γρ), Φέτα light (30γρ)",132-6,7.43,8.40,OK,"Μαυρομάτικα φασόλια κοκκινιστά με σπανάκι (450γρ), Φέτα τυρί, light (30γρ)",1.38,1.56,0.19,0.23,1.57,1.57,1.79,21.08%,€5.86,18.57%,2.51%,417,61,16,14,https://drive.google.com/file/d/1b1mSwXYRIzVVv0ZPv9GihazYUSzTZgIM/view?usp=sharing,https://drive.google.com/file/d/1b1mSwXYRIzVVv0ZPv9GihazYUSzTZgIM/view?usp=sharing
Μαγειρευτά,ΝΑΙ,Μαυρομάτικα φασόλια κοκκινιστά με σπανάκι και φέτα light,"Μαυρομάτικα φασόλια (450γρ), Φέτα light (60γρ)","Μαυρομάτικα φασόλια, Κρεμμύδι, Σκόρδο, Πράσο, Καρότο, Σέλερι, Ντομάτα, Ζωμός λαχανικών, Άνηθος, Μαϊντανός, Σπανάκι, Φέτα light","Μαυρομάτικα φασόλια (450γρ), Φέτα light (60γρ)",132-7,7.88,8.90,OK,"Μαυρομάτικα φασόλια κοκκινιστά με σπανάκι (450γρ), Φέτα τυρί, light (60γρ)",1.89,2.14,0.19,0.23,2.08,2.08,2.37,26.35%,€5.80,23.98%,2.37%,467,61,21,18,https://drive.google.com/file/d/1b1mSwXYRIzVVv0ZPv9GihazYUSzTZgIM/view?usp=sharing,https://drive.google.com/file/d/1b1mSwXYRIzVVv0ZPv9GihazYUSzTZgIM/view?usp=sharing
Μαγειρευτά,ΟΧΙ,Μαυρομάτικα φασόλια κοκκινιστά με σπανάκι και φέτα light,"Μαυρομάτικα φασόλια (450γρ), Φέτα light (90γρ)","Μαυρομάτικα φασόλια, Κρεμμύδι, Σκόρδο, Πράσο, Καρότο, Σέλερι, Ντομάτα, Ζωμός λαχανικών, Άνηθος, Μαϊντανός, Σπανάκι, Φέτα light","Μαυρομάτικα φασόλια (450γρ), Φέτα light (90γρ)",132-8,8.32,9.40,OK,"Μαυρομάτικα φασόλια κοκκινιστά με σπανάκι (450γρ), Φέτα τυρί, light (90γρ)",2.40,2.71,0.19,0.23,2.59,2.59,2.94,31.09%,€5.73,28.85%,2.24%,516,61,27,21,https://drive.google.com/file/d/1b1mSwXYRIzVVv0ZPv9GihazYUSzTZgIM/view?usp=sharing,https://drive.google.com/file/d/1b1mSwXYRIzVVv0ZPv9GihazYUSzTZgIM/view?usp=sharing
Μαγειρευτά,ΟΧΙ,Μαυρομάτικα φασόλια κοκκινιστά με σπανάκι και φέτα light,"Μαυρομάτικα φασόλια (500γρ), Φέτα light (60γρ)","Μαυρομάτικα φασόλια, Κρεμμύδι, Σκόρδο, Πράσο, Καρότο, Σέλερι, Ντομάτα, Ζωμός λαχανικών, Άνηθος, Μαϊντανός, Σπανάκι, Φέτα light","Μαυρομάτικα φασόλια (500γρ), Φέτα light (60γρ)",132-9,8.32,9.40,OK,"Μαυρομάτικα φασόλια κοκκινιστά με σπανάκι (500γρ), Φέτα τυρί, light (60γρ)",1.98,2.24,0.19,0.23,2.17,2.17,2.47,26.04%,€6.15,23.80%,2.24%,507,68,23,19,https://drive.google.com/file/d/1b1mSwXYRIzVVv0ZPv9GihazYUSzTZgIM/view?usp=sharing,https://drive.google.com/file/d/1b1mSwXYRIzVVv0ZPv9GihazYUSzTZgIM/view?usp=sharing
Μαγειρευτά,ΟΧΙ,Μαυρομάτικα φασόλια κοκκινιστά με σπανάκι και φέτα light,"Μαυρομάτικα φασόλια (500γρ), Φέτα light (90γρ)","Μαυρομάτικα φασόλια, Κρεμμύδι, Σκόρδο, Πράσο, Καρότο, Σέλερι, Ντομάτα, Ζωμός λαχανικών, Άνηθος, Μαϊντανός, Σπανάκι, Φέτα light","Μαυρομάτικα φασόλια (500γρ), Φέτα light (90γρ)",132-10,8.76,9.90,OK,"Μαυρομάτικα φασόλια κοκκινιστά με σπανάκι (500γρ), Φέτα τυρί, light (90γρ)",2.49,2.81,0.19,0.23,2.68,2.68,3.04,30.55%,€6.08,28.42%,2.13%,557,68,28,22,https://drive.google.com/file/d/1b1mSwXYRIzVVv0ZPv9GihazYUSzTZgIM/view?usp=sharing,https://drive.google.com/file/d/1b1mSwXYRIzVVv0ZPv9GihazYUSzTZgIM/view?usp=sharing
Πρωϊνά,ΝΑΙ,Μεξικάνικη ομελέτα φούρνου με chorizo,Μεξικάνικη ομελέτα (230γρ),"Αυγό, Γάλα, Cheddar light, Chorizo, Πράσινη πιπεριά, Κόκκινη πιπεριά, Κρεμμύδι, Μαύρα φασόλια, Καλαμπόκι, Jalapeños πιπεριά, Κύμινο, Πάπρικα, Κόλιανδρος, Αβοκάντο","Μεξικάνικη ομελέτα με chorizo, cheddar light, καλαμπόκι, πιπεριές, μαύρα φασόλια, αβοκάντο, κόλιανδρο, κρεμμύδι, κύμινο, πάπρικα και πιπεριά jalapeno (230γρ)",14,6.11,6.90,OK,Μεξικάνικη ομελέτα (230γρ),1.81,2.05,0.16,0.19,1.97,1.97,2.24,32.16%,€4.15,29.62%,2.54%,385,14,23,26,https://drive.google.com/file/d/1pKFMRw6SMa3AfjlgaX427rvzNc7t46ZL/view?usp=sharing,https://drive.google.com/file/d/1pKFMRw6SMa3AfjlgaX427rvzNc7t46ZL/view?usp=sharing
Πρωϊνά,ΝΑΙ,Mexican Wrap ολικής με κοτόπουλο και guacamole,Mexican Tortilla με φιλέτο κοτόπουλο (60γρ),"Τορτίγια, Κοτόπουλο, Guacamole, Μαύρα φασόλια, Σάλτσα ντομάτας, Τυρί κίτρινο light, Ρύζι, Κόλιανδρος","Wrap ολικής (60γρ), Φιλέτο κοτόπουλο (60γρ), Ρύζι jasmine (20γρ), Guacamole (20γρ), Gouda light (15γρ), Μαύρα φασόλια (10γρ), Σάλτσα ντομάτας (10γρ), Κόλιανδρος (2γρ)",13-1,4.87,5.50,OK,"Τορτίγια ολικής, μικρή  (60γρ), Κοτόπουλο στήθος, μαγειρεμένο (60γρ), Guacamole (20γρ), Μαύρα φασόλια, μαγειρεμένα (10γρ), Σάλτσα ντομάτας (για mexican tortilla) (10γρ), Τυρί κίτρινο light, σε φέτες (15γρ), Ρύζι jasmine, μαγειρεμένο (20γρ), Κόλιανδρος (2γρ)",1.52,1.72,0.20,0.25,1.72,1.72,1.97,35.32%,€3.15,31.21%,4.11%,404,41,30,12,https://drive.google.com/file/d/1WWBki5S39goqlmv49W45AR-s_vPrOmKE/view?usp=sharing,https://drive.google.com/file/d/1WWBki5S39goqlmv49W45AR-s_vPrOmKE/view?usp=sharing
Πρωϊνά,ΟΧΙ,Mexican Wrap ολικής με κοτόπουλο και guacamole,Mexican Tortilla με φιλέτο κοτόπουλο (90γρ),"Τορτίγια, Κοτόπουλο, Guacamole, Μαύρα φασόλια, Σάλτσα ντομάτας, Τυρί κίτρινο light, Ρύζι, Κόλιανδρος","Wrap ολικής (90γρ), Φιλέτο κοτόπουλο (90γρ), Ρύζι jasmine (30γρ), Guacamole (25γρ), Gouda light (20γρ), Μαύρα φασόλια (15γρ), Σάλτσα ντομάτας (20γρ), Κόλιανδρος (2γρ)",13-2,6.11,6.90,OK,"Τορτίγια ολικής, μεγάλη (90γρ), Κοτόπουλο στήθος, μαγειρεμένο (90γρ), Guacamole (25γρ), Μαύρα φασόλια, μαγειρεμένα (15γρ), Σάλτσα ντομάτας (για mexican tortilla) (20γρ), Τυρί κίτρινο light, σε φέτες (20γρ), Ρύζι jasmine, μαγειρεμένο (30γρ), Κόλιανδρος (2γρ)",2.13,2.41,0.20,0.25,2.33,2.33,2.66,38.14%,€3.78,34.86%,3.28%,599,62,45,18,https://drive.google.com/file/d/1WWBki5S39goqlmv49W45AR-s_vPrOmKE/view?usp=sharing,https://drive.google.com/file/d/1WWBki5S39goqlmv49W45AR-s_vPrOmKE/view?usp=sharing
Μαγειρευτά,ΟΧΙ,Μοσχαράκι κοκκινιστό με ρύζι basmati,"Μοσχάρι κοκκινιστό (120γρ), Ρύζι (60γρ)","Μοσχάρι, Κρεμμύδι, Σκόρδο, Ντομάτα, Ζωμός κοτόπουλου, Μέλι, Ρύζι","Μοσχάρι κοκκινιστό (120γρ), Ρύζι (60γρ)",326-1,7.52,8.50,OK,"Γιουβέτσι μοσχάρι (120γρ), Ρύζι (60γρ)",1.21,1.37,0.14,0.17,1.35,1.35,1.54,17.95%,€6.17,16.09%,1.86%,303,24,16,15,https://drive.google.com/file/d/1MXDiYiFlZCva3fGtG8oIaL442k3nmQ9h/view?usp=sharing,
Μαγειρευτά,ΟΧΙ,Μοσχαράκι κοκκινιστό με ρύζι basmati,"Μοσχάρι κοκκινιστό (120γρ), Ρύζι (120γρ)","Μοσχάρι, Κρεμμύδι, Σκόρδο, Ντομάτα, Ζωμός κοτόπουλου, Μέλι, Ρύζι","Μοσχάρι κοκκινιστό (120γρ), Ρύζι (120γρ)",326-2,7.70,8.70,OK,"Γιουβέτσι μοσχάρι (120γρ), Ρύζι (120γρ)",1.27,1.44,0.14,0.17,1.41,1.41,1.61,18.31%,€6.29,16.49%,1.82%,395,40,18,17,https://drive.google.com/file/d/1MXDiYiFlZCva3fGtG8oIaL442k3nmQ9h/view?usp=sharing,
Μαγειρευτά,ΟΧΙ,Μοσχαράκι κοκκινιστό με ρύζι basmati,"Μοσχάρι κοκκινιστό (120γρ), Ρύζι (180γρ)","Μοσχάρι, Κρεμμύδι, Σκόρδο, Ντομάτα, Ζωμός κοτόπουλου, Μέλι, Ρύζι","Μοσχάρι κοκκινιστό (120γρ), Ρύζι (180γρ)",326-3,7.88,8.90,OK,"Γιουβέτσι μοσχάρι (120γρ), Ρύζι (180γρ)",1.34,1.51,0.14,0.17,1.48,1.48,1.69,18.78%,€6.40,17.01%,1.78%,487,55,19,20,https://drive.google.com/file/d/1MXDiYiFlZCva3fGtG8oIaL442k3nmQ9h/view?usp=sharing,
Μαγειρευτά,ΟΧΙ,Μοσχαράκι κοκκινιστό με ρύζι basmati,"Μοσχάρι κοκκινιστό (150γρ), Ρύζι (60γρ)","Μοσχάρι, Κρεμμύδι, Σκόρδο, Ντομάτα, Ζωμός κοτόπουλου, Μέλι, Ρύζι","Μοσχάρι κοκκινιστό (150γρ), Ρύζι (60γρ)",326-4,8.41,9.50,OK,"Γιουβέτσι μοσχάρι (150γρ), Ρύζι (60γρ)",1.50,1.70,0.14,0.17,1.64,1.64,1.87,19.50%,€6.77,17.84%,1.66%,356,27,20,18,https://drive.google.com/file/d/1MXDiYiFlZCva3fGtG8oIaL442k3nmQ9h/view?usp=sharing,
Μαγειρευτά,ΟΧΙ,Μοσχαράκι κοκκινιστό με ρύζι basmati,"Μοσχάρι κοκκινιστό (150γρ), Ρύζι (120γρ)","Μοσχάρι, Κρεμμύδι, Σκόρδο, Ντομάτα, Ζωμός κοτόπουλου, Μέλι, Ρύζι","Μοσχάρι κοκκινιστό (150γρ), Ρύζι (120γρ)",326-5,8.58,9.70,OK,"Γιουβέτσι μοσχάρι (150γρ), Ρύζι (120γρ)",1.56,1.76,0.14,0.17,1.70,1.70,1.94,19.81%,€6.88,18.18%,1.63%,448,42,21,20,https://drive.google.com/file/d/1MXDiYiFlZCva3fGtG8oIaL442k3nmQ9h/view?usp=sharing,
Μαγειρευτά,ΟΧΙ,Μοσχαράκι κοκκινιστό με ρύζι basmati,"Μοσχάρι κοκκινιστό (150γρ), Ρύζι (180γρ)","Μοσχάρι, Κρεμμύδι, Σκόρδο, Ντομάτα, Ζωμός κοτόπουλου, Μέλι, Ρύζι","Μοσχάρι κοκκινιστό (150γρ), Ρύζι (180γρ)",326-6,8.76,9.90,OK,"Γιουβέτσι μοσχάρι (150γρ), Ρύζι (180γρ)",1.62,1.83,0.14,0.17,1.76,1.76,2.00,20.09%,€7.00,18.49%,1.60%,540,57,23,23,https://drive.google.com/file/d/1MXDiYiFlZCva3fGtG8oIaL442k3nmQ9h/view?usp=sharing,
Μαγειρευτά,ΟΧΙ,Μοσχαράκι κοκκινιστό με ρύζι basmati,"Μοσχάρι κοκκινιστό (180γρ), Ρύζι (120γρ)","Μοσχάρι, Κρεμμύδι, Σκόρδο, Ντομάτα, Ζωμός κοτόπουλου, Μέλι, Ρύζι","Μοσχάρι κοκκινιστό (180γρ), Ρύζι (120γρ)",326-7,9.29,10.50,OK,"Γιουβέτσι μοσχάρι (180γρ), Ρύζι (120γρ)",1.85,2.09,0.14,0.17,1.99,1.99,2.26,21.42%,€7.30,19.91%,1.51%,500,44,25,23,https://drive.google.com/file/d/1MXDiYiFlZCva3fGtG8oIaL442k3nmQ9h/view?usp=sharing,
Μαγειρευτά,ΝΑΙ,Μοσχαράκι κοκκινιστό με ρύζι basmati,"Μοσχάρι κοκκινιστό (180γρ), Ρύζι (180γρ)","Μοσχάρι, Κρεμμύδι, Σκόρδο, Ντομάτα, Ζωμός κοτόπουλου, Μέλι, Ρύζι","Μοσχάρι κοκκινιστό (180γρ), Ρύζι (180γρ)",326-8,9.47,10.70,OK,"Γιουβέτσι μοσχάρι (180γρ), Ρύζι (180γρ)",1.91,2.16,0.14,0.17,2.05,2.05,2.33,21.65%,€7.42,20.17%,1.48%,592,60,27,26,https://drive.google.com/file/d/1MXDiYiFlZCva3fGtG8oIaL442k3nmQ9h/view?usp=sharing,
Μαγειρευτά,ΟΧΙ,Μοσχαράκι κοκκινιστό με ρύζι basmati,"Μοσχάρι κοκκινιστό (180γρ), Ρύζι (240γρ)","Μοσχάρι, Κρεμμύδι, Σκόρδο, Ντομάτα, Ζωμός κοτόπουλου, Μέλι, Ρύζι","Μοσχάρι κοκκινιστό (180γρ), Ρύζι (240γρ)",326-9,9.65,10.90,OK,"Γιουβέτσι μοσχάρι (180γρ), Ρύζι (240γρ)",1.98,2.24,0.14,0.17,2.12,2.12,2.41,21.97%,€7.53,20.52%,1.45%,684,75,28,29,https://drive.google.com/file/d/1MXDiYiFlZCva3fGtG8oIaL442k3nmQ9h/view?usp=sharing,
Μαγειρευτά,ΟΧΙ,Μοσχαράκι κοκκινιστό με ρύζι basmati,"Μοσχάρι κοκκινιστό (210γρ), Ρύζι (120γρ)","Μοσχάρι, Κρεμμύδι, Σκόρδο, Ντομάτα, Ζωμός κοτόπουλου, Μέλι, Ρύζι","Μοσχάρι κοκκινιστό (210γρ), Ρύζι (120γρ)",326-10,10.18,11.50,OK,"Γιουβέτσι μοσχάρι (210γρ), Ρύζι (120γρ)",2.13,2.41,0.14,0.17,2.27,2.27,2.58,22.30%,€7.91,20.92%,1.38%,553,46,29,26,https://drive.google.com/file/d/1MXDiYiFlZCva3fGtG8oIaL442k3nmQ9h/view?usp=sharing,
Μαγειρευτά,ΟΧΙ,Μοσχαράκι κοκκινιστό με ρύζι basmati,"Μοσχάρι κοκκινιστό (210γρ), Ρύζι (180γρ)","Μοσχάρι, Κρεμμύδι, Σκόρδο, Ντομάτα, Ζωμός κοτόπουλου, Μέλι, Ρύζι","Μοσχάρι κοκκινιστό (210γρ), Ρύζι (180γρ)",326-11,10.35,11.70,OK,"Γιουβέτσι μοσχάρι (210γρ), Ρύζι (180γρ)",2.20,2.49,0.14,0.17,2.34,2.34,2.66,22.61%,€8.01,21.26%,1.35%,645,62,30,29,https://drive.google.com/file/d/1MXDiYiFlZCva3fGtG8oIaL442k3nmQ9h/view?usp=sharing,
Μαγειρευτά,ΟΧΙ,Μοσχαράκι κοκκινιστό με ρύζι basmati,"Μοσχάρι κοκκινιστό (210γρ), Ρύζι (240γρ)","Μοσχάρι, Κρεμμύδι, Σκόρδο, Ντομάτα, Ζωμός κοτόπουλου, Μέλι, Ρύζι","Μοσχάρι κοκκινιστό (210γρ), Ρύζι (240γρ)",326-12,10.53,11.90,OK,"Γιουβέτσι μοσχάρι (210γρ), Ρύζι (240γρ)",2.26,2.55,0.14,0.17,2.40,2.40,2.73,22.79%,€8.13,21.46%,1.33%,737,77,32,32,https://drive.google.com/file/d/1MXDiYiFlZCva3fGtG8oIaL442k3nmQ9h/view?usp=sharing,
Ψητές επιλογές,ΟΧΙ,Μοσχαρίσια κεφτεδάκια με sauce γιαουρτιού και πιτάκι ολικής,"Κεφτεδάκια (120γρ), Πίτα ολικής (40γρ)","Μοσχάρι, Κρεμμύδι, Σκόρδο, Φρυγανιά, Ντομάτα, Γάλα, Αυγό, Ρίγανη, Πάπρικα, Θυμάρι, Βρώμη, Γιαούρτι, Λεμόνι, Σκόρδο, Μέλι, Δυόσμος, Άνηθος, Μαϊντανός, Σχοινόπρασο, Κύμινο","Κεφτεδάκια (120γρ), Sauce γιαουρτιού (50γρ), Πίτα ολικής (40γρ)",137-1,7.43,8.40,OK,"Κεφτεδάκια (100γρ), Πίτα σουβλάκι, ολικής (41γρ), Sauce γιαουρτιού (50γρ)",1.13,1.28,0.18,0.23,1.31,1.31,1.51,17.69%,€6.12,15.21%,2.48%,469,41,22,24,https://drive.google.com/file/d/1cb07vZxHnbiOfpQSM9cyNAAzInEdWZMO/view?usp=sharing,https://drive.google.com/file/d/1cb07vZxHnbiOfpQSM9cyNAAzInEdWZMO/view?usp=sharing
Ψητές επιλογές,ΟΧΙ,Μοσχαρίσια κεφτεδάκια με sauce γιαουρτιού και πιτάκι ολικής,"Κεφτεδάκια (160γρ), Πίτα ολικής (40γρ)","Μοσχάρι, Κρεμμύδι, Σκόρδο, Φρυγανιά, Ντομάτα, Γάλα, Αυγό, Ρίγανη, Πάπρικα, Θυμάρι, Βρώμη, Γιαούρτι, Λεμόνι, Σκόρδο, Μέλι, Δυόσμος, Άνηθος, Μαϊντανός, Σχοινόπρασο, Κύμινο","Κεφτεδάκια (160γρ), Sauce γιαουρτιού (50γρ), Πίτα ολικής (40γρ)",137-2,7.88,8.90,OK,"Κεφτεδάκια (160γρ), Πίτα σουβλάκι, ολικής (41γρ), Sauce γιαουρτιού (50γρ)",1.59,1.80,0.18,0.23,1.77,1.77,2.02,22.51%,€6.11,20.18%,2.34%,633,52,31,33,https://drive.google.com/file/d/1cb07vZxHnbiOfpQSM9cyNAAzInEdWZMO/view?usp=sharing,https://drive.google.com/file/d/1cb07vZxHnbiOfpQSM9cyNAAzInEdWZMO/view?usp=sharing
Ψητές επιλογές,ΝΑΙ,Μοσχαρίσια κεφτεδάκια με sauce γιαουρτιού και πιτάκι ολικής,"Κεφτεδάκια (200γρ), Πίτα ολικής (80γρ)","Μοσχάρι, Κρεμμύδι, Σκόρδο, Φρυγανιά, Ντομάτα, Γάλα, Αυγό, Ρίγανη, Πάπρικα, Θυμάρι, Βρώμη, Γιαούρτι, Λεμόνι, Σκόρδο, Μέλι, Δυόσμος, Άνηθος, Μαϊντανός, Σχοινόπρασο, Κύμινο","Κεφτεδάκια (200γρ), Sauce γιαουρτιού (50γρ), Πίτα ολικής (80γρ)",137-3,8.32,9.40,OK,"Κεφτεδάκια (200γρ), Πίτα σουβλάκι, ολικής (82γρ), Sauce γιαουρτιού (50γρ)",2.00,2.26,0.18,0.23,2.18,2.18,2.49,26.25%,€6.14,24.04%,2.21%,847,80,40,40,https://drive.google.com/file/d/1cb07vZxHnbiOfpQSM9cyNAAzInEdWZMO/view?usp=sharing,https://drive.google.com/file/d/1cb07vZxHnbiOfpQSM9cyNAAzInEdWZMO/view?usp=sharing
Ψητές επιλογές,ΟΧΙ,Μοσχαρίσια κεφτεδάκια με sauce γιαουρτιού και πιτάκι ολικής,"Κεφτεδάκια (240γρ), Πίτα ολικής (80γρ)","Μοσχάρι, Κρεμμύδι, Σκόρδο, Φρυγανιά, Ντομάτα, Γάλα, Αυγό, Ρίγανη, Πάπρικα, Θυμάρι, Βρώμη, Γιαούρτι, Λεμόνι, Σκόρδο, Μέλι, Δυόσμος, Άνηθος, Μαϊντανός, Σχοινόπρασο, Κύμινο","Κεφτεδάκια (240γρ), Sauce γιαουρτιού (50γρ), Πίτα ολικής (80γρ)",137-4,8.76,9.90,OK,"Κεφτεδάκια (240γρ), Πίτα σουβλάκι, ολικής (82γρ), Sauce γιαουρτιού (50γρ)",2.30,2.60,0.18,0.23,2.48,2.48,2.83,28.36%,€6.28,26.26%,2.10%,957,87,46,46,https://drive.google.com/file/d/1cb07vZxHnbiOfpQSM9cyNAAzInEdWZMO/view?usp=sharing,https://drive.google.com/file/d/1cb07vZxHnbiOfpQSM9cyNAAzInEdWZMO/view?usp=sharing
Ψητές επιλογές,ΟΧΙ,Μοσχαρίσια κεφτεδάκια με πατάτες φούρνου και σάλτσα μουστάρδας,"Κεφτεδάκια (120γρ), Πατάτες φούρνου (80γρ)","Μοσχάρι, Κρεμμύδι, Σκόρδο, Φρυγανιά, Ντομάτα, Γάλα, Αυγό, Μαϊντανός, Δυόσμος, Ρίγανη, Πάπρικα, Θυμάρι, Βρώμη, Πατάτα, Ζωμός λαχανικών, Μουστάρδα, Χυμός λεμονιού, Μέλι, Σκόρδο, Ζωμός κοτόπουλου","Κεφτεδάκια (120γρ), Πατάτες φούρνου (80γρ), Σάλτσα μουστάρδας (15γρ)",136-1,6.99,7.90,OK,"Κεφτεδάκια (100γρ), Πατάτα, μαγειρεμένη (80γρ), Σάλτσα μουστάρδας (για πατάτες) (15γρ)",0.88,0.99,0.14,0.17,1.02,1.02,1.17,14.59%,€5.97,12.59%,2.00%,385,37,16,19,https://drive.google.com/file/d/1nO54ZAuIuE_4UiAXayLpHead9ViqMZ8O/view?usp=sharing,https://drive.google.com/file/d/1nO54ZAuIuE_4UiAXayLpHead9ViqMZ8O/view?usp=sharing
Ψητές επιλογές,ΟΧΙ,Μοσχαρίσια κεφτεδάκια με πατάτες φούρνου και σάλτσα μουστάρδας,"Κεφτεδάκια (120γρ), Πατάτες φούρνου (160γρ)","Μοσχάρι, Κρεμμύδι, Σκόρδο, Φρυγανιά, Ντομάτα, Γάλα, Αυγό, Μαϊντανός, Δυόσμος, Ρίγανη, Πάπρικα, Θυμάρι, Βρώμη, Πατάτα, Ζωμός λαχανικών, Μουστάρδα, Χυμός λεμονιού, Μέλι, Σκόρδο, Ζωμός κοτόπουλου","Κεφτεδάκια (120γρ), Πατάτες φούρνου (160γρ), Σάλτσα μουστάρδας (15γρ)",136-2,7.43,8.40,OK,"Κεφτεδάκια (100γρ), Πατάτα, μαγειρεμένη (160γρ), Σάλτσα μουστάρδας (για πατάτες) (15γρ)",0.97,1.10,0.14,0.17,1.11,1.11,1.27,14.94%,€6.32,13.06%,1.88%,454,53,18,19,https://drive.google.com/file/d/1nO54ZAuIuE_4UiAXayLpHead9ViqMZ8O/view?usp=sharing,https://drive.google.com/file/d/1nO54ZAuIuE_4UiAXayLpHead9ViqMZ8O/view?usp=sharing
Ψητές επιλογές,ΟΧΙ,Μοσχαρίσια κεφτεδάκια με πατάτες φούρνου και σάλτσα μουστάρδας,"Κεφτεδάκια (120γρ), Πατάτες φούρνου (240γρ)","Μοσχάρι, Κρεμμύδι, Σκόρδο, Φρυγανιά, Ντομάτα, Γάλα, Αυγό, Μαϊντανός, Δυόσμος, Ρίγανη, Πάπρικα, Θυμάρι, Βρώμη, Πατάτα, Ζωμός λαχανικών, Μουστάρδα, Χυμός λεμονιού, Μέλι, Σκόρδο, Ζωμός κοτόπουλου","Κεφτεδάκια (120γρ), Πατάτες φούρνου (240γρ), Σάλτσα μουστάρδας (15γρ)",136-3,7.88,8.90,OK,"Κεφτεδάκια (100γρ), Πατάτα, μαγειρεμένη (240γρ), Σάλτσα μουστάρδας (για πατάτες) (15γρ)",1.06,1.20,0.14,0.17,1.20,1.20,1.37,15.23%,€6.68,13.45%,1.78%,524,70,19,19,https://drive.google.com/file/d/1nO54ZAuIuE_4UiAXayLpHead9ViqMZ8O/view?usp=sharing,https://drive.google.com/file/d/1nO54ZAuIuE_4UiAXayLpHead9ViqMZ8O/view?usp=sharing
Ψητές επιλογές,ΟΧΙ,Μοσχαρίσια κεφτεδάκια με πατάτες φούρνου και σάλτσα μουστάρδας,"Κεφτεδάκια (160γρ), Πατάτες φούρνου (80γρ)","Μοσχάρι, Κρεμμύδι, Σκόρδο, Φρυγανιά, Ντομάτα, Γάλα, Αυγό, Μαϊντανός, Δυόσμος, Ρίγανη, Πάπρικα, Θυμάρι, Βρώμη, Πατάτα, Ζωμός λαχανικών, Μουστάρδα, Χυμός λεμονιού, Μέλι, Σκόρδο, Ζωμός κοτόπουλου","Κεφτεδάκια (160γρ), Πατάτες φούρνου (80γρ), Σάλτσα μουστάρδας (15γρ)",136-4,7.88,8.90,OK,"Κεφτεδάκια (160γρ), Πατάτα, μαγειρεμένη (80γρ), Σάλτσα μουστάρδας (για πατάτες) (15γρ)",1.33,1.50,0.14,0.17,1.47,1.47,1.68,18.65%,€6.41,16.88%,1.78%,549,49,25,28,https://drive.google.com/file/d/1nO54ZAuIuE_4UiAXayLpHead9ViqMZ8O/view?usp=sharing,https://drive.google.com/file/d/1nO54ZAuIuE_4UiAXayLpHead9ViqMZ8O/view?usp=sharing
Ψητές επιλογές,ΟΧΙ,Μοσχαρίσια κεφτεδάκια με πατάτες φούρνου και σάλτσα μουστάρδας,"Κεφτεδάκια (160γρ), Πατάτες φούρνου (160γρ)","Μοσχάρι, Κρεμμύδι, Σκόρδο, Φρυγανιά, Ντομάτα, Γάλα, Αυγό, Μαϊντανός, Δυόσμος, Ρίγανη, Πάπρικα, Θυμάρι, Βρώμη, Πατάτα, Ζωμός λαχανικών, Μουστάρδα, Χυμός λεμονιού, Μέλι, Σκόρδο, Ζωμός κοτόπουλου","Κεφτεδάκια (160γρ), Πατάτες φούρνου (160γρ), Σάλτσα μουστάρδας (15γρ)",136-5,8.32,9.40,OK,"Κεφτεδάκια (160γρ), Πατάτα, μαγειρεμένη (160γρ), Σάλτσα μουστάρδας (για πατάτες) (15γρ)",1.42,1.60,0.14,0.17,1.56,1.56,1.78,18.75%,€6.76,17.07%,1.68%,619,65,26,28,https://drive.google.com/file/d/1nO54ZAuIuE_4UiAXayLpHead9ViqMZ8O/view?usp=sharing,https://drive.google.com/file/d/1nO54ZAuIuE_4UiAXayLpHead9ViqMZ8O/view?usp=sharing
Ψητές επιλογές,ΟΧΙ,Μοσχαρίσια κεφτεδάκια με πατάτες φούρνου και σάλτσα μουστάρδας,"Κεφτεδάκια (160γρ), Πατάτες φούρνου (240γρ)","Μοσχάρι, Κρεμμύδι, Σκόρδο, Φρυγανιά, Ντομάτα, Γάλα, Αυγό, Μαϊντανός, Δυόσμος, Ρίγανη, Πάπρικα, Θυμάρι, Βρώμη, Πατάτα, Ζωμός λαχανικών, Μουστάρδα, Χυμός λεμονιού, Μέλι, Σκόρδο, Ζωμός κοτόπουλου","Κεφτεδάκια (160γρ), Πατάτες φούρνου (240γρ), Σάλτσα μουστάρδας (15γρ)",136-6,8.76,9.90,OK,"Κεφτεδάκια (160γρ), Πατάτα, μαγειρεμένη (240γρ), Σάλτσα μουστάρδας (για πατάτες) (15γρ)",1.51,1.71,0.14,0.17,1.65,1.65,1.88,18.84%,€7.11,17.24%,1.60%,688,81,28,29,https://drive.google.com/file/d/1nO54ZAuIuE_4UiAXayLpHead9ViqMZ8O/view?usp=sharing,https://drive.google.com/file/d/1nO54ZAuIuE_4UiAXayLpHead9ViqMZ8O/view?usp=sharing
Ψητές επιλογές,ΟΧΙ,Μοσχαρίσια κεφτεδάκια με πατάτες φούρνου και σάλτσα μουστάρδας,"Κεφτεδάκια (200γρ), Πατάτες φούρνου (80γρ)","Μοσχάρι, Κρεμμύδι, Σκόρδο, Φρυγανιά, Ντομάτα, Γάλα, Αυγό, Μαϊντανός, Δυόσμος, Ρίγανη, Πάπρικα, Θυμάρι, Βρώμη, Πατάτα, Ζωμός λαχανικών, Μουστάρδα, Χυμός λεμονιού, Μέλι, Σκόρδο, Ζωμός κοτόπουλου","Κεφτεδάκια (200γρ), Πατάτες φούρνου (80γρ), Σάλτσα μουστάρδας (15γρ)",136-7,8.76,9.90,OK,"Κεφτεδάκια (200γρ), Πατάτα, μαγειρεμένη (80γρ), Σάλτσα μουστάρδας (για πατάτες) (15γρ)",1.63,1.84,0.14,0.17,1.77,1.77,2.02,20.21%,€6.99,18.61%,1.60%,659,57,30,35,https://drive.google.com/file/d/1nO54ZAuIuE_4UiAXayLpHead9ViqMZ8O/view?usp=sharing,https://drive.google.com/file/d/1nO54ZAuIuE_4UiAXayLpHead9ViqMZ8O/view?usp=sharing
Ψητές επιλογές,ΝΑΙ,Μοσχαρίσια κεφτεδάκια με πατάτες φούρνου και σάλτσα μουστάρδας,"Κεφτεδάκια (200γρ), Πατάτες φούρνου (160γρ)","Μοσχάρι, Κρεμμύδι, Σκόρδο, Φρυγανιά, Ντομάτα, Γάλα, Αυγό, Μαϊντανός, Δυόσμος, Ρίγανη, Πάπρικα, Θυμάρι, Βρώμη, Πατάτα, Ζωμός λαχανικών, Μουστάρδα, Χυμός λεμονιού, Μέλι, Σκόρδο, Ζωμός κοτόπουλου","Κεφτεδάκια (200γρ), Πατάτες φούρνου (160γρ), Σάλτσα μουστάρδας (15γρ)",136-8,9.20,10.40,OK,"Κεφτεδάκια (200γρ), Πατάτα, μαγειρεμένη (160γρ), Σάλτσα μουστάρδας (για πατάτες) (15γρ)",1.72,1.94,0.14,0.17,1.86,1.86,2.12,20.22%,€7.34,18.70%,1.52%,728,73,32,35,https://drive.google.com/file/d/1nO54ZAuIuE_4UiAXayLpHead9ViqMZ8O/view?usp=sharing,https://drive.google.com/file/d/1nO54ZAuIuE_4UiAXayLpHead9ViqMZ8O/view?usp=sharing
Ψητές επιλογές,ΟΧΙ,Μοσχαρίσια κεφτεδάκια με πατάτες φούρνου και σάλτσα μουστάρδας,"Κεφτεδάκια (200γρ), Πατάτες φούρνου (240γρ)","Μοσχάρι, Κρεμμύδι, Σκόρδο, Φρυγανιά, Ντομάτα, Γάλα, Αυγό, Μαϊντανός, Δυόσμος, Ρίγανη, Πάπρικα, Θυμάρι, Βρώμη, Πατάτα, Ζωμός λαχανικών, Μουστάρδα, Χυμός λεμονιού, Μέλι, Σκόρδο, Ζωμός κοτόπουλου","Κεφτεδάκια (200γρ), Πατάτες φούρνου (240γρ), Σάλτσα μουστάρδας (15γρ)",136-9,9.65,10.90,OK,"Κεφτεδάκια (200γρ), Πατάτα, μαγειρεμένη (240γρ), Σάλτσα μουστάρδας (για πατάτες) (15γρ)",1.82,2.06,0.14,0.17,1.96,1.96,2.23,20.31%,€7.69,18.86%,1.45%,798,89,33,35,https://drive.google.com/file/d/1nO54ZAuIuE_4UiAXayLpHead9ViqMZ8O/view?usp=sharing,https://drive.google.com/file/d/1nO54ZAuIuE_4UiAXayLpHead9ViqMZ8O/view?usp=sharing
Ψητές επιλογές,ΟΧΙ,Μοσχαρίσια κεφτεδάκια με πατάτες φούρνου και σάλτσα μουστάρδας,"Κεφτεδάκια (240γρ), Πατάτες φούρνου (80γρ)","Μοσχάρι, Κρεμμύδι, Σκόρδο, Φρυγανιά, Ντομάτα, Γάλα, Αυγό, Μαϊντανός, Δυόσμος, Ρίγανη, Πάπρικα, Θυμάρι, Βρώμη, Πατάτα, Ζωμός λαχανικών, Μουστάρδα, Χυμός λεμονιού, Μέλι, Σκόρδο, Ζωμός κοτόπουλου","Κεφτεδάκια (240γρ), Πατάτες φούρνου (80γρ), Σάλτσα μουστάρδας (15γρ)",136-10,9.65,10.90,OK,"Κεφτεδάκια (240γρ), Πατάτα, μαγειρεμένη (80γρ), Σάλτσα μουστάρδας (για πατάτες) (15γρ)",1.93,2.18,0.14,0.17,2.07,2.07,2.35,21.45%,€7.58,20.00%,1.45%,768,64,36,41,https://drive.google.com/file/d/1nO54ZAuIuE_4UiAXayLpHead9ViqMZ8O/view?usp=sharing,https://drive.google.com/file/d/1nO54ZAuIuE_4UiAXayLpHead9ViqMZ8O/view?usp=sharing
Ψητές επιλογές,ΟΧΙ,Μοσχαρίσια κεφτεδάκια με πατάτες φούρνου και σάλτσα μουστάρδας,"Κεφτεδάκια (240γρ), Πατάτες φούρνου (160γρ)","Μοσχάρι, Κρεμμύδι, Σκόρδο, Φρυγανιά, Ντομάτα, Γάλα, Αυγό, Μαϊντανός, Δυόσμος, Ρίγανη, Πάπρικα, Θυμάρι, Βρώμη, Πατάτα, Ζωμός λαχανικών, Μουστάρδα, Χυμός λεμονιού, Μέλι, Σκόρδο, Ζωμός κοτόπουλου","Κεφτεδάκια (240γρ), Πατάτες φούρνου (160γρ), Σάλτσα μουστάρδας (15γρ)",136-11,10.09,11.40,OK,"Κεφτεδάκια (240γρ), Πατάτα, μαγειρεμένη (160γρ), Σάλτσα μουστάρδας (για πατάτες) (15γρ)",2.03,2.29,0.14,0.17,2.17,2.17,2.47,21.51%,€7.92,20.12%,1.39%,838,80,37,41,https://drive.google.com/file/d/1nO54ZAuIuE_4UiAXayLpHead9ViqMZ8O/view?usp=sharing,https://drive.google.com/file/d/1nO54ZAuIuE_4UiAXayLpHead9ViqMZ8O/view?usp=sharing
Ψητές επιλογές,ΟΧΙ,Μοσχαρίσια κεφτεδάκια με πατάτες φούρνου και σάλτσα μουστάρδας,"Κεφτεδάκια (240γρ), Πατάτες φούρνου (240γρ)","Μοσχάρι, Κρεμμύδι, Σκόρδο, Φρυγανιά, Ντομάτα, Γάλα, Αυγό, Μαϊντανός, Δυόσμος, Ρίγανη, Πάπρικα, Θυμάρι, Βρώμη, Πατάτα, Ζωμός λαχανικών, Μουστάρδα, Χυμός λεμονιού, Μέλι, Σκόρδο, Ζωμός κοτόπουλου","Κεφτεδάκια (240γρ), Πατάτες φούρνου (240γρ), Σάλτσα μουστάρδας (15γρ)",136-12,10.53,11.90,OK,"Κεφτεδάκια (240γρ), Πατάτα, μαγειρεμένη (240γρ), Σάλτσα μουστάρδας (για πατάτες) (15γρ)",2.12,2.40,0.14,0.17,2.26,2.26,2.57,21.46%,€8.27,20.13%,1.33%,907,96,39,41,https://drive.google.com/file/d/1nO54ZAuIuE_4UiAXayLpHead9ViqMZ8O/view?usp=sharing,https://drive.google.com/file/d/1nO54ZAuIuE_4UiAXayLpHead9ViqMZ8O/view?usp=sharing
Μαγειρευτά,ΟΧΙ,Μοσχαρίσιο Σοφρίτο με λευκό κρασί και ρύζι basmati,"Μοσχαρίσιο χτένι (120γρ), Ρύζι (60γρ)","Μοσχάρι, Κρεμμύδι, Σκόρδο, Ζωμός λαχανικών, Μαϊντανός, Ρύζι","Μοσχαρίσιο χτένι (120γρ), Ρύζι (60γρ), Σάλτσα σοφρίτο (50γρ)",328-1,10.53,11.90,OK,"Μοσχαρίσιο χτένι, μαγειρεμένο (120γρ), Ρύζι (60γρ), Μοσχάρι Σοφρίτο (σάλτσα) (50γρ)",2.59,2.93,0.14,0.17,2.73,2.73,3.10,25.93%,€7.80,24.60%,1.33%,475,17,39,26,https://drive.google.com/file/d/15AoDJZDH214eI4yl9OLEVL3qWSPbMrMm/view?usp=sharing,
Μαγειρευτά,ΟΧΙ,Μοσχαρίσιο Σοφρίτο με λευκό κρασί και ρύζι basmati,"Μοσχαρίσιο χτένι (120γρ), Ρύζι (120γρ)","Μοσχάρι, Κρεμμύδι, Σκόρδο, Ζωμός λαχανικών, Μαϊντανός, Ρύζι","Μοσχαρίσιο χτένι (120γρ), Ρύζι (120γρ), Σάλτσα σοφρίτο (50γρ)",328-2,11.06,12.50,OK,"Μοσχαρίσιο χτένι, μαγειρεμένο (120γρ), Ρύζι (120γρ), Μοσχάρι Σοφρίτο (σάλτσα) (50γρ)",2.66,3.01,0.14,0.17,2.80,2.80,3.18,25.32%,€8.26,24.05%,1.27%,567,33,40,29,https://drive.google.com/file/d/15AoDJZDH214eI4yl9OLEVL3qWSPbMrMm/view?usp=sharing,
Μαγειρευτά,ΟΧΙ,Μοσχαρίσιο Σοφρίτο με λευκό κρασί και ρύζι basmati,"Μοσχαρίσιο χτένι (120γρ), Ρύζι (180γρ)","Μοσχάρι, Κρεμμύδι, Σκόρδο, Ζωμός λαχανικών, Μαϊντανός, Ρύζι","Μοσχαρίσιο χτένι (120γρ), Ρύζι (180γρ), Σάλτσα σοφρίτο (50γρ)",328-3,11.42,12.90,OK,"Μοσχαρίσιο χτένι, μαγειρεμένο (120γρ), Ρύζι (180γρ), Μοσχάρι Σοφρίτο (σάλτσα) (50γρ)",2.72,3.07,0.14,0.17,2.86,2.86,3.25,25.04%,€8.56,23.82%,1.23%,659,48,42,31,https://drive.google.com/file/d/15AoDJZDH214eI4yl9OLEVL3qWSPbMrMm/view?usp=sharing,
Μαγειρευτά,ΟΧΙ,Μοσχαρίσιο Σοφρίτο με λευκό κρασί και ρύζι basmati,"Μοσχαρίσιο χτένι (150γρ), Ρύζι (60γρ)","Μοσχάρι, Κρεμμύδι, Σκόρδο, Ζωμός λαχανικών, Μαϊντανός, Ρύζι","Μοσχαρίσιο χτένι (150γρ), Ρύζι (60γρ), Σάλτσα σοφρίτο (50γρ)",328-4,11.95,13.50,OK,"Μοσχαρίσιο χτένι, μαγειρεμένο (150γρ), Ρύζι (60γρ), Μοσχάρι Σοφρίτο (σάλτσα) (50γρ)",3.10,3.50,0.14,0.17,3.24,3.24,3.68,27.11%,€8.71,25.94%,1.17%,550,17,47,31,https://drive.google.com/file/d/15AoDJZDH214eI4yl9OLEVL3qWSPbMrMm/view?usp=sharing,
Μαγειρευτά,ΟΧΙ,Μοσχαρίσιο Σοφρίτο με λευκό κρασί και ρύζι basmati,"Μοσχαρίσιο χτένι (150γρ), Ρύζι (120γρ)","Μοσχάρι, Κρεμμύδι, Σκόρδο, Ζωμός λαχανικών, Μαϊντανός, Ρύζι","Μοσχαρίσιο χτένι (150γρ), Ρύζι (120γρ), Σάλτσα σοφρίτο (50γρ)",328-5,12.30,13.90,OK,"Μοσχαρίσιο χτένι, μαγειρεμένο (150γρ), Ρύζι (120γρ), Μοσχάρι Σοφρίτο (σάλτσα) (50γρ)",3.17,3.58,0.14,0.17,3.31,3.31,3.76,26.91%,€8.99,25.77%,1.14%,642,33,48,33,https://drive.google.com/file/d/15AoDJZDH214eI4yl9OLEVL3qWSPbMrMm/view?usp=sharing,
Μαγειρευτά,ΝΑΙ,Μοσχαρίσιο Σοφρίτο με λευκό κρασί και ρύζι basmati,"Μοσχαρίσιο χτένι (150γρ), Ρύζι (180γρ)","Μοσχάρι, Κρεμμύδι, Σκόρδο, Ζωμός λαχανικών, Μαϊντανός, Ρύζι","Μοσχαρίσιο χτένι (150γρ), Ρύζι (180γρ), Σάλτσα σοφρίτο (50γρ)",328-6,12.83,14.50,OK,"Μοσχαρίσιο χτένι, μαγειρεμένο (150γρ), Ρύζι (180γρ), Μοσχάρι Σοφρίτο (σάλτσα) (50γρ)",3.23,3.65,0.14,0.17,3.37,3.37,3.82,26.27%,€9.46,25.18%,1.09%,734,48,49,36,https://drive.google.com/file/d/15AoDJZDH214eI4yl9OLEVL3qWSPbMrMm/view?usp=sharing,
Μαγειρευτά,ΟΧΙ,Μοσχαρίσιο Σοφρίτο με λευκό κρασί και ρύζι basmati,"Μοσχαρίσιο χτένι (180γρ), Ρύζι (120γρ)","Μοσχάρι, Κρεμμύδι, Σκόρδο, Ζωμός λαχανικών, Μαϊντανός, Ρύζι","Μοσχαρίσιο χτένι (180γρ), Ρύζι (120γρ), Σάλτσα σοφρίτο (50γρ)",328-7,13.19,14.90,OK,"Μοσχαρίσιο χτένι, μαγειρεμένο (180γρ), Ρύζι (120γρ), Μοσχάρι Σοφρίτο (σάλτσα) (50γρ)",3.68,4.16,0.14,0.17,3.82,3.82,4.33,28.96%,€9.37,27.90%,1.06%,717,33,56,38,https://drive.google.com/file/d/15AoDJZDH214eI4yl9OLEVL3qWSPbMrMm/view?usp=sharing,
Μαγειρευτά,ΟΧΙ,Μοσχαρίσιο Σοφρίτο με λευκό κρασί και ρύζι basmati,"Μοσχαρίσιο χτένι (180γρ), Ρύζι (180γρ)","Μοσχάρι, Κρεμμύδι, Σκόρδο, Ζωμός λαχανικών, Μαϊντανός, Ρύζι","Μοσχαρίσιο χτένι (180γρ), Ρύζι (180γρ), Σάλτσα σοφρίτο (50γρ)",328-8,13.72,15.50,OK,"Μοσχαρίσιο χτένι, μαγειρεμένο (180γρ), Ρύζι (180γρ), Μοσχάρι Σοφρίτο (σάλτσα) (50γρ)",3.74,4.23,0.14,0.17,3.88,3.88,4.40,28.28%,€9.84,27.26%,1.02%,809,48,57,41,https://drive.google.com/file/d/15AoDJZDH214eI4yl9OLEVL3qWSPbMrMm/view?usp=sharing,
Μαγειρευτά,ΟΧΙ,Μοσχαρίσιο Σοφρίτο με λευκό κρασί και ρύζι basmati,"Μοσχαρίσιο χτένι (180γρ), Ρύζι (240γρ)","Μοσχάρι, Κρεμμύδι, Σκόρδο, Ζωμός λαχανικών, Μαϊντανός, Ρύζι","Μοσχαρίσιο χτένι (180γρ), Ρύζι (240γρ), Σάλτσα σοφρίτο (50γρ)",328-9,14.07,15.90,OK,"Μοσχαρίσιο χτένι, μαγειρεμένο (180γρ), Ρύζι (240γρ), Μοσχάρι Σοφρίτο (σάλτσα) (50γρ)",3.80,4.29,0.14,0.17,3.94,3.94,4.47,28.00%,€10.13,27.01%,1.00%,901,63,59,43,https://drive.google.com/file/d/15AoDJZDH214eI4yl9OLEVL3qWSPbMrMm/view?usp=sharing,
Μαγειρευτά,ΟΧΙ,"Μοσχαρόσουπα με πατάτα, σελινόριζα και μανιτάρια","Φιλέτο μοσχάρι (120γρ), Σούπα (250γρ)","Μοσχάρι, Πατάτα, Καρότο, Μανιτάρι, Σέλερι, Σελινόριζα, Κρεμμύδι, Αλεύρι","Φιλέτο μοσχάρι (120γρ), Σούπα (250γρ), Λαχανικά (80γρ)",293-1,10.53,11.90,OK,"Μοσχαρίσιο χτένι, μαγειρεμένο (120γρ), Καρότο, βραστό (10γρ), Σέλερι, κατσαρόλας (10γρ), Πατάτα, κατσαρόλας (20γρ), Μανιτάρι σαμπινιόν, μαγειρεμένο (20γρ), Σελινόριζα, κατσαρόλας (20γρ), ΜΟΣΧΑΡΟΣΟΥΠΑ (λιανική) (248γρ), Αλάτι ψιλό (2γρ), Μαύρο πιπέρι (0,2γρ)",4.74,5.36,0.13,0.16,4.87,4.87,5.52,46.24%,€5.66,45.01%,1.22%,754,22,64,44,https://drive.google.com/file/d/17Nqtj-pxRWPIns_ghPEV9d93ZGrDXfPv/view?usp=sharing,https://drive.google.com/file/d/17Nqtj-pxRWPIns_ghPEV9d93ZGrDXfPv/view?usp=sharing
Μαγειρευτά,ΝΑΙ,"Μοσχαρόσουπα με πατάτα, σελινόριζα και μανιτάρια","Φιλέτο μοσχάρι (150γρ), Σούπα (250γρ)","Μοσχάρι, Πατάτα, Καρότο, Μανιτάρι, Σέλερι, Σελινόριζα, Κρεμμύδι, Αλεύρι","Φιλέτο μοσχάρι (150γρ), Σούπα (250γρ), Λαχανικά (80γρ)",293-2,11.42,12.90,OK,"Μοσχαρίσιο χτένι, μαγειρεμένο (150γρ), Καρότο, βραστό (10γρ), Σέλερι, κατσαρόλας (10γρ), Πατάτα, κατσαρόλας (20γρ), Μανιτάρι σαμπινιόν, μαγειρεμένο (20γρ), Σελινόριζα, κατσαρόλας (20γρ), ΜΟΣΧΑΡΟΣΟΥΠΑ (λιανική) (248γρ), Αλάτι ψιλό (2γρ), Μαύρο πιπέρι (0,2γρ)",5.25,5.93,0.13,0.16,5.38,5.38,6.09,47.10%,€6.04,45.97%,1.13%,829,22,72,49,https://drive.google.com/file/d/17Nqtj-pxRWPIns_ghPEV9d93ZGrDXfPv/view?usp=sharing,https://drive.google.com/file/d/17Nqtj-pxRWPIns_ghPEV9d93ZGrDXfPv/view?usp=sharing
Μαγειρευτά,ΟΧΙ,"Μοσχαρόσουπα με πατάτα, σελινόριζα και μανιτάρια","Φιλέτο μοσχάρι (180γρ), Σούπα (250γρ)","Μοσχάρι, Πατάτα, Καρότο, Μανιτάρι, Σέλερι, Σελινόριζα, Κρεμμύδι, Αλεύρι","Φιλέτο μοσχάρι (180γρ), Σούπα (250γρ), Λαχανικά (80γρ)",293-3,12.30,13.90,OK,"Μοσχαρίσιο χτένι, μαγειρεμένο (180γρ), Καρότο, βραστό (10γρ), Σέλερι, κατσαρόλας (10γρ), Πατάτα, κατσαρόλας (20γρ), Μανιτάρι σαμπινιόν, μαγειρεμένο (20γρ), Σελινόριζα, κατσαρόλας (20γρ), ΜΟΣΧΑΡΟΣΟΥΠΑ (λιανική) (248γρ), Αλάτι ψιλό (2γρ), Μαύρο πιπέρι (0,2γρ)",5.76,6.51,0.13,0.16,5.89,5.89,6.67,47.87%,€6.41,46.83%,1.05%,904,22,80,54,https://drive.google.com/file/d/17Nqtj-pxRWPIns_ghPEV9d93ZGrDXfPv/view?usp=sharing,https://drive.google.com/file/d/17Nqtj-pxRWPIns_ghPEV9d93ZGrDXfPv/view?usp=sharing
Μαγειρευτά,ΟΧΙ,"Μουσακάς με ραγού, γλυκοπατάτες και μανιτάρια",Μουσακάς (300γρ),"Μοσχάρι, Κρεμμύδι, Καρότο, Ντομάτα, Γλυκοπατάτα, Μανιτάρι, Κανέλα, Ζωμός κοτόπουλου, Αλεύρι, Γάλα σόγιας",Μουσακάς με γλυκοπατάτες και μανιτάρια (300γρ),182-1,7.88,8.90,OK,"Μουσακάς με μοσχαρίσιο ραγού (300γρ), Ελαιόλαδο (30γρ)",2.05,2.32,0.14,0.17,2.19,2.19,2.49,27.79%,€5.69,26.02%,1.78%,732,36,22,56,https://drive.google.com/file/d/1sLPZU9B8jvBMjODbQHjqcGvcVabE5Gap/view?usp=sharing,https://drive.google.com/file/d/1sLPZU9B8jvBMjODbQHjqcGvcVabE5Gap/view?usp=sharing
Μαγειρευτά,ΝΑΙ,"Μουσακάς με ραγού, γλυκοπατάτες και μανιτάρια",Μουσακάς (350γρ),"Μοσχάρι, Κρεμμύδι, Καρότο, Ντομάτα, Γλυκοπατάτα, Μανιτάρι, Κανέλα, Ζωμός κοτόπουλου, Αλεύρι, Γάλα σόγιας",Μουσακάς με γλυκοπατάτες και μανιτάρια (350γρ),182-2,8.41,9.50,OK,"Μουσακάς με μοσχαρίσιο ραγού (350γρ), Ελαιόλαδο (30γρ)",2.34,2.64,0.14,0.17,2.48,2.48,2.82,29.49%,€5.93,27.82%,1.66%,810,42,26,61,https://drive.google.com/file/d/1sLPZU9B8jvBMjODbQHjqcGvcVabE5Gap/view?usp=sharing,https://drive.google.com/file/d/1sLPZU9B8jvBMjODbQHjqcGvcVabE5Gap/view?usp=sharing
Μαγειρευτά,ΟΧΙ,"Μουσακάς με ραγού, γλυκοπατάτες και μανιτάρια",Μουσακάς (400γρ),"Μοσχάρι, Κρεμμύδι, Καρότο, Ντομάτα, Γλυκοπατάτα, Μανιτάρι, Κανέλα, Ζωμός κοτόπουλου, Αλεύρι, Γάλα σόγιας",Μουσακάς με γλυκοπατάτες και μανιτάρια (400γρ),182-3,8.76,9.90,OK,"Μουσακάς με μοσχαρίσιο ραγού (400γρ), Ελαιόλαδο (30γρ)",2.64,2.98,0.14,0.17,2.78,2.78,3.16,31.74%,€5.98,30.14%,1.60%,887,48,30,65,https://drive.google.com/file/d/1sLPZU9B8jvBMjODbQHjqcGvcVabE5Gap/view?usp=sharing,https://drive.google.com/file/d/1sLPZU9B8jvBMjODbQHjqcGvcVabE5Gap/view?usp=sharing
Πρωϊνά,ΝΑΙ,Μπατζίνα με κολοκύθι και φέτα light,Μπατζίνα (200γρ),"Αυγό, Κολοκύθι, Δυόσμος, Βασιλικός, Φέτα light, Πάπρικα, Γιαούρτι, Αλεύρι","Μπατζίνα με κολοκύθι, φέτα light και μυρωδικά (200γρ)",223,4.34,4.90,OK,"Μπατζίνα με κολοκύθι, φέτα light και μυρωδικά (200γρ)",1.05,1.19,0.15,0.18,1.20,1.20,1.37,27.53%,€3.15,24.19%,3.34%,340,30,14,19,https://drive.google.com/file/d/1EzxhnTnJqTBrsKOOi6Dx3i9Lgt6iNq_m/view?usp=sharing,https://drive.google.com/file/d/1EzxhnTnJqTBrsKOOi6Dx3i9Lgt6iNq_m/view?usp=sharing
Ψητές επιλογές,ΟΧΙ,Μπιφτέκι γαλοπούλας με λαχανικά ατμού και λαδολέμονο,Μπιφτέκι γαλοπούλας (120γρ),"Γαλοπούλα, Κοτόπουλο, Ντομάτα, Φρυγανιά, Καρότο, Κολοκύθι, Κινόα, Αυγό, Σκόρδο, Κρεμμύδι, Δενδρολίβανο, Κάρυ, Λαχανικά, Λεμόνι","Μπιφτέκι γαλοπούλας (120γρ), Λαχανικά (150γρ), Λαδολέμονο (20γρ)",168-1,8.41,9.50,OK,"Μπιφτέκι γαλοπούλας (120γρ), Λαχανικά, βραστά (150γρ), Ελαιόλαδο (14γρ), Χυμός λεμονιού (6γρ)",1.82,2.06,0.14,0.17,1.96,1.96,2.23,23.31%,€6.45,21.64%,1.66%,374,18,17,27,https://drive.google.com/file/d/1UNra-jWpXmwYULLCxcNN_3j12N4dx-er/view?usp=sharing,https://drive.google.com/file/d/1UNra-jWpXmwYULLCxcNN_3j12N4dx-er/view?usp=sharing
Ψητές επιλογές,ΟΧΙ,Μπιφτέκι γαλοπούλας με λαχανικά ατμού και λαδολέμονο,Μπιφτέκι γαλοπούλας (150γρ),"Γαλοπούλα, Κοτόπουλο, Ντομάτα, Φρυγανιά, Καρότο, Κολοκύθι, Κινόα, Αυγό, Σκόρδο, Κρεμμύδι, Δενδρολίβανο, Κάρυ, Λαχανικά, Λεμόνι","Μπιφτέκι γαλοπούλας (150γρ), Λαχανικά (150γρ), Λαδολέμονο (20γρ)",168-2,9.29,10.50,OK,"Μπιφτέκι γαλοπούλας (150γρ), Λαχανικά, βραστά (150γρ), Ελαιόλαδο (14γρ), Χυμός λεμονιού (6γρ)",2.00,2.26,0.14,0.17,2.14,2.14,2.43,23.04%,€7.15,21.53%,1.51%,430,21,21,30,https://drive.google.com/file/d/1UNra-jWpXmwYULLCxcNN_3j12N4dx-er/view?usp=sharing,https://drive.google.com/file/d/1UNra-jWpXmwYULLCxcNN_3j12N4dx-er/view?usp=sharing
Ψητές επιλογές,ΝΑΙ,Μπιφτέκι γαλοπούλας με λαχανικά ατμού και λαδολέμονο,Μπιφτέκι γαλοπούλας (180γρ),"Γαλοπούλα, Κοτόπουλο, Ντομάτα, Φρυγανιά, Καρότο, Κολοκύθι, Κινόα, Αυγό, Σκόρδο, Κρεμμύδι, Δενδρολίβανο, Κάρυ, Λαχανικά, Λεμόνι","Μπιφτέκι γαλοπούλας (180γρ), Λαχανικά (150γρ), Λαδολέμονο (20γρ)",168-3,10.18,11.50,OK,"Μπιφτέκι γαλοπούλας (180γρ), Λαχανικά, βραστά (150γρ), Ελαιόλαδο (14γρ), Χυμός λεμονιού (6γρ)",2.17,2.45,0.14,0.17,2.31,2.31,2.63,22.69%,€7.87,21.32%,1.38%,486,24,25,34,https://drive.google.com/file/d/1UNra-jWpXmwYULLCxcNN_3j12N4dx-er/view?usp=sharing,https://drive.google.com/file/d/1UNra-jWpXmwYULLCxcNN_3j12N4dx-er/view?usp=sharing
Ψητές επιλογές,ΟΧΙ,Μπιφτέκι γαλοπούλας με λαχανικά ατμού και λαδολέμονο,Μπιφτέκι γαλοπούλας (210γρ),"Γαλοπούλα, Κοτόπουλο, Ντομάτα, Φρυγανιά, Καρότο, Κολοκύθι, Κινόα, Αυγό, Σκόρδο, Κρεμμύδι, Δενδρολίβανο, Κάρυ, Λαχανικά, Λεμόνι","Μπιφτέκι γαλοπούλας (210γρ), Λαχανικά (150γρ), Λαδολέμονο (20γρ)",168-4,11.06,12.50,OK,"Μπιφτέκι γαλοπούλας (210γρ), Λαχανικά, βραστά (150γρ), Ελαιόλαδο (14γρ), Χυμός λεμονιού (6γρ)",2.35,2.66,0.14,0.17,2.49,2.49,2.83,22.51%,€8.57,21.25%,1.27%,541,27,29,37,https://drive.google.com/file/d/1UNra-jWpXmwYULLCxcNN_3j12N4dx-er/view?usp=sharing,https://drive.google.com/file/d/1UNra-jWpXmwYULLCxcNN_3j12N4dx-er/view?usp=sharing
Ψητές επιλογές,ΟΧΙ,Μπιφτέκι γαλοπούλας με πουρέ γλυκοπατάτας,"Μπιφτέκι γαλοπούλας (120γρ), Πουρές γλυκοπατάτας (120γρ)","Γαλοπούλα, Κοτόπουλο, Ντομάτα, Φρυγανιά, Καρότο, Κολοκύθι, Κινόα, Αυγό, Σκόρδο, Κρεμμύδι, Δενδρολίβανο, Κάρυ, Γλυκοπατάτα","Μπιφτέκι γαλοπούλας (120γρ), Πουρές γλυκοπατάτας (120γρ)",163-1,7.43,8.40,OK,"Μπιφτέκι γαλοπούλας (120γρ), Πουρές γλυκοπατάτας (120γρ)",1.19,1.34,0.14,0.17,1.33,1.33,1.52,17.90%,€6.10,16.02%,1.88%,476,33,18,31,https://drive.google.com/file/d/1i_3LkgiIcVjmUsJsCKiiS4OiFe5t7xeW/view?usp=sharing,https://drive.google.com/file/d/1i_3LkgiIcVjmUsJsCKiiS4OiFe5t7xeW/view?usp=sharing
Ψητές επιλογές,ΟΧΙ,Μπιφτέκι γαλοπούλας με πουρέ γλυκοπατάτας,"Μπιφτέκι γαλοπούλας (120γρ), Πουρές γλυκοπατάτας (180γρ)","Γαλοπούλα, Κοτόπουλο, Ντομάτα, Φρυγανιά, Καρότο, Κολοκύθι, Κινόα, Αυγό, Σκόρδο, Κρεμμύδι, Δενδρολίβανο, Κάρυ, Γλυκοπατάτα","Μπιφτέκι γαλοπούλας (120γρ), Πουρές γλυκοπατάτας (180γρ)",163-2,7.88,8.90,OK,"Μπιφτέκι γαλοπούλας (120γρ), Πουρές γλυκοπατάτας (180γρ)",1.43,1.62,0.14,0.17,1.57,1.57,1.79,19.92%,€6.31,18.15%,1.78%,602,43,19,41,https://drive.google.com/file/d/1i_3LkgiIcVjmUsJsCKiiS4OiFe5t7xeW/view?usp=sharing,https://drive.google.com/file/d/1i_3LkgiIcVjmUsJsCKiiS4OiFe5t7xeW/view?usp=sharing
Ψητές επιλογές,ΟΧΙ,Μπιφτέκι γαλοπούλας με πουρέ γλυκοπατάτας,"Μπιφτέκι γαλοπούλας (120γρ), Πουρές γλυκοπατάτας (220γρ)","Γαλοπούλα, Κοτόπουλο, Ντομάτα, Φρυγανιά, Καρότο, Κολοκύθι, Κινόα, Αυγό, Σκόρδο, Κρεμμύδι, Δενδρολίβανο, Κάρυ, Γλυκοπατάτα","Μπιφτέκι γαλοπούλας (120γρ), Πουρές γλυκοπατάτας (220γρ)",163-3,8.32,9.40,OK,"Μπιφτέκι γαλοπούλας (120γρ), Πουρές γλυκοπατάτας (220γρ)",1.59,1.80,0.14,0.17,1.73,1.73,1.97,20.79%,€6.59,19.11%,1.68%,687,50,19,47,https://drive.google.com/file/d/1i_3LkgiIcVjmUsJsCKiiS4OiFe5t7xeW/view?usp=sharing,https://drive.google.com/file/d/1i_3LkgiIcVjmUsJsCKiiS4OiFe5t7xeW/view?usp=sharing
Ψητές επιλογές,ΟΧΙ,Μπιφτέκι γαλοπούλας με πουρέ γλυκοπατάτας,"Μπιφτέκι γαλοπούλας (150γρ), Πουρές γλυκοπατάτας (120γρ)","Γαλοπούλα, Κοτόπουλο, Ντομάτα, Φρυγανιά, Καρότο, Κολοκύθι, Κινόα, Αυγό, Σκόρδο, Κρεμμύδι, Δενδρολίβανο, Κάρυ, Γλυκοπατάτα","Μπιφτέκι γαλοπούλας (150γρ), Πουρές γλυκοπατάτας (120γρ)",163-4,8.32,9.40,OK,"Μπιφτέκι γαλοπούλας (150γρ), Πουρές γλυκοπατάτας (120γρ)",1.37,1.55,0.14,0.17,1.51,1.51,1.72,18.15%,€6.81,16.47%,1.68%,531,36,21,34,https://drive.google.com/file/d/1i_3LkgiIcVjmUsJsCKiiS4OiFe5t7xeW/view?usp=sharing,https://drive.google.com/file/d/1i_3LkgiIcVjmUsJsCKiiS4OiFe5t7xeW/view?usp=sharing
Ψητές επιλογές,ΟΧΙ,Μπιφτέκι γαλοπούλας με πουρέ γλυκοπατάτας,"Μπιφτέκι γαλοπούλας (150γρ), Πουρές γλυκοπατάτας (180γρ)","Γαλοπούλα, Κοτόπουλο, Ντομάτα, Φρυγανιά, Καρότο, Κολοκύθι, Κινόα, Αυγό, Σκόρδο, Κρεμμύδι, Δενδρολίβανο, Κάρυ, Γλυκοπατάτα","Μπιφτέκι γαλοπούλας (150γρ), Πουρές γλυκοπατάτας (180γρ)",163-5,8.76,9.90,OK,"Μπιφτέκι γαλοπούλας (150γρ), Πουρές γλυκοπατάτας (180γρ)",1.61,1.82,0.14,0.17,1.75,1.75,1.99,19.98%,€7.01,18.38%,1.60%,658,46,23,44,https://drive.google.com/file/d/1i_3LkgiIcVjmUsJsCKiiS4OiFe5t7xeW/view?usp=sharing,https://drive.google.com/file/d/1i_3LkgiIcVjmUsJsCKiiS4OiFe5t7xeW/view?usp=sharing
Ψητές επιλογές,ΟΧΙ,Μπιφτέκι γαλοπούλας με πουρέ γλυκοπατάτας,"Μπιφτέκι γαλοπούλας (150γρ), Πουρές γλυκοπατάτας (220γρ)","Γαλοπούλα, Κοτόπουλο, Ντομάτα, Φρυγανιά, Καρότο, Κολοκύθι, Κινόα, Αυγό, Σκόρδο, Κρεμμύδι, Δενδρολίβανο, Κάρυ, Γλυκοπατάτα","Μπιφτέκι γαλοπούλας (150γρ), Πουρές γλυκοπατάτας (220γρ)",163-6,9.20,10.40,OK,"Μπιφτέκι γαλοπούλας (150γρ), Πουρές γλυκοπατάτας (220γρ)",1.77,2.00,0.14,0.17,1.91,1.91,2.17,20.76%,€7.29,19.24%,1.52%,742,53,23,50,https://drive.google.com/file/d/1i_3LkgiIcVjmUsJsCKiiS4OiFe5t7xeW/view?usp=sharing,https://drive.google.com/file/d/1i_3LkgiIcVjmUsJsCKiiS4OiFe5t7xeW/view?usp=sharing
Ψητές επιλογές,ΟΧΙ,Μπιφτέκι γαλοπούλας με πουρέ γλυκοπατάτας,"Μπιφτέκι γαλοπούλας (180γρ), Πουρές γλυκοπατάτας (120γρ)","Γαλοπούλα, Κοτόπουλο, Ντομάτα, Φρυγανιά, Καρότο, Κολοκύθι, Κινόα, Αυγό, Σκόρδο, Κρεμμύδι, Δενδρολίβανο, Κάρυ, Γλυκοπατάτα","Μπιφτέκι γαλοπούλας (180γρ), Πουρές γλυκοπατάτας (120γρ)",163-7,9.20,10.40,OK,"Μπιφτέκι γαλοπούλας (180γρ), Πουρές γλυκοπατάτας (120γρ)",1.55,1.75,0.14,0.17,1.69,1.69,1.93,18.37%,€7.51,16.85%,1.52%,587,39,25,38,https://drive.google.com/file/d/1i_3LkgiIcVjmUsJsCKiiS4OiFe5t7xeW/view?usp=sharing,https://drive.google.com/file/d/1i_3LkgiIcVjmUsJsCKiiS4OiFe5t7xeW/view?usp=sharing
Ψητές επιλογές,ΝΑΙ,Μπιφτέκι γαλοπούλας με πουρέ γλυκοπατάτας,"Μπιφτέκι γαλοπούλας (180γρ), Πουρές γλυκοπατάτας (180γρ)","Γαλοπούλα, Κοτόπουλο, Ντομάτα, Φρυγανιά, Καρότο, Κολοκύθι, Κινόα, Αυγό, Σκόρδο, Κρεμμύδι, Δενδρολίβανο, Κάρυ, Γλυκοπατάτα","Μπιφτέκι γαλοπούλας (180γρ), Πουρές γλυκοπατάτας (180γρ)",163-8,9.65,10.90,OK,"Μπιφτέκι γαλοπούλας (180γρ), Πουρές γλυκοπατάτας (180γρ)",1.79,2.02,0.14,0.17,1.93,1.93,2.20,20.00%,€7.72,18.55%,1.45%,713,49,26,47,https://drive.google.com/file/d/1i_3LkgiIcVjmUsJsCKiiS4OiFe5t7xeW/view?usp=sharing,https://drive.google.com/file/d/1i_3LkgiIcVjmUsJsCKiiS4OiFe5t7xeW/view?usp=sharing
Ψητές επιλογές,ΟΧΙ,Μπιφτέκι γαλοπούλας με πουρέ γλυκοπατάτας,"Μπιφτέκι γαλοπούλας (180γρ), Πουρές γλυκοπατάτας (220γρ)","Γαλοπούλα, Κοτόπουλο, Ντομάτα, Φρυγανιά, Καρότο, Κολοκύθι, Κινόα, Αυγό, Σκόρδο, Κρεμμύδι, Δενδρολίβανο, Κάρυ, Γλυκοπατάτα","Μπιφτέκι γαλοπούλας (180γρ), Πουρές γλυκοπατάτας (220γρ)",163-9,10.09,11.40,OK,"Μπιφτέκι γαλοπούλας (180γρ), Πουρές γλυκοπατάτας (220γρ)",1.95,2.20,0.14,0.17,2.09,2.09,2.38,20.71%,€8.00,19.33%,1.39%,798,56,27,53,https://drive.google.com/file/d/1i_3LkgiIcVjmUsJsCKiiS4OiFe5t7xeW/view?usp=sharing,https://drive.google.com/file/d/1i_3LkgiIcVjmUsJsCKiiS4OiFe5t7xeW/view?usp=sharing
Ψητές επιλογές,ΟΧΙ,Μπιφτέκι γαλοπούλας με πουρέ γλυκοπατάτας,"Μπιφτέκι γαλοπούλας (210γρ), Πουρές γλυκοπατάτας (120γρ)","Γαλοπούλα, Κοτόπουλο, Ντομάτα, Φρυγανιά, Καρότο, Κολοκύθι, Κινόα, Αυγό, Σκόρδο, Κρεμμύδι, Δενδρολίβανο, Κάρυ, Γλυκοπατάτα","Μπιφτέκι γαλοπούλας (210γρ), Πουρές γλυκοπατάτας (120γρ)",163-10,10.09,11.40,OK,"Μπιφτέκι γαλοπούλας (210γρ), Πουρές γλυκοπατάτας (120γρ)",1.73,1.95,0.14,0.17,1.87,1.87,2.13,18.53%,€8.22,17.15%,1.39%,642,42,29,41,https://drive.google.com/file/d/1i_3LkgiIcVjmUsJsCKiiS4OiFe5t7xeW/view?usp=sharing,https://drive.google.com/file/d/1i_3LkgiIcVjmUsJsCKiiS4OiFe5t7xeW/view?usp=sharing
Ψητές επιλογές,ΟΧΙ,Μπιφτέκι γαλοπούλας με πουρέ γλυκοπατάτας,"Μπιφτέκι γαλοπούλας (210γρ), Πουρές γλυκοπατάτας (180γρ)","Γαλοπούλα, Κοτόπουλο, Ντομάτα, Φρυγανιά, Καρότο, Κολοκύθι, Κινόα, Αυγό, Σκόρδο, Κρεμμύδι, Δενδρολίβανο, Κάρυ, Γλυκοπατάτα","Μπιφτέκι γαλοπούλας (210γρ), Πουρές γλυκοπατάτας (180γρ)",163-11,10.53,11.90,OK,"Μπιφτέκι γαλοπούλας (210γρ), Πουρές γλυκοπατάτας (180γρ)",1.97,2.23,0.14,0.17,2.11,2.11,2.40,20.04%,€8.42,18.71%,1.33%,769,52,30,50,https://drive.google.com/file/d/1i_3LkgiIcVjmUsJsCKiiS4OiFe5t7xeW/view?usp=sharing,https://drive.google.com/file/d/1i_3LkgiIcVjmUsJsCKiiS4OiFe5t7xeW/view?usp=sharing
Ψητές επιλογές,ΟΧΙ,Μπιφτέκι γαλοπούλας με πουρέ γλυκοπατάτας,"Μπιφτέκι γαλοπούλας (210γρ), Πουρές γλυκοπατάτας (220γρ)","Γαλοπούλα, Κοτόπουλο, Ντομάτα, Φρυγανιά, Καρότο, Κολοκύθι, Κινόα, Αυγό, Σκόρδο, Κρεμμύδι, Δενδρολίβανο, Κάρυ, Γλυκοπατάτα","Μπιφτέκι γαλοπούλας (210γρ), Πουρές γλυκοπατάτας (220γρ)",163-12,10.97,12.40,OK,"Μπιφτέκι γαλοπούλας (210γρ), Πουρές γλυκοπατάτας (220γρ)",2.13,2.41,0.14,0.17,2.27,2.27,2.58,20.69%,€8.70,19.42%,1.28%,853,59,31,56,https://drive.google.com/file/d/1i_3LkgiIcVjmUsJsCKiiS4OiFe5t7xeW/view?usp=sharing,https://drive.google.com/file/d/1i_3LkgiIcVjmUsJsCKiiS4OiFe5t7xeW/view?usp=sharing
Ψητές επιλογές,ΟΧΙ,Μπιφτέκι γαλοπούλας με πουρέ καρότου,"Μπιφτέκι γαλοπούλας (120γρ), Πουρές καρότου (120γρ)","Γαλοπούλα, Κοτόπουλο, Ντομάτα, Φρυγανιά, Καρότο, Κολοκύθι, Κινόα, Αυγό, Σκόρδο, Κρεμμύδι, Δενδρολίβανο, Κάρυ, Ζωμός λαχανικών","Μπιφτέκι γαλοπούλας (120γρ), Πουρές καρότου (120γρ)",167-1,7.43,8.40,OK,"Μπιφτέκι γαλοπούλας (120γρ), Πουρές καρότου (120γρ)",0.92,1.04,0.14,0.17,1.06,1.06,1.21,14.27%,€6.37,12.38%,1.88%,287,23,17,15,https://drive.google.com/file/d/1lY7S_1NZWKZQEArtmkDa10st9HWZ91qq/view?usp=sharing,https://drive.google.com/file/d/1lY7S_1NZWKZQEArtmkDa10st9HWZ91qq/view?usp=sharing
Ψητές επιλογές,ΟΧΙ,Μπιφτέκι γαλοπούλας με πουρέ καρότου,"Μπιφτέκι γαλοπούλας (120γρ), Πουρές καρότου (180γρ)","Γαλοπούλα, Κοτόπουλο, Ντομάτα, Φρυγανιά, Καρότο, Κολοκύθι, Κινόα, Αυγό, Σκόρδο, Κρεμμύδι, Δενδρολίβανο, Κάρυ, Ζωμός λαχανικών","Μπιφτέκι γαλοπούλας (120γρ), Πουρές καρότου (180γρ)",167-2,7.88,8.90,OK,"Μπιφτέκι γαλοπούλας (120γρ), Πουρές καρότου (180γρ)",1.03,1.16,0.14,0.17,1.17,1.17,1.34,14.85%,€6.71,13.07%,1.78%,319,28,17,16,https://drive.google.com/file/d/1lY7S_1NZWKZQEArtmkDa10st9HWZ91qq/view?usp=sharing,https://drive.google.com/file/d/1lY7S_1NZWKZQEArtmkDa10st9HWZ91qq/view?usp=sharing
Ψητές επιλογές,ΟΧΙ,Μπιφτέκι γαλοπούλας με πουρέ καρότου,"Μπιφτέκι γαλοπούλας (120γρ), Πουρές καρότου (220γρ)","Γαλοπούλα, Κοτόπουλο, Ντομάτα, Φρυγανιά, Καρότο, Κολοκύθι, Κινόα, Αυγό, Σκόρδο, Κρεμμύδι, Δενδρολίβανο, Κάρυ, Ζωμός λαχανικών","Μπιφτέκι γαλοπούλας (120γρ), Πουρές καρότου (220γρ)",167-3,8.32,9.40,OK,"Μπιφτέκι γαλοπούλας (120γρ), Πουρές καρότου (220γρ)",1.10,1.24,0.14,0.17,1.24,1.24,1.42,14.90%,€7.08,13.22%,1.68%,341,32,18,17,https://drive.google.com/file/d/1lY7S_1NZWKZQEArtmkDa10st9HWZ91qq/view?usp=sharing,https://drive.google.com/file/d/1lY7S_1NZWKZQEArtmkDa10st9HWZ91qq/view?usp=sharing
Ψητές επιλογές,ΟΧΙ,Μπιφτέκι γαλοπούλας με πουρέ καρότου,"Μπιφτέκι γαλοπούλας (150γρ), Πουρές καρότου (120γρ)","Γαλοπούλα, Κοτόπουλο, Ντομάτα, Φρυγανιά, Καρότο, Κολοκύθι, Κινόα, Αυγό, Σκόρδο, Κρεμμύδι, Δενδρολίβανο, Κάρυ, Ζωμός λαχανικών","Μπιφτέκι γαλοπούλας (150γρ), Πουρές καρότου (120γρ)",167-4,8.32,9.40,OK,"Μπιφτέκι γαλοπούλας (150γρ), Πουρές καρότου (120γρ)",1.10,1.24,0.14,0.17,1.24,1.24,1.42,14.90%,€7.08,13.22%,1.68%,343,26,21,18,https://drive.google.com/file/d/1lY7S_1NZWKZQEArtmkDa10st9HWZ91qq/view?usp=sharing,https://drive.google.com/file/d/1lY7S_1NZWKZQEArtmkDa10st9HWZ91qq/view?usp=sharing
Ψητές επιλογές,ΟΧΙ,Μπιφτέκι γαλοπούλας με πουρέ καρότου,"Μπιφτέκι γαλοπούλας (150γρ), Πουρές καρότου (180γρ)","Γαλοπούλα, Κοτόπουλο, Ντομάτα, Φρυγανιά, Καρότο, Κολοκύθι, Κινόα, Αυγό, Σκόρδο, Κρεμμύδι, Δενδρολίβανο, Κάρυ, Ζωμός λαχανικών","Μπιφτέκι γαλοπούλας (150γρ), Πουρές καρότου (180γρ)",167-5,8.76,9.90,OK,"Μπιφτέκι γαλοπούλας (150γρ), Πουρές καρότου (180γρ)",1.21,1.37,0.14,0.17,1.35,1.35,1.54,15.41%,€7.41,13.81%,1.60%,375,31,21,19,https://drive.google.com/file/d/1lY7S_1NZWKZQEArtmkDa10st9HWZ91qq/view?usp=sharing,https://drive.google.com/file/d/1lY7S_1NZWKZQEArtmkDa10st9HWZ91qq/view?usp=sharing
Ψητές επιλογές,ΟΧΙ,Μπιφτέκι γαλοπούλας με πουρέ καρότου,"Μπιφτέκι γαλοπούλας (150γρ), Πουρές καρότου (220γρ)","Γαλοπούλα, Κοτόπουλο, Ντομάτα, Φρυγανιά, Καρότο, Κολοκύθι, Κινόα, Αυγό, Σκόρδο, Κρεμμύδι, Δενδρολίβανο, Κάρυ, Ζωμός λαχανικών","Μπιφτέκι γαλοπούλας (150γρ), Πουρές καρότου (220γρ)",167-6,9.20,10.40,OK,"Μπιφτέκι γαλοπούλας (150γρ), Πουρές καρότου (220γρ)",1.27,1.44,0.14,0.17,1.41,1.41,1.61,15.33%,€7.79,13.80%,1.52%,396,35,22,20,https://drive.google.com/file/d/1lY7S_1NZWKZQEArtmkDa10st9HWZ91qq/view?usp=sharing,https://drive.google.com/file/d/1lY7S_1NZWKZQEArtmkDa10st9HWZ91qq/view?usp=sharing
Ψητές επιλογές,ΟΧΙ,Μπιφτέκι γαλοπούλας με πουρέ καρότου,"Μπιφτέκι γαλοπούλας (180γρ), Πουρές καρότου (120γρ)","Γαλοπούλα, Κοτόπουλο, Ντομάτα, Φρυγανιά, Καρότο, Κολοκύθι, Κινόα, Αυγό, Σκόρδο, Κρεμμύδι, Δενδρολίβανο, Κάρυ, Ζωμός λαχανικών","Μπιφτέκι γαλοπούλας (180γρ), Πουρές καρότου (120γρ)",167-7,9.20,10.40,OK,"Μπιφτέκι γαλοπούλας (180γρ), Πουρές καρότου (120γρ)",1.28,1.45,0.14,0.17,1.42,1.42,1.62,15.43%,€7.78,13.91%,1.52%,398,28,25,22,https://drive.google.com/file/d/1lY7S_1NZWKZQEArtmkDa10st9HWZ91qq/view?usp=sharing,https://drive.google.com/file/d/1lY7S_1NZWKZQEArtmkDa10st9HWZ91qq/view?usp=sharing
Ψητές επιλογές,ΝΑΙ,Μπιφτέκι γαλοπούλας με πουρέ καρότου,"Μπιφτέκι γαλοπούλας (180γρ), Πουρές καρότου (180γρ)","Γαλοπούλα, Κοτόπουλο, Ντομάτα, Φρυγανιά, Καρότο, Κολοκύθι, Κινόα, Αυγό, Σκόρδο, Κρεμμύδι, Δενδρολίβανο, Κάρυ, Ζωμός λαχανικών","Μπιφτέκι γαλοπούλας (180γρ), Πουρές καρότου (180γρ)",167-8,9.65,10.90,OK,"Μπιφτέκι γαλοπούλας (180γρ), Πουρές καρότου (180γρ)",1.38,1.56,0.14,0.17,1.52,1.52,1.73,15.75%,€8.13,14.30%,1.45%,430,34,25,23,https://drive.google.com/file/d/1lY7S_1NZWKZQEArtmkDa10st9HWZ91qq/view?usp=sharing,https://drive.google.com/file/d/1lY7S_1NZWKZQEArtmkDa10st9HWZ91qq/view?usp=sharing
Ψητές επιλογές,ΟΧΙ,Μπιφτέκι γαλοπούλας με πουρέ καρότου,"Μπιφτέκι γαλοπούλας (180γρ), Πουρές καρότου (220γρ)","Γαλοπούλα, Κοτόπουλο, Ντομάτα, Φρυγανιά, Καρότο, Κολοκύθι, Κινόα, Αυγό, Σκόρδο, Κρεμμύδι, Δενδρολίβανο, Κάρυ, Ζωμός λαχανικών","Μπιφτέκι γαλοπούλας (180γρ), Πουρές καρότου (220γρ)",167-9,10.09,11.40,OK,"Μπιφτέκι γαλοπούλας (180γρ), Πουρές καρότου (220γρ)",1.45,1.64,0.14,0.17,1.59,1.59,1.81,15.76%,€8.50,14.37%,1.39%,452,38,26,23,https://drive.google.com/file/d/1lY7S_1NZWKZQEArtmkDa10st9HWZ91qq/view?usp=sharing,https://drive.google.com/file/d/1lY7S_1NZWKZQEArtmkDa10st9HWZ91qq/view?usp=sharing
Ψητές επιλογές,ΟΧΙ,Μπιφτέκι γαλοπούλας με πουρέ καρότου,"Μπιφτέκι γαλοπούλας (210γρ), Πουρές καρότου (120γρ)","Γαλοπούλα, Κοτόπουλο, Ντομάτα, Φρυγανιά, Καρότο, Κολοκύθι, Κινόα, Αυγό, Σκόρδο, Κρεμμύδι, Δενδρολίβανο, Κάρυ, Ζωμός λαχανικών","Μπιφτέκι γαλοπούλας (210γρ), Πουρές καρότου (120γρ)",167-10,10.09,11.40,OK,"Μπιφτέκι γαλοπούλας (210γρ), Πουρές καρότου (120γρ)",1.46,1.65,0.14,0.17,1.60,1.60,1.82,15.86%,€8.49,14.47%,1.39%,454,31,28,25,https://drive.google.com/file/d/1lY7S_1NZWKZQEArtmkDa10st9HWZ91qq/view?usp=sharing,https://drive.google.com/file/d/1lY7S_1NZWKZQEArtmkDa10st9HWZ91qq/view?usp=sharing
Ψητές επιλογές,ΟΧΙ,Μπιφτέκι γαλοπούλας με πουρέ καρότου,"Μπιφτέκι γαλοπούλας (210γρ), Πουρές καρότου (180γρ)","Γαλοπούλα, Κοτόπουλο, Ντομάτα, Φρυγανιά, Καρότο, Κολοκύθι, Κινόα, Αυγό, Σκόρδο, Κρεμμύδι, Δενδρολίβανο, Κάρυ, Ζωμός λαχανικών","Μπιφτέκι γαλοπούλας (210γρ), Πουρές καρότου (180γρ)",167-11,10.53,11.90,OK,"Μπιφτέκι γαλοπούλας (210γρ), Πουρές καρότου (180γρ)",1.56,1.76,0.14,0.17,1.70,1.70,1.94,16.14%,€8.83,14.81%,1.33%,486,37,29,26,https://drive.google.com/file/d/1lY7S_1NZWKZQEArtmkDa10st9HWZ91qq/view?usp=sharing,https://drive.google.com/file/d/1lY7S_1NZWKZQEArtmkDa10st9HWZ91qq/view?usp=sharing
Ψητές επιλογές,ΟΧΙ,Μπιφτέκι γαλοπούλας με πουρέ καρότου,"Μπιφτέκι γαλοπούλας (210γρ), Πουρές καρότου (220γρ)","Γαλοπούλα, Κοτόπουλο, Ντομάτα, Φρυγανιά, Καρότο, Κολοκύθι, Κινόα, Αυγό, Σκόρδο, Κρεμμύδι, Δενδρολίβανο, Κάρυ, Ζωμός λαχανικών","Μπιφτέκι γαλοπούλας (210γρ), Πουρές καρότου (220γρ)",167-12,10.97,12.40,OK,"Μπιφτέκι γαλοπούλας (210γρ), Πουρές καρότου (220γρ)",1.63,1.84,0.14,0.17,1.77,1.77,2.02,16.13%,€9.20,14.86%,1.28%,508,40,29,27,https://drive.google.com/file/d/1lY7S_1NZWKZQEArtmkDa10st9HWZ91qq/view?usp=sharing,https://drive.google.com/file/d/1lY7S_1NZWKZQEArtmkDa10st9HWZ91qq/view?usp=sharing
Ψητές επιλογές,ΟΧΙ,Μπιφτέκι γαλοπούλας με πουρέ πατάτας,"Μπιφτέκι γαλοπούλας (120γρ), Πουρές πατάτας (120γρ)","Γαλοπούλα, Κοτόπουλο, Ντομάτα, Φρυγανιά, Καρότο, Κολοκύθι, Κινόα, Αυγό, Σκόρδο, Κρεμμύδι, Δενδρολίβανο, Κάρυ, Πατάτα, Γάλα ","Μπιφτέκι γαλοπούλας (120γρ), Πουρές πατάτας με λάδι τρούφας (120γρ)",169-1,7.43,8.40,OK,"Μπιφτέκι γαλοπούλας (120γρ), Πουρές πατάτας (120γρ)",0.94,1.06,0.14,0.17,1.08,1.08,1.24,14.54%,€6.35,12.65%,1.88%,374,32,18,20,https://drive.google.com/file/d/1Sm1A-TX2mttC0MZwJpTfYZm1bom5fb38/view?usp=sharing,https://drive.google.com/file/d/1Sm1A-TX2mttC0MZwJpTfYZm1bom5fb38/view?usp=sharing
Ψητές επιλογές,ΟΧΙ,Μπιφτέκι γαλοπούλας με πουρέ πατάτας,"Μπιφτέκι γαλοπούλας (120γρ), Πουρές πατάτας (150γρ)","Γαλοπούλα, Κοτόπουλο, Ντομάτα, Φρυγανιά, Καρότο, Κολοκύθι, Κινόα, Αυγό, Σκόρδο, Κρεμμύδι, Δενδρολίβανο, Κάρυ, Πατάτα, Γάλα ","Μπιφτέκι γαλοπούλας (120γρ), Πουρές πατάτας με λάδι τρούφας (150γρ)",169-2,7.88,8.90,OK,"Μπιφτέκι γαλοπούλας (120γρ), Πουρές πατάτας (150γρ)",1.00,1.13,0.14,0.17,1.14,1.14,1.30,14.47%,€6.74,12.69%,1.78%,411,37,19,22,https://drive.google.com/file/d/1Sm1A-TX2mttC0MZwJpTfYZm1bom5fb38/view?usp=sharing,https://drive.google.com/file/d/1Sm1A-TX2mttC0MZwJpTfYZm1bom5fb38/view?usp=sharing
Ψητές επιλογές,ΟΧΙ,Μπιφτέκι γαλοπούλας με πουρέ πατάτας,"Μπιφτέκι γαλοπούλας (120γρ), Πουρές πατάτας (200γρ)","Γαλοπούλα, Κοτόπουλο, Ντομάτα, Φρυγανιά, Καρότο, Κολοκύθι, Κινόα, Αυγό, Σκόρδο, Κρεμμύδι, Δενδρολίβανο, Κάρυ, Πατάτα, Γάλα ","Μπιφτέκι γαλοπούλας (120γρ), Πουρές πατάτας με λάδι τρούφας (200γρ)",169-3,8.32,9.40,OK,"Μπιφτέκι γαλοπούλας (120γρ), Πουρές πατάτας (200γρ)",1.09,1.23,0.14,0.17,1.23,1.23,1.41,14.78%,€7.09,13.10%,1.68%,474,45,20,25,https://drive.google.com/file/d/1Sm1A-TX2mttC0MZwJpTfYZm1bom5fb38/view?usp=sharing,https://drive.google.com/file/d/1Sm1A-TX2mttC0MZwJpTfYZm1bom5fb38/view?usp=sharing
Ψητές επιλογές,ΟΧΙ,Μπιφτέκι γαλοπούλας με πουρέ πατάτας,"Μπιφτέκι γαλοπούλας (150γρ), Πουρές πατάτας (120γρ)","Γαλοπούλα, Κοτόπουλο, Ντομάτα, Φρυγανιά, Καρότο, Κολοκύθι, Κινόα, Αυγό, Σκόρδο, Κρεμμύδι, Δενδρολίβανο, Κάρυ, Πατάτα, Γάλα ","Μπιφτέκι γαλοπούλας (150γρ), Πουρές πατάτας με λάδι τρούφας (120γρ)",169-4,8.32,9.40,OK,"Μπιφτέκι γαλοπούλας (150γρ), Πουρές πατάτας (120γρ)",1.12,1.27,0.14,0.17,1.26,1.26,1.44,15.14%,€7.06,13.46%,1.68%,429,35,22,23,https://drive.google.com/file/d/1Sm1A-TX2mttC0MZwJpTfYZm1bom5fb38/view?usp=sharing,https://drive.google.com/file/d/1Sm1A-TX2mttC0MZwJpTfYZm1bom5fb38/view?usp=sharing
Ψητές επιλογές,ΟΧΙ,Μπιφτέκι γαλοπούλας με πουρέ πατάτας,"Μπιφτέκι γαλοπούλας (150γρ), Πουρές πατάτας (150γρ)","Γαλοπούλα, Κοτόπουλο, Ντομάτα, Φρυγανιά, Καρότο, Κολοκύθι, Κινόα, Αυγό, Σκόρδο, Κρεμμύδι, Δενδρολίβανο, Κάρυ, Πατάτα, Γάλα ","Μπιφτέκι γαλοπούλας (150γρ), Πουρές πατάτας με λάδι τρούφας (150γρ)",169-5,8.76,9.90,OK,"Μπιφτέκι γαλοπούλας (150γρ), Πουρές πατάτας (150γρ)",1.17,1.32,0.14,0.17,1.31,1.31,1.50,14.95%,€7.45,13.36%,1.60%,467,40,22,25,https://drive.google.com/file/d/1Sm1A-TX2mttC0MZwJpTfYZm1bom5fb38/view?usp=sharing,https://drive.google.com/file/d/1Sm1A-TX2mttC0MZwJpTfYZm1bom5fb38/view?usp=sharing
Ψητές επιλογές,ΟΧΙ,Μπιφτέκι γαλοπούλας με πουρέ πατάτας,"Μπιφτέκι γαλοπούλας (150γρ), Πουρές πατάτας (200γρ)","Γαλοπούλα, Κοτόπουλο, Ντομάτα, Φρυγανιά, Καρότο, Κολοκύθι, Κινόα, Αυγό, Σκόρδο, Κρεμμύδι, Δενδρολίβανο, Κάρυ, Πατάτα, Γάλα ","Μπιφτέκι γαλοπούλας (150γρ), Πουρές πατάτας με λάδι τρούφας (200γρ)",169-6,9.20,10.40,OK,"Μπιφτέκι γαλοπούλας (150γρ), Πουρές πατάτας (200γρ)",1.27,1.44,0.14,0.17,1.41,1.41,1.61,15.33%,€7.79,13.80%,1.52%,530,48,23,28,https://drive.google.com/file/d/1Sm1A-TX2mttC0MZwJpTfYZm1bom5fb38/view?usp=sharing,https://drive.google.com/file/d/1Sm1A-TX2mttC0MZwJpTfYZm1bom5fb38/view?usp=sharing
Ψητές επιλογές,ΟΧΙ,Μπιφτέκι γαλοπούλας με πουρέ πατάτας,"Μπιφτέκι γαλοπούλας (180γρ), Πουρές πατάτας (120γρ)","Γαλοπούλα, Κοτόπουλο, Ντομάτα, Φρυγανιά, Καρότο, Κολοκύθι, Κινόα, Αυγό, Σκόρδο, Κρεμμύδι, Δενδρολίβανο, Κάρυ, Πατάτα, Γάλα ","Μπιφτέκι γαλοπούλας (180γρ), Πουρές πατάτας με λάδι τρούφας (120γρ)",169-7,9.20,10.40,OK,"Μπιφτέκι γαλοπούλας (180γρ), Πουρές πατάτας (120γρ)",1.30,1.47,0.14,0.17,1.44,1.44,1.64,15.65%,€7.76,14.13%,1.52%,485,38,26,26,https://drive.google.com/file/d/1Sm1A-TX2mttC0MZwJpTfYZm1bom5fb38/view?usp=sharing,https://drive.google.com/file/d/1Sm1A-TX2mttC0MZwJpTfYZm1bom5fb38/view?usp=sharing
Ψητές επιλογές,ΝΑΙ,Μπιφτέκι γαλοπούλας με πουρέ πατάτας,"Μπιφτέκι γαλοπούλας (180γρ), Πουρές πατάτας (150γρ)","Γαλοπούλα, Κοτόπουλο, Ντομάτα, Φρυγανιά, Καρότο, Κολοκύθι, Κινόα, Αυγό, Σκόρδο, Κρεμμύδι, Δενδρολίβανο, Κάρυ, Πατάτα, Γάλα ","Μπιφτέκι γαλοπούλας (180γρ), Πουρές πατάτας με λάδι τρούφας (150γρ)",169-8,9.65,10.90,OK,"Μπιφτέκι γαλοπούλας (180γρ), Πουρές πατάτας (150γρ)",1.35,1.53,0.14,0.17,1.49,1.49,1.70,15.44%,€8.16,13.99%,1.45%,523,43,26,28,https://drive.google.com/file/d/1Sm1A-TX2mttC0MZwJpTfYZm1bom5fb38/view?usp=sharing,https://drive.google.com/file/d/1Sm1A-TX2mttC0MZwJpTfYZm1bom5fb38/view?usp=sharing
Ψητές επιλογές,ΟΧΙ,Μπιφτέκι γαλοπούλας με πουρέ πατάτας,"Μπιφτέκι γαλοπούλας (180γρ), Πουρές πατάτας (200γρ)","Γαλοπούλα, Κοτόπουλο, Ντομάτα, Φρυγανιά, Καρότο, Κολοκύθι, Κινόα, Αυγό, Σκόρδο, Κρεμμύδι, Δενδρολίβανο, Κάρυ, Πατάτα, Γάλα ","Μπιφτέκι γαλοπούλας (180γρ), Πουρές πατάτας με λάδι τρούφας (200γρ)",169-9,10.09,11.40,OK,"Μπιφτέκι γαλοπούλας (180γρ), Πουρές πατάτας (200γρ)",1.45,1.64,0.14,0.17,1.59,1.59,1.81,15.76%,€8.50,14.37%,1.39%,586,51,27,31,https://drive.google.com/file/d/1Sm1A-TX2mttC0MZwJpTfYZm1bom5fb38/view?usp=sharing,https://drive.google.com/file/d/1Sm1A-TX2mttC0MZwJpTfYZm1bom5fb38/view?usp=sharing
Ψητές επιλογές,ΟΧΙ,Μπιφτέκι γαλοπούλας με πουρέ πατάτας,"Μπιφτέκι γαλοπούλας (210γρ), Πουρές πατάτας (120γρ)","Γαλοπούλα, Κοτόπουλο, Ντομάτα, Φρυγανιά, Καρότο, Κολοκύθι, Κινόα, Αυγό, Σκόρδο, Κρεμμύδι, Δενδρολίβανο, Κάρυ, Πατάτα, Γάλα ","Μπιφτέκι γαλοπούλας (210γρ), Πουρές πατάτας με λάδι τρούφας (120γρ)",169-10,10.09,11.40,OK,"Μπιφτέκι γαλοπούλας (210γρ), Πουρές πατάτας (120γρ)",1.48,1.67,0.14,0.17,1.62,1.62,1.85,16.06%,€8.47,14.67%,1.39%,540,41,30,30,https://drive.google.com/file/d/1Sm1A-TX2mttC0MZwJpTfYZm1bom5fb38/view?usp=sharing,https://drive.google.com/file/d/1Sm1A-TX2mttC0MZwJpTfYZm1bom5fb38/view?usp=sharing
Ψητές επιλογές,ΟΧΙ,Μπιφτέκι γαλοπούλας με πουρέ πατάτας,"Μπιφτέκι γαλοπούλας (210γρ), Πουρές πατάτας (150γρ)","Γαλοπούλα, Κοτόπουλο, Ντομάτα, Φρυγανιά, Καρότο, Κολοκύθι, Κινόα, Αυγό, Σκόρδο, Κρεμμύδι, Δενδρολίβανο, Κάρυ, Πατάτα, Γάλα ","Μπιφτέκι γαλοπούλας (210γρ), Πουρές πατάτας με λάδι τρούφας (150γρ)",169-11,10.53,11.90,OK,"Μπιφτέκι γαλοπούλας (210γρ), Πουρές πατάτας (150γρ)",1.53,1.73,0.14,0.17,1.67,1.67,1.90,15.86%,€8.86,14.53%,1.33%,578,46,30,31,https://drive.google.com/file/d/1Sm1A-TX2mttC0MZwJpTfYZm1bom5fb38/view?usp=sharing,https://drive.google.com/file/d/1Sm1A-TX2mttC0MZwJpTfYZm1bom5fb38/view?usp=sharing
Ψητές επιλογές,ΟΧΙ,Μπιφτέκι γαλοπούλας με πουρέ πατάτας,"Μπιφτέκι γαλοπούλας (210γρ), Πουρές πατάτας (200γρ)","Γαλοπούλα, Κοτόπουλο, Ντομάτα, Φρυγανιά, Καρότο, Κολοκύθι, Κινόα, Αυγό, Σκόρδο, Κρεμμύδι, Δενδρολίβανο, Κάρυ, Πατάτα, Γάλα ","Μπιφτέκι γαλοπούλας (210γρ), Πουρές πατάτας με λάδι τρούφας (200γρ)",169-12,10.97,12.40,OK,"Μπιφτέκι γαλοπούλας (210γρ), Πουρές πατάτας (200γρ)",1.63,1.84,0.14,0.17,1.77,1.77,2.02,16.13%,€9.20,14.86%,1.28%,641,54,31,34,https://drive.google.com/file/d/1Sm1A-TX2mttC0MZwJpTfYZm1bom5fb38/view?usp=sharing,https://drive.google.com/file/d/1Sm1A-TX2mttC0MZwJpTfYZm1bom5fb38/view?usp=sharing
Ψητές επιλογές,ΟΧΙ,Μπιφτέκι γαλοπούλας με ρύζι basmati και κρέμα μελιτζάνας,"Μπιφτέκι γαλοπούλας (120γρ), Ρύζι basmati (60γρ)","Γαλοπούλα, Κοτόπουλο, Ντομάτα, Φρυγανιά, Καρότο, Κολοκύθι, Κινόα, Αυγό, Σκόρδο, Κρεμμύδι, Δενδρολίβανο, Κάρυ, Ρύζι, Μελιτζάνα, Κόκκινη πιπεριά, Χυμός λεμονιού, Κόλιανδρος, Φρέσκο κρεμμυδάκι, Μαϊντανός","Μπιφτέκι γαλοπούλας (120γρ), Ρύζι basmati (60γρ), Κρέμα μελιτζάνας (60γρ)",165-1,7.43,8.40,OK,"Μπιφτέκι γαλοπούλας (120γρ), Ρύζι (60γρ), Κρέμα καπνιστής μελιτζάνας (60γρ)",0.97,1.10,0.18,0.23,1.15,1.15,1.32,15.53%,€6.28,13.06%,2.48%,360,31,18,19,https://drive.google.com/file/d/1I6wZJUyhoBnvhtjsEp5b8Uf7Vv34mM65/view?usp=sharing,https://drive.google.com/file/d/1I6wZJUyhoBnvhtjsEp5b8Uf7Vv34mM65/view?usp=sharing
Ψητές επιλογές,ΟΧΙ,Μπιφτέκι γαλοπούλας με ρύζι basmati και κρέμα μελιτζάνας,"Μπιφτέκι γαλοπούλας (120γρ), Ρύζι basmati (120γρ)","Γαλοπούλα, Κοτόπουλο, Ντομάτα, Φρυγανιά, Καρότο, Κολοκύθι, Κινόα, Αυγό, Σκόρδο, Κρεμμύδι, Δενδρολίβανο, Κάρυ, Ρύζι, Μελιτζάνα, Κόκκινη πιπεριά, Χυμός λεμονιού, Κόλιανδρος, Φρέσκο κρεμμυδάκι, Μαϊντανός","Μπιφτέκι γαλοπούλας (120γρ), Ρύζι basmati (120γρ), Κρέμα μελιτζάνας (60γρ)",165-2,7.88,8.90,OK,"Μπιφτέκι γαλοπούλας (120γρ), Ρύζι (120γρ), Κρέμα καπνιστής μελιτζάνας (60γρ)",1.03,1.16,0.18,0.23,1.21,1.21,1.39,15.41%,€6.67,13.07%,2.34%,452,46,19,21,https://drive.google.com/file/d/1I6wZJUyhoBnvhtjsEp5b8Uf7Vv34mM65/view?usp=sharing,https://drive.google.com/file/d/1I6wZJUyhoBnvhtjsEp5b8Uf7Vv34mM65/view?usp=sharing
Ψητές επιλογές,ΟΧΙ,Μπιφτέκι γαλοπούλας με ρύζι basmati και κρέμα μελιτζάνας,"Μπιφτέκι γαλοπούλας (120γρ), Ρύζι basmati (180γρ)","Γαλοπούλα, Κοτόπουλο, Ντομάτα, Φρυγανιά, Καρότο, Κολοκύθι, Κινόα, Αυγό, Σκόρδο, Κρεμμύδι, Δενδρολίβανο, Κάρυ, Ρύζι, Μελιτζάνα, Κόκκινη πιπεριά, Χυμός λεμονιού, Κόλιανδρος, Φρέσκο κρεμμυδάκι, Μαϊντανός","Μπιφτέκι γαλοπούλας (120γρ), Ρύζι basmati (180γρ), Κρέμα μελιτζάνας (60γρ)",165-3,8.32,9.40,OK,"Μπιφτέκι γαλοπούλας (120γρ), Ρύζι (180γρ), Κρέμα καπνιστής μελιτζάνας (60γρ)",1.10,1.24,0.18,0.23,1.28,1.28,1.47,15.43%,€7.04,13.22%,2.21%,544,62,21,24,https://drive.google.com/file/d/1I6wZJUyhoBnvhtjsEp5b8Uf7Vv34mM65/view?usp=sharing,https://drive.google.com/file/d/1I6wZJUyhoBnvhtjsEp5b8Uf7Vv34mM65/view?usp=sharing
Ψητές επιλογές,ΟΧΙ,Μπιφτέκι γαλοπούλας με ρύζι basmati και κρέμα μελιτζάνας,"Μπιφτέκι γαλοπούλας (150γρ), Ρύζι basmati (60γρ)","Γαλοπούλα, Κοτόπουλο, Ντομάτα, Φρυγανιά, Καρότο, Κολοκύθι, Κινόα, Αυγό, Σκόρδο, Κρεμμύδι, Δενδρολίβανο, Κάρυ, Ρύζι, Μελιτζάνα, Κόκκινη πιπεριά, Χυμός λεμονιού, Κόλιανδρος, Φρέσκο κρεμμυδάκι, Μαϊντανός","Μπιφτέκι γαλοπούλας (150γρ), Ρύζι basmati (60γρ), Κρέμα μελιτζάνας (60γρ)",165-4,8.32,9.40,OK,"Μπιφτέκι γαλοπούλας (150γρ), Ρύζι (60γρ), Κρέμα καπνιστής μελιτζάνας (60γρ)",1.15,1.30,0.18,0.23,1.33,1.33,1.53,16.03%,€6.99,13.82%,2.21%,416,34,22,22,https://drive.google.com/file/d/1I6wZJUyhoBnvhtjsEp5b8Uf7Vv34mM65/view?usp=sharing,https://drive.google.com/file/d/1I6wZJUyhoBnvhtjsEp5b8Uf7Vv34mM65/view?usp=sharing
Ψητές επιλογές,ΟΧΙ,Μπιφτέκι γαλοπούλας με ρύζι basmati και κρέμα μελιτζάνας,"Μπιφτέκι γαλοπούλας (150γρ), Ρύζι basmati (120γρ)","Γαλοπούλα, Κοτόπουλο, Ντομάτα, Φρυγανιά, Καρότο, Κολοκύθι, Κινόα, Αυγό, Σκόρδο, Κρεμμύδι, Δενδρολίβανο, Κάρυ, Ρύζι, Μελιτζάνα, Κόκκινη πιπεριά, Χυμός λεμονιού, Κόλιανδρος, Φρέσκο κρεμμυδάκι, Μαϊντανός","Μπιφτέκι γαλοπούλας (150γρ), Ρύζι basmati (120γρ), Κρέμα μελιτζάνας (60γρ)",165-5,8.76,9.90,OK,"Μπιφτέκι γαλοπούλας (150γρ), Ρύζι (120γρ), Κρέμα καπνιστής μελιτζάνας (60γρ)",1.21,1.37,0.18,0.23,1.39,1.39,1.60,15.91%,€7.37,13.81%,2.10%,508,49,23,25,https://drive.google.com/file/d/1I6wZJUyhoBnvhtjsEp5b8Uf7Vv34mM65/view?usp=sharing,https://drive.google.com/file/d/1I6wZJUyhoBnvhtjsEp5b8Uf7Vv34mM65/view?usp=sharing
Ψητές επιλογές,ΟΧΙ,Μπιφτέκι γαλοπούλας με ρύζι basmati και κρέμα μελιτζάνας,"Μπιφτέκι γαλοπούλας (150γρ), Ρύζι basmati (180γρ)","Γαλοπούλα, Κοτόπουλο, Ντομάτα, Φρυγανιά, Καρότο, Κολοκύθι, Κινόα, Αυγό, Σκόρδο, Κρεμμύδι, Δενδρολίβανο, Κάρυ, Ρύζι, Μελιτζάνα, Κόκκινη πιπεριά, Χυμός λεμονιού, Κόλιανδρος, Φρέσκο κρεμμυδάκι, Μαϊντανός","Μπιφτέκι γαλοπούλας (150γρ), Ρύζι basmati (180γρ), Κρέμα μελιτζάνας (60γρ)",165-6,9.20,10.40,OK,"Μπιφτέκι γαλοπούλας (150γρ), Ρύζι (180γρ), Κρέμα καπνιστής μελιτζάνας (60γρ)",1.28,1.45,0.18,0.23,1.46,1.46,1.67,15.91%,€7.74,13.91%,2.00%,600,65,25,27,https://drive.google.com/file/d/1I6wZJUyhoBnvhtjsEp5b8Uf7Vv34mM65/view?usp=sharing,https://drive.google.com/file/d/1I6wZJUyhoBnvhtjsEp5b8Uf7Vv34mM65/view?usp=sharing
Ψητές επιλογές,ΟΧΙ,Μπιφτέκι γαλοπούλας με ρύζι basmati και κρέμα μελιτζάνας,"Μπιφτέκι γαλοπούλας (180γρ), Ρύζι basmati (120γρ)","Γαλοπούλα, Κοτόπουλο, Ντομάτα, Φρυγανιά, Καρότο, Κολοκύθι, Κινόα, Αυγό, Σκόρδο, Κρεμμύδι, Δενδρολίβανο, Κάρυ, Ρύζι, Μελιτζάνα, Κόκκινη πιπεριά, Χυμός λεμονιού, Κόλιανδρος, Φρέσκο κρεμμυδάκι, Μαϊντανός","Μπιφτέκι γαλοπούλας (180γρ), Ρύζι basmati (120γρ), Κρέμα μελιτζάνας (60γρ)",165-7,9.20,10.40,OK,"Μπιφτέκι γαλοπούλας (180γρ), Ρύζι (120γρ), Κρέμα καπνιστής μελιτζάνας (60γρ)",1.39,1.57,0.18,0.23,1.57,1.57,1.80,17.11%,€7.63,15.11%,2.00%,563,52,27,28,https://drive.google.com/file/d/1I6wZJUyhoBnvhtjsEp5b8Uf7Vv34mM65/view?usp=sharing,https://drive.google.com/file/d/1I6wZJUyhoBnvhtjsEp5b8Uf7Vv34mM65/view?usp=sharing
Ψητές επιλογές,ΝΑΙ,Μπιφτέκι γαλοπούλας με ρύζι basmati και κρέμα μελιτζάνας,"Μπιφτέκι γαλοπούλας (180γρ), Ρύζι basmati (180γρ)","Γαλοπούλα, Κοτόπουλο, Ντομάτα, Φρυγανιά, Καρότο, Κολοκύθι, Κινόα, Αυγό, Σκόρδο, Κρεμμύδι, Δενδρολίβανο, Κάρυ, Ρύζι, Μελιτζάνα, Κόκκινη πιπεριά, Χυμός λεμονιού, Κόλιανδρος, Φρέσκο κρεμμυδάκι, Μαϊντανός","Μπιφτέκι γαλοπούλας (180γρ), Ρύζι basmati (180γρ), Κρέμα μελιτζάνας (60γρ)",165-8,9.65,10.90,OK,"Μπιφτέκι γαλοπούλας (180γρ), Ρύζι (180γρ), Κρέμα καπνιστής μελιτζάνας (60γρ)",1.46,1.65,0.18,0.23,1.64,1.64,1.88,17.04%,€8.01,15.13%,1.91%,655,68,28,30,https://drive.google.com/file/d/1I6wZJUyhoBnvhtjsEp5b8Uf7Vv34mM65/view?usp=sharing,https://drive.google.com/file/d/1I6wZJUyhoBnvhtjsEp5b8Uf7Vv34mM65/view?usp=sharing
Ψητές επιλογές,ΟΧΙ,Μπιφτέκι γαλοπούλας με ρύζι basmati και κρέμα μελιτζάνας,"Μπιφτέκι γαλοπούλας (180γρ), Ρύζι basmati (240γρ)","Γαλοπούλα, Κοτόπουλο, Ντομάτα, Φρυγανιά, Καρότο, Κολοκύθι, Κινόα, Αυγό, Σκόρδο, Κρεμμύδι, Δενδρολίβανο, Κάρυ, Ρύζι, Μελιτζάνα, Κόκκινη πιπεριά, Χυμός λεμονιού, Κόλιανδρος, Φρέσκο κρεμμυδάκι, Μαϊντανός","Μπιφτέκι γαλοπούλας (180γρ), Ρύζι basmati (240γρ), Κρέμα μελιτζάνας (60γρ)",165-9,10.09,11.40,OK,"Μπιφτέκι γαλοπούλας (180γρ), Ρύζι (240γρ), Κρέμα καπνιστής μελιτζάνας (60γρ)",1.52,1.72,0.18,0.23,1.70,1.70,1.95,16.89%,€8.39,15.06%,1.82%,747,83,30,33,https://drive.google.com/file/d/1I6wZJUyhoBnvhtjsEp5b8Uf7Vv34mM65/view?usp=sharing,https://drive.google.com/file/d/1I6wZJUyhoBnvhtjsEp5b8Uf7Vv34mM65/view?usp=sharing
Ψητές επιλογές,ΟΧΙ,Μπιφτέκι γαλοπούλας με ρύζι basmati και κρέμα μελιτζάνας,"Μπιφτέκι γαλοπούλας (210γρ), Ρύζι basmati (120γρ)","Γαλοπούλα, Κοτόπουλο, Ντομάτα, Φρυγανιά, Καρότο, Κολοκύθι, Κινόα, Αυγό, Σκόρδο, Κρεμμύδι, Δενδρολίβανο, Κάρυ, Ρύζι, Μελιτζάνα, Κόκκινη πιπεριά, Χυμός λεμονιού, Κόλιανδρος, Φρέσκο κρεμμυδάκι, Μαϊντανός","Μπιφτέκι γαλοπούλας (210γρ), Ρύζι basmati (120γρ), Κρέμα μελιτζάνας (60γρ)",165-10,10.09,11.40,OK,"Μπιφτέκι γαλοπούλας (210γρ), Ρύζι (120γρ), Κρέμα καπνιστής μελιτζάνας (60γρ)",1.57,1.77,0.18,0.23,1.75,1.75,2.00,17.38%,€8.34,15.56%,1.82%,619,55,31,31,https://drive.google.com/file/d/1I6wZJUyhoBnvhtjsEp5b8Uf7Vv34mM65/view?usp=sharing,https://drive.google.com/file/d/1I6wZJUyhoBnvhtjsEp5b8Uf7Vv34mM65/view?usp=sharing
Ψητές επιλογές,ΟΧΙ,Μπιφτέκι γαλοπούλας με ρύζι basmati και κρέμα μελιτζάνας,"Μπιφτέκι γαλοπούλας (210γρ), Ρύζι basmati (180γρ)","Γαλοπούλα, Κοτόπουλο, Ντομάτα, Φρυγανιά, Καρότο, Κολοκύθι, Κινόα, Αυγό, Σκόρδο, Κρεμμύδι, Δενδρολίβανο, Κάρυ, Ρύζι, Μελιτζάνα, Κόκκινη πιπεριά, Χυμός λεμονιού, Κόλιανδρος, Φρέσκο κρεμμυδάκι, Μαϊντανός","Μπιφτέκι γαλοπούλας (210γρ), Ρύζι basmati (180γρ), Κρέμα μελιτζάνας (60γρ)",165-11,10.53,11.90,OK,"Μπιφτέκι γαλοπούλας (210γρ), Ρύζι (180γρ), Κρέμα καπνιστής μελιτζάνας (60γρ)",1.63,1.84,0.18,0.23,1.81,1.81,2.07,17.23%,€8.72,15.48%,1.75%,711,71,32,34,https://drive.google.com/file/d/1I6wZJUyhoBnvhtjsEp5b8Uf7Vv34mM65/view?usp=sharing,https://drive.google.com/file/d/1I6wZJUyhoBnvhtjsEp5b8Uf7Vv34mM65/view?usp=sharing
Ψητές επιλογές,ΟΧΙ,Μπιφτέκι γαλοπούλας με ρύζι basmati και κρέμα μελιτζάνας,"Μπιφτέκι γαλοπούλας (210γρ), Ρύζι basmati (240γρ)","Γαλοπούλα, Κοτόπουλο, Ντομάτα, Φρυγανιά, Καρότο, Κολοκύθι, Κινόα, Αυγό, Σκόρδο, Κρεμμύδι, Δενδρολίβανο, Κάρυ, Ρύζι, Μελιτζάνα, Κόκκινη πιπεριά, Χυμός λεμονιού, Κόλιανδρος, Φρέσκο κρεμμυδάκι, Μαϊντανός","Μπιφτέκι γαλοπούλας (210γρ), Ρύζι basmati (240γρ), Κρέμα μελιτζάνας (60γρ)",165-12,10.97,12.40,OK,"Μπιφτέκι γαλοπούλας (210γρ), Ρύζι (240γρ), Κρέμα καπνιστής μελιτζάνας (60γρ)",1.70,1.92,0.18,0.23,1.88,1.88,2.15,17.17%,€9.09,15.50%,1.68%,803,86,34,36,https://drive.google.com/file/d/1I6wZJUyhoBnvhtjsEp5b8Uf7Vv34mM65/view?usp=sharing,https://drive.google.com/file/d/1I6wZJUyhoBnvhtjsEp5b8Uf7Vv34mM65/view?usp=sharing
Ψητές επιλογές,ΟΧΙ,Μπιφτέκι γαλοπούλας με χόρτα εποχής και μανιτάρια,Μπιφτέκι γαλοπούλας (120γρ),"Γαλοπούλα, Κοτόπουλο, Ντομάτα, Φρυγανιά, Καρότο, Κολοκύθι, Κινόα, Αυγό, Σκόρδο, Κρεμμύδι, Δενδρολίβανο, Κάρυ, Χόρτα, Μανιτάρι, Χυμός λεμονιού","Μπιφτέκι γαλοπούλας (120γρ), Χόρτα εποχής (60γρ), Μανιτάρια (40γρ), Κρέμα λεμόνι (10γρ)",269-1,7.88,8.90,OK,"Μπιφτέκι γαλοπούλας (120γρ), Χόρτα αχνιστά (60γρ), Μανιτάρι σαμπινιόν, μαγειρεμένο (40γρ), Ηλιέλαιο (10γρ), Χυμός λεμονιού (10γρ)",1.22,1.38,0.14,0.17,1.36,1.36,1.55,17.26%,€6.52,15.48%,1.78%,338,17,18,23,https://drive.google.com/file/d/1eonP86BqT4ZKCvj94tX6pmjm4tynwQHg/view?usp=sharing,https://drive.google.com/file/d/1eonP86BqT4ZKCvj94tX6pmjm4tynwQHg/view?usp=sharing
Ψητές επιλογές,ΟΧΙ,Μπιφτέκι γαλοπούλας με χόρτα εποχής και μανιτάρια,Μπιφτέκι γαλοπούλας (150γρ),"Γαλοπούλα, Κοτόπουλο, Ντομάτα, Φρυγανιά, Καρότο, Κολοκύθι, Κινόα, Αυγό, Σκόρδο, Κρεμμύδι, Δενδρολίβανο, Κάρυ, Χόρτα, Μανιτάρι, Χυμός λεμονιού","Μπιφτέκι γαλοπούλας (150γρ), Χόρτα εποχής (60γρ), Μανιτάρια (40γρ), Κρέμα λεμόνι (10γρ)",269-2,8.76,9.90,OK,"Μπιφτέκι γαλοπούλας (150γρ), Χόρτα αχνιστά (60γρ), Μανιτάρι σαμπινιόν, μαγειρεμένο (40γρ), Ηλιέλαιο (10γρ), Χυμός λεμονιού (10γρ)",1.40,1.58,0.14,0.17,1.54,1.54,1.76,17.58%,€7.22,15.98%,1.60%,393,20,22,26,https://drive.google.com/file/d/1eonP86BqT4ZKCvj94tX6pmjm4tynwQHg/view?usp=sharing,https://drive.google.com/file/d/1eonP86BqT4ZKCvj94tX6pmjm4tynwQHg/view?usp=sharing
Ψητές επιλογές,ΝΑΙ,Μπιφτέκι γαλοπούλας με χόρτα εποχής και μανιτάρια,Μπιφτέκι γαλοπούλας (180γρ),"Γαλοπούλα, Κοτόπουλο, Ντομάτα, Φρυγανιά, Καρότο, Κολοκύθι, Κινόα, Αυγό, Σκόρδο, Κρεμμύδι, Δενδρολίβανο, Κάρυ, Χόρτα, Μανιτάρι, Χυμός λεμονιού","Μπιφτέκι γαλοπούλας (180γρ), Χόρτα εποχής (60γρ), Μανιτάρια (40γρ), Κρέμα λεμόνι (10γρ)",269-3,9.65,10.90,OK,"Μπιφτέκι γαλοπούλας (180γρ), Χόρτα αχνιστά (60γρ), Μανιτάρι σαμπινιόν, μαγειρεμένο (40γρ), Ηλιέλαιο (10γρ), Χυμός λεμονιού (10γρ)",1.58,1.79,0.14,0.17,1.72,1.72,1.96,17.82%,€7.93,16.37%,1.45%,449,23,26,30,https://drive.google.com/file/d/1eonP86BqT4ZKCvj94tX6pmjm4tynwQHg/view?usp=sharing,https://drive.google.com/file/d/1eonP86BqT4ZKCvj94tX6pmjm4tynwQHg/view?usp=sharing
Ψητές επιλογές,ΟΧΙ,Μπιφτέκι γαλοπούλας με χόρτα εποχής και μανιτάρια,Μπιφτέκι γαλοπούλας (210γρ),"Γαλοπούλα, Κοτόπουλο, Ντομάτα, Φρυγανιά, Καρότο, Κολοκύθι, Κινόα, Αυγό, Σκόρδο, Κρεμμύδι, Δενδρολίβανο, Κάρυ, Χόρτα, Μανιτάρι, Χυμός λεμονιού","Μπιφτέκι γαλοπούλας (210γρ), Χόρτα εποχής (60γρ), Μανιτάρια (40γρ), Κρέμα λεμόνι (10γρ)",269-4,10.53,11.90,OK,"Μπιφτέκι γαλοπούλας (210γρ), Χόρτα αχνιστά (60γρ), Μανιτάρι σαμπινιόν, μαγειρεμένο (40γρ), Ηλιέλαιο (10γρ), Χυμός λεμονιού (10γρ)",1.76,1.99,0.14,0.17,1.90,1.90,2.16,18.04%,€8.63,16.71%,1.33%,505,26,30,33,https://drive.google.com/file/d/1eonP86BqT4ZKCvj94tX6pmjm4tynwQHg/view?usp=sharing,https://drive.google.com/file/d/1eonP86BqT4ZKCvj94tX6pmjm4tynwQHg/view?usp=sharing
Ψητές επιλογές,ΟΧΙ,Μπιφτέκι γαλοπούλας με ψητά λαχανικά και sauce γιαουρτιού,Μπιφτέκι γαλοπούλας (120γρ),"Γαλοπούλα, Κοτόπουλο, Ντομάτα, Φρυγανιά, Καρότο, Κολοκύθι, Κινόα, Αυγό, Σκόρδο, Κρεμμύδι, Δενδρολίβανο, Κάρυ, Λαχανικά, Γιαούρτι, Χυμός λεμονιού, Μέλι, Δυόσμος, Άνηθος, Μαϊντανός, Σχοινόπρασο, Κύμινο

","Μπιφτέκι γαλοπούλας (120γρ), Ψητά λαχανικά (140γρ), Sauce γιαουρτιού (50γρ)",161-1,8.41,9.50,OK,"Μπιφτέκι γαλοπούλας (120γρ), Λαχανικά ψητά (140γρ), Sauce γιαουρτιού (50γρ), Ελαιόλαδο (10γρ)",2.34,2.64,0.18,0.23,2.52,2.52,2.87,30.01%,€5.89,27.82%,2.19%,426,19,21,31,https://drive.google.com/file/d/1KRNQN5nz1v7rup21dfGpRmYygN9KyvqI/view?usp=sharing,https://drive.google.com/file/d/1KRNQN5nz1v7rup21dfGpRmYygN9KyvqI/view?usp=sharing
Ψητές επιλογές,ΟΧΙ,Μπιφτέκι γαλοπούλας με ψητά λαχανικά και sauce γιαουρτιού,Μπιφτέκι γαλοπούλας (150γρ),"Γαλοπούλα, Κοτόπουλο, Ντομάτα, Φρυγανιά, Καρότο, Κολοκύθι, Κινόα, Αυγό, Σκόρδο, Κρεμμύδι, Δενδρολίβανο, Κάρυ, Λαχανικά, Γιαούρτι, Χυμός λεμονιού, Μέλι, Δυόσμος, Άνηθος, Μαϊντανός, Σχοινόπρασο, Κύμινο

","Μπιφτέκι γαλοπούλας (150γρ), Ψητά λαχανικά (140γρ), Sauce γιαουρτιού (50γρ)",161-2,9.29,10.50,OK,"Μπιφτέκι γαλοπούλας (150γρ), Λαχανικά ψητά (140γρ), Sauce γιαουρτιού (50γρ), Ελαιόλαδο (10γρ)",2.52,2.85,0.18,0.23,2.70,2.70,3.08,29.11%,€6.59,27.13%,1.98%,482,22,25,34,https://drive.google.com/file/d/1KRNQN5nz1v7rup21dfGpRmYygN9KyvqI/view?usp=sharing,https://drive.google.com/file/d/1KRNQN5nz1v7rup21dfGpRmYygN9KyvqI/view?usp=sharing
Ψητές επιλογές,ΝΑΙ,Μπιφτέκι γαλοπούλας με ψητά λαχανικά και sauce γιαουρτιού,Μπιφτέκι γαλοπούλας (180γρ),"Γαλοπούλα, Κοτόπουλο, Ντομάτα, Φρυγανιά, Καρότο, Κολοκύθι, Κινόα, Αυγό, Σκόρδο, Κρεμμύδι, Δενδρολίβανο, Κάρυ, Λαχανικά, Γιαούρτι, Χυμός λεμονιού, Μέλι, Δυόσμος, Άνηθος, Μαϊντανός, Σχοινόπρασο, Κύμινο

","Μπιφτέκι γαλοπούλας (180γρ), Ψητά λαχανικά (140γρ), Sauce γιαουρτιού (50γρ)",161-3,10.18,11.50,OK,"Μπιφτέκι γαλοπούλας (180γρ), Λαχανικά ψητά (140γρ), Sauce γιαουρτιού (50γρ), Ελαιόλαδο (10γρ)",2.70,3.05,0.18,0.23,2.88,2.88,3.28,28.33%,€7.30,26.52%,1.81%,537,25,29,37,https://drive.google.com/file/d/1KRNQN5nz1v7rup21dfGpRmYygN9KyvqI/view?usp=sharing,https://drive.google.com/file/d/1KRNQN5nz1v7rup21dfGpRmYygN9KyvqI/view?usp=sharing
Ψητές επιλογές,ΟΧΙ,Μπιφτέκι γαλοπούλας με ψητά λαχανικά και sauce γιαουρτιού,Μπιφτέκι γαλοπούλας (210γρ),"Γαλοπούλα, Κοτόπουλο, Ντομάτα, Φρυγανιά, Καρότο, Κολοκύθι, Κινόα, Αυγό, Σκόρδο, Κρεμμύδι, Δενδρολίβανο, Κάρυ, Λαχανικά, Γιαούρτι, Χυμός λεμονιού, Μέλι, Δυόσμος, Άνηθος, Μαϊντανός, Σχοινόπρασο, Κύμινο

","Μπιφτέκι γαλοπούλας (210γρ), Ψητά λαχανικά (140γρ), Sauce γιαουρτιού (50γρ)",161-4,11.06,12.50,OK,"Μπιφτέκι γαλοπούλας (210γρ), Λαχανικά ψητά (140γρ), Sauce γιαουρτιού (50γρ), Ελαιόλαδο (10γρ)",2.88,3.25,0.18,0.23,3.06,3.06,3.48,27.70%,€8.00,26.04%,1.66%,593,28,33,40,https://drive.google.com/file/d/1KRNQN5nz1v7rup21dfGpRmYygN9KyvqI/view?usp=sharing,https://drive.google.com/file/d/1KRNQN5nz1v7rup21dfGpRmYygN9KyvqI/view?usp=sharing
Ψητές επιλογές,ΟΧΙ,Μπιφτέκι γαλοπούλας με άγριο ρύζι και αμπελοφάσουλα,"Μπιφτέκι γαλοπούλας (120γρ), Άγριο ρύζι (60γρ)","Γαλοπούλα, Κοτόπουλο, Ντομάτα, Φρυγανιά, Καρότο, Κολοκύθι, Κινόα, Αυγό, Σκόρδο, Κρεμμύδι, Δενδρολίβανο, Κάρυ, Ρύζι, Αμπελοφάσουλα, Χυμός λεμονιού","Μπιφτέκι γαλοπούλας (120γρ), Άγριο ρύζι (60γρ), Αμπελοφάσουλα (50γρ), Λαδολέμονο (5γρ)",164-1,7.43,8.40,OK,"Μπιφτέκι γαλοπούλας (120γρ), Άγριο ρύζι (60γρ), Αμπελοφάσουλα, μαγειρεμένα (50γρ), Ελαιόλαδο (3,5γρ), Χυμός λεμονιού (1,5γρ)",1.01,1.14,0.14,0.17,1.15,1.15,1.31,15.48%,€6.28,13.59%,1.88%,389,34,22,19,https://drive.google.com/file/d/1f3ExP3y9Jb8MA0L4EkX9RD1OnUX6jkC1/view?usp=sharing,https://drive.google.com/file/d/1f3ExP3y9Jb8MA0L4EkX9RD1OnUX6jkC1/view?usp=sharing
Ψητές επιλογές,ΟΧΙ,Μπιφτέκι γαλοπούλας με άγριο ρύζι και αμπελοφάσουλα,"Μπιφτέκι γαλοπούλας (120γρ), Άγριο ρύζι (120γρ)","Γαλοπούλα, Κοτόπουλο, Ντομάτα, Φρυγανιά, Καρότο, Κολοκύθι, Κινόα, Αυγό, Σκόρδο, Κρεμμύδι, Δενδρολίβανο, Κάρυ, Ρύζι, Αμπελοφάσουλα, Χυμός λεμονιού","Μπιφτέκι γαλοπούλας (120γρ), Άγριο ρύζι (120γρ), Αμπελοφάσουλα (50γρ), Λαδολέμονο (5γρ)",164-2,7.88,8.90,OK,"Μπιφτέκι γαλοπούλας (120γρ), Άγριο ρύζι (120γρ), Αμπελοφάσουλα, μαγειρεμένα (50γρ), Ελαιόλαδο (3,5γρ), Χυμός λεμονιού (1,5γρ)",1.11,1.25,0.14,0.17,1.25,1.25,1.43,15.86%,€6.63,14.09%,1.78%,467,46,24,22,https://drive.google.com/file/d/1f3ExP3y9Jb8MA0L4EkX9RD1OnUX6jkC1/view?usp=sharing,https://drive.google.com/file/d/1f3ExP3y9Jb8MA0L4EkX9RD1OnUX6jkC1/view?usp=sharing
Ψητές επιλογές,ΟΧΙ,Μπιφτέκι γαλοπούλας με άγριο ρύζι και αμπελοφάσουλα,"Μπιφτέκι γαλοπούλας (120γρ), Άγριο ρύζι (180γρ)","Γαλοπούλα, Κοτόπουλο, Ντομάτα, Φρυγανιά, Καρότο, Κολοκύθι, Κινόα, Αυγό, Σκόρδο, Κρεμμύδι, Δενδρολίβανο, Κάρυ, Ρύζι, Αμπελοφάσουλα, Χυμός λεμονιού","Μπιφτέκι γαλοπούλας (120γρ), Άγριο ρύζι (180γρ), Αμπελοφάσουλα (50γρ), Λαδολέμονο (5γρ)",164-3,8.32,9.40,OK,"Μπιφτέκι γαλοπούλας (120γρ), Άγριο ρύζι (180γρ), Αμπελοφάσουλα, μαγειρεμένα (50γρ), Ελαιόλαδο (3,5γρ), Χυμός λεμονιού (1,5γρ)",1.20,1.36,0.14,0.17,1.34,1.34,1.53,16.11%,€6.98,14.42%,1.68%,545,57,26,25,https://drive.google.com/file/d/1f3ExP3y9Jb8MA0L4EkX9RD1OnUX6jkC1/view?usp=sharing,https://drive.google.com/file/d/1f3ExP3y9Jb8MA0L4EkX9RD1OnUX6jkC1/view?usp=sharing
Ψητές επιλογές,ΟΧΙ,Μπιφτέκι γαλοπούλας με άγριο ρύζι και αμπελοφάσουλα,"Μπιφτέκι γαλοπούλας (150γρ), Άγριο ρύζι (60γρ)","Γαλοπούλα, Κοτόπουλο, Ντομάτα, Φρυγανιά, Καρότο, Κολοκύθι, Κινόα, Αυγό, Σκόρδο, Κρεμμύδι, Δενδρολίβανο, Κάρυ, Ρύζι, Αμπελοφάσουλα, Χυμός λεμονιού","Μπιφτέκι γαλοπούλας (150γρ), Άγριο ρύζι (60γρ), Αμπελοφάσουλα (50γρ), Λαδολέμονο (5γρ)",164-4,8.32,9.40,OK,"Μπιφτέκι γαλοπούλας (150γρ), Άγριο ρύζι (60γρ), Αμπελοφάσουλα, μαγειρεμένα (50γρ), Ελαιόλαδο (3,5γρ), Χυμός λεμονιού (1,5γρ)",1.19,1.34,0.14,0.17,1.33,1.33,1.52,15.99%,€6.99,14.30%,1.68%,445,37,25,23,https://drive.google.com/file/d/1f3ExP3y9Jb8MA0L4EkX9RD1OnUX6jkC1/view?usp=sharing,https://drive.google.com/file/d/1f3ExP3y9Jb8MA0L4EkX9RD1OnUX6jkC1/view?usp=sharing
Ψητές επιλογές,ΟΧΙ,Μπιφτέκι γαλοπούλας με άγριο ρύζι και αμπελοφάσουλα,"Μπιφτέκι γαλοπούλας (150γρ), Άγριο ρύζι (120γρ)","Γαλοπούλα, Κοτόπουλο, Ντομάτα, Φρυγανιά, Καρότο, Κολοκύθι, Κινόα, Αυγό, Σκόρδο, Κρεμμύδι, Δενδρολίβανο, Κάρυ, Ρύζι, Αμπελοφάσουλα, Χυμός λεμονιού","Μπιφτέκι γαλοπούλας (150γρ), Άγριο ρύζι (120γρ), Αμπελοφάσουλα (50γρ), Λαδολέμονο (5γρ)",164-5,8.76,9.90,OK,"Μπιφτέκι γαλοπούλας (150γρ), Άγριο ρύζι (120γρ), Αμπελοφάσουλα, μαγειρεμένα (50γρ), Ελαιόλαδο (3,5γρ), Χυμός λεμονιού (1,5γρ)",1.28,1.45,0.14,0.17,1.42,1.42,1.62,16.21%,€7.34,14.61%,1.60%,523,49,28,25,https://drive.google.com/file/d/1f3ExP3y9Jb8MA0L4EkX9RD1OnUX6jkC1/view?usp=sharing,https://drive.google.com/file/d/1f3ExP3y9Jb8MA0L4EkX9RD1OnUX6jkC1/view?usp=sharing
Ψητές επιλογές,ΟΧΙ,Μπιφτέκι γαλοπούλας με άγριο ρύζι και αμπελοφάσουλα,"Μπιφτέκι γαλοπούλας (150γρ), Άγριο ρύζι (180γρ)","Γαλοπούλα, Κοτόπουλο, Ντομάτα, Φρυγανιά, Καρότο, Κολοκύθι, Κινόα, Αυγό, Σκόρδο, Κρεμμύδι, Δενδρολίβανο, Κάρυ, Ρύζι, Αμπελοφάσουλα, Χυμός λεμονιού","Μπιφτέκι γαλοπούλας (150γρ), Άγριο ρύζι (180γρ), Αμπελοφάσουλα (50γρ), Λαδολέμονο (5γρ)",164-6,9.20,10.40,OK,"Μπιφτέκι γαλοπούλας (150γρ), Άγριο ρύζι (180γρ), Αμπελοφάσουλα, μαγειρεμένα (50γρ), Ελαιόλαδο (3,5γρ), Χυμός λεμονιού (1,5γρ)",1.38,1.56,0.14,0.17,1.52,1.52,1.73,16.52%,€7.68,15.00%,1.52%,600,60,30,28,https://drive.google.com/file/d/1f3ExP3y9Jb8MA0L4EkX9RD1OnUX6jkC1/view?usp=sharing,https://drive.google.com/file/d/1f3ExP3y9Jb8MA0L4EkX9RD1OnUX6jkC1/view?usp=sharing
Ψητές επιλογές,ΟΧΙ,Μπιφτέκι γαλοπούλας με άγριο ρύζι και αμπελοφάσουλα,"Μπιφτέκι γαλοπούλας (180γρ), Άγριο ρύζι (120γρ)","Γαλοπούλα, Κοτόπουλο, Ντομάτα, Φρυγανιά, Καρότο, Κολοκύθι, Κινόα, Αυγό, Σκόρδο, Κρεμμύδι, Δενδρολίβανο, Κάρυ, Ρύζι, Αμπελοφάσουλα, Χυμός λεμονιού","Μπιφτέκι γαλοπούλας (180γρ), Άγριο ρύζι (120γρ), Αμπελοφάσουλα (50γρ), Λαδολέμονο (5γρ)",164-7,9.20,10.40,OK,"Μπιφτέκι γαλοπούλας (180γρ), Άγριο ρύζι (120γρ), Αμπελοφάσουλα, μαγειρεμένα (50γρ), Ελαιόλαδο (3,5γρ), Χυμός λεμονιού (1,5γρ)",1.46,1.65,0.14,0.17,1.60,1.60,1.82,17.39%,€7.60,15.87%,1.52%,578,51,32,29,https://drive.google.com/file/d/1f3ExP3y9Jb8MA0L4EkX9RD1OnUX6jkC1/view?usp=sharing,https://drive.google.com/file/d/1f3ExP3y9Jb8MA0L4EkX9RD1OnUX6jkC1/view?usp=sharing
Ψητές επιλογές,ΝΑΙ,Μπιφτέκι γαλοπούλας με άγριο ρύζι και αμπελοφάσουλα,"Μπιφτέκι γαλοπούλας (180γρ), Άγριο ρύζι (180γρ)","Γαλοπούλα, Κοτόπουλο, Ντομάτα, Φρυγανιά, Καρότο, Κολοκύθι, Κινόα, Αυγό, Σκόρδο, Κρεμμύδι, Δενδρολίβανο, Κάρυ, Ρύζι, Αμπελοφάσουλα, Χυμός λεμονιού","Μπιφτέκι γαλοπούλας (180γρ), Άγριο ρύζι (180γρ), Αμπελοφάσουλα (50γρ), Λαδολέμονο (5γρ)",164-8,9.65,10.90,OK,"Μπιφτέκι γαλοπούλας (180γρ), Άγριο ρύζι (180γρ), Αμπελοφάσουλα, μαγειρεμένα (50γρ), Ελαιόλαδο (3,5γρ), Χυμός λεμονιού (1,5γρ)",1.56,1.76,0.14,0.17,1.70,1.70,1.94,17.62%,€7.95,16.17%,1.45%,656,63,34,31,https://drive.google.com/file/d/1f3ExP3y9Jb8MA0L4EkX9RD1OnUX6jkC1/view?usp=sharing,https://drive.google.com/file/d/1f3ExP3y9Jb8MA0L4EkX9RD1OnUX6jkC1/view?usp=sharing
Ψητές επιλογές,ΟΧΙ,Μπιφτέκι γαλοπούλας με άγριο ρύζι και αμπελοφάσουλα,"Μπιφτέκι γαλοπούλας (180γρ), Άγριο ρύζι (240γρ)","Γαλοπούλα, Κοτόπουλο, Ντομάτα, Φρυγανιά, Καρότο, Κολοκύθι, Κινόα, Αυγό, Σκόρδο, Κρεμμύδι, Δενδρολίβανο, Κάρυ, Ρύζι, Αμπελοφάσουλα, Χυμός λεμονιού","Μπιφτέκι γαλοπούλας (180γρ), Άγριο ρύζι (240γρ), Αμπελοφάσουλα (50γρ), Λαδολέμονο (5γρ)",164-9,10.09,11.40,OK,"Μπιφτέκι γαλοπούλας (180γρ), Άγριο ρύζι (240γρ), Αμπελοφάσουλα, μαγειρεμένα (50γρ), Ελαιόλαδο (3,5γρ), Χυμός λεμονιού (1,5γρ)",1.65,1.86,0.14,0.17,1.79,1.79,2.04,17.74%,€8.30,16.35%,1.39%,734,75,36,34,https://drive.google.com/file/d/1f3ExP3y9Jb8MA0L4EkX9RD1OnUX6jkC1/view?usp=sharing,https://drive.google.com/file/d/1f3ExP3y9Jb8MA0L4EkX9RD1OnUX6jkC1/view?usp=sharing
Ψητές επιλογές,ΟΧΙ,Μπιφτέκι γαλοπούλας με άγριο ρύζι και αμπελοφάσουλα,"Μπιφτέκι γαλοπούλας (210γρ), Άγριο ρύζι (120γρ)","Γαλοπούλα, Κοτόπουλο, Ντομάτα, Φρυγανιά, Καρότο, Κολοκύθι, Κινόα, Αυγό, Σκόρδο, Κρεμμύδι, Δενδρολίβανο, Κάρυ, Ρύζι, Αμπελοφάσουλα, Χυμός λεμονιού","Μπιφτέκι γαλοπούλας (210γρ), Άγριο ρύζι (120γρ), Αμπελοφάσουλα (50γρ), Λαδολέμονο (5γρ)",164-10,10.09,11.40,OK,"Μπιφτέκι γαλοπούλας (210γρ), Άγριο ρύζι (120γρ), Αμπελοφάσουλα, μαγειρεμένα (50γρ), Ελαιόλαδο (3,5γρ), Χυμός λεμονιού (1,5γρ)",1.64,1.85,0.14,0.17,1.78,1.78,2.03,17.64%,€8.31,16.25%,1.39%,634,54,35,32,https://drive.google.com/file/d/1f3ExP3y9Jb8MA0L4EkX9RD1OnUX6jkC1/view?usp=sharing,https://drive.google.com/file/d/1f3ExP3y9Jb8MA0L4EkX9RD1OnUX6jkC1/view?usp=sharing
Ψητές επιλογές,ΟΧΙ,Μπιφτέκι γαλοπούλας με άγριο ρύζι και αμπελοφάσουλα,"Μπιφτέκι γαλοπούλας (210γρ), Άγριο ρύζι (180γρ)","Γαλοπούλα, Κοτόπουλο, Ντομάτα, Φρυγανιά, Καρότο, Κολοκύθι, Κινόα, Αυγό, Σκόρδο, Κρεμμύδι, Δενδρολίβανο, Κάρυ, Ρύζι, Αμπελοφάσουλα, Χυμός λεμονιού","Μπιφτέκι γαλοπούλας (210γρ), Άγριο ρύζι (180γρ), Αμπελοφάσουλα (50γρ), Λαδολέμονο (5γρ)",164-11,10.53,11.90,OK,"Μπιφτέκι γαλοπούλας (210γρ), Άγριο ρύζι (180γρ), Αμπελοφάσουλα, μαγειρεμένα (50γρ), Ελαιόλαδο (3,5γρ), Χυμός λεμονιού (1,5γρ)",1.74,1.97,0.14,0.17,1.88,1.88,2.14,17.85%,€8.65,16.52%,1.33%,712,66,38,34,https://drive.google.com/file/d/1f3ExP3y9Jb8MA0L4EkX9RD1OnUX6jkC1/view?usp=sharing,https://drive.google.com/file/d/1f3ExP3y9Jb8MA0L4EkX9RD1OnUX6jkC1/view?usp=sharing
Ψητές επιλογές,ΟΧΙ,Μπιφτέκι γαλοπούλας με άγριο ρύζι και αμπελοφάσουλα,"Μπιφτέκι γαλοπούλας (210γρ), Άγριο ρύζι (240γρ)","Γαλοπούλα, Κοτόπουλο, Ντομάτα, Φρυγανιά, Καρότο, Κολοκύθι, Κινόα, Αυγό, Σκόρδο, Κρεμμύδι, Δενδρολίβανο, Κάρυ, Ρύζι, Αμπελοφάσουλα, Χυμός λεμονιού","Μπιφτέκι γαλοπούλας (210γρ), Άγριο ρύζι (240γρ), Αμπελοφάσουλα (50γρ), Λαδολέμονο (5γρ)",164-12,10.97,12.40,OK,"Μπιφτέκι γαλοπούλας (210γρ), Άγριο ρύζι (240γρ), Αμπελοφάσουλα, μαγειρεμένα (50γρ), Ελαιόλαδο (3,5γρ), Χυμός λεμονιού (1,5γρ)",1.83,2.07,0.14,0.17,1.97,1.97,2.24,17.96%,€9.00,16.68%,1.28%,789,78,40,37,https://drive.google.com/file/d/1f3ExP3y9Jb8MA0L4EkX9RD1OnUX6jkC1/view?usp=sharing,https://drive.google.com/file/d/1f3ExP3y9Jb8MA0L4EkX9RD1OnUX6jkC1/view?usp=sharing
Ψητές επιλογές,ΟΧΙ,Μπιφτέκι γαλοπούλας με γλυκοπατάτα και κρέμα μελιτζάνας,"Μπιφτέκι γαλοπούλας (120γρ), Ψητή γλυκοπατάτα (120γρ)","Γαλοπούλα, Κοτόπουλο, Ντομάτα, Φρυγανιά, Καρότο, Κολοκύθι, Κινόα, Αυγό, Σκόρδο, Κρεμμύδι, Δενδρολίβανο, Κάρυ, Γλυκοπατάτα, Μελιτζάνα, Κόκκινη πιπεριά, Χυμός λεμονιού, Κόλιανδρος, Φρέσκο κρεμμυδάκι, Μαϊντανός","Μπιφτέκι γαλοπούλας (120γρ), Ψητή γλυκοπατάτα (120γρ), Κρέμα μελιτζάνας (60γρ)",166-1,7.43,8.40,OK,"Μπιφτέκι γαλοπούλας (120γρ), Γλυκοπατάτα, μαγειρεμένη (100γρ), Κρέμα καπνιστής μελιτζάνας (60γρ)",1.21,1.37,0.18,0.23,1.39,1.39,1.60,18.76%,€6.04,16.29%,2.48%,358,36,18,16,https://drive.google.com/file/d/141p2O926Gnafk7wT1XVWtQHW3-Xh2P_1/view?usp=sharing,https://drive.google.com/file/d/141p2O926Gnafk7wT1XVWtQHW3-Xh2P_1/view?usp=sharing
Ψητές επιλογές,ΟΧΙ,Μπιφτέκι γαλοπούλας με γλυκοπατάτα και κρέμα μελιτζάνας,"Μπιφτέκι γαλοπούλας (120γρ), Ψητή γλυκοπατάτα (150γρ)","Γαλοπούλα, Κοτόπουλο, Ντομάτα, Φρυγανιά, Καρότο, Κολοκύθι, Κινόα, Αυγό, Σκόρδο, Κρεμμύδι, Δενδρολίβανο, Κάρυ, Γλυκοπατάτα, Μελιτζάνα, Κόκκινη πιπεριά, Χυμός λεμονιού, Κόλιανδρος, Φρέσκο κρεμμυδάκι, Μαϊντανός","Μπιφτέκι γαλοπούλας (120γρ), Ψητή γλυκοπατάτα (150γρ), Κρέμα μελιτζάνας (60γρ)",166-2,7.88,8.90,OK,"Μπιφτέκι γαλοπούλας (120γρ), Γλυκοπατάτα, μαγειρεμένη (150γρ), Κρέμα καπνιστής μελιτζάνας (60γρ)",1.36,1.54,0.18,0.23,1.54,1.54,1.76,19.59%,€6.34,17.26%,2.34%,403,47,19,16,https://drive.google.com/file/d/141p2O926Gnafk7wT1XVWtQHW3-Xh2P_1/view?usp=sharing,https://drive.google.com/file/d/141p2O926Gnafk7wT1XVWtQHW3-Xh2P_1/view?usp=sharing
Ψητές επιλογές,ΟΧΙ,Μπιφτέκι γαλοπούλας με γλυκοπατάτα και κρέμα μελιτζάνας,"Μπιφτέκι γαλοπούλας (120γρ), Ψητή γλυκοπατάτα (200γρ)","Γαλοπούλα, Κοτόπουλο, Ντομάτα, Φρυγανιά, Καρότο, Κολοκύθι, Κινόα, Αυγό, Σκόρδο, Κρεμμύδι, Δενδρολίβανο, Κάρυ, Γλυκοπατάτα, Μελιτζάνα, Κόκκινη πιπεριά, Χυμός λεμονιού, Κόλιανδρος, Φρέσκο κρεμμυδάκι, Μαϊντανός","Μπιφτέκι γαλοπούλας (120γρ), Ψητή γλυκοπατάτα (200γρ), Κρέμα μελιτζάνας (60γρ)",166-3,8.32,9.40,OK,"Μπιφτέκι γαλοπούλας (120γρ), Γλυκοπατάτα, μαγειρεμένη (200γρ), Κρέμα καπνιστής μελιτζάνας (60γρ)",1.51,1.71,0.18,0.23,1.69,1.69,1.93,20.36%,€6.63,18.15%,2.21%,448,57,20,17,https://drive.google.com/file/d/141p2O926Gnafk7wT1XVWtQHW3-Xh2P_1/view?usp=sharing,https://drive.google.com/file/d/141p2O926Gnafk7wT1XVWtQHW3-Xh2P_1/view?usp=sharing
Ψητές επιλογές,ΟΧΙ,Μπιφτέκι γαλοπούλας με γλυκοπατάτα και κρέμα μελιτζάνας,"Μπιφτέκι γαλοπούλας (150γρ), Ψητή γλυκοπατάτα (120γρ)","Γαλοπούλα, Κοτόπουλο, Ντομάτα, Φρυγανιά, Καρότο, Κολοκύθι, Κινόα, Αυγό, Σκόρδο, Κρεμμύδι, Δενδρολίβανο, Κάρυ, Γλυκοπατάτα, Μελιτζάνα, Κόκκινη πιπεριά, Χυμός λεμονιού, Κόλιανδρος, Φρέσκο κρεμμυδάκι, Μαϊντανός","Μπιφτέκι γαλοπούλας (150γρ), Ψητή γλυκοπατάτα (120γρ), Κρέμα μελιτζάνας (60γρ)",166-4,8.32,9.40,OK,"Μπιφτέκι γαλοπούλας (150γρ), Γλυκοπατάτα, μαγειρεμένη (100γρ), Κρέμα καπνιστής μελιτζάνας (60γρ)",1.38,1.56,0.18,0.23,1.56,1.56,1.79,18.80%,€6.76,16.59%,2.21%,414,39,22,20,https://drive.google.com/file/d/141p2O926Gnafk7wT1XVWtQHW3-Xh2P_1/view?usp=sharing,https://drive.google.com/file/d/141p2O926Gnafk7wT1XVWtQHW3-Xh2P_1/view?usp=sharing
Ψητές επιλογές,ΟΧΙ,Μπιφτέκι γαλοπούλας με γλυκοπατάτα και κρέμα μελιτζάνας,"Μπιφτέκι γαλοπούλας (150γρ), Ψητή γλυκοπατάτα (150γρ)","Γαλοπούλα, Κοτόπουλο, Ντομάτα, Φρυγανιά, Καρότο, Κολοκύθι, Κινόα, Αυγό, Σκόρδο, Κρεμμύδι, Δενδρολίβανο, Κάρυ, Γλυκοπατάτα, Μελιτζάνα, Κόκκινη πιπεριά, Χυμός λεμονιού, Κόλιανδρος, Φρέσκο κρεμμυδάκι, Μαϊντανός","Μπιφτέκι γαλοπούλας (150γρ), Ψητή γλυκοπατάτα (150γρ), Κρέμα μελιτζάνας (60γρ)",166-5,8.76,9.90,OK,"Μπιφτέκι γαλοπούλας (150γρ), Γλυκοπατάτα, μαγειρεμένη (150γρ), Κρέμα καπνιστής μελιτζάνας (60γρ)",1.53,1.73,0.18,0.23,1.71,1.71,1.96,19.57%,€7.05,17.47%,2.10%,459,50,23,20,https://drive.google.com/file/d/141p2O926Gnafk7wT1XVWtQHW3-Xh2P_1/view?usp=sharing,https://drive.google.com/file/d/141p2O926Gnafk7wT1XVWtQHW3-Xh2P_1/view?usp=sharing
Ψητές επιλογές,ΟΧΙ,Μπιφτέκι γαλοπούλας με γλυκοπατάτα και κρέμα μελιτζάνας,"Μπιφτέκι γαλοπούλας (150γρ), Ψητή γλυκοπατάτα (200γρ)","Γαλοπούλα, Κοτόπουλο, Ντομάτα, Φρυγανιά, Καρότο, Κολοκύθι, Κινόα, Αυγό, Σκόρδο, Κρεμμύδι, Δενδρολίβανο, Κάρυ, Γλυκοπατάτα, Μελιτζάνα, Κόκκινη πιπεριά, Χυμός λεμονιού, Κόλιανδρος, Φρέσκο κρεμμυδάκι, Μαϊντανός","Μπιφτέκι γαλοπούλας (150γρ), Ψητή γλυκοπατάτα (200γρ), Κρέμα μελιτζάνας (60γρ)",166-6,9.20,10.40,OK,"Μπιφτέκι γαλοπούλας (150γρ), Γλυκοπατάτα, μαγειρεμένη (200γρ), Κρέμα καπνιστής μελιτζάνας (60γρ)",1.68,1.90,0.18,0.23,1.86,1.86,2.13,20.26%,€7.34,18.26%,2.00%,504,60,24,20,https://drive.google.com/file/d/141p2O926Gnafk7wT1XVWtQHW3-Xh2P_1/view?usp=sharing,https://drive.google.com/file/d/141p2O926Gnafk7wT1XVWtQHW3-Xh2P_1/view?usp=sharing
Ψητές επιλογές,ΟΧΙ,Μπιφτέκι γαλοπούλας με γλυκοπατάτα και κρέμα μελιτζάνας,"Μπιφτέκι γαλοπούλας (180γρ), Ψητή γλυκοπατάτα (120γρ)","Γαλοπούλα, Κοτόπουλο, Ντομάτα, Φρυγανιά, Καρότο, Κολοκύθι, Κινόα, Αυγό, Σκόρδο, Κρεμμύδι, Δενδρολίβανο, Κάρυ, Γλυκοπατάτα, Μελιτζάνα, Κόκκινη πιπεριά, Χυμός λεμονιού, Κόλιανδρος, Φρέσκο κρεμμυδάκι, Μαϊντανός","Μπιφτέκι γαλοπούλας (180γρ), Ψητή γλυκοπατάτα (120γρ), Κρέμα μελιτζάνας (60γρ)",166-7,9.20,10.40,OK,"Μπιφτέκι γαλοπούλας (180γρ), Γλυκοπατάτα, μαγειρεμένη (100γρ), Κρέμα καπνιστής μελιτζάνας (60γρ)",1.56,1.76,0.18,0.23,1.74,1.74,1.99,18.96%,€7.46,16.96%,2.00%,469,42,26,23,https://drive.google.com/file/d/141p2O926Gnafk7wT1XVWtQHW3-Xh2P_1/view?usp=sharing,https://drive.google.com/file/d/141p2O926Gnafk7wT1XVWtQHW3-Xh2P_1/view?usp=sharing
Ψητές επιλογές,ΝΑΙ,Μπιφτέκι γαλοπούλας με γλυκοπατάτα και κρέμα μελιτζάνας,"Μπιφτέκι γαλοπούλας (180γρ), Ψητή γλυκοπατάτα (150γρ)","Γαλοπούλα, Κοτόπουλο, Ντομάτα, Φρυγανιά, Καρότο, Κολοκύθι, Κινόα, Αυγό, Σκόρδο, Κρεμμύδι, Δενδρολίβανο, Κάρυ, Γλυκοπατάτα, Μελιτζάνα, Κόκκινη πιπεριά, Χυμός λεμονιού, Κόλιανδρος, Φρέσκο κρεμμυδάκι, Μαϊντανός","Μπιφτέκι γαλοπούλας (180γρ), Ψητή γλυκοπατάτα (150γρ), Κρέμα μελιτζάνας (60γρ)",166-8,9.65,10.90,OK,"Μπιφτέκι γαλοπούλας (180γρ), Γλυκοπατάτα, μαγειρεμένη (150γρ), Κρέμα καπνιστής μελιτζάνας (60γρ)",1.71,1.93,0.18,0.23,1.89,1.89,2.16,19.63%,€7.76,17.72%,1.91%,514,53,27,23,https://drive.google.com/file/d/141p2O926Gnafk7wT1XVWtQHW3-Xh2P_1/view?usp=sharing,https://drive.google.com/file/d/141p2O926Gnafk7wT1XVWtQHW3-Xh2P_1/view?usp=sharing
Ψητές επιλογές,ΟΧΙ,Μπιφτέκι γαλοπούλας με γλυκοπατάτα και κρέμα μελιτζάνας,"Μπιφτέκι γαλοπούλας (180γρ), Ψητή γλυκοπατάτα (200γρ)","Γαλοπούλα, Κοτόπουλο, Ντομάτα, Φρυγανιά, Καρότο, Κολοκύθι, Κινόα, Αυγό, Σκόρδο, Κρεμμύδι, Δενδρολίβανο, Κάρυ, Γλυκοπατάτα, Μελιτζάνα, Κόκκινη πιπεριά, Χυμός λεμονιού, Κόλιανδρος, Φρέσκο κρεμμυδάκι, Μαϊντανός","Μπιφτέκι γαλοπούλας (180γρ), Ψητή γλυκοπατάτα (200γρ), Κρέμα μελιτζάνας (60γρ)",166-9,10.09,11.40,OK,"Μπιφτέκι γαλοπούλας (180γρ), Γλυκοπατάτα, μαγειρεμένη (200γρ), Κρέμα καπνιστής μελιτζάνας (60γρ)",1.86,2.10,0.18,0.23,2.04,2.04,2.33,20.26%,€8.05,18.43%,1.82%,559,63,28,23,https://drive.google.com/file/d/141p2O926Gnafk7wT1XVWtQHW3-Xh2P_1/view?usp=sharing,https://drive.google.com/file/d/141p2O926Gnafk7wT1XVWtQHW3-Xh2P_1/view?usp=sharing
Ψητές επιλογές,ΟΧΙ,Μπιφτέκι γαλοπούλας με γλυκοπατάτα και κρέμα μελιτζάνας,"Μπιφτέκι γαλοπούλας (210γρ), Ψητή γλυκοπατάτα (150γρ)","Γαλοπούλα, Κοτόπουλο, Ντομάτα, Φρυγανιά, Καρότο, Κολοκύθι, Κινόα, Αυγό, Σκόρδο, Κρεμμύδι, Δενδρολίβανο, Κάρυ, Γλυκοπατάτα, Μελιτζάνα, Κόκκινη πιπεριά, Χυμός λεμονιού, Κόλιανδρος, Φρέσκο κρεμμυδάκι, Μαϊντανός","Μπιφτέκι γαλοπούλας (210γρ), Ψητή γλυκοπατάτα (150γρ), Κρέμα μελιτζάνας (60γρ)",166-10,10.09,11.40,OK,"Μπιφτέκι γαλοπούλας (210γρ), Γλυκοπατάτα, μαγειρεμένη (150γρ), Κρέμα καπνιστής μελιτζάνας (60γρ)",1.89,2.14,0.18,0.23,2.07,2.07,2.36,20.56%,€8.02,18.73%,1.82%,570,56,31,26,https://drive.google.com/file/d/141p2O926Gnafk7wT1XVWtQHW3-Xh2P_1/view?usp=sharing,https://drive.google.com/file/d/141p2O926Gnafk7wT1XVWtQHW3-Xh2P_1/view?usp=sharing
Ψητές επιλογές,ΟΧΙ,Μπιφτέκι γαλοπούλας με γλυκοπατάτα και κρέμα μελιτζάνας,"Μπιφτέκι γαλοπούλας (210γρ), Ψητή γλυκοπατάτα (200γρ)","Γαλοπούλα, Κοτόπουλο, Ντομάτα, Φρυγανιά, Καρότο, Κολοκύθι, Κινόα, Αυγό, Σκόρδο, Κρεμμύδι, Δενδρολίβανο, Κάρυ, Γλυκοπατάτα, Μελιτζάνα, Κόκκινη πιπεριά, Χυμός λεμονιού, Κόλιανδρος, Φρέσκο κρεμμυδάκι, Μαϊντανός","Μπιφτέκι γαλοπούλας (210γρ), Ψητή γλυκοπατάτα (200γρ), Κρέμα μελιτζάνας (60γρ)",166-11,10.53,11.90,OK,"Μπιφτέκι γαλοπούλας (210γρ), Γλυκοπατάτα, μαγειρεμένη (200γρ), Κρέμα καπνιστής μελιτζάνας (60γρ)",2.04,2.31,0.18,0.23,2.22,2.22,2.53,21.12%,€8.31,19.37%,1.75%,615,66,32,26,https://drive.google.com/file/d/141p2O926Gnafk7wT1XVWtQHW3-Xh2P_1/view?usp=sharing,https://drive.google.com/file/d/141p2O926Gnafk7wT1XVWtQHW3-Xh2P_1/view?usp=sharing
Ψητές επιλογές,ΟΧΙ,Μπιφτέκι γαλοπούλας με γλυκοπατάτα και κρέμα μελιτζάνας,"Μπιφτέκι γαλοπούλας (210γρ), Ψητή γλυκοπατάτα (250γρ)","Γαλοπούλα, Κοτόπουλο, Ντομάτα, Φρυγανιά, Καρότο, Κολοκύθι, Κινόα, Αυγό, Σκόρδο, Κρεμμύδι, Δενδρολίβανο, Κάρυ, Γλυκοπατάτα, Μελιτζάνα, Κόκκινη πιπεριά, Χυμός λεμονιού, Κόλιανδρος, Φρέσκο κρεμμυδάκι, Μαϊντανός","Μπιφτέκι γαλοπούλας (210γρ), Ψητή γλυκοπατάτα (250γρ), Κρέμα μελιτζάνας (60γρ)",166-12,10.97,12.40,OK,"Μπιφτέκι γαλοπούλας (210γρ), Γλυκοπατάτα, μαγειρεμένη (250γρ), Κρέμα καπνιστής μελιτζάνας (60γρ)",2.19,2.47,0.18,0.23,2.37,2.37,2.70,21.64%,€8.60,19.96%,1.68%,660,76,33,26,https://drive.google.com/file/d/141p2O926Gnafk7wT1XVWtQHW3-Xh2P_1/view?usp=sharing,https://drive.google.com/file/d/141p2O926Gnafk7wT1XVWtQHW3-Xh2P_1/view?usp=sharing
Ψητές επιλογές,ΟΧΙ,Μπιφτέκι γαλοπούλας με κους κους και ψητά μανιτάρια,"Μπιφτέκι γαλοπούλας (120γρ), Κους κους (100γρ)","Γαλοπούλα, Κοτόπουλο, Ντομάτα, Φρυγανιά, Καρότο, Κολοκύθι, Κινόα, Αυγό, Σκόρδο, Κρεμμύδι, Δενδρολίβανο, Κάρυ, Κους κους, Μανιτάρι","Μπιφτέκι γαλοπούλας (120γρ), Κους κους (100γρ), Μανιτάρια (60γρ)",162-1,7.88,8.90,OK,"Μπιφτέκι γαλοπούλας (120γρ), Κους κους, μαγειρεμένο (100γρ), Μανιτάρι σαμπινιόν, μαγειρεμένο (60γρ), Ηλιέλαιο (10γρ)",1.34,1.51,0.14,0.17,1.48,1.48,1.69,18.78%,€6.40,17.01%,1.78%,440,38,21,23,https://drive.google.com/file/d/1d5M9oHxg9B4qcpQvWpXDA1W-dhLRyrQk/view?usp=sharing,https://drive.google.com/file/d/1d5M9oHxg9B4qcpQvWpXDA1W-dhLRyrQk/view?usp=sharing
Ψητές επιλογές,ΟΧΙ,Μπιφτέκι γαλοπούλας με κους κους και ψητά μανιτάρια,"Μπιφτέκι γαλοπούλας (120γρ), Κους κους (150γρ)","Γαλοπούλα, Κοτόπουλο, Ντομάτα, Φρυγανιά, Καρότο, Κολοκύθι, Κινόα, Αυγό, Σκόρδο, Κρεμμύδι, Δενδρολίβανο, Κάρυ, Κους κους, Μανιτάρι","Μπιφτέκι γαλοπούλας (120γρ), Κους κους (150γρ), Μανιτάρια (60γρ)",162-2,8.32,9.40,OK,"Μπιφτέκι γαλοπούλας (120γρ), Κους κους, μαγειρεμένο (150γρ), Μανιτάρι σαμπινιόν, μαγειρεμένο (60γρ), Ηλιέλαιο (10γρ)",1.43,1.62,0.14,0.17,1.57,1.57,1.79,18.87%,€6.75,17.19%,1.68%,496,50,23,23,https://drive.google.com/file/d/1d5M9oHxg9B4qcpQvWpXDA1W-dhLRyrQk/view?usp=sharing,https://drive.google.com/file/d/1d5M9oHxg9B4qcpQvWpXDA1W-dhLRyrQk/view?usp=sharing
Ψητές επιλογές,ΟΧΙ,Μπιφτέκι γαλοπούλας με κους κους και ψητά μανιτάρια,"Μπιφτέκι γαλοπούλας (150γρ), Κους κους (100γρ)","Γαλοπούλα, Κοτόπουλο, Ντομάτα, Φρυγανιά, Καρότο, Κολοκύθι, Κινόα, Αυγό, Σκόρδο, Κρεμμύδι, Δενδρολίβανο, Κάρυ, Κους κους, Μανιτάρι","Μπιφτέκι γαλοπούλας (150γρ), Κους κους (100γρ), Μανιτάρια (60γρ)",162-3,8.76,9.90,OK,"Μπιφτέκι γαλοπούλας (150γρ), Κους κους, μαγειρεμένο (100γρ), Μανιτάρι σαμπινιόν, μαγειρεμένο (60γρ), Ηλιέλαιο (10γρ)",1.52,1.72,0.14,0.17,1.66,1.66,1.89,18.95%,€7.10,17.35%,1.60%,495,41,25,26,https://drive.google.com/file/d/1d5M9oHxg9B4qcpQvWpXDA1W-dhLRyrQk/view?usp=sharing,https://drive.google.com/file/d/1d5M9oHxg9B4qcpQvWpXDA1W-dhLRyrQk/view?usp=sharing
Ψητές επιλογές,ΟΧΙ,Μπιφτέκι γαλοπούλας με κους κους και ψητά μανιτάρια,"Μπιφτέκι γαλοπούλας (150γρ), Κους κους (150γρ)","Γαλοπούλα, Κοτόπουλο, Ντομάτα, Φρυγανιά, Καρότο, Κολοκύθι, Κινόα, Αυγό, Σκόρδο, Κρεμμύδι, Δενδρολίβανο, Κάρυ, Κους κους, Μανιτάρι","Μπιφτέκι γαλοπούλας (150γρ), Κους κους (150γρ), Μανιτάρια (60γρ)",162-4,9.20,10.40,OK,"Μπιφτέκι γαλοπούλας (150γρ), Κους κους, μαγειρεμένο (150γρ), Μανιτάρι σαμπινιόν, μαγειρεμένο (60γρ), Ηλιέλαιο (10γρ)",1.61,1.82,0.14,0.17,1.75,1.75,1.99,19.02%,€7.45,17.50%,1.52%,551,53,26,27,https://drive.google.com/file/d/1d5M9oHxg9B4qcpQvWpXDA1W-dhLRyrQk/view?usp=sharing,https://drive.google.com/file/d/1d5M9oHxg9B4qcpQvWpXDA1W-dhLRyrQk/view?usp=sharing
Ψητές επιλογές,ΟΧΙ,Μπιφτέκι γαλοπούλας με κους κους και ψητά μανιτάρια,"Μπιφτέκι γαλοπούλας (180γρ), Κους κους (100γρ)","Γαλοπούλα, Κοτόπουλο, Ντομάτα, Φρυγανιά, Καρότο, Κολοκύθι, Κινόα, Αυγό, Σκόρδο, Κρεμμύδι, Δενδρολίβανο, Κάρυ, Κους κους, Μανιτάρι","Μπιφτέκι γαλοπούλας (180γρ), Κους κους (100γρ), Μανιτάρια (60γρ)",162-5,9.65,10.90,OK,"Μπιφτέκι γαλοπούλας (180γρ), Κους κους, μαγειρεμένο (100γρ), Μανιτάρι σαμπινιόν, μαγειρεμένο (60γρ), Ηλιέλαιο (10γρ)",1.70,1.92,0.14,0.17,1.84,1.84,2.09,19.07%,€7.81,17.62%,1.45%,551,44,28,30,https://drive.google.com/file/d/1d5M9oHxg9B4qcpQvWpXDA1W-dhLRyrQk/view?usp=sharing,https://drive.google.com/file/d/1d5M9oHxg9B4qcpQvWpXDA1W-dhLRyrQk/view?usp=sharing
Ψητές επιλογές,ΝΑΙ,Μπιφτέκι γαλοπούλας με κους κους και ψητά μανιτάρια,"Μπιφτέκι γαλοπούλας (180γρ), Κους κους (150γρ)","Γαλοπούλα, Κοτόπουλο, Ντομάτα, Φρυγανιά, Καρότο, Κολοκύθι, Κινόα, Αυγό, Σκόρδο, Κρεμμύδι, Δενδρολίβανο, Κάρυ, Κους κους, Μανιτάρι","Μπιφτέκι γαλοπούλας (180γρ), Κους κους (150γρ), Μανιτάρια (60γρ)",162-6,10.09,11.40,OK,"Μπιφτέκι γαλοπούλας (180γρ), Κους κους, μαγειρεμένο (150γρ), Μανιτάρι σαμπινιόν, μαγειρεμένο (60γρ), Ηλιέλαιο (10γρ)",1.78,2.01,0.14,0.17,1.92,1.92,2.19,19.03%,€8.17,17.64%,1.39%,607,56,30,30,https://drive.google.com/file/d/1d5M9oHxg9B4qcpQvWpXDA1W-dhLRyrQk/view?usp=sharing,https://drive.google.com/file/d/1d5M9oHxg9B4qcpQvWpXDA1W-dhLRyrQk/view?usp=sharing
Ψητές επιλογές,ΟΧΙ,Μπιφτέκι γαλοπούλας με κους κους και ψητά μανιτάρια,"Μπιφτέκι γαλοπούλας (210γρ), Κους κους (100γρ)","Γαλοπούλα, Κοτόπουλο, Ντομάτα, Φρυγανιά, Καρότο, Κολοκύθι, Κινόα, Αυγό, Σκόρδο, Κρεμμύδι, Δενδρολίβανο, Κάρυ, Κους κους, Μανιτάρι","Μπιφτέκι γαλοπούλας (210γρ), Κους κους (100γρ), Μανιτάρια (60γρ)",162-7,10.53,11.90,OK,"Μπιφτέκι γαλοπούλας (210γρ), Κους κους, μαγειρεμένο (100γρ), Μανιτάρι σαμπινιόν, μαγειρεμένο (60γρ), Ηλιέλαιο (10γρ)",1.87,2.11,0.14,0.17,2.01,2.01,2.29,19.09%,€8.52,17.76%,1.33%,606,47,32,33,https://drive.google.com/file/d/1d5M9oHxg9B4qcpQvWpXDA1W-dhLRyrQk/view?usp=sharing,https://drive.google.com/file/d/1d5M9oHxg9B4qcpQvWpXDA1W-dhLRyrQk/view?usp=sharing
Ψητές επιλογές,ΟΧΙ,Μπιφτέκι γαλοπούλας με κους κους και ψητά μανιτάρια,"Μπιφτέκι γαλοπούλας (210γρ), Κους κους (150γρ)","Γαλοπούλα, Κοτόπουλο, Ντομάτα, Φρυγανιά, Καρότο, Κολοκύθι, Κινόα, Αυγό, Σκόρδο, Κρεμμύδι, Δενδρολίβανο, Κάρυ, Κους κους, Μανιτάρι","Μπιφτέκι γαλοπούλας (210γρ), Κους κους (150γρ), Μανιτάρια (60γρ)",162-8,10.97,12.40,OK,"Μπιφτέκι γαλοπούλας (210γρ), Κους κους, μαγειρεμένο (150γρ), Μανιτάρι σαμπινιόν, μαγειρεμένο (60γρ), Ηλιέλαιο (10γρ)",1.96,2.21,0.14,0.17,2.10,2.10,2.39,19.14%,€8.87,17.87%,1.28%,662,59,34,33,https://drive.google.com/file/d/1d5M9oHxg9B4qcpQvWpXDA1W-dhLRyrQk/view?usp=sharing,https://drive.google.com/file/d/1d5M9oHxg9B4qcpQvWpXDA1W-dhLRyrQk/view?usp=sharing
Ψητές επιλογές,ΟΧΙ,Μπιφτέκι γαλοπούλας με πατάτες φούρνου και ψητά καρότα,"Μπιφτέκι γαλοπούλας (120γρ), Πατάτες φούρνου (80γρ)","Γαλοπούλα, Κοτόπουλο, Ντομάτα, Φρυγανιά, Καρότο, Κολοκύθι, Κινόα, Αυγό, Σκόρδο, Κρεμμύδι, Δενδρολίβανο, Κάρυ, Πατάτα, Μουστάρδα, Χυμός λεμονιού, Μέλι, Ρίγανη, Μουστάρδα, Ζωμός κοτόπουλου, Μέλι","Μπιφτέκι γαλοπούλας (120γρ), Πατάτες φούρνου (80γρ), Ψητά καρότα (50γρ), Σάλτσα μουστάρδας (15γρ)",170-1,7.43,8.40,OK,"Μπιφτέκι γαλοπούλας (120γρ), Πατάτα, μαγειρεμένη (80γρ), Καρότο, roasted (50γρ), Σάλτσα μουστάρδας (για πατάτες) (15γρ), Ελαιόλαδο (10γρ)",0.99,1.12,0.14,0.17,1.13,1.13,1.29,15.21%,€6.30,13.32%,1.88%,442,35,18,27,https://drive.google.com/file/d/1LWADEV2j012D8zEKajJ3m-XlwRwuu57S/view?usp=sharing,https://drive.google.com/file/d/1LWADEV2j012D8zEKajJ3m-XlwRwuu57S/view?usp=sharing
Ψητές επιλογές,ΟΧΙ,Μπιφτέκι γαλοπούλας με πατάτες φούρνου και ψητά καρότα,"Μπιφτέκι γαλοπούλας (120γρ), Πατάτες φούρνου (160γρ)","Γαλοπούλα, Κοτόπουλο, Ντομάτα, Φρυγανιά, Καρότο, Κολοκύθι, Κινόα, Αυγό, Σκόρδο, Κρεμμύδι, Δενδρολίβανο, Κάρυ, Πατάτα, Μουστάρδα, Χυμός λεμονιού, Μέλι, Ρίγανη, Μουστάρδα, Ζωμός κοτόπουλου, Μέλι","Μπιφτέκι γαλοπούλας (120γρ), Πατάτες φούρνου (160γρ), Ψητά καρότα (50γρ), Σάλτσα μουστάρδας (15γρ)",170-2,7.88,8.90,OK,"Μπιφτέκι γαλοπούλας (120γρ), Πατάτα, μαγειρεμένη (160γρ), Καρότο, roasted (50γρ), Σάλτσα μουστάρδας (για πατάτες) (15γρ), Ελαιόλαδο (10γρ)",1.08,1.22,0.14,0.17,1.22,1.22,1.39,15.48%,€6.66,13.71%,1.78%,511,51,19,27,https://drive.google.com/file/d/1LWADEV2j012D8zEKajJ3m-XlwRwuu57S/view?usp=sharing,https://drive.google.com/file/d/1LWADEV2j012D8zEKajJ3m-XlwRwuu57S/view?usp=sharing
Ψητές επιλογές,ΟΧΙ,Μπιφτέκι γαλοπούλας με πατάτες φούρνου και ψητά καρότα,"Μπιφτέκι γαλοπούλας (120γρ), Πατάτες φούρνου (240γρ)","Γαλοπούλα, Κοτόπουλο, Ντομάτα, Φρυγανιά, Καρότο, Κολοκύθι, Κινόα, Αυγό, Σκόρδο, Κρεμμύδι, Δενδρολίβανο, Κάρυ, Πατάτα, Μουστάρδα, Χυμός λεμονιού, Μέλι, Ρίγανη, Μουστάρδα, Ζωμός κοτόπουλου, Μέλι","Μπιφτέκι γαλοπούλας (120γρ), Πατάτες φούρνου (240γρ), Ψητά καρότα (50γρ), Σάλτσα μουστάρδας (15γρ)",170-3,8.32,9.40,OK,"Μπιφτέκι γαλοπούλας (120γρ), Πατάτα, μαγειρεμένη (240γρ), Καρότο, roasted (50γρ), Σάλτσα μουστάρδας (για πατάτες) (15γρ), Ελαιόλαδο (10γρ)",1.17,1.32,0.14,0.17,1.31,1.31,1.50,15.75%,€7.01,14.06%,1.68%,581,67,21,27,https://drive.google.com/file/d/1LWADEV2j012D8zEKajJ3m-XlwRwuu57S/view?usp=sharing,https://drive.google.com/file/d/1LWADEV2j012D8zEKajJ3m-XlwRwuu57S/view?usp=sharing
Ψητές επιλογές,ΟΧΙ,Μπιφτέκι γαλοπούλας με πατάτες φούρνου και ψητά καρότα,"Μπιφτέκι γαλοπούλας (150γρ), Πατάτες φούρνου (80γρ)","Γαλοπούλα, Κοτόπουλο, Ντομάτα, Φρυγανιά, Καρότο, Κολοκύθι, Κινόα, Αυγό, Σκόρδο, Κρεμμύδι, Δενδρολίβανο, Κάρυ, Πατάτα, Μουστάρδα, Χυμός λεμονιού, Μέλι, Ρίγανη, Μουστάρδα, Ζωμός κοτόπουλου, Μέλι","Μπιφτέκι γαλοπούλας (150γρ), Πατάτες φούρνου (80γρ), Ψητά καρότα (50γρ), Σάλτσα μουστάρδας (15γρ)",170-4,8.32,9.40,OK,"Μπιφτέκι γαλοπούλας (150γρ), Πατάτα, μαγειρεμένη (80γρ), Καρότο, roasted (50γρ), Σάλτσα μουστάρδας (για πατάτες) (15γρ), Ελαιόλαδο (10γρ)",1.17,1.32,0.14,0.17,1.31,1.31,1.50,15.75%,€7.01,14.06%,1.68%,497,38,22,30,https://drive.google.com/file/d/1LWADEV2j012D8zEKajJ3m-XlwRwuu57S/view?usp=sharing,https://drive.google.com/file/d/1LWADEV2j012D8zEKajJ3m-XlwRwuu57S/view?usp=sharing
Ψητές επιλογές,ΟΧΙ,Μπιφτέκι γαλοπούλας με πατάτες φούρνου και ψητά καρότα,"Μπιφτέκι γαλοπούλας (150γρ), Πατάτες φούρνου (160γρ)","Γαλοπούλα, Κοτόπουλο, Ντομάτα, Φρυγανιά, Καρότο, Κολοκύθι, Κινόα, Αυγό, Σκόρδο, Κρεμμύδι, Δενδρολίβανο, Κάρυ, Πατάτα, Μουστάρδα, Χυμός λεμονιού, Μέλι, Ρίγανη, Μουστάρδα, Ζωμός κοτόπουλου, Μέλι","Μπιφτέκι γαλοπούλας (150γρ), Πατάτες φούρνου (160γρ), Ψητά καρότα (50γρ), Σάλτσα μουστάρδας (15γρ)",170-5,8.76,9.90,OK,"Μπιφτέκι γαλοπούλας (150γρ), Πατάτα, μαγειρεμένη (160γρ), Καρότο, roasted (50γρ), Σάλτσα μουστάρδας (για πατάτες) (15γρ), Ελαιόλαδο (10γρ)",1.26,1.42,0.14,0.17,1.40,1.40,1.60,15.98%,€7.36,14.38%,1.60%,567,54,23,30,https://drive.google.com/file/d/1LWADEV2j012D8zEKajJ3m-XlwRwuu57S/view?usp=sharing,https://drive.google.com/file/d/1LWADEV2j012D8zEKajJ3m-XlwRwuu57S/view?usp=sharing
Ψητές επιλογές,ΟΧΙ,Μπιφτέκι γαλοπούλας με πατάτες φούρνου και ψητά καρότα,"Μπιφτέκι γαλοπούλας (150γρ), Πατάτες φούρνου (240γρ)","Γαλοπούλα, Κοτόπουλο, Ντομάτα, Φρυγανιά, Καρότο, Κολοκύθι, Κινόα, Αυγό, Σκόρδο, Κρεμμύδι, Δενδρολίβανο, Κάρυ, Πατάτα, Μουστάρδα, Χυμός λεμονιού, Μέλι, Ρίγανη, Μουστάρδα, Ζωμός κοτόπουλου, Μέλι","Μπιφτέκι γαλοπούλας (150γρ), Πατάτες φούρνου (240γρ), Ψητά καρότα (50γρ), Σάλτσα μουστάρδας (15γρ)",170-6,9.20,10.40,OK,"Μπιφτέκι γαλοπούλας (150γρ), Πατάτα, μαγειρεμένη (240γρ), Καρότο, roasted (50γρ), Σάλτσα μουστάρδας (για πατάτες) (15γρ), Ελαιόλαδο (10γρ)",1.35,1.53,0.14,0.17,1.49,1.49,1.70,16.20%,€7.71,14.67%,1.52%,637,70,25,30,https://drive.google.com/file/d/1LWADEV2j012D8zEKajJ3m-XlwRwuu57S/view?usp=sharing,https://drive.google.com/file/d/1LWADEV2j012D8zEKajJ3m-XlwRwuu57S/view?usp=sharing
Ψητές επιλογές,ΟΧΙ,Μπιφτέκι γαλοπούλας με πατάτες φούρνου και ψητά καρότα,"Μπιφτέκι γαλοπούλας (180γρ), Πατάτες φούρνου (80γρ)","Γαλοπούλα, Κοτόπουλο, Ντομάτα, Φρυγανιά, Καρότο, Κολοκύθι, Κινόα, Αυγό, Σκόρδο, Κρεμμύδι, Δενδρολίβανο, Κάρυ, Πατάτα, Μουστάρδα, Χυμός λεμονιού, Μέλι, Ρίγανη, Μουστάρδα, Ζωμός κοτόπουλου, Μέλι","Μπιφτέκι γαλοπούλας (180γρ), Πατάτες φούρνου (80γρ), Ψητά καρότα (50γρ), Σάλτσα μουστάρδας (15γρ)",170-7,9.20,10.40,Product Cost Change,"Μπιφτέκι γαλοπούλας (180γρ), Πατάτα, μαγειρεμένη (80γρ), Καρότο, roasted (50γρ), Σάλτσα μουστάρδας (για πατάτες) (15γρ), Ελαιόλαδο (10γρ)",1.35,1.53,0.14,0.17,1.48,1.49,1.70,16.20%,€7.71,14.67%,1.52%,553,41,26,33,https://drive.google.com/file/d/1LWADEV2j012D8zEKajJ3m-XlwRwuu57S/view?usp=sharing,https://drive.google.com/file/d/1LWADEV2j012D8zEKajJ3m-XlwRwuu57S/view?usp=sharing
Ψητές επιλογές,ΝΑΙ,Μπιφτέκι γαλοπούλας με πατάτες φούρνου και ψητά καρότα,"Μπιφτέκι γαλοπούλας (180γρ), Πατάτες φούρνου (160γρ)","Γαλοπούλα, Κοτόπουλο, Ντομάτα, Φρυγανιά, Καρότο, Κολοκύθι, Κινόα, Αυγό, Σκόρδο, Κρεμμύδι, Δενδρολίβανο, Κάρυ, Πατάτα, Μουστάρδα, Χυμός λεμονιού, Μέλι, Ρίγανη, Μουστάρδα, Ζωμός κοτόπουλου, Μέλι","Μπιφτέκι γαλοπούλας (180γρ), Πατάτες φούρνου (160γρ), Ψητά καρότα (50γρ), Σάλτσα μουστάρδας (15γρ)",170-8,9.65,10.90,OK,"Μπιφτέκι γαλοπούλας (180γρ), Πατάτα, μαγειρεμένη (160γρ), Καρότο, roasted (50γρ), Σάλτσα μουστάρδας (για πατάτες) (15γρ), Ελαιόλαδο (10γρ)",1.44,1.63,0.14,0.17,1.58,1.58,1.80,16.37%,€8.07,14.92%,1.45%,622,57,27,33,https://drive.google.com/file/d/1LWADEV2j012D8zEKajJ3m-XlwRwuu57S/view?usp=sharing,https://drive.google.com/file/d/1LWADEV2j012D8zEKajJ3m-XlwRwuu57S/view?usp=sharing
Ψητές επιλογές,ΟΧΙ,Μπιφτέκι γαλοπούλας με πατάτες φούρνου και ψητά καρότα,"Μπιφτέκι γαλοπούλας (180γρ), Πατάτες φούρνου (240γρ)","Γαλοπούλα, Κοτόπουλο, Ντομάτα, Φρυγανιά, Καρότο, Κολοκύθι, Κινόα, Αυγό, Σκόρδο, Κρεμμύδι, Δενδρολίβανο, Κάρυ, Πατάτα, Μουστάρδα, Χυμός λεμονιού, Μέλι, Ρίγανη, Μουστάρδα, Ζωμός κοτόπουλου, Μέλι","Μπιφτέκι γαλοπούλας (180γρ), Πατάτες φούρνου (240γρ), Ψητά καρότα (50γρ), Σάλτσα μουστάρδας (15γρ)",170-9,10.09,11.40,OK,"Μπιφτέκι γαλοπούλας (180γρ), Πατάτα, μαγειρεμένη (240γρ), Καρότο, roasted (50γρ), Σάλτσα μουστάρδας (για πατάτες) (15γρ), Ελαιόλαδο (10γρ)",1.53,1.73,0.14,0.17,1.67,1.67,1.90,16.55%,€8.42,15.16%,1.39%,692,73,29,33,https://drive.google.com/file/d/1LWADEV2j012D8zEKajJ3m-XlwRwuu57S/view?usp=sharing,https://drive.google.com/file/d/1LWADEV2j012D8zEKajJ3m-XlwRwuu57S/view?usp=sharing
Ψητές επιλογές,ΟΧΙ,Μπιφτέκι γαλοπούλας με πατάτες φούρνου και ψητά καρότα,"Μπιφτέκι γαλοπούλας (210γρ), Πατάτες φούρνου (80γρ)","Γαλοπούλα, Κοτόπουλο, Ντομάτα, Φρυγανιά, Καρότο, Κολοκύθι, Κινόα, Αυγό, Σκόρδο, Κρεμμύδι, Δενδρολίβανο, Κάρυ, Πατάτα, Μουστάρδα, Χυμός λεμονιού, Μέλι, Ρίγανη, Μουστάρδα, Ζωμός κοτόπουλου, Μέλι","Μπιφτέκι γαλοπούλας (210γρ), Πατάτες φούρνου (80γρ), Ψητά καρότα (50γρ), Σάλτσα μουστάρδας (15γρ)",170-10,10.09,11.40,Product Cost Change,"Μπιφτέκι γαλοπούλας (210γρ), Πατάτα, μαγειρεμένη (80γρ), Καρότο, roasted (50γρ), Σάλτσα μουστάρδας (για πατάτες) (15γρ), Ελαιόλαδο (10γρ)",1.53,1.73,0.14,0.17,1.66,1.67,1.90,16.55%,€8.42,15.16%,1.39%,608,44,30,36,https://drive.google.com/file/d/1LWADEV2j012D8zEKajJ3m-XlwRwuu57S/view?usp=sharing,https://drive.google.com/file/d/1LWADEV2j012D8zEKajJ3m-XlwRwuu57S/view?usp=sharing
Ψητές επιλογές,ΟΧΙ,Μπιφτέκι γαλοπούλας με πατάτες φούρνου και ψητά καρότα,"Μπιφτέκι γαλοπούλας (210γρ), Πατάτες φούρνου (160γρ)","Γαλοπούλα, Κοτόπουλο, Ντομάτα, Φρυγανιά, Καρότο, Κολοκύθι, Κινόα, Αυγό, Σκόρδο, Κρεμμύδι, Δενδρολίβανο, Κάρυ, Πατάτα, Μουστάρδα, Χυμός λεμονιού, Μέλι, Ρίγανη, Μουστάρδα, Ζωμός κοτόπουλου, Μέλι","Μπιφτέκι γαλοπούλας (210γρ), Πατάτες φούρνου (160γρ), Ψητά καρότα (50γρ), Σάλτσα μουστάρδας (15γρ)",170-11,10.53,11.90,OK,"Μπιφτέκι γαλοπούλας (210γρ), Πατάτα, μαγειρεμένη (160γρ), Καρότο, roasted (50γρ), Σάλτσα μουστάρδας (για πατάτες) (15γρ), Ελαιόλαδο (10γρ)",1.62,1.83,0.14,0.17,1.76,1.76,2.00,16.71%,€8.77,15.38%,1.33%,678,60,31,36,https://drive.google.com/file/d/1LWADEV2j012D8zEKajJ3m-XlwRwuu57S/view?usp=sharing,https://drive.google.com/file/d/1LWADEV2j012D8zEKajJ3m-XlwRwuu57S/view?usp=sharing
Ψητές επιλογές,ΟΧΙ,Μπιφτέκι γαλοπούλας με πατάτες φούρνου και ψητά καρότα,"Μπιφτέκι γαλοπούλας (210γρ), Πατάτες φούρνου (240γρ)","Γαλοπούλα, Κοτόπουλο, Ντομάτα, Φρυγανιά, Καρότο, Κολοκύθι, Κινόα, Αυγό, Σκόρδο, Κρεμμύδι, Δενδρολίβανο, Κάρυ, Πατάτα, Μουστάρδα, Χυμός λεμονιού, Μέλι, Ρίγανη, Μουστάρδα, Ζωμός κοτόπουλου, Μέλι","Μπιφτέκι γαλοπούλας (210γρ), Πατάτες φούρνου (240γρ), Ψητά καρότα (50γρ), Σάλτσα μουστάρδας (15γρ)",170-12,10.97,12.40,OK,"Μπιφτέκι γαλοπούλας (210γρ), Πατάτα, μαγειρεμένη (240γρ), Καρότο, roasted (50γρ), Σάλτσα μουστάρδας (για πατάτες) (15γρ), Ελαιόλαδο (10γρ)",1.71,1.93,0.14,0.17,1.85,1.85,2.11,16.86%,€9.12,15.59%,1.28%,748,76,33,36,https://drive.google.com/file/d/1LWADEV2j012D8zEKajJ3m-XlwRwuu57S/view?usp=sharing,https://drive.google.com/file/d/1LWADEV2j012D8zEKajJ3m-XlwRwuu57S/view?usp=sharing
Ψητές επιλογές,ΟΧΙ,Μπιφτέκι γαλοπούλας με ρύζι basmati και ψητά λαχανικά,"Μπιφτέκι γαλοπούλας (120γρ), Ρύζι basmati (60γρ)","Γαλοπούλα, Κοτόπουλο, Ντομάτα, Φρυγανιά, Καρότο, Κολοκύθι, Κινόα, Αυγό, Σκόρδο, Κρεμμύδι, Δενδρολίβανο, Κάρυ, Ρύζι, Λαχανικά","Μπιφτέκι γαλοπούλας (120γρ), Ρύζι basmati (60γρ), Ψητά λαχανικά (80γρ)",160-1,7.43,8.40,OK,"Μπιφτέκι γαλοπούλας (120γρ), Ρύζι (60γρ), Λαχανικά ψητά (80γρ), Ελαιόλαδο (10γρ)",1.59,1.80,0.14,0.17,1.73,1.73,1.97,23.28%,€5.70,21.40%,1.88%,417,30,18,26,https://drive.google.com/file/d/1JNYYHVe7VXTz93BZTW5i98CHBA0ApMaK/view?usp=sharing,https://drive.google.com/file/d/1JNYYHVe7VXTz93BZTW5i98CHBA0ApMaK/view?usp=sharing
Ψητές επιλογές,ΟΧΙ,Μπιφτέκι γαλοπούλας με ρύζι basmati και ψητά λαχανικά,"Μπιφτέκι γαλοπούλας (120γρ), Ρύζι basmati (120γρ)","Γαλοπούλα, Κοτόπουλο, Ντομάτα, Φρυγανιά, Καρότο, Κολοκύθι, Κινόα, Αυγό, Σκόρδο, Κρεμμύδι, Δενδρολίβανο, Κάρυ, Ρύζι, Λαχανικά","Μπιφτέκι γαλοπούλας (120γρ), Ρύζι basmati (120γρ), Ψητά λαχανικά (80γρ)",160-2,7.88,8.90,OK,"Μπιφτέκι γαλοπούλας (120γρ), Ρύζι (120γρ), Λαχανικά ψητά (80γρ), Ελαιόλαδο (10γρ)",1.66,1.88,0.14,0.17,1.80,1.80,2.05,22.84%,€6.08,21.07%,1.78%,509,46,19,28,https://drive.google.com/file/d/1JNYYHVe7VXTz93BZTW5i98CHBA0ApMaK/view?usp=sharing,https://drive.google.com/file/d/1JNYYHVe7VXTz93BZTW5i98CHBA0ApMaK/view?usp=sharing
Ψητές επιλογές,ΟΧΙ,Μπιφτέκι γαλοπούλας με ρύζι basmati και ψητά λαχανικά,"Μπιφτέκι γαλοπούλας (120γρ), Ρύζι basmati (180γρ)","Γαλοπούλα, Κοτόπουλο, Ντομάτα, Φρυγανιά, Καρότο, Κολοκύθι, Κινόα, Αυγό, Σκόρδο, Κρεμμύδι, Δενδρολίβανο, Κάρυ, Ρύζι, Λαχανικά","Μπιφτέκι γαλοπούλας (120γρ), Ρύζι basmati (180γρ), Ψητά λαχανικά (80γρ)",160-3,8.32,9.40,OK,"Μπιφτέκι γαλοπούλας (120γρ), Ρύζι (180γρ), Λαχανικά ψητά (80γρ), Ελαιόλαδο (10γρ)",1.72,1.94,0.14,0.17,1.86,1.86,2.12,22.36%,€6.46,20.67%,1.68%,601,61,21,31,https://drive.google.com/file/d/1JNYYHVe7VXTz93BZTW5i98CHBA0ApMaK/view?usp=sharing,https://drive.google.com/file/d/1JNYYHVe7VXTz93BZTW5i98CHBA0ApMaK/view?usp=sharing
Ψητές επιλογές,ΟΧΙ,Μπιφτέκι γαλοπούλας με ρύζι basmati και ψητά λαχανικά,"Μπιφτέκι γαλοπούλας (150γρ), Ρύζι basmati (60γρ)","Γαλοπούλα, Κοτόπουλο, Ντομάτα, Φρυγανιά, Καρότο, Κολοκύθι, Κινόα, Αυγό, Σκόρδο, Κρεμμύδι, Δενδρολίβανο, Κάρυ, Ρύζι, Λαχανικά","Μπιφτέκι γαλοπούλας (150γρ), Ρύζι basmati (60γρ), Ψητά λαχανικά (80γρ)",160-4,8.32,9.40,OK,"Μπιφτέκι γαλοπούλας (150γρ), Ρύζι (60γρ), Λαχανικά ψητά (80γρ), Ελαιόλαδο (10γρ)",1.77,2.00,0.14,0.17,1.91,1.91,2.17,22.96%,€6.41,21.27%,1.68%,473,33,22,29,https://drive.google.com/file/d/1JNYYHVe7VXTz93BZTW5i98CHBA0ApMaK/view?usp=sharing,https://drive.google.com/file/d/1JNYYHVe7VXTz93BZTW5i98CHBA0ApMaK/view?usp=sharing
Ψητές επιλογές,ΟΧΙ,Μπιφτέκι γαλοπούλας με ρύζι basmati και ψητά λαχανικά,"Μπιφτέκι γαλοπούλας (150γρ), Ρύζι basmati (120γρ)","Γαλοπούλα, Κοτόπουλο, Ντομάτα, Φρυγανιά, Καρότο, Κολοκύθι, Κινόα, Αυγό, Σκόρδο, Κρεμμύδι, Δενδρολίβανο, Κάρυ, Ρύζι, Λαχανικά","Μπιφτέκι γαλοπούλας (150γρ), Ρύζι basmati (120γρ), Ψητά λαχανικά (80γρ)",160-5,8.76,9.90,OK,"Μπιφτέκι γαλοπούλας (150γρ), Ρύζι (120γρ), Λαχανικά ψητά (80γρ), Ελαιόλαδο (10γρ)",1.84,2.08,0.14,0.17,1.98,1.98,2.25,22.60%,€6.78,21.00%,1.60%,565,49,23,31,https://drive.google.com/file/d/1JNYYHVe7VXTz93BZTW5i98CHBA0ApMaK/view?usp=sharing,https://drive.google.com/file/d/1JNYYHVe7VXTz93BZTW5i98CHBA0ApMaK/view?usp=sharing
Ψητές επιλογές,ΟΧΙ,Μπιφτέκι γαλοπούλας με ρύζι basmati και ψητά λαχανικά,"Μπιφτέκι γαλοπούλας (150γρ), Ρύζι basmati (180γρ)","Γαλοπούλα, Κοτόπουλο, Ντομάτα, Φρυγανιά, Καρότο, Κολοκύθι, Κινόα, Αυγό, Σκόρδο, Κρεμμύδι, Δενδρολίβανο, Κάρυ, Ρύζι, Λαχανικά","Μπιφτέκι γαλοπούλας (150γρ), Ρύζι basmati (180γρ), Ψητά λαχανικά (80γρ)",160-6,9.20,10.40,OK,"Μπιφτέκι γαλοπούλας (150γρ), Ρύζι (180γρ), Λαχανικά ψητά (80γρ), Ελαιόλαδο (10γρ)",1.90,2.15,0.14,0.17,2.04,2.04,2.32,22.17%,€7.16,20.65%,1.52%,657,64,25,34,https://drive.google.com/file/d/1JNYYHVe7VXTz93BZTW5i98CHBA0ApMaK/view?usp=sharing,https://drive.google.com/file/d/1JNYYHVe7VXTz93BZTW5i98CHBA0ApMaK/view?usp=sharing
Ψητές επιλογές,ΟΧΙ,Μπιφτέκι γαλοπούλας με ρύζι basmati και ψητά λαχανικά,"Μπιφτέκι γαλοπούλας (180γρ), Ρύζι basmati (120γρ)","Γαλοπούλα, Κοτόπουλο, Ντομάτα, Φρυγανιά, Καρότο, Κολοκύθι, Κινόα, Αυγό, Σκόρδο, Κρεμμύδι, Δενδρολίβανο, Κάρυ, Ρύζι, Λαχανικά","Μπιφτέκι γαλοπούλας (180γρ), Ρύζι basmati (120γρ), Ψητά λαχανικά (80γρ)",160-7,9.20,10.40,OK,"Μπιφτέκι γαλοπούλας (180γρ), Ρύζι (120γρ), Λαχανικά ψητά (80γρ), Ελαιόλαδο (10γρ)",2.02,2.28,0.14,0.17,2.16,2.16,2.46,23.48%,€7.04,21.96%,1.52%,620,51,27,35,https://drive.google.com/file/d/1JNYYHVe7VXTz93BZTW5i98CHBA0ApMaK/view?usp=sharing,https://drive.google.com/file/d/1JNYYHVe7VXTz93BZTW5i98CHBA0ApMaK/view?usp=sharing
Ψητές επιλογές,ΝΑΙ,Μπιφτέκι γαλοπούλας με ρύζι basmati και ψητά λαχανικά,"Μπιφτέκι γαλοπούλας (180γρ), Ρύζι basmati (180γρ)","Γαλοπούλα, Κοτόπουλο, Ντομάτα, Φρυγανιά, Καρότο, Κολοκύθι, Κινόα, Αυγό, Σκόρδο, Κρεμμύδι, Δενδρολίβανο, Κάρυ, Ρύζι, Λαχανικά","Μπιφτέκι γαλοπούλας (180γρ), Ρύζι basmati (180γρ), Ψητά λαχανικά (80γρ)",160-8,9.65,10.90,OK,"Μπιφτέκι γαλοπούλας (180γρ), Ρύζι (180γρ), Λαχανικά ψητά (80γρ), Ελαιόλαδο (10γρ)",2.08,2.35,0.14,0.17,2.22,2.22,2.52,23.01%,€7.43,21.55%,1.45%,712,67,29,37,https://drive.google.com/file/d/1JNYYHVe7VXTz93BZTW5i98CHBA0ApMaK/view?usp=sharing,https://drive.google.com/file/d/1JNYYHVe7VXTz93BZTW5i98CHBA0ApMaK/view?usp=sharing
Ψητές επιλογές,ΟΧΙ,Μπιφτέκι γαλοπούλας με ρύζι basmati και ψητά λαχανικά,"Μπιφτέκι γαλοπούλας (180γρ), Ρύζι basmati (240γρ)","Γαλοπούλα, Κοτόπουλο, Ντομάτα, Φρυγανιά, Καρότο, Κολοκύθι, Κινόα, Αυγό, Σκόρδο, Κρεμμύδι, Δενδρολίβανο, Κάρυ, Ρύζι, Λαχανικά","Μπιφτέκι γαλοπούλας (180γρ), Ρύζι basmati (240γρ), Ψητά λαχανικά (80γρ)",160-9,10.09,11.40,OK,"Μπιφτέκι γαλοπούλας (180γρ), Ρύζι (240γρ), Λαχανικά ψητά (80γρ), Ελαιόλαδο (10γρ)",2.14,2.42,0.14,0.17,2.28,2.28,2.59,22.60%,€7.81,21.21%,1.39%,804,82,30,40,https://drive.google.com/file/d/1JNYYHVe7VXTz93BZTW5i98CHBA0ApMaK/view?usp=sharing,https://drive.google.com/file/d/1JNYYHVe7VXTz93BZTW5i98CHBA0ApMaK/view?usp=sharing
Ψητές επιλογές,ΟΧΙ,Μπιφτέκι γαλοπούλας με ρύζι basmati και ψητά λαχανικά,"Μπιφτέκι γαλοπούλας (210γρ), Ρύζι basmati (120γρ)","Γαλοπούλα, Κοτόπουλο, Ντομάτα, Φρυγανιά, Καρότο, Κολοκύθι, Κινόα, Αυγό, Σκόρδο, Κρεμμύδι, Δενδρολίβανο, Κάρυ, Ρύζι, Λαχανικά","Μπιφτέκι γαλοπούλας (210γρ), Ρύζι basmati (120γρ), Ψητά λαχανικά (80γρ)",160-10,10.09,11.40,OK,"Μπιφτέκι γαλοπούλας (210γρ), Ρύζι (120γρ), Λαχανικά ψητά (80γρ), Ελαιόλαδο (10γρ)",2.20,2.49,0.14,0.17,2.34,2.34,2.66,23.19%,€7.75,21.80%,1.39%,676,54,31,38,https://drive.google.com/file/d/1JNYYHVe7VXTz93BZTW5i98CHBA0ApMaK/view?usp=sharing,https://drive.google.com/file/d/1JNYYHVe7VXTz93BZTW5i98CHBA0ApMaK/view?usp=sharing
Ψητές επιλογές,ΟΧΙ,Μπιφτέκι γαλοπούλας με ρύζι basmati και ψητά λαχανικά,"Μπιφτέκι γαλοπούλας (210γρ), Ρύζι basmati (180γρ)","Γαλοπούλα, Κοτόπουλο, Ντομάτα, Φρυγανιά, Καρότο, Κολοκύθι, Κινόα, Αυγό, Σκόρδο, Κρεμμύδι, Δενδρολίβανο, Κάρυ, Ρύζι, Λαχανικά","Μπιφτέκι γαλοπούλας (210γρ), Ρύζι basmati (180γρ), Ψητά λαχανικά (80γρ)",160-11,10.53,11.90,OK,"Μπιφτέκι γαλοπούλας (210γρ), Ρύζι (180γρ), Λαχανικά ψητά (80γρ), Ελαιόλαδο (10γρ)",2.26,2.55,0.14,0.17,2.40,2.40,2.73,22.79%,€8.13,21.46%,1.33%,768,70,32,40,https://drive.google.com/file/d/1JNYYHVe7VXTz93BZTW5i98CHBA0ApMaK/view?usp=sharing,https://drive.google.com/file/d/1JNYYHVe7VXTz93BZTW5i98CHBA0ApMaK/view?usp=sharing
Ψητές επιλογές,ΟΧΙ,Μπιφτέκι γαλοπούλας με ρύζι basmati και ψητά λαχανικά,"Μπιφτέκι γαλοπούλας (210γρ), Ρύζι basmati (240γρ)","Γαλοπούλα, Κοτόπουλο, Ντομάτα, Φρυγανιά, Καρότο, Κολοκύθι, Κινόα, Αυγό, Σκόρδο, Κρεμμύδι, Δενδρολίβανο, Κάρυ, Ρύζι, Λαχανικά","Μπιφτέκι γαλοπούλας (210γρ), Ρύζι basmati (240γρ), Ψητά λαχανικά (80γρ)",160-12,10.97,12.40,OK,"Μπιφτέκι γαλοπούλας (210γρ), Ρύζι (240γρ), Λαχανικά ψητά (80γρ), Ελαιόλαδο (10γρ)",2.32,2.62,0.14,0.17,2.46,2.46,2.80,22.42%,€8.51,21.15%,1.28%,860,85,34,43,https://drive.google.com/file/d/1JNYYHVe7VXTz93BZTW5i98CHBA0ApMaK/view?usp=sharing,https://drive.google.com/file/d/1JNYYHVe7VXTz93BZTW5i98CHBA0ApMaK/view?usp=sharing
Ψητές επιλογές,ΟΧΙ,Μπιφτέκι μοσχαρίσιο με πουρέ γλυκοπατάτας,"Μπιφτέκι μοσχαρίσιο (120γρ), Πουρές γλυκοπατάτας (120γρ)","Μοσχάρι, Ντομάτα, Ψωμί, Γάλα, Μουστάρδα, Μαϊντανός, Αυγό, Σκόρδο, Κρεμμύδι, Δυόσμος, Γλυκοπατάτα","Μπιφτέκι μοσχαρίσιο (120γρ), Πουρές γλυκοπατάτας (120γρ)",140-1,7.88,8.90,OK,"Μπιφτέκι μοσχαρίσιο (120γρ), Πουρές γλυκοπατάτας (120γρ)",1.50,1.70,0.14,0.17,1.64,1.64,1.87,20.81%,€6.24,19.04%,1.78%,544,38,22,34,https://drive.google.com/file/d/1To2s8Op5lX1oMyHjiJ3Y4hxhvtSlSEUk/view?usp=sharing,https://drive.google.com/file/d/1To2s8Op5lX1oMyHjiJ3Y4hxhvtSlSEUk/view?usp=sharing
Ψητές επιλογές,ΟΧΙ,Μπιφτέκι μοσχαρίσιο με πουρέ γλυκοπατάτας,"Μπιφτέκι μοσχαρίσιο (120γρ), Πουρές γλυκοπατάτας (180γρ)","Μοσχάρι, Ντομάτα, Ψωμί, Γάλα, Μουστάρδα, Μαϊντανός, Αυγό, Σκόρδο, Κρεμμύδι, Δυόσμος, Γλυκοπατάτα","Μπιφτέκι μοσχαρίσιο (120γρ), Πουρές γλυκοπατάτας (180γρ)",140-2,8.32,9.40,OK,"Μπιφτέκι μοσχαρίσιο (120γρ), Πουρές γλυκοπατάτας (180γρ)",1.74,1.97,0.14,0.17,1.88,1.88,2.14,22.60%,€6.44,20.91%,1.68%,671,48,23,43,https://drive.google.com/file/d/1To2s8Op5lX1oMyHjiJ3Y4hxhvtSlSEUk/view?usp=sharing,https://drive.google.com/file/d/1To2s8Op5lX1oMyHjiJ3Y4hxhvtSlSEUk/view?usp=sharing
Ψητές επιλογές,ΟΧΙ,Μπιφτέκι μοσχαρίσιο με πουρέ γλυκοπατάτας,"Μπιφτέκι μοσχαρίσιο (120γρ), Πουρές γλυκοπατάτας (220γρ)","Μοσχάρι, Ντομάτα, Ψωμί, Γάλα, Μουστάρδα, Μαϊντανός, Αυγό, Σκόρδο, Κρεμμύδι, Δυόσμος, Γλυκοπατάτα","Μπιφτέκι μοσχαρίσιο (120γρ), Πουρές γλυκοπατάτας (220γρ)",140-3,8.76,9.90,OK,"Μπιφτέκι μοσχαρίσιο (120γρ), Πουρές γλυκοπατάτας (220γρ)",1.90,2.15,0.14,0.17,2.04,2.04,2.32,23.29%,€6.72,21.69%,1.60%,755,55,23,50,https://drive.google.com/file/d/1To2s8Op5lX1oMyHjiJ3Y4hxhvtSlSEUk/view?usp=sharing,https://drive.google.com/file/d/1To2s8Op5lX1oMyHjiJ3Y4hxhvtSlSEUk/view?usp=sharing
Ψητές επιλογές,ΟΧΙ,Μπιφτέκι μοσχαρίσιο με πουρέ γλυκοπατάτας,"Μπιφτέκι μοσχαρίσιο (150γρ), Πουρές γλυκοπατάτας (120γρ)","Μοσχάρι, Ντομάτα, Ψωμί, Γάλα, Μουστάρδα, Μαϊντανός, Αυγό, Σκόρδο, Κρεμμύδι, Δυόσμος, Γλυκοπατάτα","Μπιφτέκι μοσχαρίσιο (150γρ), Πουρές γλυκοπατάτας (120γρ)",140-4,8.76,9.90,OK,"Μπιφτέκι μοσχαρίσιο (150γρ), Πουρές γλυκοπατάτας (120γρ)",1.76,1.99,0.14,0.17,1.90,1.90,2.16,21.69%,€6.86,20.09%,1.60%,617,42,26,38,https://drive.google.com/file/d/1To2s8Op5lX1oMyHjiJ3Y4hxhvtSlSEUk/view?usp=sharing,https://drive.google.com/file/d/1To2s8Op5lX1oMyHjiJ3Y4hxhvtSlSEUk/view?usp=sharing
Ψητές επιλογές,ΟΧΙ,Μπιφτέκι μοσχαρίσιο με πουρέ γλυκοπατάτας,"Μπιφτέκι μοσχαρίσιο (150γρ), Πουρές γλυκοπατάτας (180γρ)","Μοσχάρι, Ντομάτα, Ψωμί, Γάλα, Μουστάρδα, Μαϊντανός, Αυγό, Σκόρδο, Κρεμμύδι, Δυόσμος, Γλυκοπατάτα","Μπιφτέκι μοσχαρίσιο (150γρ), Πουρές γλυκοπατάτας (180γρ)",140-5,9.20,10.40,OK,"Μπιφτέκι μοσχαρίσιο (150γρ), Πουρές γλυκοπατάτας (180γρ)",2.00,2.26,0.14,0.17,2.14,2.14,2.43,23.26%,€7.06,21.74%,1.52%,743,53,27,47,https://drive.google.com/file/d/1To2s8Op5lX1oMyHjiJ3Y4hxhvtSlSEUk/view?usp=sharing,https://drive.google.com/file/d/1To2s8Op5lX1oMyHjiJ3Y4hxhvtSlSEUk/view?usp=sharing
Ψητές επιλογές,ΟΧΙ,Μπιφτέκι μοσχαρίσιο με πουρέ γλυκοπατάτας,"Μπιφτέκι μοσχαρίσιο (150γρ), Πουρές γλυκοπατάτας (220γρ)","Μοσχάρι, Ντομάτα, Ψωμί, Γάλα, Μουστάρδα, Μαϊντανός, Αυγό, Σκόρδο, Κρεμμύδι, Δυόσμος, Γλυκοπατάτα","Μπιφτέκι μοσχαρίσιο (150γρ), Πουρές γλυκοπατάτας (220γρ)",140-6,9.65,10.90,OK,"Μπιφτέκι μοσχαρίσιο (150γρ), Πουρές γλυκοπατάτας (220γρ)",2.16,2.44,0.14,0.17,2.30,2.30,2.61,23.83%,€7.35,22.38%,1.45%,828,60,28,54,https://drive.google.com/file/d/1To2s8Op5lX1oMyHjiJ3Y4hxhvtSlSEUk/view?usp=sharing,https://drive.google.com/file/d/1To2s8Op5lX1oMyHjiJ3Y4hxhvtSlSEUk/view?usp=sharing
Ψητές επιλογές,ΟΧΙ,Μπιφτέκι μοσχαρίσιο με πουρέ γλυκοπατάτας,"Μπιφτέκι μοσχαρίσιο (180γρ), Πουρές γλυκοπατάτας (120γρ)","Μοσχάρι, Ντομάτα, Ψωμί, Γάλα, Μουστάρδα, Μαϊντανός, Αυγό, Σκόρδο, Κρεμμύδι, Δυόσμος, Γλυκοπατάτα","Μπιφτέκι μοσχαρίσιο (180γρ), Πουρές γλυκοπατάτας (120γρ)",140-7,9.65,10.90,OK,"Μπιφτέκι μοσχαρίσιο (180γρ), Πουρές γλυκοπατάτας (120γρ)",2.02,2.28,0.14,0.17,2.16,2.16,2.46,22.38%,€7.49,20.93%,1.45%,689,46,31,42,https://drive.google.com/file/d/1To2s8Op5lX1oMyHjiJ3Y4hxhvtSlSEUk/view?usp=sharing,https://drive.google.com/file/d/1To2s8Op5lX1oMyHjiJ3Y4hxhvtSlSEUk/view?usp=sharing
Ψητές επιλογές,ΝΑΙ,Μπιφτέκι μοσχαρίσιο με πουρέ γλυκοπατάτας,"Μπιφτέκι μοσχαρίσιο (180γρ), Πουρές γλυκοπατάτας (180γρ)","Μοσχάρι, Ντομάτα, Ψωμί, Γάλα, Μουστάρδα, Μαϊντανός, Αυγό, Σκόρδο, Κρεμμύδι, Δυόσμος, Γλυκοπατάτα","Μπιφτέκι μοσχαρίσιο (180γρ), Πουρές γλυκοπατάτας (180γρ)",140-8,10.09,11.40,OK,"Μπιφτέκι μοσχαρίσιο (180γρ), Πουρές γλυκοπατάτας (180γρ)",2.26,2.55,0.14,0.17,2.40,2.40,2.73,23.79%,€7.69,22.40%,1.39%,816,57,32,51,https://drive.google.com/file/d/1To2s8Op5lX1oMyHjiJ3Y4hxhvtSlSEUk/view?usp=sharing,https://drive.google.com/file/d/1To2s8Op5lX1oMyHjiJ3Y4hxhvtSlSEUk/view?usp=sharing
Ψητές επιλογές,ΟΧΙ,Μπιφτέκι μοσχαρίσιο με πουρέ γλυκοπατάτας,"Μπιφτέκι μοσχαρίσιο (180γρ), Πουρές γλυκοπατάτας (220γρ)","Μοσχάρι, Ντομάτα, Ψωμί, Γάλα, Μουστάρδα, Μαϊντανός, Αυγό, Σκόρδο, Κρεμμύδι, Δυόσμος, Γλυκοπατάτα","Μπιφτέκι μοσχαρίσιο (180γρ), Πουρές γλυκοπατάτας (220γρ)",140-9,10.53,11.90,OK,"Μπιφτέκι μοσχαρίσιο (180γρ), Πουρές γλυκοπατάτας (220γρ)",2.42,2.73,0.14,0.17,2.56,2.56,2.91,24.31%,€7.97,22.98%,1.33%,900,64,33,58,https://drive.google.com/file/d/1To2s8Op5lX1oMyHjiJ3Y4hxhvtSlSEUk/view?usp=sharing,https://drive.google.com/file/d/1To2s8Op5lX1oMyHjiJ3Y4hxhvtSlSEUk/view?usp=sharing
Ψητές επιλογές,ΟΧΙ,Μπιφτέκι μοσχαρίσιο με πουρέ γλυκοπατάτας,"Μπιφτέκι μοσχαρίσιο (210γρ), Πουρές γλυκοπατάτας (120γρ)","Μοσχάρι, Ντομάτα, Ψωμί, Γάλα, Μουστάρδα, Μαϊντανός, Αυγό, Σκόρδο, Κρεμμύδι, Δυόσμος, Γλυκοπατάτα","Μπιφτέκι μοσχαρίσιο (210γρ), Πουρές γλυκοπατάτας (120γρ)",140-10,10.53,11.90,OK,"Μπιφτέκι μοσχαρίσιο (210γρ), Πουρές γλυκοπατάτας (120γρ)",2.27,2.57,0.14,0.17,2.41,2.41,2.74,22.89%,€8.12,21.56%,1.33%,762,50,36,46,https://drive.google.com/file/d/1To2s8Op5lX1oMyHjiJ3Y4hxhvtSlSEUk/view?usp=sharing,https://drive.google.com/file/d/1To2s8Op5lX1oMyHjiJ3Y4hxhvtSlSEUk/view?usp=sharing
Ψητές επιλογές,ΟΧΙ,Μπιφτέκι μοσχαρίσιο με πουρέ γλυκοπατάτας,"Μπιφτέκι μοσχαρίσιο (210γρ), Πουρές γλυκοπατάτας (180γρ)","Μοσχάρι, Ντομάτα, Ψωμί, Γάλα, Μουστάρδα, Μαϊντανός, Αυγό, Σκόρδο, Κρεμμύδι, Δυόσμος, Γλυκοπατάτα","Μπιφτέκι μοσχαρίσιο (210γρ), Πουρές γλυκοπατάτας (180γρ)",140-11,10.97,12.40,OK,"Μπιφτέκι μοσχαρίσιο (210γρ), Πουρές γλυκοπατάτας (180γρ)",2.51,2.84,0.14,0.17,2.65,2.65,3.01,24.16%,€8.32,22.88%,1.28%,889,61,37,55,https://drive.google.com/file/d/1To2s8Op5lX1oMyHjiJ3Y4hxhvtSlSEUk/view?usp=sharing,https://drive.google.com/file/d/1To2s8Op5lX1oMyHjiJ3Y4hxhvtSlSEUk/view?usp=sharing
Ψητές επιλογές,ΟΧΙ,Μπιφτέκι μοσχαρίσιο με πουρέ γλυκοπατάτας,"Μπιφτέκι μοσχαρίσιο (210γρ), Πουρές γλυκοπατάτας (220γρ)","Μοσχάρι, Ντομάτα, Ψωμί, Γάλα, Μουστάρδα, Μαϊντανός, Αυγό, Σκόρδο, Κρεμμύδι, Δυόσμος, Γλυκοπατάτα","Μπιφτέκι μοσχαρίσιο (210γρ), Πουρές γλυκοπατάτας (220γρ)",140-12,11.42,12.90,OK,"Μπιφτέκι μοσχαρίσιο (210γρ), Πουρές γλυκοπατάτας (220γρ)",2.67,3.02,0.14,0.17,2.81,2.81,3.19,24.61%,€8.61,23.38%,1.23%,973,68,38,61,https://drive.google.com/file/d/1To2s8Op5lX1oMyHjiJ3Y4hxhvtSlSEUk/view?usp=sharing,https://drive.google.com/file/d/1To2s8Op5lX1oMyHjiJ3Y4hxhvtSlSEUk/view?usp=sharing
Ψητές επιλογές,ΟΧΙ,Μπιφτέκι μοσχαρίσιο με πουρέ πατάτας,"Μπιφτέκι μοσχαρίσιο (120γρ), Πουρές πατάτας (120γρ)","Μοσχάρι, Ντομάτα, Ψωμί, Γάλα, Μουστάρδα, Μαϊντανός, Αυγό, Σκόρδο, Κρεμμύδι, Δυόσμος, Πατάτα, Γάλα","Μπιφτέκι μοσχαρίσιο (120γρ), Πουρές πατάτας (120γρ)",143-1,7.88,8.90,OK,"Μπιφτέκι μοσχαρίσιο (120γρ), Πουρές πατάτας (120γρ)",1.25,1.41,0.14,0.17,1.39,1.39,1.59,17.64%,€6.49,15.86%,1.78%,442,37,22,23,https://drive.google.com/file/d/1Kr3xsYB8tKaKYU1dD3-zCwZ6HDSbhOOn/view?usp=sharing,https://drive.google.com/file/d/1Kr3xsYB8tKaKYU1dD3-zCwZ6HDSbhOOn/view?usp=sharing
Ψητές επιλογές,ΟΧΙ,Μπιφτέκι μοσχαρίσιο με πουρέ πατάτας,"Μπιφτέκι μοσχαρίσιο (120γρ), Πουρές πατάτας (150γρ)","Μοσχάρι, Ντομάτα, Ψωμί, Γάλα, Μουστάρδα, Μαϊντανός, Αυγό, Σκόρδο, Κρεμμύδι, Δυόσμος, Πατάτα, Γάλα","Μπιφτέκι μοσχαρίσιο (120γρ), Πουρές πατάτας (150γρ)",143-2,8.32,9.40,OK,"Μπιφτέκι μοσχαρίσιο (120γρ), Πουρές πατάτας (150γρ)",1.31,1.48,0.14,0.17,1.45,1.45,1.65,17.43%,€6.87,15.75%,1.68%,480,42,23,25,https://drive.google.com/file/d/1Kr3xsYB8tKaKYU1dD3-zCwZ6HDSbhOOn/view?usp=sharing,https://drive.google.com/file/d/1Kr3xsYB8tKaKYU1dD3-zCwZ6HDSbhOOn/view?usp=sharing
Ψητές επιλογές,ΟΧΙ,Μπιφτέκι μοσχαρίσιο με πουρέ πατάτας,"Μπιφτέκι μοσχαρίσιο (120γρ), Πουρές πατάτας (200γρ)","Μοσχάρι, Ντομάτα, Ψωμί, Γάλα, Μουστάρδα, Μαϊντανός, Αυγό, Σκόρδο, Κρεμμύδι, Δυόσμος, Πατάτα, Γάλα","Μπιφτέκι μοσχαρίσιο (120γρ), Πουρές πατάτας (200γρ)",143-3,8.76,9.90,OK,"Μπιφτέκι μοσχαρίσιο (120γρ), Πουρές πατάτας (200γρ)",1.40,1.58,0.14,0.17,1.54,1.54,1.76,17.58%,€7.22,15.98%,1.60%,543,50,24,28,https://drive.google.com/file/d/1Kr3xsYB8tKaKYU1dD3-zCwZ6HDSbhOOn/view?usp=sharing,https://drive.google.com/file/d/1Kr3xsYB8tKaKYU1dD3-zCwZ6HDSbhOOn/view?usp=sharing
Ψητές επιλογές,ΟΧΙ,Μπιφτέκι μοσχαρίσιο με πουρέ πατάτας,"Μπιφτέκι μοσχαρίσιο (150γρ), Πουρές πατάτας (120γρ)","Μοσχάρι, Ντομάτα, Ψωμί, Γάλα, Μουστάρδα, Μαϊντανός, Αυγό, Σκόρδο, Κρεμμύδι, Δυόσμος, Πατάτα, Γάλα","Μπιφτέκι μοσχαρίσιο (150γρ), Πουρές πατάτας (120γρ)",143-4,8.76,9.90,OK,"Μπιφτέκι μοσχαρίσιο (150γρ), Πουρές πατάτας (120γρ)",1.51,1.71,0.14,0.17,1.65,1.65,1.88,18.84%,€7.11,17.24%,1.60%,515,41,27,27,https://drive.google.com/file/d/1Kr3xsYB8tKaKYU1dD3-zCwZ6HDSbhOOn/view?usp=sharing,https://drive.google.com/file/d/1Kr3xsYB8tKaKYU1dD3-zCwZ6HDSbhOOn/view?usp=sharing
Ψητές επιλογές,ΟΧΙ,Μπιφτέκι μοσχαρίσιο με πουρέ πατάτας,"Μπιφτέκι μοσχαρίσιο (150γρ), Πουρές πατάτας (150γρ)","Μοσχάρι, Ντομάτα, Ψωμί, Γάλα, Μουστάρδα, Μαϊντανός, Αυγό, Σκόρδο, Κρεμμύδι, Δυόσμος, Πατάτα, Γάλα","Μπιφτέκι μοσχαρίσιο (150γρ), Πουρές πατάτας (150γρ)",143-5,9.20,10.40,OK,"Μπιφτέκι μοσχαρίσιο (150γρ), Πουρές πατάτας (150γρ)",1.56,1.76,0.14,0.17,1.70,1.70,1.94,18.48%,€7.50,16.96%,1.52%,552,46,27,29,https://drive.google.com/file/d/1Kr3xsYB8tKaKYU1dD3-zCwZ6HDSbhOOn/view?usp=sharing,https://drive.google.com/file/d/1Kr3xsYB8tKaKYU1dD3-zCwZ6HDSbhOOn/view?usp=sharing
Ψητές επιλογές,ΟΧΙ,Μπιφτέκι μοσχαρίσιο με πουρέ πατάτας,"Μπιφτέκι μοσχαρίσιο (150γρ), Πουρές πατάτας (200γρ)","Μοσχάρι, Ντομάτα, Ψωμί, Γάλα, Μουστάρδα, Μαϊντανός, Αυγό, Σκόρδο, Κρεμμύδι, Δυόσμος, Πατάτα, Γάλα","Μπιφτέκι μοσχαρίσιο (150γρ), Πουρές πατάτας (200γρ)",143-6,9.65,10.90,OK,"Μπιφτέκι μοσχαρίσιο (150γρ), Πουρές πατάτας (200γρ)",1.66,1.88,0.14,0.17,1.80,1.80,2.05,18.65%,€7.85,17.20%,1.45%,615,54,28,32,https://drive.google.com/file/d/1Kr3xsYB8tKaKYU1dD3-zCwZ6HDSbhOOn/view?usp=sharing,https://drive.google.com/file/d/1Kr3xsYB8tKaKYU1dD3-zCwZ6HDSbhOOn/view?usp=sharing
Ψητές επιλογές,ΟΧΙ,Μπιφτέκι μοσχαρίσιο με πουρέ πατάτας,"Μπιφτέκι μοσχαρίσιο (180γρ), Πουρές πατάτας (120γρ)","Μοσχάρι, Ντομάτα, Ψωμί, Γάλα, Μουστάρδα, Μαϊντανός, Αυγό, Σκόρδο, Κρεμμύδι, Δυόσμος, Πατάτα, Γάλα","Μπιφτέκι μοσχαρίσιο (180γρ), Πουρές πατάτας (120γρ)",143-7,9.65,10.90,OK,"Μπιφτέκι μοσχαρίσιο (180γρ), Πουρές πατάτας (120γρ)",1.76,1.99,0.14,0.17,1.90,1.90,2.16,19.69%,€7.75,18.24%,1.45%,587,45,32,31,https://drive.google.com/file/d/1Kr3xsYB8tKaKYU1dD3-zCwZ6HDSbhOOn/view?usp=sharing,https://drive.google.com/file/d/1Kr3xsYB8tKaKYU1dD3-zCwZ6HDSbhOOn/view?usp=sharing
Ψητές επιλογές,ΝΑΙ,Μπιφτέκι μοσχαρίσιο με πουρέ πατάτας,"Μπιφτέκι μοσχαρίσιο (180γρ), Πουρές πατάτας (150γρ)","Μοσχάρι, Ντομάτα, Ψωμί, Γάλα, Μουστάρδα, Μαϊντανός, Αυγό, Σκόρδο, Κρεμμύδι, Δυόσμος, Πατάτα, Γάλα","Μπιφτέκι μοσχαρίσιο (180γρ), Πουρές πατάτας (150γρ)",143-8,10.09,11.40,OK,"Μπιφτέκι μοσχαρίσιο (180γρ), Πουρές πατάτας (150γρ)",1.82,2.06,0.14,0.17,1.96,1.96,2.23,19.43%,€8.13,18.04%,1.39%,625,50,32,33,https://drive.google.com/file/d/1Kr3xsYB8tKaKYU1dD3-zCwZ6HDSbhOOn/view?usp=sharing,https://drive.google.com/file/d/1Kr3xsYB8tKaKYU1dD3-zCwZ6HDSbhOOn/view?usp=sharing
Ψητές επιλογές,ΟΧΙ,Μπιφτέκι μοσχαρίσιο με πουρέ πατάτας,"Μπιφτέκι μοσχαρίσιο (180γρ), Πουρές πατάτας (200γρ)","Μοσχάρι, Ντομάτα, Ψωμί, Γάλα, Μουστάρδα, Μαϊντανός, Αυγό, Σκόρδο, Κρεμμύδι, Δυόσμος, Πατάτα, Γάλα","Μπιφτέκι μοσχαρίσιο (180γρ), Πουρές πατάτας (200γρ)",143-9,10.53,11.90,OK,"Μπιφτέκι μοσχαρίσιο (180γρ), Πουρές πατάτας (200γρ)",1.91,2.16,0.14,0.17,2.05,2.05,2.33,19.47%,€8.48,18.14%,1.33%,688,59,33,36,https://drive.google.com/file/d/1Kr3xsYB8tKaKYU1dD3-zCwZ6HDSbhOOn/view?usp=sharing,https://drive.google.com/file/d/1Kr3xsYB8tKaKYU1dD3-zCwZ6HDSbhOOn/view?usp=sharing
Ψητές επιλογές,ΟΧΙ,Μπιφτέκι μοσχαρίσιο με πουρέ πατάτας,"Μπιφτέκι μοσχαρίσιο (210γρ), Πουρές πατάτας (120γρ)","Μοσχάρι, Ντομάτα, Ψωμί, Γάλα, Μουστάρδα, Μαϊντανός, Αυγό, Σκόρδο, Κρεμμύδι, Δυόσμος, Πατάτα, Γάλα","Μπιφτέκι μοσχαρίσιο (210γρ), Πουρές πατάτας (120γρ)",143-10,10.53,11.90,OK,"Μπιφτέκι μοσχαρίσιο (210γρ), Πουρές πατάτας (120γρ)",2.02,2.28,0.14,0.17,2.16,2.16,2.46,20.51%,€8.37,19.18%,1.33%,660,49,37,35,https://drive.google.com/file/d/1Kr3xsYB8tKaKYU1dD3-zCwZ6HDSbhOOn/view?usp=sharing,https://drive.google.com/file/d/1Kr3xsYB8tKaKYU1dD3-zCwZ6HDSbhOOn/view?usp=sharing
Ψητές επιλογές,ΟΧΙ,Μπιφτέκι μοσχαρίσιο με πουρέ πατάτας,"Μπιφτέκι μοσχαρίσιο (210γρ), Πουρές πατάτας (150γρ)","Μοσχάρι, Ντομάτα, Ψωμί, Γάλα, Μουστάρδα, Μαϊντανός, Αυγό, Σκόρδο, Κρεμμύδι, Δυόσμος, Πατάτα, Γάλα","Μπιφτέκι μοσχαρίσιο (210γρ), Πουρές πατάτας (150γρ)",143-11,10.97,12.40,OK,"Μπιφτέκι μοσχαρίσιο (210γρ), Πουρές πατάτας (150γρ)",2.07,2.34,0.14,0.17,2.21,2.21,2.51,20.15%,€8.76,18.87%,1.28%,698,54,37,37,https://drive.google.com/file/d/1Kr3xsYB8tKaKYU1dD3-zCwZ6HDSbhOOn/view?usp=sharing,https://drive.google.com/file/d/1Kr3xsYB8tKaKYU1dD3-zCwZ6HDSbhOOn/view?usp=sharing
Ψητές επιλογές,ΟΧΙ,Μπιφτέκι μοσχαρίσιο με πουρέ πατάτας,"Μπιφτέκι μοσχαρίσιο (210γρ), Πουρές πατάτας (200γρ)","Μοσχάρι, Ντομάτα, Ψωμί, Γάλα, Μουστάρδα, Μαϊντανός, Αυγό, Σκόρδο, Κρεμμύδι, Δυόσμος, Πατάτα, Γάλα","Μπιφτέκι μοσχαρίσιο (210γρ), Πουρές πατάτας (200γρ)",143-12,11.42,12.90,OK,"Μπιφτέκι μοσχαρίσιο (210γρ), Πουρές πατάτας (200γρ)",2.17,2.45,0.14,0.17,2.31,2.31,2.63,20.23%,€9.11,19.00%,1.23%,761,63,38,40,https://drive.google.com/file/d/1Kr3xsYB8tKaKYU1dD3-zCwZ6HDSbhOOn/view?usp=sharing,https://drive.google.com/file/d/1Kr3xsYB8tKaKYU1dD3-zCwZ6HDSbhOOn/view?usp=sharing
Ψητές επιλογές,ΟΧΙ,Μπιφτέκι μοσχαρίσιο με ρύζι basmati και ψητά καρότα,"Μπιφτέκι μοσχαρίσιο (120γρ), Ρύζι basmati (60γρ)","Μοσχάρι, Ντομάτα, Ψωμί, Γάλα, Μουστάρδα, Μαϊντανός, Αυγό, Σκόρδο, Κρεμμύδι, Δυόσμος, Ρύζι, Καρότο","Μπιφτέκι μοσχαρίσιο (120γρ), Ρύζι basmati (60γρ), Ψητά καρότα (50γρ)",142-1,7.88,8.90,Product Cost Change,"Μπιφτέκι μοσχαρίσιο (120γρ), Ρύζι (60γρ), Καρότο, roasted (50γρ), Ελαιόλαδο (10γρ)",1.24,1.40,0.14,0.17,1.37,1.38,1.57,17.51%,€6.50,15.74%,1.78%,492,37,21,28,https://drive.google.com/file/d/1Kr3rtwhD-TGl3_7emiQNWrRU-f4-ifpY/view?usp=sharing,https://drive.google.com/file/d/1Kr3rtwhD-TGl3_7emiQNWrRU-f4-ifpY/view?usp=sharing
Ψητές επιλογές,ΟΧΙ,Μπιφτέκι μοσχαρίσιο με ρύζι basmati και ψητά καρότα,"Μπιφτέκι μοσχαρίσιο (120γρ), Ρύζι basmati (120γρ)","Μοσχάρι, Ντομάτα, Ψωμί, Γάλα, Μουστάρδα, Μαϊντανός, Αυγό, Σκόρδο, Κρεμμύδι, Δυόσμος, Ρύζι, Καρότο","Μπιφτέκι μοσχαρίσιο (120γρ), Ρύζι basmati (120γρ), Ψητά καρότα (50γρ)",142-2,8.32,9.40,OK,"Μπιφτέκι μοσχαρίσιο (120γρ), Ρύζι (120γρ), Καρότο, roasted (50γρ), Ελαιόλαδο (10γρ)",1.30,1.47,0.14,0.17,1.44,1.44,1.64,17.31%,€6.88,15.63%,1.68%,584,52,23,31,https://drive.google.com/file/d/1Kr3rtwhD-TGl3_7emiQNWrRU-f4-ifpY/view?usp=sharing,https://drive.google.com/file/d/1Kr3rtwhD-TGl3_7emiQNWrRU-f4-ifpY/view?usp=sharing
Ψητές επιλογές,ΟΧΙ,Μπιφτέκι μοσχαρίσιο με ρύζι basmati και ψητά καρότα,"Μπιφτέκι μοσχαρίσιο (120γρ), Ρύζι basmati (180γρ)","Μοσχάρι, Ντομάτα, Ψωμί, Γάλα, Μουστάρδα, Μαϊντανός, Αυγό, Σκόρδο, Κρεμμύδι, Δυόσμος, Ρύζι, Καρότο","Μπιφτέκι μοσχαρίσιο (120γρ), Ρύζι basmati (180γρ), Ψητά καρότα (50γρ)",142-3,8.76,9.90,Product Cost Change,"Μπιφτέκι μοσχαρίσιο (120γρ), Ρύζι (180γρ), Καρότο, roasted (50γρ), Ελαιόλαδο (10γρ)",1.37,1.55,0.14,0.17,1.50,1.51,1.72,17.24%,€7.25,15.64%,1.60%,676,68,24,34,https://drive.google.com/file/d/1Kr3rtwhD-TGl3_7emiQNWrRU-f4-ifpY/view?usp=sharing,https://drive.google.com/file/d/1Kr3rtwhD-TGl3_7emiQNWrRU-f4-ifpY/view?usp=sharing
Ψητές επιλογές,ΟΧΙ,Μπιφτέκι μοσχαρίσιο με ρύζι basmati και ψητά καρότα,"Μπιφτέκι μοσχαρίσιο (150γρ), Ρύζι basmati (60γρ)","Μοσχάρι, Ντομάτα, Ψωμί, Γάλα, Μουστάρδα, Μαϊντανός, Αυγό, Σκόρδο, Κρεμμύδι, Δυόσμος, Ρύζι, Καρότο","Μπιφτέκι μοσχαρίσιο (150γρ), Ρύζι basmati (60γρ), Ψητά καρότα (50γρ)",142-4,8.76,9.90,OK,"Μπιφτέκι μοσχαρίσιο (150γρ), Ρύζι (60γρ), Καρότο, roasted (50γρ), Ελαιόλαδο (10γρ)",1.49,1.68,0.14,0.17,1.63,1.63,1.86,18.61%,€7.13,17.01%,1.60%,564,41,26,32,https://drive.google.com/file/d/1Kr3rtwhD-TGl3_7emiQNWrRU-f4-ifpY/view?usp=sharing,https://drive.google.com/file/d/1Kr3rtwhD-TGl3_7emiQNWrRU-f4-ifpY/view?usp=sharing
Ψητές επιλογές,ΟΧΙ,Μπιφτέκι μοσχαρίσιο με ρύζι basmati και ψητά καρότα,"Μπιφτέκι μοσχαρίσιο (150γρ), Ρύζι basmati (120γρ)","Μοσχάρι, Ντομάτα, Ψωμί, Γάλα, Μουστάρδα, Μαϊντανός, Αυγό, Σκόρδο, Κρεμμύδι, Δυόσμος, Ρύζι, Καρότο","Μπιφτέκι μοσχαρίσιο (150γρ), Ρύζι basmati (120γρ), Ψητά καρότα (50γρ)",142-5,9.20,10.40,Product Cost Change,"Μπιφτέκι μοσχαρίσιο (150γρ), Ρύζι (120γρ), Καρότο, roasted (50γρ), Ελαιόλαδο (10γρ)",1.56,1.76,0.14,0.17,1.69,1.70,1.94,18.48%,€7.50,16.96%,1.52%,656,57,28,35,https://drive.google.com/file/d/1Kr3rtwhD-TGl3_7emiQNWrRU-f4-ifpY/view?usp=sharing,https://drive.google.com/file/d/1Kr3rtwhD-TGl3_7emiQNWrRU-f4-ifpY/view?usp=sharing
Ψητές επιλογές,ΟΧΙ,Μπιφτέκι μοσχαρίσιο με ρύζι basmati και ψητά καρότα,"Μπιφτέκι μοσχαρίσιο (150γρ), Ρύζι basmati (180γρ)","Μοσχάρι, Ντομάτα, Ψωμί, Γάλα, Μουστάρδα, Μαϊντανός, Αυγό, Σκόρδο, Κρεμμύδι, Δυόσμος, Ρύζι, Καρότο","Μπιφτέκι μοσχαρίσιο (150γρ), Ρύζι basmati (180γρ), Ψητά καρότα (50γρ)",142-6,9.65,10.90,OK,"Μπιφτέκι μοσχαρίσιο (150γρ), Ρύζι (180γρ), Καρότο, roasted (50γρ), Ελαιόλαδο (10γρ)",1.62,1.83,0.14,0.17,1.76,1.76,2.00,18.24%,€7.89,16.79%,1.45%,748,72,29,38,https://drive.google.com/file/d/1Kr3rtwhD-TGl3_7emiQNWrRU-f4-ifpY/view?usp=sharing,https://drive.google.com/file/d/1Kr3rtwhD-TGl3_7emiQNWrRU-f4-ifpY/view?usp=sharing
Ψητές επιλογές,ΟΧΙ,Μπιφτέκι μοσχαρίσιο με ρύζι basmati και ψητά καρότα,"Μπιφτέκι μοσχαρίσιο (180γρ), Ρύζι basmati (120γρ)","Μοσχάρι, Ντομάτα, Ψωμί, Γάλα, Μουστάρδα, Μαϊντανός, Αυγό, Σκόρδο, Κρεμμύδι, Δυόσμος, Ρύζι, Καρότο","Μπιφτέκι μοσχαρίσιο (180γρ), Ρύζι basmati (120γρ), Ψητά καρότα (50γρ)",142-7,9.65,10.90,OK,"Μπιφτέκι μοσχαρίσιο (180γρ), Ρύζι (120γρ), Καρότο, roasted (50γρ), Ελαιόλαδο (10γρ)",1.81,2.05,0.14,0.17,1.95,1.95,2.22,20.21%,€7.70,18.76%,1.45%,729,61,33,39,https://drive.google.com/file/d/1Kr3rtwhD-TGl3_7emiQNWrRU-f4-ifpY/view?usp=sharing,https://drive.google.com/file/d/1Kr3rtwhD-TGl3_7emiQNWrRU-f4-ifpY/view?usp=sharing
Ψητές επιλογές,ΝΑΙ,Μπιφτέκι μοσχαρίσιο με ρύζι basmati και ψητά καρότα,"Μπιφτέκι μοσχαρίσιο (180γρ), Ρύζι basmati (180γρ)","Μοσχάρι, Ντομάτα, Ψωμί, Γάλα, Μουστάρδα, Μαϊντανός, Αυγό, Σκόρδο, Κρεμμύδι, Δυόσμος, Ρύζι, Καρότο","Μπιφτέκι μοσχαρίσιο (180γρ), Ρύζι basmati (180γρ), Ψητά καρότα (50γρ)",142-8,10.09,11.40,OK,"Μπιφτέκι μοσχαρίσιο (180γρ), Ρύζι (180γρ), Καρότο, roasted (50γρ), Ελαιόλαδο (10γρ)",1.88,2.12,0.14,0.17,2.02,2.02,2.30,20.02%,€8.07,18.63%,1.39%,821,76,34,42,https://drive.google.com/file/d/1Kr3rtwhD-TGl3_7emiQNWrRU-f4-ifpY/view?usp=sharing,https://drive.google.com/file/d/1Kr3rtwhD-TGl3_7emiQNWrRU-f4-ifpY/view?usp=sharing
Ψητές επιλογές,ΟΧΙ,Μπιφτέκι μοσχαρίσιο με ρύζι basmati και ψητά καρότα,"Μπιφτέκι μοσχαρίσιο (180γρ), Ρύζι basmati (240γρ)","Μοσχάρι, Ντομάτα, Ψωμί, Γάλα, Μουστάρδα, Μαϊντανός, Αυγό, Σκόρδο, Κρεμμύδι, Δυόσμος, Ρύζι, Καρότο","Μπιφτέκι μοσχαρίσιο (180γρ), Ρύζι basmati (240γρ), Ψητά καρότα (50γρ)",142-9,10.53,11.90,OK,"Μπιφτέκι μοσχαρίσιο (180γρ), Ρύζι (240γρ), Καρότο, roasted (50γρ), Ελαιόλαδο (10γρ)",1.94,2.19,0.14,0.17,2.08,2.08,2.37,19.75%,€8.45,18.42%,1.33%,913,91,36,44,https://drive.google.com/file/d/1Kr3rtwhD-TGl3_7emiQNWrRU-f4-ifpY/view?usp=sharing,https://drive.google.com/file/d/1Kr3rtwhD-TGl3_7emiQNWrRU-f4-ifpY/view?usp=sharing
Ψητές επιλογές,ΟΧΙ,Μπιφτέκι μοσχαρίσιο με ρύζι basmati και ψητά καρότα,"Μπιφτέκι μοσχαρίσιο (210γρ), Ρύζι basmati (120γρ)","Μοσχάρι, Ντομάτα, Ψωμί, Γάλα, Μουστάρδα, Μαϊντανός, Αυγό, Σκόρδο, Κρεμμύδι, Δυόσμος, Ρύζι, Καρότο","Μπιφτέκι μοσχαρίσιο (210γρ), Ρύζι basmati (120γρ), Ψητά καρότα (50γρ)",142-10,10.53,11.90,OK,"Μπιφτέκι μοσχαρίσιο (210γρ), Ρύζι (120γρ), Καρότο, roasted (50γρ), Ελαιόλαδο (10γρ)",2.07,2.34,0.14,0.17,2.21,2.21,2.51,20.99%,€8.32,19.66%,1.33%,802,65,38,43,https://drive.google.com/file/d/1Kr3rtwhD-TGl3_7emiQNWrRU-f4-ifpY/view?usp=sharing,https://drive.google.com/file/d/1Kr3rtwhD-TGl3_7emiQNWrRU-f4-ifpY/view?usp=sharing
Ψητές επιλογές,ΟΧΙ,Μπιφτέκι μοσχαρίσιο με ρύζι basmati και ψητά καρότα,"Μπιφτέκι μοσχαρίσιο (210γρ), Ρύζι basmati (180γρ)","Μοσχάρι, Ντομάτα, Ψωμί, Γάλα, Μουστάρδα, Μαϊντανός, Αυγό, Σκόρδο, Κρεμμύδι, Δυόσμος, Ρύζι, Καρότο","Μπιφτέκι μοσχαρίσιο (210γρ), Ρύζι basmati (180γρ), Ψητά καρότα (50γρ)",142-11,10.97,12.40,Product Cost Change,"Μπιφτέκι μοσχαρίσιο (210γρ), Ρύζι (180γρ), Καρότο, roasted (50γρ), Ελαιόλαδο (10γρ)",2.14,2.42,0.14,0.17,2.27,2.28,2.59,20.78%,€8.69,19.51%,1.28%,894,80,39,45,https://drive.google.com/file/d/1Kr3rtwhD-TGl3_7emiQNWrRU-f4-ifpY/view?usp=sharing,https://drive.google.com/file/d/1Kr3rtwhD-TGl3_7emiQNWrRU-f4-ifpY/view?usp=sharing
Ψητές επιλογές,ΟΧΙ,Μπιφτέκι μοσχαρίσιο με ρύζι basmati και ψητά καρότα,"Μπιφτέκι μοσχαρίσιο (210γρ), Ρύζι basmati (240γρ)","Μοσχάρι, Ντομάτα, Ψωμί, Γάλα, Μουστάρδα, Μαϊντανός, Αυγό, Σκόρδο, Κρεμμύδι, Δυόσμος, Ρύζι, Καρότο","Μπιφτέκι μοσχαρίσιο (210γρ), Ρύζι basmati (240γρ), Ψητά καρότα (50γρ)",142-12,11.42,12.90,OK,"Μπιφτέκι μοσχαρίσιο (210γρ), Ρύζι (240γρ), Καρότο, roasted (50γρ), Ελαιόλαδο (10γρ)",2.20,2.49,0.14,0.17,2.34,2.34,2.66,20.49%,€9.08,19.26%,1.23%,986,96,41,48,https://drive.google.com/file/d/1Kr3rtwhD-TGl3_7emiQNWrRU-f4-ifpY/view?usp=sharing,https://drive.google.com/file/d/1Kr3rtwhD-TGl3_7emiQNWrRU-f4-ifpY/view?usp=sharing
Ψητές επιλογές,ΟΧΙ,Μπιφτέκι μοσχαρίσιο με ψητά λαχανικά και sauce γιαουρτιού,Μπιφτέκι μοσχαρίσιο (120γρ),"Μοσχάρι, Ντομάτα, Ψωμί, Γάλα, Μουστάρδα, Μαϊντανός, Αυγό, Σκόρδο, Κρεμμύδι, Δυόσμος, Λαχανικά ψητά, Γιαούρτι, Χυμός λεμονιού, Μέλι, Δυόσμος, Άνηθος, Σχοινόπρασο, Κύμινο","Μπιφτέκι μοσχαρίσιο (120γρ), Ψητά λαχανικά (140γρ), Sauce γιαουρτιού (50γρ)",138-1,8.76,9.90,OK,"Μπιφτέκι μοσχαρίσιο (120γρ), Λαχανικά ψητά (140γρ), Sauce γιαουρτιού (50γρ), Ελαιόλαδο (10γρ)",2.65,2.99,0.18,0.23,2.83,2.83,3.22,32.35%,€5.93,30.25%,2.10%,495,24,25,34,https://drive.google.com/file/d/1GPSBPvnpR9FrWuAvSP_2Ts-jAUVIvzfC/view?usp=sharing,https://drive.google.com/file/d/1GPSBPvnpR9FrWuAvSP_2Ts-jAUVIvzfC/view?usp=sharing
Ψητές επιλογές,ΟΧΙ,Μπιφτέκι μοσχαρίσιο με ψητά λαχανικά και sauce γιαουρτιού,Μπιφτέκι μοσχαρίσιο (150γρ),"Μοσχάρι, Ντομάτα, Ψωμί, Γάλα, Μουστάρδα, Μαϊντανός, Αυγό, Σκόρδο, Κρεμμύδι, Δυόσμος, Λαχανικά ψητά, Γιαούρτι, Χυμός λεμονιού, Μέλι, Δυόσμος, Άνηθος, Σχοινόπρασο, Κύμινο","Μπιφτέκι μοσχαρίσιο (150γρ), Ψητά λαχανικά (140γρ), Sauce γιαουρτιού (50γρ)",138-2,9.65,10.90,OK,"Μπιφτέκι μοσχαρίσιο (150γρ), Λαχανικά ψητά (140γρ), Sauce γιαουρτιού (50γρ), Ελαιόλαδο (10γρ)",2.91,3.29,0.18,0.23,3.09,3.09,3.52,32.06%,€6.56,30.16%,1.91%,567,29,30,38,https://drive.google.com/file/d/1GPSBPvnpR9FrWuAvSP_2Ts-jAUVIvzfC/view?usp=sharing,https://drive.google.com/file/d/1GPSBPvnpR9FrWuAvSP_2Ts-jAUVIvzfC/view?usp=sharing
Ψητές επιλογές,ΝΑΙ,Μπιφτέκι μοσχαρίσιο με ψητά λαχανικά και sauce γιαουρτιού,Μπιφτέκι μοσχαρίσιο (180γρ),"Μοσχάρι, Ντομάτα, Ψωμί, Γάλα, Μουστάρδα, Μαϊντανός, Αυγό, Σκόρδο, Κρεμμύδι, Δυόσμος, Λαχανικά ψητά, Γιαούρτι, Χυμός λεμονιού, Μέλι, Δυόσμος, Άνηθος, Σχοινόπρασο, Κύμινο","Μπιφτέκι μοσχαρίσιο (180γρ), Ψητά λαχανικά (140γρ), Sauce γιαουρτιού (50γρ)",138-3,10.53,11.90,OK,"Μπιφτέκι μοσχαρίσιο (180γρ), Λαχανικά ψητά (140γρ), Sauce γιαουρτιού (50γρ), Ελαιόλαδο (10γρ)",3.17,3.58,0.18,0.23,3.35,3.35,3.81,31.85%,€7.18,30.10%,1.75%,640,33,35,41,https://drive.google.com/file/d/1GPSBPvnpR9FrWuAvSP_2Ts-jAUVIvzfC/view?usp=sharing,https://drive.google.com/file/d/1GPSBPvnpR9FrWuAvSP_2Ts-jAUVIvzfC/view?usp=sharing
Ψητές επιλογές,ΟΧΙ,Μπιφτέκι μοσχαρίσιο με ψητά λαχανικά και sauce γιαουρτιού,Μπιφτέκι μοσχαρίσιο (210γρ),"Μοσχάρι, Ντομάτα, Ψωμί, Γάλα, Μουστάρδα, Μαϊντανός, Αυγό, Σκόρδο, Κρεμμύδι, Δυόσμος, Λαχανικά ψητά, Γιαούρτι, Χυμός λεμονιού, Μέλι, Δυόσμος, Άνηθος, Σχοινόπρασο, Κύμινο","Μπιφτέκι μοσχαρίσιο (210γρ), Ψητά λαχανικά (140γρ), Sauce γιαουρτιού (50γρ)",138-4,11.42,12.90,OK,"Μπιφτέκι μοσχαρίσιο (210γρ), Λαχανικά ψητά (140γρ), Sauce γιαουρτιού (50γρ), Ελαιόλαδο (10γρ)",3.42,3.86,0.18,0.23,3.60,3.60,4.09,31.56%,€7.82,29.95%,1.61%,713,37,39,45,https://drive.google.com/file/d/1GPSBPvnpR9FrWuAvSP_2Ts-jAUVIvzfC/view?usp=sharing,https://drive.google.com/file/d/1GPSBPvnpR9FrWuAvSP_2Ts-jAUVIvzfC/view?usp=sharing
Ψητές επιλογές,ΟΧΙ,Μπιφτέκι μοσχαρίσιο με κους κους και ψητά μανιτάρια,"Μπιφτέκι μοσχαρίσιο (120γρ), Κους κους (100γρ)","Μοσχάρι, Ντομάτα, Ψωμί, Γάλα, Μουστάρδα, Μαϊντανός, Αυγό, Σκόρδο, Κρεμμύδι, Δυόσμος, Κους κους, Μανιτάρι","Μπιφτέκι μοσχαρίσιο (120γρ), Κους κους (100γρ), Μανιτάρια (60γρ)",139-1,7.88,8.90,OK,"Μπιφτέκι μοσχαρίσιο (120γρ), Κους κους, μαγειρεμένο (100γρ), Μανιτάρι σαμπινιόν, μαγειρεμένο (60γρ), Ηλιέλαιο (10γρ)",1.65,1.86,0.14,0.17,1.79,1.79,2.04,22.72%,€6.09,20.94%,1.78%,508,43,25,26,https://drive.google.com/file/d/1zMDnd_BZaAq734fd64SYbyQHKhaaFuJa/view?usp=sharing,https://drive.google.com/file/d/1zMDnd_BZaAq734fd64SYbyQHKhaaFuJa/view?usp=sharing
Ψητές επιλογές,ΟΧΙ,Μπιφτέκι μοσχαρίσιο με κους κους και ψητά μανιτάρια,"Μπιφτέκι μοσχαρίσιο (120γρ), Κους κους (150γρ)","Μοσχάρι, Ντομάτα, Ψωμί, Γάλα, Μουστάρδα, Μαϊντανός, Αυγό, Σκόρδο, Κρεμμύδι, Δυόσμος, Κους κους, Μανιτάρι","Μπιφτέκι μοσχαρίσιο (120γρ), Κους κους (150γρ), Μανιτάρια (60γρ)",139-2,8.32,9.40,OK,"Μπιφτέκι μοσχαρίσιο (120γρ), Κους κους, μαγειρεμένο (150γρ), Μανιτάρι σαμπινιόν, μαγειρεμένο (60γρ), Ηλιέλαιο (10γρ)",1.74,1.97,0.14,0.17,1.88,1.88,2.14,22.60%,€6.44,20.91%,1.68%,564,55,26,26,https://drive.google.com/file/d/1zMDnd_BZaAq734fd64SYbyQHKhaaFuJa/view?usp=sharing,https://drive.google.com/file/d/1zMDnd_BZaAq734fd64SYbyQHKhaaFuJa/view?usp=sharing
Ψητές επιλογές,ΟΧΙ,Μπιφτέκι μοσχαρίσιο με κους κους και ψητά μανιτάρια,"Μπιφτέκι μοσχαρίσιο (150γρ), Κους κους (100γρ)","Μοσχάρι, Ντομάτα, Ψωμί, Γάλα, Μουστάρδα, Μαϊντανός, Αυγό, Σκόρδο, Κρεμμύδι, Δυόσμος, Κους κους, Μανιτάρι","Μπιφτέκι μοσχαρίσιο (150γρ), Κους κους (100γρ), Μανιτάρια (60γρ)",139-3,8.76,9.90,OK,"Μπιφτέκι μοσχαρίσιο (150γρ), Κους κους, μαγειρεμένο (100γρ), Μανιτάρι σαμπινιόν, μαγειρεμένο (60γρ), Ηλιέλαιο (10γρ)",1.90,2.15,0.14,0.17,2.04,2.04,2.32,23.29%,€6.72,21.69%,1.60%,581,47,29,30,https://drive.google.com/file/d/1zMDnd_BZaAq734fd64SYbyQHKhaaFuJa/view?usp=sharing,https://drive.google.com/file/d/1zMDnd_BZaAq734fd64SYbyQHKhaaFuJa/view?usp=sharing
Ψητές επιλογές,ΟΧΙ,Μπιφτέκι μοσχαρίσιο με κους κους και ψητά μανιτάρια,"Μπιφτέκι μοσχαρίσιο (150γρ), Κους κους (150γρ)","Μοσχάρι, Ντομάτα, Ψωμί, Γάλα, Μουστάρδα, Μαϊντανός, Αυγό, Σκόρδο, Κρεμμύδι, Δυόσμος, Κους κους, Μανιτάρι","Μπιφτέκι μοσχαρίσιο (150γρ), Κους κους (150γρ), Μανιτάρια (60γρ)",139-4,9.20,10.40,OK,"Μπιφτέκι μοσχαρίσιο (150γρ), Κους κους, μαγειρεμένο (150γρ), Μανιτάρι σαμπινιόν, μαγειρεμένο (60γρ), Ηλιέλαιο (10γρ)",1.99,2.25,0.14,0.17,2.13,2.13,2.42,23.15%,€7.07,21.63%,1.52%,637,59,31,30,https://drive.google.com/file/d/1zMDnd_BZaAq734fd64SYbyQHKhaaFuJa/view?usp=sharing,https://drive.google.com/file/d/1zMDnd_BZaAq734fd64SYbyQHKhaaFuJa/view?usp=sharing
Ψητές επιλογές,ΟΧΙ,Μπιφτέκι μοσχαρίσιο με κους κους και ψητά μανιτάρια,"Μπιφτέκι μοσχαρίσιο (180γρ), Κους κους (100γρ)","Μοσχάρι, Ντομάτα, Ψωμί, Γάλα, Μουστάρδα, Μαϊντανός, Αυγό, Σκόρδο, Κρεμμύδι, Δυόσμος, Κους κους, Μανιτάρι","Μπιφτέκι μοσχαρίσιο (180γρ), Κους κους (100γρ), Μανιτάρια (60γρ)",139-5,9.65,10.90,OK,"Μπιφτέκι μοσχαρίσιο (180γρ), Κους κους, μαγειρεμένο (100γρ), Μανιτάρι σαμπινιόν, μαγειρεμένο (60γρ), Ηλιέλαιο (10γρ)",2.16,2.44,0.14,0.17,2.30,2.30,2.61,23.83%,€7.35,22.38%,1.45%,653,52,34,34,https://drive.google.com/file/d/1zMDnd_BZaAq734fd64SYbyQHKhaaFuJa/view?usp=sharing,https://drive.google.com/file/d/1zMDnd_BZaAq734fd64SYbyQHKhaaFuJa/view?usp=sharing
Ψητές επιλογές,ΝΑΙ,Μπιφτέκι μοσχαρίσιο με κους κους και ψητά μανιτάρια,"Μπιφτέκι μοσχαρίσιο (180γρ), Κους κους (150γρ)","Μοσχάρι, Ντομάτα, Ψωμί, Γάλα, Μουστάρδα, Μαϊντανός, Αυγό, Σκόρδο, Κρεμμύδι, Δυόσμος, Κους κους, Μανιτάρι","Μπιφτέκι μοσχαρίσιο (180γρ), Κους κους (150γρ), Μανιτάρια (60γρ)",139-6,10.09,11.40,OK,"Μπιφτέκι μοσχαρίσιο (180γρ), Κους κους, μαγειρεμένο (150γρ), Μανιτάρι σαμπινιόν, μαγειρεμένο (60γρ), Ηλιέλαιο (10γρ)",2.25,2.54,0.14,0.17,2.39,2.39,2.72,23.69%,€7.70,22.30%,1.39%,709,63,36,34,https://drive.google.com/file/d/1zMDnd_BZaAq734fd64SYbyQHKhaaFuJa/view?usp=sharing,https://drive.google.com/file/d/1zMDnd_BZaAq734fd64SYbyQHKhaaFuJa/view?usp=sharing
Ψητές επιλογές,ΟΧΙ,Μπιφτέκι μοσχαρίσιο με κους κους και ψητά μανιτάρια,"Μπιφτέκι μοσχαρίσιο (210γρ), Κους κους (100γρ)","Μοσχάρι, Ντομάτα, Ψωμί, Γάλα, Μουστάρδα, Μαϊντανός, Αυγό, Σκόρδο, Κρεμμύδι, Δυόσμος, Κους κους, Μανιτάρι","Μπιφτέκι μοσχαρίσιο (210γρ), Κους κους (100γρ), Μανιτάρια (60γρ)",139-7,10.53,11.90,OK,"Μπιφτέκι μοσχαρίσιο (210γρ), Κους κους, μαγειρεμένο (100γρ), Μανιτάρι σαμπινιόν, μαγειρεμένο (60γρ), Ηλιέλαιο (10γρ)",2.42,2.73,0.14,0.17,2.56,2.56,2.91,24.31%,€7.97,22.98%,1.33%,726,56,39,38,https://drive.google.com/file/d/1zMDnd_BZaAq734fd64SYbyQHKhaaFuJa/view?usp=sharing,https://drive.google.com/file/d/1zMDnd_BZaAq734fd64SYbyQHKhaaFuJa/view?usp=sharing
Ψητές επιλογές,ΟΧΙ,Μπιφτέκι μοσχαρίσιο με κους κους και ψητά μανιτάρια,"Μπιφτέκι μοσχαρίσιο (210γρ), Κους κους (150γρ)","Μοσχάρι, Ντομάτα, Ψωμί, Γάλα, Μουστάρδα, Μαϊντανός, Αυγό, Σκόρδο, Κρεμμύδι, Δυόσμος, Κους κους, Μανιτάρι","Μπιφτέκι μοσχαρίσιο (210γρ), Κους κους (150γρ), Μανιτάρια (60γρ)",139-8,10.97,12.40,OK,"Μπιφτέκι μοσχαρίσιο (210γρ), Κους κους, μαγειρεμένο (150γρ), Μανιτάρι σαμπινιόν, μαγειρεμένο (60γρ), Ηλιέλαιο (10γρ)",2.51,2.84,0.14,0.17,2.65,2.65,3.01,24.16%,€8.32,22.88%,1.28%,782,67,41,38,https://drive.google.com/file/d/1zMDnd_BZaAq734fd64SYbyQHKhaaFuJa/view?usp=sharing,https://drive.google.com/file/d/1zMDnd_BZaAq734fd64SYbyQHKhaaFuJa/view?usp=sharing
Ψητές επιλογές,ΟΧΙ,Μπιφτέκι μοσχαρίσιο με λαχανικά ατμού και λαδολέμονο,Μπιφτέκι μοσχαρίσιο (120γρ),"Μοσχάρι, Ντομάτα, Ψωμί, Γάλα, Μουστάρδα, Μαϊντανός, Αυγό, Σκόρδο, Κρεμμύδι, Δυόσμος, Λαχανικά, Χυμός λεμονιού","Μπιφτέκι μοσχαρίσιο (120γρ), Λαχανικά (150γρ), Λαδολέμονο (20γρ)",212-1,8.76,9.90,OK,"Μπιφτέκι μοσχαρίσιο (120γρ), Λαχανικά, βραστά (150γρ), Ελαιόλαδο (14γρ), Χυμός λεμονιού (6γρ)",2.13,2.41,0.14,0.17,2.27,2.27,2.58,25.91%,€6.49,24.32%,1.60%,443,23,21,30,https://drive.google.com/file/d/1a5wIXO5D_zvFjWY_wDdNyu-XkrpLGYtr/view?usp=sharing,https://drive.google.com/file/d/1a5wIXO5D_zvFjWY_wDdNyu-XkrpLGYtr/view?usp=sharing
Ψητές επιλογές,ΟΧΙ,Μπιφτέκι μοσχαρίσιο με λαχανικά ατμού και λαδολέμονο,Μπιφτέκι μοσχαρίσιο (150γρ),"Μοσχάρι, Ντομάτα, Ψωμί, Γάλα, Μουστάρδα, Μαϊντανός, Αυγό, Σκόρδο, Κρεμμύδι, Δυόσμος, Λαχανικά, Χυμός λεμονιού","Μπιφτέκι μοσχαρίσιο (150γρ), Λαχανικά (150γρ), Λαδολέμονο (20γρ)",212-2,9.65,10.90,OK,"Μπιφτέκι μοσχαρίσιο (150γρ), Λαχανικά, βραστά (150γρ), Ελαιόλαδο (14γρ), Χυμός λεμονιού (6γρ)",2.38,2.69,0.14,0.17,2.52,2.52,2.86,26.11%,€7.13,24.66%,1.45%,515,27,26,34,https://drive.google.com/file/d/1a5wIXO5D_zvFjWY_wDdNyu-XkrpLGYtr/view?usp=sharinghttps://drive.google.com/file/d/1a5wIXO5D_zvFjWY_wDdNyu-XkrpLGYtr/view?usp=sharing,https://drive.google.com/file/d/1a5wIXO5D_zvFjWY_wDdNyu-XkrpLGYtr/view?usp=sharinghttps://drive.google.com/file/d/1a5wIXO5D_zvFjWY_wDdNyu-XkrpLGYtr/view?usp=sharing
Ψητές επιλογές,ΝΑΙ,Μπιφτέκι μοσχαρίσιο με λαχανικά ατμού και λαδολέμονο,Μπιφτέκι μοσχαρίσιο (180γρ),"Μοσχάρι, Ντομάτα, Ψωμί, Γάλα, Μουστάρδα, Μαϊντανός, Αυγό, Σκόρδο, Κρεμμύδι, Δυόσμος, Λαχανικά, Χυμός λεμονιού","Μπιφτέκι μοσχαρίσιο (180γρ), Λαχανικά (150γρ), Λαδολέμονο (20γρ)",212-3,10.53,11.90,OK,"Μπιφτέκι μοσχαρίσιο (180γρ), Λαχανικά, βραστά (150γρ), Ελαιόλαδο (14γρ), Χυμός λεμονιού (6γρ)",2.64,2.98,0.14,0.17,2.78,2.78,3.16,26.40%,€7.75,25.07%,1.33%,588,31,31,38,https://drive.google.com/file/d/1a5wIXO5D_zvFjWY_wDdNyu-XkrpLGYtr/view?usp=sharing,https://drive.google.com/file/d/1a5wIXO5D_zvFjWY_wDdNyu-XkrpLGYtr/view?usp=sharing
Ψητές επιλογές,ΟΧΙ,Μπιφτέκι μοσχαρίσιο με λαχανικά ατμού και λαδολέμονο,Μπιφτέκι μοσχαρίσιο (210γρ),"Μοσχάρι, Ντομάτα, Ψωμί, Γάλα, Μουστάρδα, Μαϊντανός, Αυγό, Σκόρδο, Κρεμμύδι, Δυόσμος, Λαχανικά, Χυμός λεμονιού","Μπιφτέκι μοσχαρίσιο (210γρ), Λαχανικά (150γρ), Λαδολέμονο (20γρ)",212-4,11.42,12.90,OK,"Μπιφτέκι μοσχαρίσιο (210γρ), Λαχανικά, βραστά (150γρ), Ελαιόλαδο (14γρ), Χυμός λεμονιού (6γρ)",2.90,3.28,0.14,0.17,3.04,3.04,3.45,26.62%,€8.38,25.39%,1.23%,661,36,36,42,https://drive.google.com/file/d/1a5wIXO5D_zvFjWY_wDdNyu-XkrpLGYtr/view?usp=sharing,https://drive.google.com/file/d/1a5wIXO5D_zvFjWY_wDdNyu-XkrpLGYtr/view?usp=sharing
Ψητές επιλογές,ΟΧΙ,Μπιφτέκι μοσχαρίσιο με πουρέ καρότου και αμπελοφάσουλα,"Μπιφτέκι μοσχαρίσιο (120γρ), Πουρές καρότου (120γρ)","Μοσχάρι, Ντομάτα, Ψωμί, Γάλα, Μουστάρδα, Μαϊντανός, Αυγό, Σκόρδο, Κρεμμύδι, Καρότο, Σκόρδο, Θυμάρι, Ζωμός λαχανικών, Αμπελοφάσουλα, Χυμός λεμονιού","Μπιφτέκι μοσχαρίσιο (120γρ), Πουρές καρότου (120γρ), Αμπελοφάσουλα (50γρ), Λαδολέμονο (5γρ)",141-1,7.88,8.90,OK,"Μπιφτέκι μοσχαρίσιο (120γρ), Πουρές καρότου (120γρ), Αμπελοφάσουλα, μαγειρεμένα (50γρ), Ελαιόλαδο (3,5γρ), Χυμός λεμονιού (1,5γρ)",1.43,1.62,0.14,0.17,1.57,1.57,1.79,19.92%,€6.31,18.15%,1.78%,445,38,25,22,https://drive.google.com/file/d/1D0jX1Iu5ALLNZBQ0MGBEYKfIazJcEdRN/view?usp=sharing,https://drive.google.com/file/d/1D0jX1Iu5ALLNZBQ0MGBEYKfIazJcEdRN/view?usp=sharing
Ψητές επιλογές,ΟΧΙ,Μπιφτέκι μοσχαρίσιο με πουρέ καρότου και αμπελοφάσουλα,"Μπιφτέκι μοσχαρίσιο (120γρ), Πουρές καρότου (180γρ)","Μοσχάρι, Ντομάτα, Ψωμί, Γάλα, Μουστάρδα, Μαϊντανός, Αυγό, Σκόρδο, Κρεμμύδι, Καρότο, Σκόρδο, Θυμάρι, Ζωμός λαχανικών, Αμπελοφάσουλα, Χυμός λεμονιού","Μπιφτέκι μοσχαρίσιο (120γρ), Πουρές καρότου (180γρ), Αμπελοφάσουλα (50γρ), Λαδολέμονο (5γρ)",141-2,8.32,9.40,OK,"Μπιφτέκι μοσχαρίσιο (120γρ), Πουρές καρότου (180γρ), Αμπελοφάσουλα, μαγειρεμένα (50γρ), Ελαιόλαδο (3,5γρ), Χυμός λεμονιού (1,5γρ)",1.54,1.74,0.14,0.17,1.68,1.68,1.91,20.19%,€6.64,18.51%,1.68%,477,44,25,23,https://drive.google.com/file/d/1D0jX1Iu5ALLNZBQ0MGBEYKfIazJcEdRN/view?usp=sharing,https://drive.google.com/file/d/1D0jX1Iu5ALLNZBQ0MGBEYKfIazJcEdRN/view?usp=sharing
Ψητές επιλογές,ΟΧΙ,Μπιφτέκι μοσχαρίσιο με πουρέ καρότου και αμπελοφάσουλα,"Μπιφτέκι μοσχαρίσιο (120γρ), Πουρές καρότου (220γρ)","Μοσχάρι, Ντομάτα, Ψωμί, Γάλα, Μουστάρδα, Μαϊντανός, Αυγό, Σκόρδο, Κρεμμύδι, Καρότο, Σκόρδο, Θυμάρι, Ζωμός λαχανικών, Αμπελοφάσουλα, Χυμός λεμονιού","Μπιφτέκι μοσχαρίσιο (120γρ), Πουρές καρότου (220γρ), Αμπελοφάσουλα (50γρ), Λαδολέμονο (5γρ)",141-3,8.76,9.90,OK,"Μπιφτέκι μοσχαρίσιο (120γρ), Πουρές καρότου (220γρ), Αμπελοφάσουλα, μαγειρεμένα (50γρ), Ελαιόλαδο (3,5γρ), Χυμός λεμονιού (1,5γρ)",1.61,1.82,0.14,0.17,1.75,1.75,1.99,19.98%,€7.01,18.38%,1.60%,499,47,26,24,https://drive.google.com/file/d/1D0jX1Iu5ALLNZBQ0MGBEYKfIazJcEdRN/view?usp=sharing,https://drive.google.com/file/d/1D0jX1Iu5ALLNZBQ0MGBEYKfIazJcEdRN/view?usp=sharing
Ψητές επιλογές,ΟΧΙ,Μπιφτέκι μοσχαρίσιο με πουρέ καρότου και αμπελοφάσουλα,"Μπιφτέκι μοσχαρίσιο (150γρ), Πουρές καρότου (120γρ)","Μοσχάρι, Ντομάτα, Ψωμί, Γάλα, Μουστάρδα, Μαϊντανός, Αυγό, Σκόρδο, Κρεμμύδι, Καρότο, Σκόρδο, Θυμάρι, Ζωμός λαχανικών, Αμπελοφάσουλα, Χυμός λεμονιού","Μπιφτέκι μοσχαρίσιο (150γρ), Πουρές καρότου (120γρ), Αμπελοφάσουλα (50γρ), Λαδολέμονο (5γρ)",141-4,8.76,9.90,OK,"Μπιφτέκι μοσχαρίσιο (150γρ), Πουρές καρότου (120γρ), Αμπελοφάσουλα, μαγειρεμένα (50γρ), Ελαιόλαδο (3,5γρ), Χυμός λεμονιού (1,5γρ)",1.69,1.91,0.14,0.17,1.83,1.83,2.08,20.89%,€6.93,19.29%,1.60%,517,42,29,26,https://drive.google.com/file/d/1D0jX1Iu5ALLNZBQ0MGBEYKfIazJcEdRN/view?usp=sharing,https://drive.google.com/file/d/1D0jX1Iu5ALLNZBQ0MGBEYKfIazJcEdRN/view?usp=sharing
Ψητές επιλογές,ΟΧΙ,Μπιφτέκι μοσχαρίσιο με πουρέ καρότου και αμπελοφάσουλα,"Μπιφτέκι μοσχαρίσιο (150γρ), Πουρές καρότου (180γρ)","Μοσχάρι, Ντομάτα, Ψωμί, Γάλα, Μουστάρδα, Μαϊντανός, Αυγό, Σκόρδο, Κρεμμύδι, Καρότο, Σκόρδο, Θυμάρι, Ζωμός λαχανικών, Αμπελοφάσουλα, Χυμός λεμονιού","Μπιφτέκι μοσχαρίσιο (150γρ), Πουρές καρότου (180γρ), Αμπελοφάσουλα (50γρ), Λαδολέμονο (5γρ)",141-5,9.20,10.40,OK,"Μπιφτέκι μοσχαρίσιο (150γρ), Πουρές καρότου (180γρ), Αμπελοφάσουλα, μαγειρεμένα (50γρ), Ελαιόλαδο (3,5γρ), Χυμός λεμονιού (1,5γρ)",1.79,2.02,0.14,0.17,1.93,1.93,2.20,20.98%,€7.27,19.46%,1.52%,550,48,30,27,https://drive.google.com/file/d/1D0jX1Iu5ALLNZBQ0MGBEYKfIazJcEdRN/view?usp=sharing,https://drive.google.com/file/d/1D0jX1Iu5ALLNZBQ0MGBEYKfIazJcEdRN/view?usp=sharing
Ψητές επιλογές,ΟΧΙ,Μπιφτέκι μοσχαρίσιο με πουρέ καρότου και αμπελοφάσουλα,"Μπιφτέκι μοσχαρίσιο (150γρ), Πουρές καρότου (220γρ)","Μοσχάρι, Ντομάτα, Ψωμί, Γάλα, Μουστάρδα, Μαϊντανός, Αυγό, Σκόρδο, Κρεμμύδι, Καρότο, Σκόρδο, Θυμάρι, Ζωμός λαχανικών, Αμπελοφάσουλα, Χυμός λεμονιού","Μπιφτέκι μοσχαρίσιο (150γρ), Πουρές καρότου (220γρ), Αμπελοφάσουλα (50γρ), Λαδολέμονο (5γρ)",141-6,9.65,10.90,OK,"Μπιφτέκι μοσχαρίσιο (150γρ), Πουρές καρότου (220γρ), Αμπελοφάσουλα, μαγειρεμένα (50γρ), Ελαιόλαδο (3,5γρ), Χυμός λεμονιού (1,5γρ)",1.86,2.10,0.14,0.17,2.00,2.00,2.28,20.73%,€7.65,19.27%,1.45%,571,51,30,28,https://drive.google.com/file/d/1D0jX1Iu5ALLNZBQ0MGBEYKfIazJcEdRN/view?usp=sharing,https://drive.google.com/file/d/1D0jX1Iu5ALLNZBQ0MGBEYKfIazJcEdRN/view?usp=sharing
Ψητές επιλογές,ΟΧΙ,Μπιφτέκι μοσχαρίσιο με πουρέ καρότου και αμπελοφάσουλα,"Μπιφτέκι μοσχαρίσιο (180γρ), Πουρές καρότου (120γρ)","Μοσχάρι, Ντομάτα, Ψωμί, Γάλα, Μουστάρδα, Μαϊντανός, Αυγό, Σκόρδο, Κρεμμύδι, Καρότο, Σκόρδο, Θυμάρι, Ζωμός λαχανικών, Αμπελοφάσουλα, Χυμός λεμονιού","Μπιφτέκι μοσχαρίσιο (180γρ), Πουρές καρότου (120γρ), Αμπελοφάσουλα (50γρ), Λαδολέμονο (5γρ)",141-7,9.65,10.90,OK,"Μπιφτέκι μοσχαρίσιο (180γρ), Πουρές καρότου (120γρ), Αμπελοφάσουλα, μαγειρεμένα (50γρ), Ελαιόλαδο (3,5γρ), Χυμός λεμονιού (1,5γρ)",1.95,2.20,0.14,0.17,2.09,2.09,2.38,21.66%,€7.56,20.21%,1.45%,590,47,34,30,https://drive.google.com/file/d/1D0jX1Iu5ALLNZBQ0MGBEYKfIazJcEdRN/view?usp=sharing,https://drive.google.com/file/d/1D0jX1Iu5ALLNZBQ0MGBEYKfIazJcEdRN/view?usp=sharing
Ψητές επιλογές,ΝΑΙ,Μπιφτέκι μοσχαρίσιο με πουρέ καρότου και αμπελοφάσουλα,"Μπιφτέκι μοσχαρίσιο (180γρ), Πουρές καρότου (180γρ)","Μοσχάρι, Ντομάτα, Ψωμί, Γάλα, Μουστάρδα, Μαϊντανός, Αυγό, Σκόρδο, Κρεμμύδι, Καρότο, Σκόρδο, Θυμάρι, Ζωμός λαχανικών, Αμπελοφάσουλα, Χυμός λεμονιού","Μπιφτέκι μοσχαρίσιο (180γρ), Πουρές καρότου (180γρ), Αμπελοφάσουλα (50γρ), Λαδολέμονο (5γρ)",141-8,10.09,11.40,OK,"Μπιφτέκι μοσχαρίσιο (180γρ), Πουρές καρότου (180γρ), Αμπελοφάσουλα, μαγειρεμένα (50γρ), Ελαιόλαδο (3,5γρ), Χυμός λεμονιού (1,5γρ)",2.05,2.32,0.14,0.17,2.19,2.19,2.49,21.70%,€7.90,20.32%,1.39%,622,52,35,31,https://drive.google.com/file/d/1D0jX1Iu5ALLNZBQ0MGBEYKfIazJcEdRN/view?usp=sharing,https://drive.google.com/file/d/1D0jX1Iu5ALLNZBQ0MGBEYKfIazJcEdRN/view?usp=sharing
Ψητές επιλογές,ΟΧΙ,Μπιφτέκι μοσχαρίσιο με πουρέ καρότου και αμπελοφάσουλα,"Μπιφτέκι μοσχαρίσιο (180γρ), Πουρές καρότου (220γρ)","Μοσχάρι, Ντομάτα, Ψωμί, Γάλα, Μουστάρδα, Μαϊντανός, Αυγό, Σκόρδο, Κρεμμύδι, Καρότο, Σκόρδο, Θυμάρι, Ζωμός λαχανικών, Αμπελοφάσουλα, Χυμός λεμονιού","Μπιφτέκι μοσχαρίσιο (180γρ), Πουρές καρότου (220γρ), Αμπελοφάσουλα (50γρ), Λαδολέμονο (5γρ)",141-9,10.53,11.90,OK,"Μπιφτέκι μοσχαρίσιο (180γρ), Πουρές καρότου (220γρ), Αμπελοφάσουλα, μαγειρεμένα (50γρ), Ελαιόλαδο (3,5γρ), Χυμός λεμονιού (1,5γρ)",2.12,2.40,0.14,0.17,2.26,2.26,2.57,21.46%,€8.27,20.13%,1.33%,644,56,35,32,https://drive.google.com/file/d/1D0jX1Iu5ALLNZBQ0MGBEYKfIazJcEdRN/view?usp=sharing,https://drive.google.com/file/d/1D0jX1Iu5ALLNZBQ0MGBEYKfIazJcEdRN/view?usp=sharing
Ψητές επιλογές,ΟΧΙ,Μπιφτέκι μοσχαρίσιο με πουρέ καρότου και αμπελοφάσουλα,"Μπιφτέκι μοσχαρίσιο (210γρ), Πουρές καρότου (120γρ)","Μοσχάρι, Ντομάτα, Ψωμί, Γάλα, Μουστάρδα, Μαϊντανός, Αυγό, Σκόρδο, Κρεμμύδι, Καρότο, Σκόρδο, Θυμάρι, Ζωμός λαχανικών, Αμπελοφάσουλα, Χυμός λεμονιού","Μπιφτέκι μοσχαρίσιο (210γρ), Πουρές καρότου (120γρ), Αμπελοφάσουλα (50γρ), Λαδολέμονο (5γρ)",141-10,10.53,11.90,OK,"Μπιφτέκι μοσχαρίσιο (210γρ), Πουρές καρότου (120γρ), Αμπελοφάσουλα, μαγειρεμένα (50γρ), Ελαιόλαδο (3,5γρ), Χυμός λεμονιού (1,5γρ)",2.20,2.49,0.14,0.17,2.34,2.34,2.66,22.22%,€8.19,20.89%,1.33%,663,51,39,34,https://drive.google.com/file/d/1D0jX1Iu5ALLNZBQ0MGBEYKfIazJcEdRN/view?usp=sharing,https://drive.google.com/file/d/1D0jX1Iu5ALLNZBQ0MGBEYKfIazJcEdRN/view?usp=sharing
Ψητές επιλογές,ΟΧΙ,Μπιφτέκι μοσχαρίσιο με πουρέ καρότου και αμπελοφάσουλα,"Μπιφτέκι μοσχαρίσιο (210γρ), Πουρές καρότου (180γρ)","Μοσχάρι, Ντομάτα, Ψωμί, Γάλα, Μουστάρδα, Μαϊντανός, Αυγό, Σκόρδο, Κρεμμύδι, Καρότο, Σκόρδο, Θυμάρι, Ζωμός λαχανικών, Αμπελοφάσουλα, Χυμός λεμονιού","Μπιφτέκι μοσχαρίσιο (210γρ), Πουρές καρότου (180γρ), Αμπελοφάσουλα (50γρ), Λαδολέμονο (5γρ)",141-11,10.97,12.40,OK,"Μπιφτέκι μοσχαρίσιο (210γρ), Πουρές καρότου (180γρ), Αμπελοφάσουλα, μαγειρεμένα (50γρ), Ελαιόλαδο (3,5γρ), Χυμός λεμονιού (1,5γρ)",2.31,2.61,0.14,0.17,2.45,2.45,2.78,22.33%,€8.52,21.06%,1.28%,695,56,40,35,https://drive.google.com/file/d/1D0jX1Iu5ALLNZBQ0MGBEYKfIazJcEdRN/view?usp=sharing,https://drive.google.com/file/d/1D0jX1Iu5ALLNZBQ0MGBEYKfIazJcEdRN/view?usp=sharing
Ψητές επιλογές,ΟΧΙ,Μπιφτέκι μοσχαρίσιο με πουρέ καρότου και αμπελοφάσουλα,"Μπιφτέκι μοσχαρίσιο (210γρ), Πουρές καρότου (220γρ)","Μοσχάρι, Ντομάτα, Ψωμί, Γάλα, Μουστάρδα, Μαϊντανός, Αυγό, Σκόρδο, Κρεμμύδι, Καρότο, Σκόρδο, Θυμάρι, Ζωμός λαχανικών, Αμπελοφάσουλα, Χυμός λεμονιού","Μπιφτέκι μοσχαρίσιο (210γρ), Πουρές καρότου (220γρ), Αμπελοφάσουλα (50γρ), Λαδολέμονο (5γρ)",141-12,11.42,12.90,OK,"Μπιφτέκι μοσχαρίσιο (210γρ), Πουρές καρότου (220γρ), Αμπελοφάσουλα, μαγειρεμένα (50γρ), Ελαιόλαδο (3,5γρ), Χυμός λεμονιού (1,5γρ)",2.38,2.69,0.14,0.17,2.52,2.52,2.86,22.07%,€8.90,20.84%,1.23%,717,60,40,36,https://drive.google.com/file/d/1D0jX1Iu5ALLNZBQ0MGBEYKfIazJcEdRN/view?usp=sharing,https://drive.google.com/file/d/1D0jX1Iu5ALLNZBQ0MGBEYKfIazJcEdRN/view?usp=sharing
Μαγειρευτά,ΟΧΙ,Μπουρδέτο με φιλέτο μπακαλιάρου και κους κους,"Φιλέτο μπακαλιάρου (120γρ), Κους κους (100γρ)","Μπακαλιάρος, Κρεμμύδι, Σκόρδο, Chili πιπεριά, Ντομάτα, Μέλι, Μαϊντανός, Κους κους","Φιλέτο μπακαλιάρου (120γρ), Κους κους (100γρ), Κόκκινη σάλτσα (100γρ)",257-1,8.32,9.40,OK,"Μπακαλιάρος, μαγειρεμένος (120γρ), Κους κους, μαγειρεμένο (100γρ), Μπουρδέτο σάλτσα (100γρ)",1.62,1.83,0.14,0.17,1.76,1.76,2.00,21.15%,€6.56,19.47%,1.68%,360,34,27,10,https://drive.google.com/file/d/1NjaqPCzD6-P7CXuPARCi69IRbwj4nqP9/view?usp=sharing,https://drive.google.com/file/d/1NjaqPCzD6-P7CXuPARCi69IRbwj4nqP9/view?usp=sharing
Μαγειρευτά,ΟΧΙ,Μπουρδέτο με φιλέτο μπακαλιάρου και κους κους,"Φιλέτο μπακαλιάρου (120γρ), Κους κους (150γρ)","Μπακαλιάρος, Κρεμμύδι, Σκόρδο, Chili πιπεριά, Ντομάτα, Μέλι, Μαϊντανός, Κους κους","Φιλέτο μπακαλιάρου (120γρ), Κους κους (150γρ), Κόκκινη σάλτσα (100γρ)",257-2,8.76,9.90,OK,"Μπακαλιάρος, μαγειρεμένος (120γρ), Κους κους, μαγειρεμένο (150γρ), Μπουρδέτο σάλτσα (100γρ)",1.71,1.93,0.14,0.17,1.85,1.85,2.11,21.12%,€6.91,19.52%,1.60%,416,45,28,10,https://drive.google.com/file/d/1NjaqPCzD6-P7CXuPARCi69IRbwj4nqP9/view?usp=sharing,https://drive.google.com/file/d/1NjaqPCzD6-P7CXuPARCi69IRbwj4nqP9/view?usp=sharing
Μαγειρευτά,ΟΧΙ,Μπουρδέτο με φιλέτο μπακαλιάρου και κους κους,"Φιλέτο μπακαλιάρου (150γρ), Κους κους (100γρ)","Μπακαλιάρος, Κρεμμύδι, Σκόρδο, Chili πιπεριά, Ντομάτα, Μέλι, Μαϊντανός, Κους κους","Φιλέτο μπακαλιάρου (150γρ), Κους κους (100γρ), Κόκκινη σάλτσα (100γρ)",257-3,9.20,10.40,OK,"Μπακαλιάρος, μαγειρεμένος (150γρ), Κους κους, μαγειρεμένο (100γρ), Μπουρδέτο σάλτσα (100γρ)",1.90,2.15,0.14,0.17,2.04,2.04,2.32,22.17%,€7.16,20.65%,1.52%,392,34,32,10,https://drive.google.com/file/d/1NjaqPCzD6-P7CXuPARCi69IRbwj4nqP9/view?usp=sharing,https://drive.google.com/file/d/1NjaqPCzD6-P7CXuPARCi69IRbwj4nqP9/view?usp=sharing
Μαγειρευτά,ΟΧΙ,Μπουρδέτο με φιλέτο μπακαλιάρου και κους κους,"Φιλέτο μπακαλιάρου (150γρ), Κους κους (150γρ)","Μπακαλιάρος, Κρεμμύδι, Σκόρδο, Chili πιπεριά, Ντομάτα, Μέλι, Μαϊντανός, Κους κους","Φιλέτο μπακαλιάρου (150γρ), Κους κους (150γρ), Κόκκινη σάλτσα (100γρ)",257-4,9.65,10.90,OK,"Μπακαλιάρος, μαγειρεμένος (150γρ), Κους κους, μαγειρεμένο (150γρ), Μπουρδέτο σάλτσα (100γρ)",1.99,2.25,0.14,0.17,2.13,2.13,2.42,22.07%,€7.52,20.62%,1.45%,448,45,34,11,https://drive.google.com/file/d/1NjaqPCzD6-P7CXuPARCi69IRbwj4nqP9/view?usp=sharing,https://drive.google.com/file/d/1NjaqPCzD6-P7CXuPARCi69IRbwj4nqP9/view?usp=sharing
Μαγειρευτά,ΟΧΙ,Μπουρδέτο με φιλέτο μπακαλιάρου και κους κους,"Φιλέτο μπακαλιάρου (180γρ), Κους κους (100γρ)","Μπακαλιάρος, Κρεμμύδι, Σκόρδο, Chili πιπεριά, Ντομάτα, Μέλι, Μαϊντανός, Κους κους","Φιλέτο μπακαλιάρου (180γρ), Κους κους (100γρ), Κόκκινη σάλτσα (100γρ)",257-5,10.09,11.40,OK,"Μπακαλιάρος, μαγειρεμένος (180γρ), Κους κους, μαγειρεμένο (100γρ), Μπουρδέτο σάλτσα (100γρ)",2.18,2.46,0.14,0.17,2.32,2.32,2.64,22.99%,€7.77,21.61%,1.39%,423,34,37,11,https://drive.google.com/file/d/1NjaqPCzD6-P7CXuPARCi69IRbwj4nqP9/view?usp=sharing,https://drive.google.com/file/d/1NjaqPCzD6-P7CXuPARCi69IRbwj4nqP9/view?usp=sharing
Μαγειρευτά,ΝΑΙ,Μπουρδέτο με φιλέτο μπακαλιάρου και κους κους,"Φιλέτο μπακαλιάρου (180γρ), Κους κους (150γρ)","Μπακαλιάρος, Κρεμμύδι, Σκόρδο, Chili πιπεριά, Ντομάτα, Μέλι, Μαϊντανός, Κους κους","Φιλέτο μπακαλιάρου (180γρ), Κους κους (150γρ), Κόκκινη σάλτσα (100γρ)",257-6,10.53,11.90,OK,"Μπακαλιάρος, μαγειρεμένος (180γρ), Κους κους, μαγειρεμένο (150γρ), Μπουρδέτο σάλτσα (100γρ)",2.27,2.57,0.14,0.17,2.41,2.41,2.74,22.89%,€8.12,21.56%,1.33%,479,45,39,11,https://drive.google.com/file/d/1NjaqPCzD6-P7CXuPARCi69IRbwj4nqP9/view?usp=sharing,https://drive.google.com/file/d/1NjaqPCzD6-P7CXuPARCi69IRbwj4nqP9/view?usp=sharing
Μαγειρευτά,ΟΧΙ,Μπουρδέτο με φιλέτο μπακαλιάρου και κους κους,"Φιλέτο μπακαλιάρου (210γρ), Κους κους (100γρ)","Μπακαλιάρος, Κρεμμύδι, Σκόρδο, Chili πιπεριά, Ντομάτα, Μέλι, Μαϊντανός, Κους κους","Φιλέτο μπακαλιάρου (210γρ), Κους κους (100γρ), Κόκκινη σάλτσα (100γρ)",257-7,10.97,12.40,OK,"Μπακαλιάρος, μαγειρεμένος (210γρ), Κους κους, μαγειρεμένο (100γρ), Μπουρδέτο σάλτσα (100γρ)",2.46,2.78,0.14,0.17,2.60,2.60,2.95,23.70%,€8.37,22.42%,1.28%,455,34,43,11,https://drive.google.com/file/d/1NjaqPCzD6-P7CXuPARCi69IRbwj4nqP9/view?usp=sharing,https://drive.google.com/file/d/1NjaqPCzD6-P7CXuPARCi69IRbwj4nqP9/view?usp=sharing
Μαγειρευτά,ΟΧΙ,Μπουρδέτο με φιλέτο μπακαλιάρου και κους κους,"Φιλέτο μπακαλιάρου (210γρ), Κους κους (150γρ)","Μπακαλιάρος, Κρεμμύδι, Σκόρδο, Chili πιπεριά, Ντομάτα, Μέλι, Μαϊντανός, Κους κους","Φιλέτο μπακαλιάρου (210γρ), Κους κους (150γρ), Κόκκινη σάλτσα (100γρ)",257-8,11.42,12.90,OK,"Μπακαλιάρος, μαγειρεμένος (210γρ), Κους κους, μαγειρεμένο (150γρ), Μπουρδέτο σάλτσα (100γρ)",2.55,2.88,0.14,0.17,2.69,2.69,3.06,23.56%,€8.73,22.33%,1.23%,511,45,45,11,https://drive.google.com/file/d/1NjaqPCzD6-P7CXuPARCi69IRbwj4nqP9/view?usp=sharing,https://drive.google.com/file/d/1NjaqPCzD6-P7CXuPARCi69IRbwj4nqP9/view?usp=sharing
Μαγειρευτά,ΟΧΙ,Μπριάμ με γλυκοπατάτα και φέτα light,"Μπριάμ (280γρ), Φέτα light (30γρ)","Γλυκοπατάτα, Ντομάτα, Κολοκύθι, Μελιτζάνα, Κρεμμύδι, Σκόρδο, Κανέλα, Μέλι, Μαϊντανός, Φέτα light ","Μπριάμ (280γρ), Φέτα light (30γρ)",134-1,6.64,7.50,OK,"Μπριάμ με γλυκοπατάτα  (280γρ), Φέτα τυρί, light (30γρ)",1.29,1.46,0.20,0.25,1.49,1.49,1.70,22.41%,€5.15,19.43%,2.98%,301,30,10,18,https://drive.google.com/file/d/1q7xU9oAemC0oK0-pwNUDAeDx7Mdg-k8j/view?usp=sharing,https://drive.google.com/file/d/1q7xU9oAemC0oK0-pwNUDAeDx7Mdg-k8j/view?usp=sharing
Μαγειρευτά,ΟΧΙ,Μπριάμ με γλυκοπατάτα και φέτα light,"Μπριάμ (280γρ), Φέτα light (60γρ)","Γλυκοπατάτα, Ντομάτα, Κολοκύθι, Μελιτζάνα, Κρεμμύδι, Σκόρδο, Κανέλα, Μέλι, Μαϊντανός, Φέτα light ","Μπριάμ (280γρ), Φέτα light (60γρ)",134-2,6.99,7.90,OK,"Μπριάμ με γλυκοπατάτα  (280γρ), Φέτα τυρί, light (60γρ)",1.80,2.03,0.20,0.25,2.00,2.00,2.28,28.58%,€4.99,25.75%,2.83%,351,30,15,22,https://drive.google.com/file/d/1q7xU9oAemC0oK0-pwNUDAeDx7Mdg-k8j/view?usp=sharing,https://drive.google.com/file/d/1q7xU9oAemC0oK0-pwNUDAeDx7Mdg-k8j/view?usp=sharing
Μαγειρευτά,ΟΧΙ,Μπριάμ με γλυκοπατάτα και φέτα light,"Μπριάμ (380γρ), Φέτα light (30γρ)","Γλυκοπατάτα, Ντομάτα, Κολοκύθι, Μελιτζάνα, Κρεμμύδι, Σκόρδο, Κανέλα, Μέλι, Μαϊντανός, Φέτα light ","Μπριάμ (380γρ), Φέτα light (30γρ)",134-3,7.52,8.50,OK,"Μπριάμ με γλυκοπατάτα  (380γρ), Φέτα τυρί, light (30γρ)",1.57,1.77,0.20,0.25,1.77,1.77,2.02,23.51%,€5.75,20.88%,2.63%,391,41,11,24,https://drive.google.com/file/d/1q7xU9oAemC0oK0-pwNUDAeDx7Mdg-k8j/view?usp=sharing,https://drive.google.com/file/d/1q7xU9oAemC0oK0-pwNUDAeDx7Mdg-k8j/view?usp=sharing
Μαγειρευτά,ΟΧΙ,Μπριάμ με γλυκοπατάτα και φέτα light,"Μπριάμ (380γρ), Φέτα light (60γρ)","Γλυκοπατάτα, Ντομάτα, Κολοκύθι, Μελιτζάνα, Κρεμμύδι, Σκόρδο, Κανέλα, Μέλι, Μαϊντανός, Φέτα light ","Μπριάμ (380γρ), Φέτα light (60γρ)",134-4,7.88,8.90,OK,"Μπριάμ με γλυκοπατάτα  (380γρ), Φέτα τυρί, light (60γρ)",2.08,2.35,0.20,0.25,2.28,2.28,2.60,28.91%,€5.60,26.40%,2.51%,441,41,17,27,https://drive.google.com/file/d/1q7xU9oAemC0oK0-pwNUDAeDx7Mdg-k8j/view?usp=sharing,https://drive.google.com/file/d/1q7xU9oAemC0oK0-pwNUDAeDx7Mdg-k8j/view?usp=sharing
Μαγειρευτά,ΟΧΙ,Μπριάμ με γλυκοπατάτα και φέτα light,"Μπριάμ (380γρ), Φέτα light (90γρ)","Γλυκοπατάτα, Ντομάτα, Κολοκύθι, Μελιτζάνα, Κρεμμύδι, Σκόρδο, Κανέλα, Μέλι, Μαϊντανός, Φέτα light ","Μπριάμ (380γρ), Φέτα light (90γρ)",134-5,8.41,9.50,OK,"Μπριάμ με γλυκοπατάτα  (380γρ), Φέτα τυρί, light (90γρ)",2.59,2.93,0.20,0.25,2.79,2.79,3.17,33.15%,€5.62,30.80%,2.35%,490,41,22,31,https://drive.google.com/file/d/1q7xU9oAemC0oK0-pwNUDAeDx7Mdg-k8j/view?usp=sharing,https://drive.google.com/file/d/1q7xU9oAemC0oK0-pwNUDAeDx7Mdg-k8j/view?usp=sharing
Μαγειρευτά,ΟΧΙ,Μπριάμ με γλυκοπατάτα και φέτα light,"Μπριάμ (480γρ), Φέτα light (30γρ)","Γλυκοπατάτα, Ντομάτα, Κολοκύθι, Μελιτζάνα, Κρεμμύδι, Σκόρδο, Κανέλα, Μέλι, Μαϊντανός, Φέτα light ","Μπριάμ (480γρ), Φέτα light (30γρ)",134-6,7.88,8.90,OK,"Μπριάμ με γλυκοπατάτα  (460γρ), Φέτα τυρί, light (30γρ)",1.79,2.02,0.20,0.25,1.99,1.99,2.27,25.23%,€5.89,22.72%,2.51%,463,49,12,28,https://drive.google.com/file/d/1q7xU9oAemC0oK0-pwNUDAeDx7Mdg-k8j/view?usp=sharing,https://drive.google.com/file/d/1q7xU9oAemC0oK0-pwNUDAeDx7Mdg-k8j/view?usp=sharing
Μαγειρευτά,ΝΑΙ,Μπριάμ με γλυκοπατάτα και φέτα light,"Μπριάμ (480γρ), Φέτα light (60γρ)","Γλυκοπατάτα, Ντομάτα, Κολοκύθι, Μελιτζάνα, Κρεμμύδι, Σκόρδο, Κανέλα, Μέλι, Μαϊντανός, Φέτα light ","Μπριάμ (480γρ), Φέτα light (60γρ)",134-7,8.41,9.50,OK,"Μπριάμ με γλυκοπατάτα  (460γρ), Φέτα τυρί, light (60γρ)",2.30,2.60,0.20,0.25,2.50,2.50,2.84,29.70%,€5.91,27.35%,2.35%,513,49,18,31,https://drive.google.com/file/d/1q7xU9oAemC0oK0-pwNUDAeDx7Mdg-k8j/view?usp=sharing,https://drive.google.com/file/d/1q7xU9oAemC0oK0-pwNUDAeDx7Mdg-k8j/view?usp=sharing
Μαγειρευτά,ΟΧΙ,Μπριάμ με γλυκοπατάτα και φέτα light,"Μπριάμ (480γρ), Φέτα light (90γρ)","Γλυκοπατάτα, Ντομάτα, Κολοκύθι, Μελιτζάνα, Κρεμμύδι, Σκόρδο, Κανέλα, Μέλι, Μαϊντανός, Φέτα light ","Μπριάμ (480γρ), Φέτα light (90γρ)",134-8,8.76,9.90,OK,"Μπριάμ με γλυκοπατάτα  (460γρ), Φέτα τυρί, light (90γρ)",2.81,3.18,0.20,0.25,3.01,3.01,3.42,34.34%,€5.75,32.08%,2.26%,562,49,23,35,https://drive.google.com/file/d/1q7xU9oAemC0oK0-pwNUDAeDx7Mdg-k8j/view?usp=sharing,https://drive.google.com/file/d/1q7xU9oAemC0oK0-pwNUDAeDx7Mdg-k8j/view?usp=sharing
Μαγειρευτά,ΟΧΙ,Μπριάμ με γλυκοπατάτα και φέτα light,"Μπριάμ (580γρ), Φέτα light (60γρ)","Γλυκοπατάτα, Ντομάτα, Κολοκύθι, Μελιτζάνα, Κρεμμύδι, Σκόρδο, Κανέλα, Μέλι, Μαϊντανός, Φέτα light ","Μπριάμ (580γρ), Φέτα light (60γρ)",134-9,8.76,9.90,OK,"Μπριάμ με γλυκοπατάτα  (580γρ), Φέτα τυρί, light (60γρ)",2.64,2.98,0.20,0.25,2.84,2.84,3.23,32.39%,€5.92,30.14%,2.26%,621,62,19,38,https://drive.google.com/file/d/1q7xU9oAemC0oK0-pwNUDAeDx7Mdg-k8j/view?usp=sharing,https://drive.google.com/file/d/1q7xU9oAemC0oK0-pwNUDAeDx7Mdg-k8j/view?usp=sharing
Μαγειρευτά,ΟΧΙ,Μπριάμ με γλυκοπατάτα και φέτα light,"Μπριάμ (580γρ), Φέτα light (90γρ)","Γλυκοπατάτα, Ντομάτα, Κολοκύθι, Μελιτζάνα, Κρεμμύδι, Σκόρδο, Κανέλα, Μέλι, Μαϊντανός, Φέτα light ","Μπριάμ (580γρ), Φέτα light (90γρ)",134-10,9.29,10.50,OK,"Μπριάμ με γλυκοπατάτα  (580γρ), Φέτα τυρί, light (90γρ)",3.15,3.56,0.20,0.25,3.35,3.35,3.80,36.04%,€5.94,33.91%,2.13%,670,62,25,41,https://drive.google.com/file/d/1q7xU9oAemC0oK0-pwNUDAeDx7Mdg-k8j/view?usp=sharing,https://drive.google.com/file/d/1q7xU9oAemC0oK0-pwNUDAeDx7Mdg-k8j/view?usp=sharing
Σαλάτες,ΝΑΙ,"Ντάκος με χταποδοσαλάτα, ντοματίνια, αγγούρι και κρέμα ταραμά ","Χταπόδι Ξυδάτο (60γρ), Παξιμαδάκια χαρουπιού (60γρ), Ελαιόλαδο (20γρ)","Χταπόδι, Ξύδι, Αγγούρι, Ντοματίνια, Παξιμάδι χαρουπιού, Ταραμάς","Χταπόδι Ξυδάτο (60γρ), Αγγούρι (40γρ), Ντοματίνια (40γρ), Παξιμαδάκια χαρουπιού (60γρ), Ταραμάς (50γρ), Ελαιόλαδο (20γρ)",321,9.65,10.90,Product Cost Change,"Χταπόδι Ξυδάτο Πλοκάμι (60γρ), Αγγούρι, ωμό (40γρ), Ντοματίνια, ωμά (40γρ), Παξιμαδάκια χαρουπιού (60γρ), Ταραμάς (50γρ), Ελαιόλαδο (20γρ)",2.91,3.29,0.08,0.10,2.97,2.99,3.39,31.03%,€6.66,30.16%,0.87%,950,43,17,76,https://drive.google.com/file/d/1g26UNR6PMdchR3z5pXD_P6wfMzZ4chKh/view?usp=sharing,
Πρωϊνά,ΝΑΙ,Ομελέτα φούρνου με βασιλομανίταρα,Ομελέτα με βασιλομανίταρα (185γρ),"Μανιτάρι, Κρεμμύδι, Σκόρδο, Αυγό, Γάλα, Τυρί κίτρινο light, Μαϊντανός, Σχοινόπρασο, Θυμάρι","Ομελέτα με βασιλομανίταρα, portobello, champignon, κρεμμύδι, σκόρδο, κίτρινο τυρί light, γάλα light, μαϊντανό και σχοινόπρασο (185γρ)",4,6.11,6.90,OK,"Ομελέτα με βασιλομανίταρα, portobello και champignon (185γρ)",1.73,1.95,0.16,0.19,1.89,1.89,2.15,30.85%,€4.23,28.31%,2.54%,272,6,20,18,https://drive.google.com/file/d/1m4A_98F09a6iNxPFF5A9y6yyBfGb62YY/view?usp=sharing,https://drive.google.com/file/d/1m4A_98F09a6iNxPFF5A9y6yyBfGb62YY/view?usp=sharing
Πρωϊνά,ΝΑΙ,Ομελέτα φούρνου με καπνιστό σολόμο με αβοκάντο,Ομελέτα με καπνιστό σολομό (190γρ),"Αυγό, Σολομός καπνιστός, Αβοκάντο, Ντοματίνια, Γάλα, Cheddar light, Άνηθος, Σχοινόπρασο, Χυμός λεμονιού","Ομελέτα με καπνιστό σολομό, αβοκάντο, ντοματίνια, γάλα light, cheddar light, άνηθο και σχοινόπρασο (190γρ)",258,6.99,7.90,OK,"Ομελέτα με καπνιστό σολομό, αβοκάντο, ντοματίνια, γάλα light, cheddar light, άνηθο και σχοινόπρασο (190γρ)",1.66,1.88,0.16,0.19,1.82,1.82,2.07,25.97%,€5.18,23.75%,2.22%,262,5,20,18,https://drive.google.com/file/d/1pcFD5R8X6dV8Y24Z4ImuFF3aO6HhtVkG/view?usp=sharing,https://drive.google.com/file/d/1pcFD5R8X6dV8Y24Z4ImuFF3aO6HhtVkG/view?usp=sharing
Πρωϊνά,ΝΑΙ,"Ομελέτα φούρνου με γλυκοπατάτες, φέτα light και σπανάκι",Ομελέτα φούρνου με γλυκοπατάτες (200γρ),"Γλυκοπατάτα, Αυγό, Κρεμμύδι, Σκόρδο, Σπανάκι, Ντοματίνια, Φέτα light, Σχοινόπρασο, Μαϊντανός","Ομελέτα φούρνου με γλυκοπατάτες, ντοματίνια, σπανάκι, κρεμμύδι, φέτα light, σχοινόπρασο και μαϊντανό (200γρ)",260,4.87,5.50,OK,"Ομελέτα φούρνου με γλυκοπατάτες, ντοματίνια, σπανάκι, κρεμμύδι, φέτα light, σχοινόπρασο και μαϊντανό (200γρ)",1.00,1.13,0.13,0.16,1.13,1.13,1.29,23.20%,€3.74,20.53%,2.67%,242,15,13,15,https://drive.google.com/file/d/1qpj7tNgZXjHqmev1tXVziOHxif2_QALJ/view?usp=sharing,https://drive.google.com/file/d/1qpj7tNgZXjHqmev1tXVziOHxif2_QALJ/view?usp=sharing
Μαγειρευτά,ΟΧΙ,Παραδοσιακή κοτόσουπα με κουρκουμά,"Σούπα (300γρ), Φιλέτο κοτόπουλο (120γρ)","Κοτόπουλο, Ζωμός κοτόπουλου, Πατάτα, Καρότο, Σέλερι, Κρεμμύδι, Μαϊντανός","Σούπα (300γρ), Φιλέτο κοτόπουλο (120γρ), Λαχανικά (30γρ), Πατάτα (80γρ)",118-1,7.88,8.90,OK,"Σούπα (για κοτόσουπα) (330γρ), Κοτόπουλο στήθος, μαγειρεμένο (120γρ), Πατάτα, μαγειρεμένη (80γρ)",2.67,3.02,0.13,0.16,2.80,2.80,3.18,35.52%,€5.08,33.88%,1.63%,597,39,56,24,https://drive.google.com/file/d/1Z7iHV7GNvassqGkFUar6yaf2rjoY2kg4/view?usp=sharing,https://drive.google.com/file/d/1Z7iHV7GNvassqGkFUar6yaf2rjoY2kg4/view?usp=sharing
Μαγειρευτά,ΝΑΙ,Παραδοσιακή κοτόσουπα με κουρκουμά,"Σούπα (300γρ), Φιλέτο κοτόπουλο (150γρ)","Κοτόπουλο, Ζωμός κοτόπουλου, Πατάτα, Καρότο, Σέλερι, Κρεμμύδι, Μαϊντανός","Σούπα (300γρ), Φιλέτο κοτόπουλο (150γρ), Λαχανικά (30γρ), Πατάτα (80γρ)",118-2,8.76,9.90,OK,"Σούπα (για κοτόσουπα) (330γρ), Κοτόπουλο στήθος, μαγειρεμένο (150γρ), Πατάτα, μαγειρεμένη (80γρ)",2.96,3.34,0.13,0.16,3.09,3.09,3.50,35.26%,€5.67,33.79%,1.47%,646,39,65,25,https://drive.google.com/file/d/1Z7iHV7GNvassqGkFUar6yaf2rjoY2kg4/view?usp=sharing,https://drive.google.com/file/d/1Z7iHV7GNvassqGkFUar6yaf2rjoY2kg4/view?usp=sharing
Μαγειρευτά,ΟΧΙ,Παραδοσιακή κοτόσουπα με κουρκουμά,"Σούπα (350γρ), Φιλέτο κοτόπουλο (180γρ)","Κοτόπουλο, Ζωμός κοτόπουλου, Πατάτα, Καρότο, Σέλερι, Κρεμμύδι, Μαϊντανός","Σούπα (350γρ), Φιλέτο κοτόπουλο (180γρ), Λαχανικά (50γρ), Πατάτα (80γρ)",118-3,9.65,10.90,OK,"Σούπα (για κοτόσουπα) (400γρ), Κοτόπουλο στήθος, μαγειρεμένο (180γρ), Πατάτα, μαγειρεμένη (80γρ)",3.56,4.02,0.13,0.16,3.69,3.69,4.18,38.22%,€5.96,36.89%,1.33%,766,44,78,30,https://drive.google.com/file/d/1Z7iHV7GNvassqGkFUar6yaf2rjoY2kg4/view?usp=sharing,https://drive.google.com/file/d/1Z7iHV7GNvassqGkFUar6yaf2rjoY2kg4/view?usp=sharing
Σαλάτες,ΟΧΙ,Παραδοσιακή μεσογειακή πατατοσαλάτα με αυγό βραστό,Πατατοσαλάτα (160γρ),"Πατάτα, Μπρόκολο, Κάπαρη, Φρέσκο κρεμμυδάκι, Αυγό, Γιαούρτι","Πατάτες βραστές (160γρ), Μπρόκολο (80γρ), Κάπαρη (4γρ), Φρέσκο κρεμμύδι (10γρ), Αυγό βραστό (50γρ), Γιαούρτι 2% (20γρ)",105-1,6.99,7.90,OK,"Πατάτα, μαγειρεμένη (160γρ), Μπρόκολο, ατμού (80γρ), Κάπαρη  (4γρ), Φρέσκο κρεμμυδάκι, ωμό (10γρ), Αυγό ολόκληρο, βραστό (50γρ), Γιαούρτι 2% (20γρ)",0.83,0.94,0.14,0.17,0.97,0.97,1.11,13.88%,€6.02,11.87%,2.00%,262,40,14,6,https://drive.google.com/file/d/1wY33Voo5Neo-QIyuR8KNTBO5Nd088GJS/view?usp=sharing,https://drive.google.com/file/d/1wY33Voo5Neo-QIyuR8KNTBO5Nd088GJS/view?usp=sharing
Σαλάτες,ΝΑΙ,Παραδοσιακή μεσογειακή πατατοσαλάτα με αυγό βραστό,Πατατοσαλάτα (240γρ),"Πατάτα, Μπρόκολο, Κάπαρη, Φρέσκο κρεμμυδάκι, Αυγό, Γιαούρτι","Πατάτες βραστές (240γρ), Μπρόκολο (80γρ), Κάπαρη (6γρ), Φρέσκο κρεμμύδι (20γρ), Αυγό βραστό (100γρ), Γιαούρτι 2% (35γρ)",105-2,7.88,8.90,OK,"Πατάτα, μαγειρεμένη (240γρ), Μπρόκολο, ατμού (80γρ), Κάπαρη  (6γρ), Φρέσκο κρεμμυδάκι, ωμό (20γρ), Αυγό ολόκληρο, βραστό (100γρ), Γιαούρτι 2% (35γρ)",1.26,1.42,0.14,0.17,1.40,1.40,1.60,17.77%,€6.48,15.99%,1.78%,423,57,24,12,https://drive.google.com/file/d/1wY33Voo5Neo-QIyuR8KNTBO5Nd088GJS/view?usp=sharing,https://drive.google.com/file/d/1wY33Voo5Neo-QIyuR8KNTBO5Nd088GJS/view?usp=sharing
Μαγειρευτά,ΟΧΙ,Παστίτσιο με ραγού και μπεσαμέλ από γάλα σόγιας,Παστίτσιο (300γρ),"Ζυμαρικό, Μοσχάρι, Κρεμμύδι, Καρότο, Ντομάτα, Ζωμός κοτόπουλου, Κανέλα, Μέλι, Αλεύρι, Γάλα σόγιας",Παστίτσιο (300γρ),183-1,7.43,8.40,OK,"Λιγκουίνι ολικής άλεσης, μαγειρεμένα (109γρ), Μοσχαρίσιο ραγού (82γρ), Μπεσαμέλ (από γάλα σόγιας) (109γρ)",1.09,1.23,0.14,0.17,1.23,1.23,1.41,16.55%,€6.20,14.67%,1.88%,469,53,20,21,https://drive.google.com/file/d/1hw0Olad9ZS5wSzfiV93xyPiJsfBxuRrr/view?usp=sharing,https://drive.google.com/file/d/1hw0Olad9ZS5wSzfiV93xyPiJsfBxuRrr/view?usp=sharing
Μαγειρευτά,ΝΑΙ,Παστίτσιο με ραγού και μπεσαμέλ από γάλα σόγιας,Παστίτσιο (350γρ),"Ζυμαρικό, Μοσχάρι, Κρεμμύδι, Καρότο, Ντομάτα, Ζωμός κοτόπουλου, Κανέλα, Μέλι, Αλεύρι, Γάλα σόγιας",Παστίτσιο (350γρ),183-2,7.88,8.90,OK,"Λιγκουίνι ολικής άλεσης, μαγειρεμένα (127γρ), Μοσχαρίσιο ραγού (96γρ), Μπεσαμέλ (από γάλα σόγιας) (127γρ)",1.28,1.45,0.14,0.17,1.42,1.42,1.62,18.02%,€6.46,16.24%,1.78%,547,62,23,25,https://drive.google.com/file/d/1hw0Olad9ZS5wSzfiV93xyPiJsfBxuRrr/view?usp=sharing,https://drive.google.com/file/d/1hw0Olad9ZS5wSzfiV93xyPiJsfBxuRrr/view?usp=sharing
Μαγειρευτά,ΟΧΙ,Παστίτσιο με ραγού και μπεσαμέλ από γάλα σόγιας,Παστίτσιο (400γρ),"Ζυμαρικό, Μοσχάρι, Κρεμμύδι, Καρότο, Ντομάτα, Ζωμός κοτόπουλου, Κανέλα, Μέλι, Αλεύρι, Γάλα σόγιας",Παστίτσιο (400γρ),183-3,8.32,9.40,OK,"Λιγκουίνι ολικής άλεσης, μαγειρεμένα (145γρ), Μοσχαρίσιο ραγού (110γρ), Μπεσαμέλ (από γάλα σόγιας) (145γρ)",1.46,1.65,0.14,0.17,1.60,1.60,1.82,19.23%,€6.72,17.55%,1.68%,626,71,26,28,https://drive.google.com/file/d/1hw0Olad9ZS5wSzfiV93xyPiJsfBxuRrr/view?usp=sharing,https://drive.google.com/file/d/1hw0Olad9ZS5wSzfiV93xyPiJsfBxuRrr/view?usp=sharing
Σαλάτες,ΟΧΙ,"Πράσινη σαλάτα με ανθότυρο, μανιτάρια και καρύδια","Μανιτάρια (60γρ), Ανθότυρο (30γρ)","Φυλλώδη πράσινα λαχανικά, Μανιτάρι, Ντοματίνια, Καρύδι, Βαλσάμικο ξύδι, Χυμός λεμονιού, Ανθότυρο","Mix πράσινης σαλάτας (100γρ), Ανθότυρο (30γρ), Μανιτάρια (60γρ), Ντοματίνια (90γρ), Καρύδια (20γρ), Dressing (20γρ)",261-1,7.52,8.50,Product Cost Change,"Λαχανικά, ωμά (100γρ), Μανιτάρι σαμπινιόν, μαγειρεμένο (30γρ), Μανιτάρι πλευρώτους, μαγειρεμένο (30γρ), Ντοματίνια, ωμά (90γρ), Καρύδι, ωμό, ανάλατο (20γρ), Dressing βαλσάμικο (για μανούρι) (20γρ), Ανθότυρο (30γρ)",1.49,1.68,0.18,0.23,1.63,1.67,1.91,22.26%,€5.85,19.81%,2.45%,324,18,10,26,https://drive.google.com/file/d/1LpDuDlpETJZr4Ja5U_LA40LbwMJDlW8l/view?usp=sharing,https://drive.google.com/file/d/1LpDuDlpETJZr4Ja5U_LA40LbwMJDlW8l/view?usp=sharing
Σαλάτες,ΝΑΙ,"Πράσινη σαλάτα με ανθότυρο, μανιτάρια και καρύδια","Μανιτάρια (60γρ), Ανθότυρο (60γρ)","Φυλλώδη πράσινα λαχανικά, Μανιτάρι, Ντοματίνια, Καρύδι, Βαλσάμικο ξύδι, Χυμός λεμονιού, Ανθότυρο","Mix πράσινης σαλάτας (100γρ), Ανθότυρο (60γρ), Μανιτάρια (60γρ), Ντοματίνια (90γρ), Καρύδια (20γρ), Dressing (20γρ)",261-2,7.88,8.90,Product Cost Change,"Λαχανικά, ωμά (100γρ), Μανιτάρι σαμπινιόν, μαγειρεμένο (30γρ), Μανιτάρι πλευρώτους, μαγειρεμένο (30γρ), Ντοματίνια, ωμά (90γρ), Καρύδι, ωμό, ανάλατο (20γρ), Dressing βαλσάμικο (για μανούρι) (20γρ), Ανθότυρο (60γρ)",1.66,1.88,0.18,0.23,1.80,1.84,2.10,23.40%,€6.04,21.07%,2.34%,378,18,13,30,https://drive.google.com/file/d/1LpDuDlpETJZr4Ja5U_LA40LbwMJDlW8l/view?usp=sharing,https://drive.google.com/file/d/1LpDuDlpETJZr4Ja5U_LA40LbwMJDlW8l/view?usp=sharing
Σαλάτες,ΟΧΙ,"Πράσινη σαλάτα με ανθότυρο, μανιτάρια και καρύδια","Μανιτάρια (60γρ), Ανθότυρο (90γρ)","Φυλλώδη πράσινα λαχανικά, Μανιτάρι, Ντοματίνια, Καρύδι, Βαλσάμικο ξύδι, Χυμός λεμονιού, Ανθότυρο","Mix πράσινης σαλάτας (100γρ), Ανθότυρο (90γρ), Μανιτάρια (60γρ), Ντοματίνια (90γρ), Καρύδια (20γρ), Dressing (20γρ)",261-3,8.41,9.50,Product Cost Change,"Λαχανικά, ωμά (100γρ), Μανιτάρι σαμπινιόν, μαγειρεμένο (30γρ), Μανιτάρι πλευρώτους, μαγειρεμένο (30γρ), Ντοματίνια, ωμά (90γρ), Καρύδι, ωμό, ανάλατο (20γρ), Dressing βαλσάμικο (για μανούρι) (20γρ), Ανθότυρο (90γρ)",1.83,2.07,0.18,0.23,1.97,2.01,2.30,23.95%,€6.40,21.76%,2.19%,432,19,16,35,https://drive.google.com/file/d/1LpDuDlpETJZr4Ja5U_LA40LbwMJDlW8l/view?usp=sharing,https://drive.google.com/file/d/1LpDuDlpETJZr4Ja5U_LA40LbwMJDlW8l/view?usp=sharing
Σαλάτες,ΟΧΙ,"Πράσινη σαλάτα με μοτσαρέλα, αντίδια, αβοκάντο και μανταρίνι","Αντίδι (50γρ), Μοτσαρέλα (30γρ), Dressing (20γρ)","Αντίδια, Αβοκάντο, Μανταρίνι, Καρύδι, Μοτσαρέλα, Χυμός λεμονιού, Χυμός πορτοκαλιού, Χυμός γκρέιπφρουτ, Μέλι, Ξύδι","Αντίδι (50γρ), Αβοκάντο (70γρ), Μανταρίνι (60γρ), Καρύδια (25γρ), Μοτσαρέλα (30γρ), Dressing (20γρ)",283-1,6.99,7.90,Product Cost Change,"Αντίδια (50γρ), Αβοκάντο (70γρ), Μανταρίνι (60γρ), Καρύδι, ωμό, ανάλατο (25γρ), Φρέσκια μοτσαρέλα (30γρ), Dressing εσπεριδοειδών (20γρ)",1.81,2.05,0.18,0.23,1.59,1.99,2.27,28.53%,€5.00,25.89%,2.63%,441,22,12,37,https://drive.google.com/file/d/1FsthzWsb1ZxpRFoyYFlwGeOjgqTbNLLu/view?usp=sharing,https://drive.google.com/file/d/1FsthzWsb1ZxpRFoyYFlwGeOjgqTbNLLu/view?usp=sharing
Σαλάτες,ΝΑΙ,"Πράσινη σαλάτα με μοτσαρέλα, αντίδια, αβοκάντο και μανταρίνι","Αντίδι (50γρ), Μοτσαρέλα (60γρ), Dressing (20γρ)","Αντίδια, Αβοκάντο, Μανταρίνι, Καρύδι, Μοτσαρέλα, Χυμός λεμονιού, Χυμός πορτοκαλιού, Χυμός γκρέιπφρουτ, Μέλι, Ξύδι","Αντίδι (50γρ), Αβοκάντο (70γρ), Μανταρίνι (60γρ), Καρύδια (25γρ), Μοτσαρέλα (60γρ), Dressing (20γρ)",283-2,7.88,8.90,Product Cost Change,"Αντίδια (50γρ), Αβοκάντο (70γρ), Μανταρίνι (60γρ), Καρύδι, ωμό, ανάλατο (25γρ), Φρέσκια μοτσαρέλα (60γρ), Dressing εσπεριδοειδών (20γρ)",2.15,2.43,0.18,0.23,1.93,2.33,2.66,29.62%,€5.55,27.28%,2.34%,489,22,18,40,https://drive.google.com/file/d/1FsthzWsb1ZxpRFoyYFlwGeOjgqTbNLLu/view?usp=sharing,https://drive.google.com/file/d/1FsthzWsb1ZxpRFoyYFlwGeOjgqTbNLLu/view?usp=sharing
Σαλάτες,ΟΧΙ,"Πράσινη σαλάτα με μοτσαρέλα, αντίδια, αβοκάντο και μανταρίνι","Αντίδι (50γρ), Μοτσαρέλα (90γρ), Dressing (20γρ)","Αντίδια, Αβοκάντο, Μανταρίνι, Καρύδι, Μοτσαρέλα, Χυμός λεμονιού, Χυμός πορτοκαλιού, Χυμός γκρέιπφρουτ, Μέλι, Ξύδι","Αντίδι (50γρ), Αβοκάντο (70γρ), Μανταρίνι (60γρ), Καρύδια (25γρ), Μοτσαρέλα (90γρ), Dressing (20γρ)",283-3,8.76,9.90,Product Cost Change,"Αντίδια (50γρ), Αβοκάντο (70γρ), Μανταρίνι (60γρ), Καρύδι, ωμό, ανάλατο (25γρ), Φρέσκια μοτσαρέλα (90γρ), Dressing εσπεριδοειδών (20γρ)",2.48,2.80,0.18,0.23,2.26,2.66,3.03,30.41%,€6.10,28.31%,2.10%,538,22,24,42,https://drive.google.com/file/d/1FsthzWsb1ZxpRFoyYFlwGeOjgqTbNLLu/view?usp=sharing,https://drive.google.com/file/d/1FsthzWsb1ZxpRFoyYFlwGeOjgqTbNLLu/view?usp=sharing
Σαλάτες,ΟΧΙ,"Πράσινη σαλάτα με κατσικίσιο τυρι, ρόδι και μήλο","Κατσικίσιο τυρί (30γρ), Dressing (20γρ)","Φυλλώδη πράσινα λαχανικά, Κατσικίσιο τυρί, Ρόδι, Μήλο, Καρύδι, Αγγούρι, Μηλόξυδο, Μουστάρδα, Σιρόπι σφενδάμου, Σκόρδο","Πράσινη σαλάτα (100γρ), Αγγούρι (50γρ), Κατσικίσιο τυρί (30γρ), Ρόδι (25γρ), Πράσινο μήλο (50γρ), Καρύδια (25γρ), Dressing (20γρ)",279-1,6.99,7.90,Product Cost Change,"Λαχανικά, ωμά (100γρ), Κατσικίσιο τυρί (30γρ), Ρόδι (25γρ), Μήλο (50γρ), Καρύδι, ωμό, ανάλατο (25γρ), Dressing μηλόξυδο-maple syrup (20γρ), Αγγούρι, ωμό (50γρ)",1.69,1.91,0.18,0.23,1.86,1.87,2.14,26.81%,€5.12,24.18%,2.63%,453,23,12,37,https://drive.google.com/file/d/16GNQjdtRLm8AQbe36-ghnql_KBR5R11Q/view?usp=sharing,https://drive.google.com/file/d/16GNQjdtRLm8AQbe36-ghnql_KBR5R11Q/view?usp=sharing
Σαλάτες,ΝΑΙ,"Πράσινη σαλάτα με κατσικίσιο τυρι, ρόδι και μήλο","Κατσικίσιο τυρί (60γρ), Dressing (20γρ)","Φυλλώδη πράσινα λαχανικά, Κατσικίσιο τυρί, Ρόδι, Μήλο, Καρύδι, Αγγούρι, Μηλόξυδο, Μουστάρδα, Σιρόπι σφενδάμου, Σκόρδο","Πράσινη σαλάτα (100γρ), Αγγούρι (50γρ), Κατσικίσιο τυρί (60γρ), Ρόδι (25γρ), Πράσινο μήλο (50γρ), Καρύδια (25γρ), Dressing (20γρ)",279-2,7.88,8.90,Product Cost Change,"Λαχανικά, ωμά (100γρ), Κατσικίσιο τυρί (60γρ), Ρόδι (25γρ), Μήλο (50γρ), Καρύδι, ωμό, ανάλατο (25γρ), Dressing μηλόξυδο-maple syrup (20γρ), Αγγούρι, ωμό (50γρ)",2.04,2.31,0.18,0.23,2.21,2.22,2.53,28.22%,€5.66,25.89%,2.34%,562,23,19,46,https://drive.google.com/file/d/16GNQjdtRLm8AQbe36-ghnql_KBR5R11Q/view?usp=sharing,https://drive.google.com/file/d/16GNQjdtRLm8AQbe36-ghnql_KBR5R11Q/view?usp=sharing
Σαλάτες,ΟΧΙ,Πράσινη σαλάτα με κοτόπουλο και Pico de Gallo,"Pico de gallo με φιλέτο κοτόπουλο (60γρ), Dressing (70γρ)","Αυγό, Γάλα, Cheddar light, Chorizo, Πράσινη πιπεριά, Κόκκινη πιπεριά, Κρεμμύδι, Μαύρα φασόλια, Καλαμπόκι, Jalapeños πιπεριά, Κύμινο, Πάπρικα, Κόλιανδρος, Αβοκάντο","Mix πράσινης σαλάτας (120γρ), Φιλέτο κοτόπουλο (60γρ), Ντοματίνια (75γρ), Σέλερι (25γρ), Κόκκινο κρεμμύδι (12,5γρ), Καρύδια (25γρ), Cranberries (25γρ), Κόλιανδρος (3,5γρ), Jalapeños πιπεριές (2,5γρ), Μαϊντανός (5γρ), Dressing (70γρ)",259-1,7.88,8.90,Product Cost Change,"Μαρούλι, ωμό (120γρ), Κοτόπουλο στήθος, μαγειρεμένο (60γρ), Σέλερι, ωμό (25γρ), Καρύδι, ωμό, ανάλατο (25γρ), Cranberries (25γρ), Μαϊντανός, φρέσκος (5γρ), Ντοματίνια, ωμά (75γρ), Κρεμμύδι κόκκινο, ωμό (12,5γρ), Κόλιανδρος (3,5γρ), Jalapeños πιπεριά (2,5γρ), Lime (10γρ), Σκόρδο, πολτός (1,5γρ), Αλάτι ψιλό (1γρ), Dressing Pico de Gallo (70γρ)",1.70,1.92,0.18,0.23,1.85,1.88,2.15,23.91%,€6.00,21.57%,2.34%,533,40,28,32,https://drive.google.com/file/d/1R3nsz3UHvVCFDSdX-DeWJrR4PTLRcvH7/view?usp=sharing,https://drive.google.com/file/d/1R3nsz3UHvVCFDSdX-DeWJrR4PTLRcvH7/view?usp=sharing
Σαλάτες,ΝΑΙ,Πράσινη σαλάτα με κοτόπουλο και Pico de Gallo,"Pico de gallo με φιλέτο κοτόπουλο (90γρ), Dressing (70γρ)","Αυγό, Γάλα, Cheddar light, Chorizo, Πράσινη πιπεριά, Κόκκινη πιπεριά, Κρεμμύδι, Μαύρα φασόλια, Καλαμπόκι, Jalapeños πιπεριά, Κύμινο, Πάπρικα, Κόλιανδρος, Αβοκάντο","Mix πράσινης σαλάτας (120γρ), Φιλέτο κοτόπουλο (90γρ), Ντοματίνια (75γρ), Σέλερι (25γρ), Κόκκινο κρεμμύδι (12,5γρ), Καρύδια (25γρ), Cranberries (25γρ), Κόλιανδρος (3,5γρ), Jalapeños πιπεριές (2,5γρ), Μαϊντανός (5γρ), Dressing (70γρ)",259-2,8.32,9.40,Product Cost Change,"Μαρούλι, ωμό (120γρ), Κοτόπουλο στήθος, μαγειρεμένο (90γρ), Σέλερι, ωμό (25γρ), Καρύδι, ωμό, ανάλατο (25γρ), Cranberries (25γρ), Μαϊντανός, φρέσκος (5γρ), Ντοματίνια, ωμά (75γρ), Κρεμμύδι κόκκινο, ωμό (12,5γρ), Κόλιανδρος (3,5γρ), Jalapeños πιπεριά (2,5γρ), Lime (10γρ), Σκόρδο, πολτός (1,5γρ), Αλάτι ψιλό (1γρ), Dressing Pico de Gallo (70γρ)",2.00,2.26,0.18,0.23,2.14,2.18,2.49,26.25%,€6.14,24.04%,2.21%,582,40,37,33,https://drive.google.com/file/d/1R3nsz3UHvVCFDSdX-DeWJrR4PTLRcvH7/view?usp=sharing,https://drive.google.com/file/d/1R3nsz3UHvVCFDSdX-DeWJrR4PTLRcvH7/view?usp=sharing
Σαλάτες,ΟΧΙ,Πράσινη σαλάτα με κοτόπουλο και Pico de Gallo,"Pico de gallo με φιλέτο κοτόπουλο (120γρ), Dressing (70γρ)","Αυγό, Γάλα, Cheddar light, Chorizo, Πράσινη πιπεριά, Κόκκινη πιπεριά, Κρεμμύδι, Μαύρα φασόλια, Καλαμπόκι, Jalapeños πιπεριά, Κύμινο, Πάπρικα, Κόλιανδρος, Αβοκάντο","Mix πράσινης σαλάτας (120γρ), Φιλέτο κοτόπουλο (120γρ), Ντοματίνια (75γρ), Σέλερι (25γρ), Κόκκινο κρεμμύδι (12,5γρ), Καρύδια (25γρ), Cranberries (25γρ), Κόλιανδρος (3,5γρ), Jalapeños πιπεριές (2,5γρ), Μαϊντανός (5γρ), Dressing (70γρ)",259-3,8.76,9.90,Product Cost Change,"Μαρούλι, ωμό (120γρ), Κοτόπουλο στήθος, μαγειρεμένο (120γρ), Σέλερι, ωμό (25γρ), Καρύδι, ωμό, ανάλατο (25γρ), Cranberries (25γρ), Μαϊντανός, φρέσκος (5γρ), Ντοματίνια, ωμά (75γρ), Κρεμμύδι κόκκινο, ωμό (12,5γρ), Κόλιανδρος (3,5γρ), Jalapeños πιπεριά (2,5γρ), Lime (10γρ), Σκόρδο, πολτός (1,5γρ), Αλάτι ψιλό (1γρ), Dressing Pico de Gallo (70γρ)",2.30,2.60,0.18,0.23,2.44,2.48,2.83,28.36%,€6.28,26.26%,2.10%,632,40,46,34,https://drive.google.com/file/d/1R3nsz3UHvVCFDSdX-DeWJrR4PTLRcvH7/view?usp=sharing,https://drive.google.com/file/d/1R3nsz3UHvVCFDSdX-DeWJrR4PTLRcvH7/view?usp=sharing
Σαλάτες,ΟΧΙ,"Πράσινη σαλάτα με μανούρι, μανιτάρια και αχλάδι","Μανιτάρια (70γρ), Μανούρι (30γρ), Dressing (20γρ)","Φυλλώδη πράσινα λαχανικά, Μανιτάρι, Ντοματίνια, Καρύδι, Κινόα, Αχλάδι, Μανούρι, Φράουλα, Βαλσάμικο, Μέλι, Χυμός λεμονιού","Mix πράσινης σαλάτας (100γρ), Μανούρι (30γρ), Μανιτάρια (70γρ), Ντοματίνια (60γρ), Κινόα (60γρ), Αχλάδι (40γρ), Καρύδια (20γρ), Dressing (20γρ)",282-1,7.88,8.90,Product Cost Change,"Λαχανικά, ωμά (100γρ), Μανιτάρι σαμπινιόν, μαγειρεμένο (35γρ), Μανιτάρι πλευρώτους, μαγειρεμένο (35γρ), Ντοματίνια, ωμά (60γρ), Καρύδι, ωμό, ανάλατο (20γρ), Κινόα, μαγειρεμένη (60γρ), Αχλάδι, φρέσκο (40γρ), Μανούρι (30γρ), Strawberry dressing (20γρ)",2.00,2.26,0.18,0.23,2.16,2.18,2.49,27.72%,€5.70,25.38%,2.34%,432,35,12,29,https://drive.google.com/file/d/1TRdngTgjePTG1vlKQDCwPKiLWoxEthRk/view?usp=sharing,https://drive.google.com/file/d/1TRdngTgjePTG1vlKQDCwPKiLWoxEthRk/view?usp=sharing
Σαλάτες,ΝΑΙ,"Πράσινη σαλάτα με μανούρι, μανιτάρια και αχλάδι","Μανιτάρια (70γρ), Μανούρι (60γρ), Dressing (20γρ)","Φυλλώδη πράσινα λαχανικά, Μανιτάρι, Ντοματίνια, Καρύδι, Κινόα, Αχλάδι, Μανούρι, Φράουλα, Βαλσάμικο, Μέλι, Χυμός λεμονιού","Mix πράσινης σαλάτας (100γρ), Μανούρι (60γρ), Μανιτάρια (70γρ), Ντοματίνια (60γρ), Κινόα (60γρ), Αχλάδι (40γρ), Καρύδια (20γρ), Dressing (20γρ)",282-2,8.76,9.90,Product Cost Change,"Λαχανικά, ωμά (100γρ), Μανιτάρι σαμπινιόν, μαγειρεμένο (35γρ), Μανιτάρι πλευρώτους, μαγειρεμένο (35γρ), Ντοματίνια, ωμά (60γρ), Καρύδι, ωμό, ανάλατο (20γρ), Κινόα, μαγειρεμένη (60γρ), Αχλάδι, φρέσκο (40γρ), Μανούρι (60γρ), Strawberry dressing (20γρ)",2.38,2.69,0.18,0.23,2.53,2.56,2.92,29.27%,€6.20,27.17%,2.10%,544,36,15,40,https://drive.google.com/file/d/1TRdngTgjePTG1vlKQDCwPKiLWoxEthRk/view?usp=sharing,https://drive.google.com/file/d/1TRdngTgjePTG1vlKQDCwPKiLWoxEthRk/view?usp=sharing
Σαλάτες,ΟΧΙ,"Πράσινη σαλάτα με μανούρι, μανιτάρια και αχλάδι","Μανιτάρια (70γρ), Μανούρι (90γρ), Dressing (20γρ)","Φυλλώδη πράσινα λαχανικά, Μανιτάρι, Ντοματίνια, Καρύδι, Κινόα, Αχλάδι, Μανούρι, Φράουλα, Βαλσάμικο, Μέλι, Χυμός λεμονιού","Mix πράσινης σαλάτας (100γρ), Μανούρι (90γρ), Μανιτάρια (70γρ), Ντοματίνια (60γρ), Κινόα (60γρ), Αχλάδι (40γρ), Καρύδια (20γρ), Dressing (20γρ)",282-3,9.65,10.90,Product Cost Change,"Λαχανικά, ωμά (100γρ), Μανιτάρι σαμπινιόν, μαγειρεμένο (35γρ), Μανιτάρι πλευρώτους, μαγειρεμένο (35γρ), Ντοματίνια, ωμά (60γρ), Καρύδι, ωμό, ανάλατο (20γρ), Κινόα, μαγειρεμένη (60γρ), Αχλάδι, φρέσκο (40γρ), Μανούρι (90γρ), Strawberry dressing (20γρ)",2.75,3.11,0.18,0.23,2.90,2.93,3.34,30.40%,€6.72,28.50%,1.91%,656,36,18,50,https://drive.google.com/file/d/1TRdngTgjePTG1vlKQDCwPKiLWoxEthRk/view?usp=sharing,https://drive.google.com/file/d/1TRdngTgjePTG1vlKQDCwPKiLWoxEthRk/view?usp=sharing
Σαλάτες,ΟΧΙ,"Πράσινη σαλάτα με μανούρι, παντζάρι και ξινόμηλο","Παντζάρι (80γρ), Μανούρι (30γρ), Dressing (20γρ)","Φυλλώδη πράσινα λαχανικά, Μανούρι, Παντζάρι, Μήλο, Τορτίγια, Μουστάρδα, Βαλσάμικο, Μέλι, Πάπρικα","Mix πράσινης σαλάτας (100γρ), Παντζάρι (80γρ), Μανούρι (30γρ), Ξινόμηλο (50γρ), Dressing (20γρ), Wrap ολικής (30γρ)",95-1,6.99,7.90,OK,"Λαχανικά, ωμά (100γρ), Μανούρι (30γρ), Παντζάρια, μαγειρεμένα (80γρ), Μήλο πράσινο (50γρ), Honey dressing (20γρ), Τορτίγια ολικής, μικρή  (30γρ)",1.29,1.46,0.18,0.23,1.47,1.47,1.69,21.09%,€5.52,18.45%,2.63%,373,38,8,21,https://drive.google.com/file/d/1DNICpF-hRY0vLJ5kwU6pAhEqyYvHgGEg/view?usp=sharing,https://drive.google.com/file/d/1DNICpF-hRY0vLJ5kwU6pAhEqyYvHgGEg/view?usp=sharing
Σαλάτες,ΝΑΙ,"Πράσινη σαλάτα με μανούρι, παντζάρι και ξινόμηλο","Παντζάρι (80γρ), Μανούρι (60γρ), Dressing (20γρ)","Φυλλώδη πράσινα λαχανικά, Μανούρι, Παντζάρι, Μήλο, Τορτίγια, Μουστάρδα, Βαλσάμικο, Μέλι, Πάπρικα","Mix πράσινης σαλάτας (100γρ), Παντζάρι (80γρ), Μανούρι (60γρ), Ξινόμηλο (50γρ), Dressing (20γρ), Wrap ολικής (30γρ)",95-2,7.88,8.90,OK,"Λαχανικά, ωμά (100γρ), Μανούρι (60γρ), Παντζάρια, μαγειρεμένα (80γρ), Μήλο πράσινο (50γρ), Honey dressing (20γρ), Τορτίγια ολικής, μικρή  (30γρ)",1.66,1.88,0.18,0.23,1.84,1.84,2.10,23.40%,€6.04,21.07%,2.34%,486,39,12,32,https://drive.google.com/file/d/1DNICpF-hRY0vLJ5kwU6pAhEqyYvHgGEg/view?usp=sharing,https://drive.google.com/file/d/1DNICpF-hRY0vLJ5kwU6pAhEqyYvHgGEg/view?usp=sharing
Σαλάτες,ΟΧΙ,"Πράσινη σαλάτα με μανούρι, παντζάρι και ξινόμηλο","Παντζάρι (80γρ), Μανούρι (90γρ), Dressing (20γρ)","Φυλλώδη πράσινα λαχανικά, Μανούρι, Παντζάρι, Μήλο, Τορτίγια, Μουστάρδα, Βαλσάμικο, Μέλι, Πάπρικα","Mix πράσινης σαλάτας (100γρ), Παντζάρι (80γρ), Μανούρι (90γρ), Ξινόμηλο (50γρ), Dressing (20γρ), Wrap ολικής (30γρ)",95-3,8.76,9.90,OK,"Λαχανικά, ωμά (100γρ), Μανούρι (90γρ), Παντζάρια, μαγειρεμένα (80γρ), Μήλο πράσινο (50γρ), Honey dressing (20γρ), Τορτίγια ολικής, μικρή  (30γρ)",2.03,2.29,0.18,0.23,2.21,2.21,2.52,25.27%,€6.55,23.17%,2.10%,598,40,15,42,https://drive.google.com/file/d/1DNICpF-hRY0vLJ5kwU6pAhEqyYvHgGEg/view?usp=sharing,https://drive.google.com/file/d/1DNICpF-hRY0vLJ5kwU6pAhEqyYvHgGEg/view?usp=sharing
Σαλάτες,ΟΧΙ,"Πράσινη σαλάτα με μανούρι, πορτοκάλι και παστέλι","Παστέλι (15γρ), Μανούρι (30γρ), Dressing (20γρ)","Φυλλώδη πράσινα λαχανικά, Μανούρι, Πορτοκάλι, Παστέλι, Καρύδι, Βαλσάμικο, Χυμός λεμονιού","Mix πράσινης σαλάτας (100γρ), Μανούρι (30γρ), Πορτοκάλι (40γρ), Παστέλι (15γρ), Καρύδια (20γρ), Dressing (20γρ)",255-1,7.52,8.50,Product Cost Change,"Λαχανικά, ωμά (100γρ), Μανούρι (30γρ), Πορτοκάλι, φρέσκο (40γρ), Παστέλι (15γρ), Καρύδι, ωμό, ανάλατο (20γρ), Dressing βαλσάμικο (για μανούρι) (20γρ)",1.30,1.47,0.17,0.20,1.46,1.47,1.67,19.48%,€6.06,17.29%,2.19%,453,21,9,38,https://drive.google.com/file/d/1DGRggP6n0IBssi_4YFZ90yecf2nbP8ac/view?usp=sharing,https://drive.google.com/file/d/1DGRggP6n0IBssi_4YFZ90yecf2nbP8ac/view?usp=sharing
Σαλάτες,ΝΑΙ,"Πράσινη σαλάτα με μανούρι, πορτοκάλι και παστέλι","Παστέλι (15γρ), Μανούρι (60γρ), Dressing (20γρ)","Φυλλώδη πράσινα λαχανικά, Μανούρι, Πορτοκάλι, Παστέλι, Καρύδι, Βαλσάμικο, Χυμός λεμονιού","Mix πράσινης σαλάτας (100γρ), Μανούρι (60γρ), Πορτοκάλι (40γρ), Παστέλι (15γρ), Καρύδια (20γρ), Dressing (20γρ)",255-2,7.88,8.90,OK,"Λαχανικά, ωμά (100γρ), Μανούρι (60γρ), Πορτοκάλι, φρέσκο (40γρ), Παστέλι (15γρ), Καρύδι, ωμό, ανάλατο (20γρ), Dressing βαλσάμικο (για μανούρι) (20γρ)",1.67,1.89,0.17,0.20,1.84,1.84,2.09,23.29%,€6.05,21.19%,2.09%,565,21,12,49,https://drive.google.com/file/d/1DGRggP6n0IBssi_4YFZ90yecf2nbP8ac/view?usp=sharing,https://drive.google.com/file/d/1DGRggP6n0IBssi_4YFZ90yecf2nbP8ac/view?usp=sharing
Σαλάτες,ΟΧΙ,"Πράσινη σαλάτα με μανούρι, πορτοκάλι και παστέλι","Παστέλι (15γρ), Μανούρι (90γρ), Dressing (20γρ)","Φυλλώδη πράσινα λαχανικά, Μανούρι, Πορτοκάλι, Παστέλι, Καρύδι, Βαλσάμικο, Χυμός λεμονιού","Mix πράσινης σαλάτας (100γρ), Μανούρι (90γρ), Πορτοκάλι (40γρ), Παστέλι (15γρ), Καρύδια (20γρ), Dressing (20γρ)",255-3,8.41,9.50,Product Cost Change,"Λαχανικά, ωμά (100γρ), Μανούρι (90γρ), Πορτοκάλι, φρέσκο (40γρ), Παστέλι (15γρ), Καρύδι, ωμό, ανάλατο (20γρ), Dressing βαλσάμικο (για μανούρι) (20γρ)",2.05,2.32,0.17,0.20,2.21,2.22,2.52,26.34%,€6.20,24.38%,1.96%,678,22,15,59,https://drive.google.com/file/d/1DGRggP6n0IBssi_4YFZ90yecf2nbP8ac/view?usp=sharing,https://drive.google.com/file/d/1DGRggP6n0IBssi_4YFZ90yecf2nbP8ac/view?usp=sharing
Σαλάτες,ΟΧΙ,"Πράσινη σαλάτα με τόνο, κινόα και φακές beluga","Φακές (50γρ), Τόνος (60γρ), Dressing (20γρ)","Φυλλώδη πράσινα λαχανικά, Τόνος, Φακή, Καλαμπόκι, Ντοματίνια, Αγγούρι, Κινόα, Χυμός λεμονιού, Μουστάρδα, Σουμάκ","Mix πράσινης σαλάτας (50γρ), Τόνος (60γρ), Κινόα (100γρ), Φακές beluga (50γρ), Καλαμπόκι (50γρ), Ντοματίνια (50γρ), Αγγούρι (40γρ), Dressing (20γρ)",277-1,7.88,8.90,Product Cost Change,"Λαχανικά, ωμά (50γρ), Τόνος, κονσέρβα σε νερό (60γρ), Φακές beluga (50γρ), Καλαμπόκι, κονσέρβα (50γρ), Ντοματίνια, ωμά (50γρ), Αγγούρι, ωμό (40γρ), Κινόα, μαγειρεμένη (100γρ), Dressing sumak (20γρ)",1.84,2.08,0.18,0.23,2.01,2.02,2.31,25.69%,€5.86,23.35%,2.34%,393,46,27,12,https://drive.google.com/file/d/1c21D-dPIacqQFeqqe16q5mUVYhWwHPJ8/view?usp=sharing,https://drive.google.com/file/d/1c21D-dPIacqQFeqqe16q5mUVYhWwHPJ8/view?usp=sharing
Σαλάτες,ΝΑΙ,"Πράσινη σαλάτα με τόνο, κινόα και φακές beluga","Φακές (50γρ), Τόνος (90γρ), Dressing (20γρ)","Φυλλώδη πράσινα λαχανικά, Τόνος, Φακή, Καλαμπόκι, Ντοματίνια, Αγγούρι, Κινόα, Χυμός λεμονιού, Μουστάρδα, Σουμάκ","Mix πράσινης σαλάτας (50γρ), Τόνος (90γρ), Κινόα (100γρ), Φακές beluga (50γρ), Καλαμπόκι (50γρ), Ντοματίνια (50γρ), Αγγούρι (40γρ), Dressing (20γρ)",277-2,8.76,9.90,Product Cost Change,"Λαχανικά, ωμά (50γρ), Τόνος, κονσέρβα σε νερό (90γρ), Φακές beluga (50γρ), Καλαμπόκι, κονσέρβα (50γρ), Ντοματίνια, ωμά (50γρ), Αγγούρι, ωμό (40γρ), Κινόα, μαγειρεμένη (100γρ), Dressing sumak (20γρ)",2.24,2.53,0.18,0.23,2.40,2.42,2.76,27.67%,€6.34,25.57%,2.10%,424,46,34,12,https://drive.google.com/file/d/1c21D-dPIacqQFeqqe16q5mUVYhWwHPJ8/view?usp=sharing,https://drive.google.com/file/d/1c21D-dPIacqQFeqqe16q5mUVYhWwHPJ8/view?usp=sharing
Σαλάτες,ΟΧΙ,"Πράσινη σαλάτα με τόνο, κινόα και φακές beluga","Φακές (50γρ), Τόνος (120γρ), Dressing (20γρ)","Φυλλώδη πράσινα λαχανικά, Τόνος, Φακή, Καλαμπόκι, Ντοματίνια, Αγγούρι, Κινόα, Χυμός λεμονιού, Μουστάρδα, Σουμάκ","Mix πράσινης σαλάτας (50γρ), Τόνος (120γρ), Κινόα (100γρ), Φακές beluga (50γρ), Καλαμπόκι (50γρ), Ντοματίνια (50γρ), Αγγούρι (40γρ), Dressing (20γρ)",277-3,9.65,10.90,Product Cost Change,"Λαχανικά, ωμά (50γρ), Τόνος, κονσέρβα σε νερό (120γρ), Φακές beluga (50γρ), Καλαμπόκι, κονσέρβα (50γρ), Ντοματίνια, ωμά (50γρ), Αγγούρι, ωμό (40γρ), Κινόα, μαγειρεμένη (100γρ), Dressing sumak (20γρ)",2.64,2.98,0.18,0.23,2.80,2.82,3.21,29.26%,€6.83,27.36%,1.91%,454,46,42,13,https://drive.google.com/file/d/1c21D-dPIacqQFeqqe16q5mUVYhWwHPJ8/view?usp=sharing,https://drive.google.com/file/d/1c21D-dPIacqQFeqqe16q5mUVYhWwHPJ8/view?usp=sharing
Σαλάτες,ΟΧΙ,"Πράσινη σαλάτα με μπαλίτσες ανθότυρου, καρύδια και dressing σύκο","Μπαλίτσες ανθότυρου (30γρ), Dressing (20γρ)","Φυλλώδη πράσινα λαχανικά, Αγγούρι, Ντοματίνια, Άνηθος, Καρύδι, Ανθότυρο, Σύκο, Χυμός λεμονιού, Χυμός πορτοκαλιού, Βαλσάμικο, Ελαιόλαδο","Mix πράσινης σαλάτας (100γρ), Μπαλίτσες ανθότυρου (30γρ), Ντοματίνια (80γρ), Αγγούρι (80γρ), Καρύδια (15γρ), Άνηθος (5γρ), Dressing (20γρ)",275-1,6.64,7.50,Product Cost Change,"Λαχανικά, ωμά (100γρ), Αγγούρι, ωμό (80γρ), Ντοματίνια, ωμά (80γρ), Άνηθος, φρέσκος (5γρ), Καρύδι, ωμό, ανάλατο (15γρ), Μπαλάκια ανθότυρου (30γρ), Dressing βαλσάμικο-σύκο (20γρ)",1.33,1.50,0.18,0.23,1.47,1.51,1.73,22.80%,€5.13,20.03%,2.77%,273,22,8,19,https://drive.google.com/file/d/19rKtLn86Khlj4UW5ZhrgztSSAGGhU_qN/view?usp=sharing,https://drive.google.com/file/d/19rKtLn86Khlj4UW5ZhrgztSSAGGhU_qN/view?usp=sharing
Σαλάτες,ΝΑΙ,"Πράσινη σαλάτα με μπαλίτσες ανθότυρου, καρύδια και dressing σύκο","Μπαλίτσες ανθότυρου (60γρ), Dressing (20γρ)","Φυλλώδη πράσινα λαχανικά, Αγγούρι, Ντοματίνια, Άνηθος, Καρύδι, Ανθότυρο, Σύκο, Χυμός λεμονιού, Χυμός πορτοκαλιού, Βαλσάμικο, Ελαιόλαδο","Mix πράσινης σαλάτας (100γρ), Μπαλίτσες ανθότυρου (60γρ), Ντοματίνια (80γρ), Αγγούρι (80γρ), Καρύδια (15γρ), Άνηθος (5γρ), Dressing (20γρ)",275-2,6.99,7.90,Product Cost Change,"Λαχανικά, ωμά (100γρ), Αγγούρι, ωμό (80γρ), Ντοματίνια, ωμά (80γρ), Άνηθος, φρέσκος (5γρ), Καρύδι, ωμό, ανάλατο (15γρ), Μπαλάκια ανθότυρου (60γρ), Dressing βαλσάμικο-σύκο (20γρ)",1.50,1.70,0.18,0.23,1.65,1.68,1.92,24.09%,€5.31,21.46%,2.63%,353,26,11,25,https://drive.google.com/file/d/19rKtLn86Khlj4UW5ZhrgztSSAGGhU_qN/view?usp=sharing,https://drive.google.com/file/d/19rKtLn86Khlj4UW5ZhrgztSSAGGhU_qN/view?usp=sharing
Σαλάτες,ΟΧΙ,"Πράσινη σαλάτα με μπαλίτσες ανθότυρου, καρύδια και dressing σύκο","Μπαλίτσες ανθότυρου (90γρ), Dressing (20γρ)","Φυλλώδη πράσινα λαχανικά, Αγγούρι, Ντοματίνια, Άνηθος, Καρύδι, Ανθότυρο, Σύκο, Χυμός λεμονιού, Χυμός πορτοκαλιού, Βαλσάμικο, Ελαιόλαδο","Mix πράσινης σαλάτας (100γρ), Μπαλίτσες ανθότυρου (90γρ), Ντοματίνια (80γρ), Αγγούρι (80γρ), Καρύδια (15γρ), Άνηθος (5γρ), Dressing (20γρ)",275-3,7.52,8.50,Product Cost Change,"Λαχανικά, ωμά (100γρ), Αγγούρι, ωμό (80γρ), Ντοματίνια, ωμά (80γρ), Άνηθος, φρέσκος (5γρ), Καρύδι, ωμό, ανάλατο (15γρ), Μπαλάκια ανθότυρου (90γρ), Dressing βαλσάμικο-σύκο (20γρ)",1.68,1.90,0.18,0.23,1.83,1.86,2.13,24.79%,€5.66,22.34%,2.45%,433,30,14,31,https://drive.google.com/file/d/19rKtLn86Khlj4UW5ZhrgztSSAGGhU_qN/view?usp=sharing,https://drive.google.com/file/d/19rKtLn86Khlj4UW5ZhrgztSSAGGhU_qN/view?usp=sharing
Μαγειρευτά,ΟΧΙ,"Ρεβίθια κοκκινιστά με χόρτα, κρέμα λεμόνι και φέτα light","Ρεβίθια κοκκινιστά (250γρ), Φέτα light (30γρ)","Ρεβίθια, Πράσο, Ντομάτα, Χόρτα, Κρεμμύδι, Σκόρδο, Μέλι, Φέτα light","Ρεβίθια κοκκινιστά (250γρ), Φέτα light (30γρ)",274-1,5.66,6.40,OK,"Ρεβίθια κοκκινιστά με χόρτα,μυρωδικά και κρέμα λεμόνι (250γρ), Φέτα τυρί, light (30γρ)",0.84,0.95,0.19,0.23,1.03,1.03,1.18,18.13%,€4.63,14.84%,3.29%,458,64,25,14,https://drive.google.com/file/d/10Z7r9AL-198Vp7yaQFndtMH72Zh0fzCh/view?usp=sharing,https://drive.google.com/file/d/10Z7r9AL-198Vp7yaQFndtMH72Zh0fzCh/view?usp=sharing
Μαγειρευτά,ΟΧΙ,"Ρεβίθια κοκκινιστά με χόρτα, κρέμα λεμόνι και φέτα light","Ρεβίθια κοκκινιστά (250γρ), Φέτα light (60γρ)","Ρεβίθια, Πράσο, Ντομάτα, Χόρτα, Κρεμμύδι, Σκόρδο, Μέλι, Φέτα light","Ρεβίθια κοκκινιστά (250γρ), Φέτα light (60γρ)",274-2,6.11,6.90,OK,"Ρεβίθια κοκκινιστά με χόρτα,μυρωδικά και κρέμα λεμόνι (250γρ), Φέτα τυρί, light (60γρ)",1.35,1.53,0.19,0.23,1.54,1.54,1.76,25.15%,€4.57,22.09%,3.05%,507,64,31,17,https://drive.google.com/file/d/10Z7r9AL-198Vp7yaQFndtMH72Zh0fzCh/view?usp=sharing,https://drive.google.com/file/d/10Z7r9AL-198Vp7yaQFndtMH72Zh0fzCh/view?usp=sharing
Μαγειρευτά,ΟΧΙ,"Ρεβίθια κοκκινιστά με χόρτα, κρέμα λεμόνι και φέτα light","Ρεβίθια κοκκινιστά (350γρ), Φέτα light (30γρ)","Ρεβίθια, Πράσο, Ντομάτα, Χόρτα, Κρεμμύδι, Σκόρδο, Μέλι, Φέτα light","Ρεβίθια κοκκινιστά (350γρ), Φέτα light (30γρ)",274-3,6.11,6.90,OK,"Ρεβίθια κοκκινιστά με χόρτα,μυρωδικά και κρέμα λεμόνι (350γρ), Φέτα τυρί, light (30γρ)",0.98,1.11,0.19,0.23,1.17,1.17,1.34,19.09%,€4.94,16.04%,3.05%,621,89,33,17,https://drive.google.com/file/d/10Z7r9AL-198Vp7yaQFndtMH72Zh0fzCh/view?usp=sharing,https://drive.google.com/file/d/10Z7r9AL-198Vp7yaQFndtMH72Zh0fzCh/view?usp=sharing
Μαγειρευτά,ΟΧΙ,"Ρεβίθια κοκκινιστά με χόρτα, κρέμα λεμόνι και φέτα light","Ρεβίθια κοκκινιστά (350γρ), Φέτα light (60γρ)","Ρεβίθια, Πράσο, Ντομάτα, Χόρτα, Κρεμμύδι, Σκόρδο, Μέλι, Φέτα light","Ρεβίθια κοκκινιστά (350γρ), Φέτα light (60γρ)",274-4,6.55,7.40,OK,"Ρεβίθια κοκκινιστά με χόρτα,μυρωδικά και κρέμα λεμόνι (350γρ), Φέτα τυρί, light (60γρ)",1.49,1.68,0.19,0.23,1.68,1.68,1.91,25.59%,€4.87,22.75%,2.85%,670,89,38,21,https://drive.google.com/file/d/10Z7r9AL-198Vp7yaQFndtMH72Zh0fzCh/view?usp=sharing,https://drive.google.com/file/d/10Z7r9AL-198Vp7yaQFndtMH72Zh0fzCh/view?usp=sharing
Μαγειρευτά,ΟΧΙ,"Ρεβίθια κοκκινιστά με χόρτα, κρέμα λεμόνι και φέτα light","Ρεβίθια κοκκινιστά (350γρ), Φέτα light (90γρ)","Ρεβίθια, Πράσο, Ντομάτα, Χόρτα, Κρεμμύδι, Σκόρδο, Μέλι, Φέτα light","Ρεβίθια κοκκινιστά (350γρ), Φέτα light (90γρ)",274-5,6.99,7.90,OK,"Ρεβίθια κοκκινιστά με χόρτα,μυρωδικά και κρέμα λεμόνι (350γρ), Φέτα τυρί, light (90γρ)",2.00,2.26,0.19,0.23,2.19,2.19,2.49,31.28%,€4.80,28.61%,2.67%,719,89,44,25,https://drive.google.com/file/d/10Z7r9AL-198Vp7yaQFndtMH72Zh0fzCh/view?usp=sharing,https://drive.google.com/file/d/10Z7r9AL-198Vp7yaQFndtMH72Zh0fzCh/view?usp=sharing
Μαγειρευτά,ΟΧΙ,"Ρεβίθια κοκκινιστά με χόρτα, κρέμα λεμόνι και φέτα light","Ρεβίθια κοκκινιστά (450γρ), Φέτα light (30γρ)","Ρεβίθια, Πράσο, Ντομάτα, Χόρτα, Κρεμμύδι, Σκόρδο, Μέλι, Φέτα light","Ρεβίθια κοκκινιστά (450γρ), Φέτα light (30γρ)",274-6,6.99,7.90,OK,"Ρεβίθια κοκκινιστά με χόρτα,μυρωδικά και κρέμα λεμόνι (450γρ), Φέτα τυρί, light (30γρ)",1.11,1.25,0.19,0.23,1.30,1.30,1.49,18.55%,€5.69,15.88%,2.67%,784,115,41,21,https://drive.google.com/file/d/10Z7r9AL-198Vp7yaQFndtMH72Zh0fzCh/view?usp=sharing,https://drive.google.com/file/d/10Z7r9AL-198Vp7yaQFndtMH72Zh0fzCh/view?usp=sharing
Μαγειρευτά,ΝΑΙ,"Ρεβίθια κοκκινιστά με χόρτα, κρέμα λεμόνι και φέτα light","Ρεβίθια κοκκινιστά (450γρ), Φέτα light (60γρ)","Ρεβίθια, Πράσο, Ντομάτα, Χόρτα, Κρεμμύδι, Σκόρδο, Μέλι, Φέτα light","Ρεβίθια κοκκινιστά (450γρ), Φέτα light (60γρ)",274-7,7.43,8.40,OK,"Ρεβίθια κοκκινιστά με χόρτα,μυρωδικά και κρέμα λεμόνι (450γρ), Φέτα τυρί, light (60γρ)",1.62,1.83,0.19,0.23,1.81,1.81,2.06,24.31%,€5.62,21.80%,2.51%,833,115,46,25,https://drive.google.com/file/d/10Z7r9AL-198Vp7yaQFndtMH72Zh0fzCh/view?usp=sharing,https://drive.google.com/file/d/10Z7r9AL-198Vp7yaQFndtMH72Zh0fzCh/view?usp=sharing
Μαγειρευτά,ΟΧΙ,"Ρεβίθια κοκκινιστά με χόρτα, κρέμα λεμόνι και φέτα light","Ρεβίθια κοκκινιστά (450γρ), Φέτα light (90γρ)","Ρεβίθια, Πράσο, Ντομάτα, Χόρτα, Κρεμμύδι, Σκόρδο, Μέλι, Φέτα light","Ρεβίθια κοκκινιστά (450γρ), Φέτα light (90γρ)",274-8,7.88,8.90,OK,"Ρεβίθια κοκκινιστά με χόρτα,μυρωδικά και κρέμα λεμόνι (450γρ), Φέτα τυρί, light (90γρ)",2.13,2.41,0.19,0.23,2.32,2.32,2.64,29.40%,€5.56,27.03%,2.37%,883,115,52,29,https://drive.google.com/file/d/10Z7r9AL-198Vp7yaQFndtMH72Zh0fzCh/view?usp=sharing,https://drive.google.com/file/d/10Z7r9AL-198Vp7yaQFndtMH72Zh0fzCh/view?usp=sharing
Μαγειρευτά,ΟΧΙ,"Ρεβίθια κοκκινιστά με χόρτα, κρέμα λεμόνι και φέτα light","Ρεβίθια κοκκινιστά (500γρ), Φέτα light (60γρ)","Ρεβίθια, Πράσο, Ντομάτα, Χόρτα, Κρεμμύδι, Σκόρδο, Μέλι, Φέτα light","Ρεβίθια κοκκινιστά (500γρ), Φέτα light (60γρ)",274-9,7.88,8.90,OK,"Ρεβίθια κοκκινιστά με χόρτα,μυρωδικά και κρέμα λεμόνι (500γρ), Φέτα τυρί, light (60γρ)",1.69,1.91,0.19,0.23,1.88,1.88,2.14,23.81%,€6.00,21.45%,2.37%,915,127,50,27,https://drive.google.com/file/d/10Z7r9AL-198Vp7yaQFndtMH72Zh0fzCh/view?usp=sharing,https://drive.google.com/file/d/10Z7r9AL-198Vp7yaQFndtMH72Zh0fzCh/view?usp=sharing
Μαγειρευτά,ΟΧΙ,"Ρεβίθια κοκκινιστά με χόρτα, κρέμα λεμόνι και φέτα light","Ρεβίθια κοκκινιστά (500γρ), Φέτα light (90γρ)","Ρεβίθια, Πράσο, Ντομάτα, Χόρτα, Κρεμμύδι, Σκόρδο, Μέλι, Φέτα light","Ρεβίθια κοκκινιστά (500γρ), Φέτα light (90γρ)",274-10,8.32,9.40,OK,"Ρεβίθια κοκκινιστά με χόρτα,μυρωδικά και κρέμα λεμόνι (500γρ), Φέτα τυρί, light (90γρ)",2.20,2.49,0.19,0.23,2.39,2.39,2.72,28.68%,€5.93,26.44%,2.24%,964,127,56,31,https://drive.google.com/file/d/10Z7r9AL-198Vp7yaQFndtMH72Zh0fzCh/view?usp=sharing,https://drive.google.com/file/d/10Z7r9AL-198Vp7yaQFndtMH72Zh0fzCh/view?usp=sharing
Μαγειρευτά,ΟΧΙ,"Ρεβίθια σούπα με δενδρολίβανο, καρότα και φέτα light","Ρεβίθια σούπα (250γρ), Φέτα light (30γρ)","Ρεβίθια, Ελαιόλαδο, Κρεμμύδι, Καρότο, Δενδρολίβανο, Θυμάρι, Σκόρδο, Μπούκοβο, Χυμός λεμονιού, Φέτα light","Ρεβίθια σούπα (250γρ), Φέτα light (30γρ)",115-1,6.11,6.90,OK,"Ρεβίθια σούπα με δεντρολίβανο,καρότα και λεμόνι (250γρ), Φέτα τυρί, light (30γρ)",0.81,0.92,0.19,0.23,1.00,1.00,1.15,16.31%,€5.11,13.26%,3.05%,457,62,25,14,https://drive.google.com/file/d/1CjuDsMPMFLGqwF4oAQOEUZsEFNqFG9II/view?usp=sharing,https://drive.google.com/file/d/1CjuDsMPMFLGqwF4oAQOEUZsEFNqFG9II/view?usp=sharing
Μαγειρευτά,ΟΧΙ,"Ρεβίθια σούπα με δενδρολίβανο, καρότα και φέτα light","Ρεβίθια σούπα (250γρ), Φέτα light (60γρ)","Ρεβίθια, Ελαιόλαδο, Κρεμμύδι, Καρότο, Δενδρολίβανο, Θυμάρι, Σκόρδο, Μπούκοβο, Χυμός λεμονιού, Φέτα light","Ρεβίθια σούπα (250γρ), Φέτα light (60γρ)",115-2,6.55,7.40,OK,"Ρεβίθια σούπα με δεντρολίβανο,καρότα και λεμόνι (250γρ), Φέτα τυρί, light (60γρ)",1.32,1.49,0.19,0.23,1.51,1.51,1.72,23.00%,€5.04,20.15%,2.85%,507,62,31,17,https://drive.google.com/file/d/1CjuDsMPMFLGqwF4oAQOEUZsEFNqFG9II/view?usp=sharing,https://drive.google.com/file/d/1CjuDsMPMFLGqwF4oAQOEUZsEFNqFG9II/view?usp=sharing
Μαγειρευτά,ΟΧΙ,"Ρεβίθια σούπα με δενδρολίβανο, καρότα και φέτα light","Ρεβίθια σούπα (300γρ), Φέτα light (30γρ)","Ρεβίθια, Ελαιόλαδο, Κρεμμύδι, Καρότο, Δενδρολίβανο, Θυμάρι, Σκόρδο, Μπούκοβο, Χυμός λεμονιού, Φέτα light","Ρεβίθια σούπα (300γρ), Φέτα light (30γρ)",115-3,6.55,7.40,OK,"Ρεβίθια σούπα με δεντρολίβανο,καρότα και λεμόνι (300γρ), Φέτα τυρί, light (30γρ)",0.87,0.98,0.19,0.23,1.06,1.06,1.21,16.13%,€5.49,13.28%,2.85%,539,75,29,16,https://drive.google.com/file/d/1CjuDsMPMFLGqwF4oAQOEUZsEFNqFG9II/view?usp=sharing,https://drive.google.com/file/d/1CjuDsMPMFLGqwF4oAQOEUZsEFNqFG9II/view?usp=sharing
Μαγειρευτά,ΟΧΙ,"Ρεβίθια σούπα με δενδρολίβανο, καρότα και φέτα light","Ρεβίθια σούπα (300γρ), Φέτα light (60γρ)","Ρεβίθια, Ελαιόλαδο, Κρεμμύδι, Καρότο, Δενδρολίβανο, Θυμάρι, Σκόρδο, Μπούκοβο, Χυμός λεμονιού, Φέτα light","Ρεβίθια σούπα (300γρ), Φέτα light (60γρ)",115-4,6.99,7.90,OK,"Ρεβίθια σούπα με δεντρολίβανο,καρότα και λεμόνι (300γρ), Φέτα τυρί, light (60γρ)",1.38,1.56,0.19,0.23,1.57,1.57,1.79,22.41%,€5.42,19.74%,2.67%,588,75,35,19,https://drive.google.com/file/d/1CjuDsMPMFLGqwF4oAQOEUZsEFNqFG9II/view?usp=sharing,https://drive.google.com/file/d/1CjuDsMPMFLGqwF4oAQOEUZsEFNqFG9II/view?usp=sharing
Μαγειρευτά,ΟΧΙ,"Ρεβίθια σούπα με δενδρολίβανο, καρότα και φέτα light","Ρεβίθια σούπα (300γρ), Φέτα light (90γρ)","Ρεβίθια, Ελαιόλαδο, Κρεμμύδι, Καρότο, Δενδρολίβανο, Θυμάρι, Σκόρδο, Μπούκοβο, Χυμός λεμονιού, Φέτα light","Ρεβίθια σούπα (300γρ), Φέτα light (90γρ)",115-5,7.43,8.40,OK,"Ρεβίθια σούπα με δεντρολίβανο,καρότα και λεμόνι (300γρ), Φέτα τυρί, light (90γρ)",1.89,2.14,0.19,0.23,2.08,2.08,2.37,27.95%,€5.35,25.44%,2.51%,637,75,41,23,https://drive.google.com/file/d/1CjuDsMPMFLGqwF4oAQOEUZsEFNqFG9II/view?usp=sharing,https://drive.google.com/file/d/1CjuDsMPMFLGqwF4oAQOEUZsEFNqFG9II/view?usp=sharing
Μαγειρευτά,ΟΧΙ,"Ρεβίθια σούπα με δενδρολίβανο, καρότα και φέτα light","Ρεβίθια σούπα (350γρ), Φέτα light (30γρ)","Ρεβίθια, Ελαιόλαδο, Κρεμμύδι, Καρότο, Δενδρολίβανο, Θυμάρι, Σκόρδο, Μπούκοβο, Χυμός λεμονιού, Φέτα light","Ρεβίθια σούπα (350γρ), Φέτα light (30γρ)",115-6,7.43,8.40,OK,"Ρεβίθια σούπα με δεντρολίβανο,καρότα και λεμόνι (350γρ), Φέτα τυρί, light (30γρ)",0.93,1.05,0.19,0.23,1.12,1.12,1.28,15.03%,€6.31,12.52%,2.51%,621,87,33,18,https://drive.google.com/file/d/1CjuDsMPMFLGqwF4oAQOEUZsEFNqFG9II/view?usp=sharing,https://drive.google.com/file/d/1CjuDsMPMFLGqwF4oAQOEUZsEFNqFG9II/view?usp=sharing
Μαγειρευτά,ΝΑΙ,"Ρεβίθια σούπα με δενδρολίβανο, καρότα και φέτα light","Ρεβίθια σούπα (350γρ), Φέτα light (60γρ)","Ρεβίθια, Ελαιόλαδο, Κρεμμύδι, Καρότο, Δενδρολίβανο, Θυμάρι, Σκόρδο, Μπούκοβο, Χυμός λεμονιού, Φέτα light","Ρεβίθια σούπα (350γρ), Φέτα light (60γρ)",115-7,7.88,8.90,OK,"Ρεβίθια σούπα με δεντρολίβανο,καρότα και λεμόνι (350γρ), Φέτα τυρί, light (60γρ)",1.44,1.63,0.19,0.23,1.63,1.63,1.86,20.64%,€6.25,18.27%,2.37%,670,87,39,21,https://drive.google.com/file/d/1CjuDsMPMFLGqwF4oAQOEUZsEFNqFG9II/view?usp=sharing,https://drive.google.com/file/d/1CjuDsMPMFLGqwF4oAQOEUZsEFNqFG9II/view?usp=sharing
Μαγειρευτά,ΟΧΙ,"Ρεβίθια σούπα με δενδρολίβανο, καρότα και φέτα light","Ρεβίθια σούπα (350γρ), Φέτα light (90γρ)","Ρεβίθια, Ελαιόλαδο, Κρεμμύδι, Καρότο, Δενδρολίβανο, Θυμάρι, Σκόρδο, Μπούκοβο, Χυμός λεμονιού, Φέτα light","Ρεβίθια σούπα (350γρ), Φέτα light (90γρ)",115-8,8.32,9.40,OK,"Ρεβίθια σούπα με δεντρολίβανο,καρότα και λεμόνι (350γρ), Φέτα τυρί, light (90γρ)",1.95,2.20,0.19,0.23,2.14,2.14,2.43,25.68%,€6.18,23.44%,2.24%,719,87,45,25,https://drive.google.com/file/d/1CjuDsMPMFLGqwF4oAQOEUZsEFNqFG9II/view?usp=sharing,https://drive.google.com/file/d/1CjuDsMPMFLGqwF4oAQOEUZsEFNqFG9II/view?usp=sharing
Μαγειρευτά,ΟΧΙ,"Ρεβίθια σούπα με δενδρολίβανο, καρότα και φέτα light","Ρεβίθια σούπα (400γρ), Φέτα light (60γρ)","Ρεβίθια, Ελαιόλαδο, Κρεμμύδι, Καρότο, Δενδρολίβανο, Θυμάρι, Σκόρδο, Μπούκοβο, Χυμός λεμονιού, Φέτα light","Ρεβίθια σούπα (400γρ), Φέτα light (60γρ)",115-9,8.32,9.40,OK,"Ρεβίθια σούπα με δεντρολίβανο,καρότα και λεμόνι (400γρ), Φέτα τυρί, light (60γρ)",1.50,1.70,0.19,0.23,1.69,1.69,1.93,20.27%,€6.63,18.03%,2.24%,751,100,43,23,https://drive.google.com/file/d/1CjuDsMPMFLGqwF4oAQOEUZsEFNqFG9II/view?usp=sharing,https://drive.google.com/file/d/1CjuDsMPMFLGqwF4oAQOEUZsEFNqFG9II/view?usp=sharing
Μαγειρευτά,ΟΧΙ,"Ρεβίθια σούπα με δενδρολίβανο, καρότα και φέτα light","Ρεβίθια σούπα (400γρ), Φέτα light (90γρ)","Ρεβίθια, Ελαιόλαδο, Κρεμμύδι, Καρότο, Δενδρολίβανο, Θυμάρι, Σκόρδο, Μπούκοβο, Χυμός λεμονιού, Φέτα light","Ρεβίθια σούπα (400γρ), Φέτα light (90γρ)",115-10,8.76,9.90,OK,"Ρεβίθια σούπα με δεντρολίβανο,καρότα και λεμόνι (400γρ), Φέτα τυρί, light (90γρ)",2.01,2.27,0.19,0.23,2.20,2.20,2.50,25.07%,€6.56,22.95%,2.13%,801,100,48,27,https://drive.google.com/file/d/1CjuDsMPMFLGqwF4oAQOEUZsEFNqFG9II/view?usp=sharing,https://drive.google.com/file/d/1CjuDsMPMFLGqwF4oAQOEUZsEFNqFG9II/view?usp=sharing
Μαγειρευτά,ΟΧΙ,Ρεβίθια φούρνου κοκκινιστά με φέτα light,"Ρεβίθια φούρνου (250γρ), Φέτα light (30γρ)","Ρεβίθια, Ντομάτα, Κόκκινη πιπεριά, Κρεμμύδι, Σκόρδο, Φέτα light","Ρεβίθια φούρνου (250γρ), Φέτα light (30γρ)",247-1,6.11,6.90,OK,"Ρεβύθια φούρνου με ντομάτα, κόκκινη πιπεριά, κρεμμύδια και μυρωδικά (250γρ), Φέτα τυρί, light (30γρ)",0.83,0.94,0.19,0.23,1.02,1.02,1.17,16.64%,€5.09,13.58%,3.05%,456,62,25,14,https://drive.google.com/file/d/1WiEgbigpc9fUTITdM4rEukThHgS1N2GK/view?usp=sharing,https://drive.google.com/file/d/1WiEgbigpc9fUTITdM4rEukThHgS1N2GK/view?usp=sharing
Μαγειρευτά,ΟΧΙ,Ρεβίθια φούρνου κοκκινιστά με φέτα light,"Ρεβίθια φούρνου (250γρ), Φέτα light (60γρ)","Ρεβίθια, Ντομάτα, Κόκκινη πιπεριά, Κρεμμύδι, Σκόρδο, Φέτα light","Ρεβίθια φούρνου (250γρ), Φέτα light (60γρ)",247-2,6.55,7.40,OK,"Ρεβύθια φούρνου με ντομάτα, κόκκινη πιπεριά, κρεμμύδια και μυρωδικά (250γρ), Φέτα τυρί, light (60γρ)",1.34,1.51,0.19,0.23,1.53,1.53,1.75,23.30%,€5.02,20.46%,2.85%,505,62,31,17,https://drive.google.com/file/d/1WiEgbigpc9fUTITdM4rEukThHgS1N2GK/view?usp=sharing,https://drive.google.com/file/d/1WiEgbigpc9fUTITdM4rEukThHgS1N2GK/view?usp=sharing
Μαγειρευτά,ΟΧΙ,Ρεβίθια φούρνου κοκκινιστά με φέτα light,"Ρεβίθια φούρνου (350γρ), Φέτα light (30γρ)","Ρεβίθια, Ντομάτα, Κόκκινη πιπεριά, Κρεμμύδι, Σκόρδο, Φέτα light","Ρεβίθια φούρνου (350γρ), Φέτα light (30γρ)",247-3,6.55,7.40,OK,"Ρεβύθια φούρνου με ντομάτα, κόκκινη πιπεριά, κρεμμύδια και μυρωδικά (350γρ), Φέτα τυρί, light (30γρ)",0.96,1.08,0.19,0.23,1.15,1.15,1.32,17.50%,€5.40,14.66%,2.85%,619,87,33,18,https://drive.google.com/file/d/1WiEgbigpc9fUTITdM4rEukThHgS1N2GK/view?usp=sharing,https://drive.google.com/file/d/1WiEgbigpc9fUTITdM4rEukThHgS1N2GK/view?usp=sharing
Μαγειρευτά,ΟΧΙ,Ρεβίθια φούρνου κοκκινιστά με φέτα light,"Ρεβίθια φούρνου (350γρ), Φέτα light (60γρ)","Ρεβίθια, Ντομάτα, Κόκκινη πιπεριά, Κρεμμύδι, Σκόρδο, Φέτα light","Ρεβίθια φούρνου (350γρ), Φέτα light (60γρ)",247-4,6.99,7.90,OK,"Ρεβύθια φούρνου με ντομάτα, κόκκινη πιπεριά, κρεμμύδια και μυρωδικά (350γρ), Φέτα τυρί, light (60γρ)",1.47,1.66,0.19,0.23,1.66,1.66,1.89,23.70%,€5.33,21.03%,2.67%,668,87,39,22,https://drive.google.com/file/d/1WiEgbigpc9fUTITdM4rEukThHgS1N2GK/view?usp=sharing,https://drive.google.com/file/d/1WiEgbigpc9fUTITdM4rEukThHgS1N2GK/view?usp=sharing
Μαγειρευτά,ΟΧΙ,Ρεβίθια φούρνου κοκκινιστά με φέτα light,"Ρεβίθια φούρνου (350γρ), Φέτα light (90γρ)","Ρεβίθια, Ντομάτα, Κόκκινη πιπεριά, Κρεμμύδι, Σκόρδο, Φέτα light","Ρεβίθια φούρνου (350γρ), Φέτα light (90γρ)",247-5,7.43,8.40,OK,"Ρεβύθια φούρνου με ντομάτα, κόκκινη πιπεριά, κρεμμύδια και μυρωδικά (350γρ), Φέτα τυρί, light (90γρ)",1.98,2.24,0.19,0.23,2.17,2.17,2.47,29.16%,€5.26,26.65%,2.51%,717,87,45,25,https://drive.google.com/file/d/1WiEgbigpc9fUTITdM4rEukThHgS1N2GK/view?usp=sharing,https://drive.google.com/file/d/1WiEgbigpc9fUTITdM4rEukThHgS1N2GK/view?usp=sharing
Μαγειρευτά,ΟΧΙ,Ρεβίθια φούρνου κοκκινιστά με φέτα light,"Ρεβίθια φούρνου (450γρ), Φέτα light (30γρ)","Ρεβίθια, Ντομάτα, Κόκκινη πιπεριά, Κρεμμύδι, Σκόρδο, Φέτα light","Ρεβίθια φούρνου (450γρ), Φέτα light (30γρ)",247-6,7.43,8.40,OK,"Ρεβύθια φούρνου με ντομάτα, κόκκινη πιπεριά, κρεμμύδια και μυρωδικά (450γρ), Φέτα τυρί, light (30γρ)",1.09,1.23,0.19,0.23,1.28,1.28,1.46,17.18%,€6.15,14.67%,2.51%,782,112,41,22,https://drive.google.com/file/d/1WiEgbigpc9fUTITdM4rEukThHgS1N2GK/view?usp=sharing,https://drive.google.com/file/d/1WiEgbigpc9fUTITdM4rEukThHgS1N2GK/view?usp=sharing
Μαγειρευτά,ΝΑΙ,Ρεβίθια φούρνου κοκκινιστά με φέτα light,"Ρεβίθια φούρνου (450γρ), Φέτα light (60γρ)","Ρεβίθια, Ντομάτα, Κόκκινη πιπεριά, Κρεμμύδι, Σκόρδο, Φέτα light","Ρεβίθια φούρνου (450γρ), Φέτα light (60γρ)",247-7,7.88,8.90,OK,"Ρεβύθια φούρνου με ντομάτα, κόκκινη πιπεριά, κρεμμύδια και μυρωδικά (450γρ), Φέτα τυρί, light (60γρ)",1.60,1.81,0.19,0.23,1.79,1.79,2.04,22.67%,€6.09,20.30%,2.37%,831,112,47,26,https://drive.google.com/file/d/1WiEgbigpc9fUTITdM4rEukThHgS1N2GK/view?usp=sharing,https://drive.google.com/file/d/1WiEgbigpc9fUTITdM4rEukThHgS1N2GK/view?usp=sharing
Μαγειρευτά,ΟΧΙ,Ρεβίθια φούρνου κοκκινιστά με φέτα light,"Ρεβίθια φούρνου (450γρ), Φέτα light (90γρ)","Ρεβίθια, Ντομάτα, Κόκκινη πιπεριά, Κρεμμύδι, Σκόρδο, Φέτα light","Ρεβίθια φούρνου (450γρ), Φέτα light (90γρ)",247-8,8.32,9.40,OK,"Ρεβύθια φούρνου με ντομάτα, κόκκινη πιπεριά, κρεμμύδια και μυρωδικά (450γρ), Φέτα τυρί, light (90γρ)",2.11,2.38,0.19,0.23,2.30,2.30,2.62,27.60%,€6.02,25.36%,2.24%,880,112,52,29,https://drive.google.com/file/d/1WiEgbigpc9fUTITdM4rEukThHgS1N2GK/view?usp=sharing,https://drive.google.com/file/d/1WiEgbigpc9fUTITdM4rEukThHgS1N2GK/view?usp=sharing
Μαγειρευτά,ΟΧΙ,Ρεβίθια φούρνου κοκκινιστά με φέτα light,"Ρεβίθια φούρνου (500γρ), Φέτα light (60γρ)","Ρεβίθια, Ντομάτα, Κόκκινη πιπεριά, Κρεμμύδι, Σκόρδο, Φέτα light","Ρεβίθια φούρνου (500γρ), Φέτα light (60γρ)",247-9,8.32,9.40,OK,"Ρεβύθια φούρνου με ντομάτα, κόκκινη πιπεριά, κρεμμύδια και μυρωδικά (500γρ), Φέτα τυρί, light (60γρ)",1.66,1.88,0.19,0.23,1.85,1.85,2.11,22.19%,€6.47,19.95%,2.24%,912,124,51,28,https://drive.google.com/file/d/1WiEgbigpc9fUTITdM4rEukThHgS1N2GK/view?usp=sharing,https://drive.google.com/file/d/1WiEgbigpc9fUTITdM4rEukThHgS1N2GK/view?usp=sharing
Μαγειρευτά,ΟΧΙ,Ρεβίθια φούρνου κοκκινιστά με φέτα light,"Ρεβίθια φούρνου (500γρ), Φέτα light (90γρ)","Ρεβίθια, Ντομάτα, Κόκκινη πιπεριά, Κρεμμύδι, Σκόρδο, Φέτα light","Ρεβίθια φούρνου (500γρ), Φέτα light (90γρ)",247-10,8.76,9.90,OK,"Ρεβύθια φούρνου με ντομάτα, κόκκινη πιπεριά, κρεμμύδια και μυρωδικά (500γρ), Φέτα τυρί, light (90γρ)",2.17,2.45,0.19,0.23,2.36,2.36,2.68,26.90%,€6.40,24.77%,2.13%,961,124,56,31,https://drive.google.com/file/d/1WiEgbigpc9fUTITdM4rEukThHgS1N2GK/view?usp=sharing,https://drive.google.com/file/d/1WiEgbigpc9fUTITdM4rEukThHgS1N2GK/view?usp=sharing
Σαλάτες,ΟΧΙ,"Σαλάτα baby σπανάκι με κοτόπουλο, cranberries, αμύγδαλο φιλέ και παρμεζάνα"," Κουνουπίδι (60γρ), Φιλέτο κοτόπουλο (60γρ)","Σπανάκι, Κοτόπουλο, Κρεμμύδι, Κουνουπίδι, Cranberry, Αμύγδαλο, Παρμεζάνα, Γιαούρτι, Μαγιονέζα light, Chipotle Chilli πάστα, Lime, Σκόρδο, Ginger","Baby σπανάκι (80γρ), Φιλέτο κοτόπουλο (60γρ), Κόκκινο κρεμμύδι (8γρ), Κουνουπίδι (60γρ), Cranberries (20γρ), Αμύγδαλο φιλέ (20γρ), Παρμεζάνα (30γρ), Dressing (70γρ)",267-1,8.41,9.50,OK,"Σπανάκι baby, ωμό (80γρ), Κοτόπουλο στήθος, μαγειρεμένο (60γρ), Κρεμμύδι κόκκινο, ωμό (8γρ), Κουνουπίδι, ωμό (60γρ), Cranberries (20γρ), Αμύγδαλο, ωμό, ανάλατο (20γρ), Παρμεζάνα τυρί (30γρ), Dressing για Chicken spinach salad (70γρ)",2.58,2.92,0.18,0.23,2.76,2.76,3.14,32.87%,€5.65,30.68%,2.19%,593,34,40,35,https://drive.google.com/file/d/1GvBkE_ybTyYeP03WqySuen7wHqQ-6mHJ/view?usp=sharing,https://drive.google.com/file/d/1GvBkE_ybTyYeP03WqySuen7wHqQ-6mHJ/view?usp=sharing
Σαλάτες,ΝΑΙ,"Σαλάτα baby σπανάκι με κοτόπουλο, cranberries, αμύγδαλο φιλέ και παρμεζάνα"," Κουνουπίδι (60γρ), Φιλέτο κοτόπουλο (90γρ)","Σπανάκι, Κοτόπουλο, Κρεμμύδι, Κουνουπίδι, Cranberry, Αμύγδαλο, Παρμεζάνα, Γιαούρτι, Μαγιονέζα light, Chipotle Chilli πάστα, Lime, Σκόρδο, Ginger","Baby σπανάκι (80γρ), Φιλέτο κοτόπουλο (90γρ), Κόκκινο κρεμμύδι (8γρ), Κουνουπίδι (60γρ), Cranberries (20γρ), Αμύγδαλο φιλέ (20γρ), Παρμεζάνα (30γρ), Dressing (70γρ)",267-2,9.29,10.50,OK,"Σπανάκι baby, ωμό (80γρ), Κοτόπουλο στήθος, μαγειρεμένο (90γρ), Κρεμμύδι κόκκινο, ωμό (8γρ), Κουνουπίδι, ωμό (60γρ), Cranberries (20γρ), Αμύγδαλο, ωμό, ανάλατο (20γρ), Παρμεζάνα τυρί (30γρ), Dressing για Chicken spinach salad (70γρ)",2.87,3.24,0.18,0.23,3.05,3.05,3.47,32.87%,€6.24,30.89%,1.98%,643,34,49,36,https://drive.google.com/file/d/1GvBkE_ybTyYeP03WqySuen7wHqQ-6mHJ/view?usp=sharing,https://drive.google.com/file/d/1GvBkE_ybTyYeP03WqySuen7wHqQ-6mHJ/view?usp=sharing
Σαλάτες,ΟΧΙ,"Σαλάτα baby σπανάκι με κοτόπουλο, cranberries, αμύγδαλο φιλέ και παρμεζάνα"," Κουνουπίδι (60γρ), Φιλέτο κοτόπουλο (120γρ)","Σπανάκι, Κοτόπουλο, Κρεμμύδι, Κουνουπίδι, Cranberry, Αμύγδαλο, Παρμεζάνα, Γιαούρτι, Μαγιονέζα light, Chipotle Chilli πάστα, Lime, Σκόρδο, Ginger","Baby σπανάκι (80γρ), Φιλέτο κοτόπουλο (120γρ), Κόκκινο κρεμμύδι (8γρ), Κουνουπίδι (60γρ), Cranberries (20γρ), Αμύγδαλο φιλέ (20γρ), Παρμεζάνα (30γρ), Dressing (70γρ)",267-3,10.18,11.50,OK,"Σπανάκι baby, ωμό (80γρ), Κοτόπουλο στήθος, μαγειρεμένο (120γρ), Κρεμμύδι κόκκινο, ωμό (8γρ), Κουνουπίδι, ωμό (60γρ), Cranberries (20γρ), Αμύγδαλο, ωμό, ανάλατο (20γρ), Παρμεζάνα τυρί (30γρ), Dressing για Chicken spinach salad (70γρ)",3.17,3.58,0.18,0.23,3.35,3.35,3.81,32.95%,€6.83,31.14%,1.81%,692,34,59,37,https://drive.google.com/file/d/1GvBkE_ybTyYeP03WqySuen7wHqQ-6mHJ/view?usp=sharing,https://drive.google.com/file/d/1GvBkE_ybTyYeP03WqySuen7wHqQ-6mHJ/view?usp=sharing
Σαλάτες,ΝΑΙ,"Σαλάτα κινόα με μπρόκολο, κουνουπίδι και χούμους","Κινόα (120γρ), Χούμους (50γρ)","Κινόα, Μπρόκολο, Κουνουπίδι, Πασατέμπος, Πορτοκάλι, Χούμους, Χυμός λεμονιού, Χυμός πορτοκαλιού, Χυμός γκρέιπφρουτ, Μέλι, Ξύδι","Κινόα (120γρ), Μπρόκολο (60γρ), Κουνουπίδι (30γρ), Κολοκυθόσπορος (20γρ), Πορτοκάλι (30γρ), Γκρέιπφρουτ (15γρ), Χούμους (50γρ), Dressing (20γρ)",84,6.99,7.90,OK,"Κινόα, μαγειρεμένη (120γρ), Μπρόκολο, ατμού (60γρ), Κουνουπίδι, μαγειρεμένο (30γρ), Pepita seeds, unsalted (20γρ), Πορτοκάλι, φρέσκο (30γρ), Γκρέιπφρουτ (15γρ), Dressing εσπεριδοειδών (20γρ), Χούμους (50γρ)",0.98,1.11,0.18,0.23,1.16,1.16,1.34,16.65%,€5.83,14.02%,2.63%,491,54,18,25,https://drive.google.com/file/d/1J-Ml-AsutvTy_HLHaeu2l_mrxAHHOv_g/view?usp=sharing,https://drive.google.com/file/d/1J-Ml-AsutvTy_HLHaeu2l_mrxAHHOv_g/view?usp=sharing
Σαλάτες,ΟΧΙ,"Σαλάτα με baby σπανάκι με αμύγδαλο, ρόδι και φέτα light","Ρόδι (25γρ), Φέτα light (30γρ), Dressing (20γρ)","Σπανάκι, Αμύγδαλο, Φέτα light, Ρόδι, Φύτρες, Βαλσάμικο ξύδι, Μέλι, Μουστάρδα, Σκόρδο","Baby σπανάκι (80γρ), Ρόδι (25γρ), Αμύγδαλο φιλέ (20γρ), Φέτα light (30γρ), Φύτρες (20γρ), Vinaigrette (20γρ)",280-1,8.76,9.90,OK,"Σπανάκι baby, ωμό (80γρ), Αμύγδαλο, ωμό, ανάλατο (20γρ), Φέτα τυρί, light (30γρ), Ρόδι (25γρ), Φύτρες, ωμές (20γρ), Vinaigrette βαλσάμικο (20γρ)",2.38,2.69,0.18,0.23,2.56,2.56,2.92,29.27%,€6.20,27.17%,2.10%,311,18,14,23,https://drive.google.com/file/d/165DX1KPQO2Sa-fOk3s2UIqrzwHLY1hkx/view?usp=sharing,https://drive.google.com/file/d/165DX1KPQO2Sa-fOk3s2UIqrzwHLY1hkx/view?usp=sharing
Σαλάτες,ΝΑΙ,"Σαλάτα με baby σπανάκι με αμύγδαλο, ρόδι και φέτα light","Ρόδι (25γρ), Φέτα light (60γρ), Dressing (20γρ)","Σπανάκι, Αμύγδαλο, Φέτα light, Ρόδι, Φύτρες, Βαλσάμικο ξύδι, Μέλι, Μουστάρδα, Σκόρδο","Baby σπανάκι (80γρ), Ρόδι (25γρ), Αμύγδαλο φιλέ (20γρ), Φέτα light (60γρ), Φύτρες (20γρ), Vinaigrette (20γρ)",280-2,9.65,10.90,OK,"Σπανάκι baby, ωμό (80γρ), Αμύγδαλο, ωμό, ανάλατο (20γρ), Φέτα τυρί, light (60γρ), Ρόδι (25γρ), Φύτρες, ωμές (20γρ), Vinaigrette βαλσάμικο (20γρ)",2.89,3.27,0.18,0.23,3.07,3.07,3.49,31.85%,€6.58,29.95%,1.91%,360,18,19,27,https://drive.google.com/file/d/165DX1KPQO2Sa-fOk3s2UIqrzwHLY1hkx/view?usp=sharing,https://drive.google.com/file/d/165DX1KPQO2Sa-fOk3s2UIqrzwHLY1hkx/view?usp=sharing
Σαλάτες,ΟΧΙ,"Σαλάτα με baby σπανάκι με αμύγδαλο, ρόδι και φέτα light","Ρόδι (25γρ), Φέτα light (90γρ), Dressing (20γρ)","Σπανάκι, Αμύγδαλο, Φέτα light, Ρόδι, Φύτρες, Βαλσάμικο ξύδι, Μέλι, Μουστάρδα, Σκόρδο","Baby σπανάκι (80γρ), Ρόδι (25γρ), Αμύγδαλο φιλέ (20γρ), Φέτα light (90γρ), Φύτρες (20γρ), Vinaigrette (20γρ)",280-3,10.53,11.90,OK,"Σπανάκι baby, ωμό (80γρ), Αμύγδαλο, ωμό, ανάλατο (20γρ), Φέτα τυρί, light (90γρ), Ρόδι (25γρ), Φύτρες, ωμές (20γρ), Vinaigrette βαλσάμικο (20γρ)",3.40,3.84,0.18,0.23,3.58,3.58,4.07,34.04%,€6.95,32.29%,1.75%,409,18,25,30,https://drive.google.com/file/d/165DX1KPQO2Sa-fOk3s2UIqrzwHLY1hkx/view?usp=sharing,https://drive.google.com/file/d/165DX1KPQO2Sa-fOk3s2UIqrzwHLY1hkx/view?usp=sharing
Σαλάτες,ΟΧΙ,"Σαλάτα με αποξηραμένα σύκα, καρύδια, κατίκι Δομοκού και λιαστή τομάτα ","Σύκα αποξηραμένα (60γρ), Κατίκι Δομοκού (30γρ), Dressing (20γρ)","Ρόκα, Σύκο, Κατίκι, Λιαστή ντομάτα, Ντοματίνια, Καρύδι, Χυμός λεμονιού, Χυμός πορτοκαλιού, Βαλσάμικο, Μέλι","Ρόκα (70γρ), Σύκα αποξηραμένα (60γρ), Κατίκι Δομοκού (30γρ), Λιαστή ντομάτα (30γρ), Ντοματίνια (85γρ), Καρύδια (20γρ), Dressing βαλσάμικο-σύκο (20γρ)",229-1,7.88,8.90,Product Cost Change,"Ρόκα, ωμή (70γρ), Σύκο, αποξηραμένο (60γρ), Κατίκι (30γρ), Λιαστή ντομάτα (30γρ), Ντοματίνια, ωμά (85γρ), Καρύδι, ωμό, ανάλατο (20γρ), Dressing βαλσάμικο-σύκο (20γρ)",2.11,2.38,0.18,0.23,2.25,2.29,2.61,29.11%,€5.59,26.78%,2.34%,542,72,11,26,https://drive.google.com/file/d/1qManz9-itlsqaF2AVal2NNWFeXnsNiXQ/view?usp=sharing,https://drive.google.com/file/d/1qManz9-itlsqaF2AVal2NNWFeXnsNiXQ/view?usp=sharing
Σαλάτες,ΝΑΙ,"Σαλάτα με αποξηραμένα σύκα, καρύδια, κατίκι Δομοκού και λιαστή τομάτα ","Σύκα αποξηραμένα (60γρ), Κατίκι Δομοκού (60γρ), Dressing (20γρ)","Ρόκα, Σύκο, Κατίκι, Λιαστή ντομάτα, Ντοματίνια, Καρύδι, Χυμός λεμονιού, Χυμός πορτοκαλιού, Βαλσάμικο, Μέλι","Ρόκα (70γρ), Σύκα αποξηραμένα (60γρ), Κατίκι Δομοκού (60γρ), Λιαστή ντομάτα (30γρ), Ντοματίνια (85γρ), Καρύδια (20γρ), Dressing βαλσάμικο-σύκο (20γρ)",229-2,8.76,9.90,Product Cost Change,"Ρόκα, ωμή (70γρ), Σύκο, αποξηραμένο (60γρ), Κατίκι (60γρ), Λιαστή ντομάτα (30γρ), Ντοματίνια, ωμά (85γρ), Καρύδι, ωμό, ανάλατο (20γρ), Dressing βαλσάμικο-σύκο (20γρ)",2.37,2.68,0.18,0.23,2.51,2.55,2.91,29.16%,€6.21,27.05%,2.10%,592,73,14,30,https://drive.google.com/file/d/1qManz9-itlsqaF2AVal2NNWFeXnsNiXQ/view?usp=sharing,https://drive.google.com/file/d/1qManz9-itlsqaF2AVal2NNWFeXnsNiXQ/view?usp=sharing
Σαλάτες,ΟΧΙ,"Σαλάτα με αποξηραμένα σύκα, καρύδια, κατίκι Δομοκού και λιαστή τομάτα ","Σύκα αποξηραμένα (60γρ), Κατίκι Δομοκού (90γρ), Dressing (20γρ)","Ρόκα, Σύκο, Κατίκι, Λιαστή ντομάτα, Ντοματίνια, Καρύδι, Χυμός λεμονιού, Χυμός πορτοκαλιού, Βαλσάμικο, Μέλι","Ρόκα (70γρ), Σύκα αποξηραμένα (60γρ), Κατίκι Δομοκού (90γρ), Λιαστή ντομάτα (30γρ), Ντοματίνια (85γρ), Καρύδια (20γρ), Dressing βαλσάμικο-σύκο (20γρ)",229-3,9.65,10.90,Product Cost Change,"Ρόκα, ωμή (70γρ), Σύκο, αποξηραμένο (60γρ), Κατίκι (90γρ), Λιαστή ντομάτα (30γρ), Ντοματίνια, ωμά (85γρ), Καρύδι, ωμό, ανάλατο (20γρ), Dressing βαλσάμικο-σύκο (20γρ)",2.64,2.98,0.18,0.23,2.78,2.82,3.21,29.26%,€6.83,27.36%,1.91%,643,74,17,34,https://drive.google.com/file/d/1qManz9-itlsqaF2AVal2NNWFeXnsNiXQ/view?usp=sharing,https://drive.google.com/file/d/1qManz9-itlsqaF2AVal2NNWFeXnsNiXQ/view?usp=sharing
Σαλάτες,ΟΧΙ,Σαλάτα με καπνιστό σολομό αβοκάντο και baby σπανάκι,"Καπνιστός σολομός (30γρ), Dressing (20γρ)","Σπανάκι, Σολομός, Αβοκάντο, Ντοματίνια, Αγγούρι, Σέλερι, Κάπαρη, Φρέσκο κρεμμυδάκι, Χυμός λεμονιού, Μουστάρδα, Μέλι, Άνηθος","Baby σπανάκι (80γρ), Καπνιστός σολομός (30γρ), Αβοκάντο (30γρ), Ντοματίνια (60γρ), Σέλερι (25γρ), Αγγούρι (60γρ), Φρέσκο κρεμμύδι (5γρ), Κάπαρη (5γρ), Dressing (20γρ)",79-1,8.76,9.90,Product Cost Change,"Σπανάκι baby, ωμό (80γρ), Σολομός, καπνιστός (30γρ), Αβοκάντο (30γρ), Ντοματίνια, ωμά (60γρ), Αγγούρι, ωμό (60γρ), Σέλερι, ωμό (25γρ), Κάπαρη  (5γρ), Φρέσκο κρεμμυδάκι, ωμό (5γρ), Dressing λεμόνι-άνηθο (20γρ)",2.32,2.62,0.18,0.23,2.31,2.50,2.85,28.58%,€6.26,26.48%,2.10%,221,14,10,16,https://drive.google.com/file/d/1JnOrU-VNuntzUWJeQhEJHdTr1iJRK-_z/view?usp=sharing,https://drive.google.com/file/d/1JnOrU-VNuntzUWJeQhEJHdTr1iJRK-_z/view?usp=sharing
Σαλάτες,ΝΑΙ,Σαλάτα με καπνιστό σολομό αβοκάντο και baby σπανάκι,"Καπνιστός σολομός (60γρ), Dressing (20γρ)","Σπανάκι, Σολομός, Αβοκάντο, Ντοματίνια, Αγγούρι, Σέλερι, Κάπαρη, Φρέσκο κρεμμυδάκι, Χυμός λεμονιού, Μουστάρδα, Μέλι, Άνηθος","Baby σπανάκι (80γρ), Καπνιστός σολομός (60γρ), Αβοκάντο (30γρ), Ντοματίνια (60γρ), Σέλερι (25γρ), Αγγούρι (60γρ), Φρέσκο κρεμμύδι (5γρ), Κάπαρη (5γρ), Dressing (20γρ)",79-2,10.18,11.50,Product Cost Change,"Σπανάκι baby, ωμό (80γρ), Σολομός, καπνιστός (60γρ), Αβοκάντο (30γρ), Ντοματίνια, ωμά (60γρ), Αγγούρι, ωμό (60γρ), Σέλερι, ωμό (25γρ), Κάπαρη  (5γρ), Φρέσκο κρεμμυδάκι, ωμό (5γρ), Dressing λεμόνι-άνηθο (20γρ)",3.08,3.48,0.18,0.23,3.07,3.26,3.71,32.06%,€6.92,30.26%,1.81%,256,14,15,17,https://drive.google.com/file/d/1JnOrU-VNuntzUWJeQhEJHdTr1iJRK-_z/view?usp=sharing,https://drive.google.com/file/d/1JnOrU-VNuntzUWJeQhEJHdTr1iJRK-_z/view?usp=sharing
Σαλάτες,ΟΧΙ,Σαλάτα με καπνιστό σολομό αβοκάντο και baby σπανάκι,"Καπνιστός σολομός (90γρ), Dressing (20γρ)","Σπανάκι, Σολομός, Αβοκάντο, Ντοματίνια, Αγγούρι, Σέλερι, Κάπαρη, Φρέσκο κρεμμυδάκι, Χυμός λεμονιού, Μουστάρδα, Μέλι, Άνηθος","Baby σπανάκι (80γρ), Καπνιστός σολομός (90γρ), Αβοκάντο (30γρ), Ντοματίνια (60γρ), Σέλερι (25γρ), Αγγούρι (60γρ), Φρέσκο κρεμμύδι (5γρ), Κάπαρη (5γρ), Dressing (20γρ)",79-3,11.42,12.90,Product Cost Change,"Σπανάκι baby, ωμό (80γρ), Σολομός, καπνιστός (90γρ), Αβοκάντο (30γρ), Ντοματίνια, ωμά (60γρ), Αγγούρι, ωμό (60γρ), Σέλερι, ωμό (25γρ), Κάπαρη  (5γρ), Φρέσκο κρεμμυδάκι, ωμό (5γρ), Dressing λεμόνι-άνηθο (20γρ)",3.83,4.33,0.18,0.23,3.82,4.01,4.56,35.15%,€7.41,33.54%,1.61%,291,14,21,18,https://drive.google.com/file/d/1JnOrU-VNuntzUWJeQhEJHdTr1iJRK-_z/view?usp=sharing,https://drive.google.com/file/d/1JnOrU-VNuntzUWJeQhEJHdTr1iJRK-_z/view?usp=sharing
Σαλάτες,ΝΑΙ,"Σαλάτα με καρπούζι, κοτόπουλο σχάρας, κινόα και φέτα light","Κοτόπουλο στήθος (100γρ), Καρπούζι (120γρ), Dressing βαλσάμικο (40γρ)","Ντοματίνια, Αγγούρι, Πράσινη πιπεριά, Κοτόπουλο, Κινόα, Καρπούζι, Φέτα light, Τορτίγια, Βαλσάμικο, Μουστάρδα, Σκόρδο, Μέλι","Ντοματίνια (100γρ), Αγγούρι (40γρ), Πράσινη πιπεριά (20γρ), Κοτόπουλο στήθος (100γρ), Κινόα (130γρ), Καρπούζι (120γρ), Φέτα light (50γρ), Τορτίγια ολικής (20γρ), Dressing βαλσάμικο (40γρ)",319,9.65,10.90,Product Cost Change,"Ντοματίνια, ωμά (100γρ), Αγγούρι, ωμό (40γρ), Πράσινη πιπεριά, ωμή (20γρ), Κοτόπουλο στήθος, μαγειρεμένο (100γρ), Κινόα, μαγειρεμένη (130γρ), Καρπούζι, με την φλούδα (120γρ), Φέτα τυρί, light (50γρ), Τορτίγια ολικής, μικρή  (20γρ), Dressing βαλσάμικο (40γρ)",3.18,3.59,0.18,0.22,3.31,3.36,3.82,34.81%,€6.29,32.95%,1.85%,737,59,50,34,https://drive.google.com/file/d/1FnRbala6n9ac9H3-6bN553EkglsKdySJ/view?usp=sharing,
Σαλάτες,ΟΧΙ,"Σαλάτα με κινόα, μοτσαρέλα και ψητά κολοκύθια","Κινόα (100γρ), Μοτσαρέλα (30γρ), Dressing (20γρ)","Κινόα, Φρέσκια μοτσαρέλα, Κολοκύθι, Κόκκινη πιπεριά, Κρεμμύδι, Πασατέμπος, Ηλιόσπορος, Μαϊντανός, Ρόκα, Χυμός λεμονιού, Μουστάρδα, Μέλι","Ψητά λαχανικά (120γρ), Κινόα (100γρ), Φρέσκια μοτσαρέλα (30γρ), Baby ρόκα (60γρ), Κόκκινο κρεμμύδι (40γρ), Ηλιόσπορος (15γρ), Κολοκυθόσπορος (10γρ), Μαϊντανός (5γρ), Dressing (20γρ)",276-1,6.99,7.90,Product Cost Change,"Κινόα, μαγειρεμένη (100γρ), Φρέσκια μοτσαρέλα (30γρ), Κολοκυθάκι, ψητό (60γρ), Κόκκινη πιπεριά γλυκιά, σωτέ (60γρ), Κρεμμύδι κόκκινο, ωμό (40γρ), Pepita seeds, unsalted (10γρ), Ηλιόσπορος (15γρ), Μαϊντανός, φρέσκος (5γρ), Ελαιόλαδο (5γρ), Ρόκα, ωμή (60γρ), Dressing λεμόνι (20γρ)",1.93,2.18,0.18,0.23,2.10,2.11,2.41,30.24%,€4.88,27.61%,2.63%,510,41,20,32,https://drive.google.com/file/d/1UoJ9kXN00nykcV9ypo62olTRp0pdO9ZL/view?usp=sharing,https://drive.google.com/file/d/1UoJ9kXN00nykcV9ypo62olTRp0pdO9ZL/view?usp=sharing
Σαλάτες,ΝΑΙ,"Σαλάτα με κινόα, μοτσαρέλα και ψητά κολοκύθια","Κινόα (100γρ), Μοτσαρέλα (60γρ), Dressing (20γρ)","Κινόα, Φρέσκια μοτσαρέλα, Κολοκύθι, Κόκκινη πιπεριά, Κρεμμύδι, Πασατέμπος, Ηλιόσπορος, Μαϊντανός, Ρόκα, Χυμός λεμονιού, Μουστάρδα, Μέλι","Ψητά λαχανικά (120γρ), Κινόα (100γρ), Φρέσκια μοτσαρέλα (60γρ), Baby ρόκα (60γρ), Κόκκινο κρεμμύδι (40γρ), Ηλιόσπορος (15γρ), Κολοκυθόσπορος (10γρ), Μαϊντανός (5γρ), Dressing (20γρ)",276-2,7.88,8.90,Product Cost Change,"Κινόα, μαγειρεμένη (100γρ), Φρέσκια μοτσαρέλα (60γρ), Κολοκυθάκι, ψητό (60γρ), Κόκκινη πιπεριά γλυκιά, σωτέ (60γρ), Κρεμμύδι κόκκινο, ωμό (40γρ), Pepita seeds, unsalted (10γρ), Ηλιόσπορος (15γρ), Μαϊντανός, φρέσκος (5γρ), Ελαιόλαδο (5γρ), Ρόκα, ωμή (60γρ), Dressing λεμόνι (20γρ)",2.27,2.57,0.18,0.23,2.43,2.45,2.79,31.14%,€5.43,28.81%,2.34%,559,42,26,35,https://drive.google.com/file/d/1UoJ9kXN00nykcV9ypo62olTRp0pdO9ZL/view?usp=sharing,https://drive.google.com/file/d/1UoJ9kXN00nykcV9ypo62olTRp0pdO9ZL/view?usp=sharing
Σαλάτες,ΟΧΙ,"Σαλάτα με κινόα, μοτσαρέλα και ψητά κολοκύθια","Κινόα (100γρ), Μοτσαρέλα (90γρ), Dressing (20γρ)","Κινόα, Φρέσκια μοτσαρέλα, Κολοκύθι, Κόκκινη πιπεριά, Κρεμμύδι, Πασατέμπος, Ηλιόσπορος, Μαϊντανός, Ρόκα, Χυμός λεμονιού, Μουστάρδα, Μέλι","Ψητά λαχανικά (120γρ), Κινόα (100γρ), Φρέσκια μοτσαρέλα (90γρ), Baby ρόκα (60γρ), Κόκκινο κρεμμύδι (40γρ), Ηλιόσπορος (15γρ), Κολοκυθόσπορος (10γρ), Μαϊντανός (5γρ), Dressing (20γρ)",276-3,8.76,9.90,Product Cost Change,"Κινόα, μαγειρεμένη (100γρ), Φρέσκια μοτσαρέλα (90γρ), Κολοκυθάκι, ψητό (60γρ), Κόκκινη πιπεριά γλυκιά, σωτέ (60γρ), Κρεμμύδι κόκκινο, ωμό (40γρ), Pepita seeds, unsalted (10γρ), Ηλιόσπορος (15γρ), Μαϊντανός, φρέσκος (5γρ), Ελαιόλαδο (5γρ), Ρόκα, ωμή (60γρ), Dressing λεμόνι (20γρ)",2.60,2.94,0.18,0.23,2.77,2.78,3.17,31.78%,€5.98,29.68%,2.10%,607,42,32,37,https://drive.google.com/file/d/1UoJ9kXN00nykcV9ypo62olTRp0pdO9ZL/view?usp=sharing,https://drive.google.com/file/d/1UoJ9kXN00nykcV9ypo62olTRp0pdO9ZL/view?usp=sharing
Σαλάτες,ΟΧΙ,"Σαλάτα με μανιτάρια, φέτα light, χόρτα και φυστίκι Αιγίνης","Ψητά μανιτάρια (200γρ), Φέτα light (30γρ), Dressing (20γρ)","Μανιτάρι, Φέτα light, Χόρτα, Πορτοκάλι, Καρύδι, Φυστίκι Αιγίνης, Χυμός λεμονιού, Χυμός πορτοκαλιού, Χυμός γκρέιπφρουτ, Μέλι","Ψητά μανιτάρια (200γρ), Φέτα light (30γρ), Χόρτα (100γρ), Πορτοκάλι (30γρ), Καρύδια (30γρ), Φιστίκι Αιγίνης (10γρ), Dressing (20γρ)",73-1,8.76,9.90,Product Cost Change,"Μανιτάρι σαμπινιόν, μαγειρεμένο (200γρ), Φέτα τυρί, light (30γρ), Χόρτα αχνιστά (100γρ), Πορτοκάλι, φρέσκο (30γρ), Καρύδι, ωμό, ανάλατο (30γρ), Φυστίκι αιγίνης, ωμό, ανάλατο (10γρ), Dressing εσπεριδοειδών (20γρ)",2.96,3.34,0.20,0.25,3.14,3.16,3.59,36.05%,€5.60,33.79%,2.26%,471,27,20,37,https://drive.google.com/file/d/1-IVZHDQuwXm2L4aZ4iO409MNysXhorgX/view?usp=sharing,https://drive.google.com/file/d/1-IVZHDQuwXm2L4aZ4iO409MNysXhorgX/view?usp=sharing
Σαλάτες,ΝΑΙ,"Σαλάτα με μανιτάρια, φέτα light, χόρτα και φυστίκι Αιγίνης","Ψητά μανιτάρια (200γρ), Φέτα light (60γρ), Dressing (20γρ)","Μανιτάρι, Φέτα light, Χόρτα, Πορτοκάλι, Καρύδι, Φυστίκι Αιγίνης, Χυμός λεμονιού, Χυμός πορτοκαλιού, Χυμός γκρέιπφρουτ, Μέλι","Ψητά μανιτάρια (200γρ), Φέτα light (60γρ), Χόρτα (100γρ), Πορτοκάλι (30γρ), Καρύδια (30γρ), Φιστίκι Αιγίνης (10γρ), Dressing (20γρ)",73-2,9.65,10.90,Product Cost Change,"Μανιτάρι σαμπινιόν, μαγειρεμένο (200γρ), Φέτα τυρί, light (60γρ), Χόρτα αχνιστά (100γρ), Πορτοκάλι, φρέσκο (30γρ), Καρύδι, ωμό, ανάλατο (30γρ), Φυστίκι αιγίνης, ωμό, ανάλατο (10γρ), Dressing εσπεριδοειδών (20γρ)",3.47,3.92,0.20,0.25,3.65,3.67,4.17,38.01%,€5.98,35.96%,2.05%,521,27,26,40,https://drive.google.com/file/d/1-IVZHDQuwXm2L4aZ4iO409MNysXhorgX/view?usp=sharing,https://drive.google.com/file/d/1-IVZHDQuwXm2L4aZ4iO409MNysXhorgX/view?usp=sharing
Σαλάτες,ΟΧΙ,"Σαλάτα με μανιτάρια, φέτα light, χόρτα και φυστίκι Αιγίνης","Ψητά μανιτάρια (200γρ), Φέτα light (90γρ), Dressing (20γρ)","Μανιτάρι, Φέτα light, Χόρτα, Πορτοκάλι, Καρύδι, Φυστίκι Αιγίνης, Χυμός λεμονιού, Χυμός πορτοκαλιού, Χυμός γκρέιπφρουτ, Μέλι","Ψητά μανιτάρια (200γρ), Φέτα light (90γρ), Χόρτα (100γρ), Πορτοκάλι (30γρ), Καρύδια (30γρ), Φιστίκι Αιγίνης (10γρ), Dressing (20γρ)",73-3,10.53,11.90,Product Cost Change,"Μανιτάρι σαμπινιόν, μαγειρεμένο (200γρ), Φέτα τυρί, light (90γρ), Χόρτα αχνιστά (100γρ), Πορτοκάλι, φρέσκο (30γρ), Καρύδι, ωμό, ανάλατο (30γρ), Φυστίκι αιγίνης, ωμό, ανάλατο (10γρ), Dressing εσπεριδοειδών (20γρ)",3.98,4.50,0.20,0.25,4.16,4.18,4.74,39.68%,€6.35,37.80%,1.88%,570,27,31,44,https://drive.google.com/file/d/1-IVZHDQuwXm2L4aZ4iO409MNysXhorgX/view?usp=sharing,https://drive.google.com/file/d/1-IVZHDQuwXm2L4aZ4iO409MNysXhorgX/view?usp=sharing
Σαλάτες,ΝΑΙ,"Σαλάτα με μαυρομάτικα, κινόα και καπνιστή πέστροφα","Καπνιστή πέστροφα (35γρ), Dressing (60γρ)","Μαυρομάτικα φασόλια, Κινόα, Πέστροφα, Φρέσκο κρεμμυδάκι, Μαϊντανός, Κόκκινη πιπεριά, Βαλσάμικο, Μουστάρδα, Σκόρδο, Μέλι","Μαυρομάτικα φασόλια (155γρ), Κινόα (125γρ), Καπνιστή πέστροφα (35γρ), Κόκκινη πιπεριά (20γρ), Φρέσκο κρεμμύδι (10γρ), Μαϊντανός (2γρ), Πιπεριά Φλωρίνης (40γρ), Dressing (60γρ)",289,8.76,9.90,OK,"Μαυρομάτικα φασόλια, μαγειρεμένα (155γρ), Κινόα, μαγειρεμένη (125γρ), Κόκκινη πιπεριά γλυκιά, ωμή (20γρ), Πέστροφα καπνιστή (35γρ), Φρέσκο κρεμμυδάκι, ωμό (10γρ), Μαϊντανός, φρέσκος (2γρ), Πιπεριά φλωρίνης (40γρ), Dressing βαλσάμικο (60γρ), Αλάτι ψιλό (2γρ), Μαύρο πιπέρι (0,2γρ)",2.15,2.43,0.08,0.10,2.23,2.23,2.53,25.50%,€6.53,24.54%,0.96%,689,73,21,36,https://drive.google.com/drive/folders/18bUDJ70ogWKaJ96v5skzU31MKASExMc2,https://drive.google.com/drive/folders/18bUDJ70ogWKaJ96v5skzU31MKASExMc2
Σαλάτες,ΟΧΙ,"Σαλάτα με όσπρια, ελιές και dressing λαδολέμονο","Ρεβίθια (100γρ), Φακές (100γρ)","Ρεβίθια, Φακή, Αγγούρι, Ντοματίνια, Ελιά, Φρέσκο κρεμμυδάκι, Χυμός λεμονιού","Ρεβίθια (100γρ), Φακές (100γρ), Αγγούρι (50γρ), Ντοματίνια (20γρ), Ελιές (10γρ), Φρέσκο κρεμμύδι (5γρ), Dressing (20γρ)",85-1,6.64,7.50,Product Cost Change,"Ρεβύθια, μαγειρεμένα (100γρ), Φακή, μαγειρεμένη (100γρ), Αγγούρι, ωμό (50γρ), Ντοματίνια, ωμά (20γρ), Ελιά, πράσινη, ολόκληρη (10γρ), Φρέσκο κρεμμυδάκι, ωμό (5γρ), Ελαιόλαδο (15γρ), Χυμός λεμονιού (5γρ)",0.57,0.64,0.14,0.17,0.70,0.71,0.82,10.69%,€5.93,8.58%,2.11%,438,51,19,19,https://drive.google.com/file/d/1gC9S8FbBvEpUW2aMuwEkvEDxH9YG8AhX/view?usp=sharing,https://drive.google.com/file/d/1gC9S8FbBvEpUW2aMuwEkvEDxH9YG8AhX/view?usp=sharing
Σαλάτες,ΝΑΙ,"Σαλάτα με όσπρια, ελιές και dressing λαδολέμονο","Ρεβίθια (200γρ), Φακές (200γρ)","Ρεβίθια, Φακή, Αγγούρι, Ντοματίνια, Ελιά, Φρέσκο κρεμμυδάκι, Χυμός λεμονιού","Ρεβίθια (200γρ), Φακές (200γρ), Αγγούρι (100γρ), Ντοματίνια (40γρ), Ελιές (20γρ), Φρέσκο κρεμμύδι (10γρ), Dressing (20γρ)",85-2,6.99,7.90,Product Cost Change,"Ρεβύθια, μαγειρεμένα (200γρ), Φακή, μαγειρεμένη (200γρ), Αγγούρι, ωμό (100γρ), Ντοματίνια, ωμά (40γρ), Ελιά, πράσινη, ολόκληρη (20γρ), Φρέσκο κρεμμυδάκι, ωμό (10γρ), Ελαιόλαδο (15γρ), Χυμός λεμονιού (5γρ)",0.99,1.12,0.14,0.17,1.12,1.13,1.29,16.17%,€5.86,14.16%,2.00%,743,103,37,23,https://drive.google.com/file/d/1gC9S8FbBvEpUW2aMuwEkvEDxH9YG8AhX/view?usp=sharing,https://drive.google.com/file/d/1gC9S8FbBvEpUW2aMuwEkvEDxH9YG8AhX/view?usp=sharing
Σαλάτες,ΝΑΙ,"Σαλάτα με παντζάρι, πορτοκάλι και καρύδια","Παντζάρι (150γρ), Dressing (20γρ)","Παντζάρι, Πορτοκάλι, Σπανάκι, Καρύδι, Βαλσάμικο, Μουστάρδα, Σκόρδο, Μέλι","Παντζάρι (150γρ), Πορτοκάλι (50γρ), Baby σπανάκι (80γρ), Καρύδια (30γρ), Vinaigrette (20γρ)",83,6.99,7.90,Product Cost Change,"Παντζάρια, μαγειρεμένα (150γρ), Πορτοκάλι, φρέσκο (50γρ), Σπανάκι baby, ωμό (80γρ), Καρύδι, ωμό, ανάλατο (30γρ), Vinaigrette βαλσάμικο (20γρ)",1.33,1.50,0.18,0.23,1.50,1.51,1.73,21.66%,€5.48,19.03%,2.63%,401,34,10,29,https://drive.google.com/file/d/1PvvI8KUvY15gcFCaJdXBdbV45lFs26fb/view?usp=sharing,https://drive.google.com/file/d/1PvvI8KUvY15gcFCaJdXBdbV45lFs26fb/view?usp=sharing
Σαλάτες,ΝΑΙ,"Σαλάτα με σπανάκι, τόφου και κάσιους","Σπανάκι (80γρ), Τόφου (80γρ), Dressing (20γρ)","Σπανάκι, Τόφου, Edamame, Κάσιους, Αγγούρι, Ντοματίνια, Σουσάμι, Ταχίνι, Ηλιέλαιο, Μέλι, Ξύδι ρυζιού, Κρεμμύδι, Σκόρδο, Χυμός λεμονιού, Σουσάμι, Μαγιονέζα light, Σόγια","Σπανάκι (80γρ), Τόφου (80γρ), Κάσιους (20γρ), Ντοματίνια (50γρ), Αγγούρι (40γρ), Edamame (40γρ), Σουσάμι (10γρ), Dressing (20γρ)",284,8.76,9.90,Product Cost Change,"Σπανάκι, ωμό (80γρ), Τόφου (80γρ), Edamame (40γρ), Κάσιους, ανάλατο (20γρ), Αγγούρι, ωμό (40γρ), Ντοματίνια, ωμά (50γρ), Σουσάμι (10γρ), Dressing ταχίνι-σόγια (20γρ)",2.45,2.77,0.18,0.23,2.61,2.63,3.00,30.07%,€6.13,27.97%,2.10%,413,20,21,30,https://drive.google.com/file/d/1EUW2E_iCuBmvBrXfs4U0LqnG9YjOPU31/view?usp=sharing,https://drive.google.com/file/d/1EUW2E_iCuBmvBrXfs4U0LqnG9YjOPU31/view?usp=sharing
Σαλάτες,ΟΧΙ,"Σαλάτα με φακή, αβοκάντο και chilli","Φακές (100γρ), Φάβα (50γρ)","Φακή, Φάβα, Αγγούρι, Καρότο, Ντοματίνια, Λιναρόσπορος, Φρέσκο κρεμμυδάκι, Chili πιπεριά, Βαλσάμικο, Μέλι, Μουστάρδα, Σκόρδο, Κόλιανδρος","Φακές (100γρ), Φάβα (50γρ), Αγγούρι (50γρ), Καρότο (30γρ), Ντοματίνια (40γρ), Αβοκάντο (30γρ), Λιναρόσπορος (15γρ), Φρέσκο κρεμμύδι (5γρ), Chili (2,5γρ), Dressing (20γρ)",87-1,6.64,7.50,Product Cost Change,"Φακή, μαγειρεμένη (100γρ), Φάβα, μαγειρεμένη (50γρ), Αγγούρι, ωμό (50γρ), Καρότο, ωμό (30γρ), Ντοματίνια, ωμά (40γρ), Λιναρόσπορος (15γρ), Φρέσκο κρεμμυδάκι, ωμό (5γρ), Chili πιπεριά (2,5γρ), Dressing βαλσάμικο (20γρ), Κόλιανδρος (2,5γρ), Αβοκάντο (30γρ)",1.01,1.14,0.14,0.17,0.96,1.15,1.31,17.32%,€5.49,15.21%,2.11%,439,47,18,22,https://drive.google.com/file/d/1_NIGrqCjHzQgQLVuuTC1rFzrwe9vAI0k/view?usp=sharing,https://drive.google.com/file/d/1_NIGrqCjHzQgQLVuuTC1rFzrwe9vAI0k/view?usp=sharing
Σαλάτες,ΝΑΙ,"Σαλάτα με φακή, αβοκάντο και chilli","Φακές (200γρ), Φάβα (100γρ)","Φακή, Φάβα, Αγγούρι, Καρότο, Ντοματίνια, Λιναρόσπορος, Φρέσκο κρεμμυδάκι, Chili πιπεριά, Βαλσάμικο, Μέλι, Μουστάρδα, Σκόρδο, Κόλιανδρος","Φακές (200γρ), Φάβα (100γρ), Αγγούρι (100γρ), Καρότο (60γρ), Ντοματίνια (80γρ), Αβοκάντο (30γρ), Λιναρόσπορος (30γρ), Φρέσκο κρεμμύδι (10γρ), Chili (5γρ), Dressing (20γρ)",87-2,7.52,8.50,Product Cost Change,"Φακή, μαγειρεμένη (200γρ), Φάβα, μαγειρεμένη (100γρ), Αγγούρι, ωμό (100γρ), Καρότο, ωμό (60γρ), Ντοματίνια, ωμά (80γρ), Λιναρόσπορος (30γρ), Φρέσκο κρεμμυδάκι, ωμό (10γρ), Chili πιπεριά (5γρ), Dressing βαλσάμικο (20γρ), Κόλιανδρος (5γρ), Αβοκάντο (30γρ)",1.55,1.75,0.14,0.17,1.49,1.69,1.93,22.47%,€5.83,20.61%,1.86%,725,89,35,29,https://drive.google.com/file/d/1_NIGrqCjHzQgQLVuuTC1rFzrwe9vAI0k/view?usp=sharing,https://drive.google.com/file/d/1_NIGrqCjHzQgQLVuuTC1rFzrwe9vAI0k/view?usp=sharing
Σαλάτες,ΝΑΙ,"Σαλάτα με φινόκιο, αγκινάρα και μαυρομάτικα","Φινόκιο (100γρ), Αγκινάρα (60γρ)","Φινόκιο, Αγκινάρα, Αγγούρι, Ντοματίνια, Μαυρομάτικα φασόλια, Μήλο, Χυμός λεμονιού","Φινόκιο (100γρ), Αγκινάρα (60γρ), Αγγούρι (50γρ), Ντοματίνια (50γρ), Μαυρομάτικα φασόλια (40γρ), Πράσινο μήλο (40γρ), Dressing (20γρ)",88,6.99,7.90,Product Cost Change,"Φινόκιο (100γρ), Αγκινάρα, μαγειρεμένη (60γρ), Αγγούρι, ωμό (50γρ), Ντοματίνια, ωμά (50γρ), Μαυρομάτικα φασόλια, μαγειρεμένα (40γρ), Μήλο (40γρ), Ελαιόλαδο (15γρ), Χυμός λεμονιού (5γρ)",1.24,1.40,0.14,0.17,1.36,1.38,1.57,19.74%,€5.61,17.74%,2.00%,273,32,5,16,https://drive.google.com/file/d/1qSa5p3WJYWPv9TSjRk-YOLC6Q_J5OpXP/view?usp=sharing,https://drive.google.com/file/d/1qSa5p3WJYWPv9TSjRk-YOLC6Q_J5OpXP/view?usp=sharing
Σαλάτες,ΝΑΙ,"Σαλάτα με χόρτα, αβοκάντο και τοματίνια","Χόρτα (100γρ), Παξιμαδάκια χαρουπιού (25γρ)","Χόρτα, Αβοκάντο, Ντοματίνια, Αγγούρι, Φρέσκο κρεμμυδάκι, Χυμός λεμονιού, Μέλι, Παξιμάδι χαρουπιού, Δυόσμος, Βασιλικός","Χόρτα (100γρ), Αβοκάντο (30γρ), Ντοματίνια (30γρ), Αγγούρι (50γρ), Φρέσκο κρεμμύδι (5γρ), Παξιμαδάκια χαρουπιού (25γρ), Ελαιόλαδο (10γρ), Κρέμα λεμόνι (10γρ), Δυόσμος (5γρ), Βασιλικός (5γρ)",86,6.99,7.90,Product Cost Change,"Χόρτα αχνιστά (100γρ), Αβοκάντο (30γρ), Ντοματίνια, ωμά (30γρ), Αγγούρι, ωμό (50γρ), Φρέσκο κρεμμυδάκι, ωμό (5γρ), Ελαιόλαδο (10γρ), Κρέμα λεμόνι (10γρ), Παξιμαδάκια χαρουπιού (25γρ), Δυόσμος (5γρ), Βασιλικός (5γρ)",1.66,1.88,0.24,0.29,1.72,1.90,2.17,27.11%,€5.10,23.75%,3.36%,292,30,7,17,https://drive.google.com/file/d/1RQC2EfoxHj9LqJg1csbhx6EGEfEAa_MU/view?usp=sharing,https://drive.google.com/file/d/1RQC2EfoxHj9LqJg1csbhx6EGEfEAa_MU/view?usp=sharing
Σαλάτες,ΟΧΙ,"Σαλάτα με ψητά λαχανικά, ανθότυρο, φαγόπυρο και φιστίκι Αιγίνης","Ψητά λαχανικά (150γρ), Ανθότυρο (30γρ), Dressing (20γρ)","Κολοκύθι, Μελιτζάνα, Πιπεριά, Μανιτάρι, Φαγόπυρο, Ελιά, Ανθότυρο, Φυστίκι Αιγίνης, Χυμός λεμονιού, Βαλσάμικο","Ψητά λαχανικά (150γρ), Φαγόπυρο (120γρ), Ελιές (12γρ), Ανθότυρο (30γρ), Φιστίκι Αιγίνης (20γρ), Ελαιόλαδο (15γρ), Χυμός λεμονιού (20γρ), Βαλσάμικο (5γρ)",109-1,8.32,9.40,OK,"Λαχανικά ψητά (150γρ), Φαγόπυρο, μαγειρεμένο (120γρ), Ελιά, πράσινη, ολόκληρη (12γρ), Ανθότυρο (30γρ), Φυστίκι αιγίνης, ωμό, ανάλατο (20γρ), Ελαιόλαδο (15γρ), Χυμός λεμονιού (20γρ), Βαλσάμικο ξύδι (5γρ)",2.60,2.94,0.14,0.17,2.74,2.74,3.11,32.93%,€5.58,31.25%,1.68%,459,39,13,31,https://drive.google.com/file/d/19QNK6NRssxLUsW__WJVvYJm0vT8UthVZ/view?usp=sharing,https://drive.google.com/file/d/19QNK6NRssxLUsW__WJVvYJm0vT8UthVZ/view?usp=sharing
Σαλάτες,ΝΑΙ,"Σαλάτα με ψητά λαχανικά, ανθότυρο, φαγόπυρο και φιστίκι Αιγίνης","Ψητά λαχανικά (150γρ), Ανθότυρο (60γρ), Dressing (20γρ)","Κολοκύθι, Μελιτζάνα, Πιπεριά, Μανιτάρι, Φαγόπυρο, Ελιά, Ανθότυρο, Φυστίκι Αιγίνης, Χυμός λεμονιού, Βαλσάμικο","Ψητά λαχανικά (150γρ), Φαγόπυρο (120γρ), Ελιές (12γρ), Ανθότυρο (60γρ), Φιστίκι Αιγίνης (20γρ), Ελαιόλαδο (15γρ), Χυμός λεμονιού (20γρ), Βαλσάμικο (5γρ)",109-2,8.76,9.90,OK,"Λαχανικά ψητά (150γρ), Φαγόπυρο, μαγειρεμένο (120γρ), Ελιά, πράσινη, ολόκληρη (12γρ), Ανθότυρο (60γρ), Φυστίκι αιγίνης, ωμό, ανάλατο (20γρ), Ελαιόλαδο (15γρ), Χυμός λεμονιού (20γρ), Βαλσάμικο ξύδι (5γρ)",2.77,3.13,0.14,0.17,2.91,2.91,3.30,33.22%,€5.85,31.62%,1.60%,513,39,17,35,https://drive.google.com/file/d/19QNK6NRssxLUsW__WJVvYJm0vT8UthVZ/view?usp=sharing,https://drive.google.com/file/d/19QNK6NRssxLUsW__WJVvYJm0vT8UthVZ/view?usp=sharing
Σαλάτες,ΟΧΙ,"Σαλάτα με ψητά λαχανικά, ανθότυρο, φαγόπυρο και φιστίκι Αιγίνης","Ψητά λαχανικά (150γρ), Ανθότυρο (90γρ), Dressing (20γρ)","Κολοκύθι, Μελιτζάνα, Πιπεριά, Μανιτάρι, Φαγόπυρο, Ελιά, Ανθότυρο, Φυστίκι Αιγίνης, Χυμός λεμονιού, Βαλσάμικο","Ψητά λαχανικά (150γρ), Φαγόπυρο (120γρ), Ελιές (12γρ), Ανθότυρο (90γρ), Φιστίκι Αιγίνης (20γρ), Ελαιόλαδο (15γρ), Χυμός λεμονιού (20γρ), Βαλσάμικο (5γρ)",109-3,9.20,10.40,OK,"Λαχανικά ψητά (150γρ), Φαγόπυρο, μαγειρεμένο (120γρ), Ελιά, πράσινη, ολόκληρη (12γρ), Ανθότυρο (90γρ), Φυστίκι αιγίνης, ωμό, ανάλατο (20γρ), Ελαιόλαδο (15γρ), Χυμός λεμονιού (20γρ), Βαλσάμικο ξύδι (5γρ)",2.94,3.32,0.14,0.17,3.08,3.08,3.50,33.48%,€6.12,31.96%,1.52%,567,40,20,39,https://drive.google.com/file/d/19QNK6NRssxLUsW__WJVvYJm0vT8UthVZ/view?usp=sharing,https://drive.google.com/file/d/19QNK6NRssxLUsW__WJVvYJm0vT8UthVZ/view?usp=sharing
Σαλάτες,ΟΧΙ,"Σαλάτα με παντζάρια, κατσικίσιο τυρί και αβοκάντο","Ψητά παντζάρια (50γρ), Κατσικίσιο τυρί (30γρ), Dressing (20γρ)","Φυλλώδη πράσινα λαχανικά, Παντζάρι, Κατσικίσιο τυρί, Καρύδι, Ντοματίνια, Αβοκάντο, Ραπανάκι, Κρεμμύδι, Βαλσάμικο, Μηλόξυδο, Μέλι, Μουστάρδα","Πράσινη σαλάτα (100γρ), Ψητά παντζάρια (50γρ), Κατσικίσιο τυρί (30γρ), Καρύδια (20γρ), Ντοματίνια (35γρ), Αβοκάντο (20γρ), Ραπανάκια (10γρ), Κρεμμύδι πίκλα (10γρ), Dressing (20γρ)",76-1,6.99,7.90,Product Cost Change,"Λαχανικά, ωμά (100γρ), Παντζάρια, μαγειρεμένα (50γρ), Κατσικίσιο τυρί (30γρ), Καρύδι, ωμό, ανάλατο (20γρ), Ντοματίνια, ωμά (35γρ), Αβοκάντο (20γρ), Ραπανάκι (10γρ), Dressing βαλσάμικο-μηλόξυδο (20γρ), Κρεμμύδι, ωμό (10γρ)",1.56,1.76,0.18,0.23,1.61,1.74,1.99,24.95%,€5.25,22.32%,2.63%,422,19,12,35,https://drive.google.com/file/d/1iclGcpCLojGU-_nCZ29IDzclkE6eQrD7/view?usp=sharing,https://drive.google.com/file/d/1iclGcpCLojGU-_nCZ29IDzclkE6eQrD7/view?usp=sharing
Σαλάτες,ΝΑΙ,"Σαλάτα με παντζάρια, κατσικίσιο τυρί και αβοκάντο","Ψητά παντζάρια (50γρ), Κατσικίσιο τυρί (60γρ), Dressing (20γρ)","Φυλλώδη πράσινα λαχανικά, Παντζάρι, Κατσικίσιο τυρί, Καρύδι, Ντοματίνια, Αβοκάντο, Ραπανάκι, Κρεμμύδι, Βαλσάμικο, Μηλόξυδο, Μέλι, Μουστάρδα","Πράσινη σαλάτα (100γρ), Ψητά παντζάρια (50γρ), Κατσικίσιο τυρί (60γρ), Καρύδια (20γρ), Ντοματίνια (35γρ), Αβοκάντο (20γρ), Ραπανάκια (10γρ), Κρεμμύδι πίκλα (10γρ), Dressing (20γρ)",76-2,7.88,8.90,Product Cost Change,"Λαχανικά, ωμά (100γρ), Παντζάρια, μαγειρεμένα (50γρ), Κατσικίσιο τυρί (60γρ), Καρύδι, ωμό, ανάλατο (20γρ), Ντοματίνια, ωμά (35γρ), Αβοκάντο (20γρ), Ραπανάκι (10γρ), Dressing βαλσάμικο-μηλόξυδο (20γρ), Κρεμμύδι, ωμό (10γρ)",1.92,2.17,0.18,0.23,1.96,2.10,2.40,26.70%,€5.78,24.37%,2.34%,531,19,19,44,https://drive.google.com/file/d/1iclGcpCLojGU-_nCZ29IDzclkE6eQrD7/view?usp=sharing,https://drive.google.com/file/d/1iclGcpCLojGU-_nCZ29IDzclkE6eQrD7/view?usp=sharing
Ψητές επιλογές,ΟΧΙ,Σολομός ψητός με αμπελοφάσουλα και λαδολέμονο,Σολομός ψητός (120γρ),"Σολομός, Αμπελοφάσουλα, Χυμός λεμονιού","Σολομός ψητός (120γρ), Αμπελοφάσουλα (100γρ), Λαδολέμονο (5γρ)",153-1,14.60,16.50,OK,"Σολομός, μαγειρεμένος (120γρ), Αμπελοφάσουλα, μαγειρεμένα (100γρ), Ελαιόλαδο (3,5γρ), Χυμός λεμονιού (1,5γρ)",4.07,4.60,0.14,0.17,4.21,4.21,4.77,28.84%,€10.39,27.88%,0.96%,366,21,38,14,https://drive.google.com/file/d/1zcZsaZp-6JR3vpa89scj62aWi8LIlUgH/view?usp=sharing,https://drive.google.com/file/d/1zcZsaZp-6JR3vpa89scj62aWi8LIlUgH/view?usp=sharing
Ψητές επιλογές,ΝΑΙ,Σολομός ψητός με αμπελοφάσουλα και λαδολέμονο,Σολομός ψητός (150γρ),"Σολομός, Αμπελοφάσουλα, Χυμός λεμονιού","Σολομός ψητός (150γρ), Αμπελοφάσουλα (100γρ), Λαδολέμονο (5γρ)",153-2,15.84,17.90,OK,"Σολομός, μαγειρεμένος (150γρ), Αμπελοφάσουλα, μαγειρεμένα (100γρ), Ελαιόλαδο (3,5γρ), Χυμός λεμονιού (1,5γρ)",4.99,5.64,0.14,0.17,5.13,5.13,5.81,32.39%,€10.71,31.50%,0.88%,420,21,46,16,https://drive.google.com/file/d/1zcZsaZp-6JR3vpa89scj62aWi8LIlUgH/view?usp=sharing,https://drive.google.com/file/d/1zcZsaZp-6JR3vpa89scj62aWi8LIlUgH/view?usp=sharing
Ψητές επιλογές,ΟΧΙ,Σολομός ψητός με αμπελοφάσουλα και λαδολέμονο,Σολομός ψητός (180γρ),"Σολομός, Αμπελοφάσουλα, Χυμός λεμονιού","Σολομός ψητός (180γρ), Αμπελοφάσουλα (100γρ), Λαδολέμονο (5γρ)",153-3,18.14,20.50,OK,"Σολομός, μαγειρεμένος (180γρ), Αμπελοφάσουλα, μαγειρεμένα (100γρ), Ελαιόλαδο (3,5γρ), Χυμός λεμονιού (1,5γρ)",5.92,6.69,0.14,0.17,6.06,6.06,6.86,33.41%,€12.08,32.64%,0.77%,475,21,53,19,https://drive.google.com/file/d/1zcZsaZp-6JR3vpa89scj62aWi8LIlUgH/view?usp=sharing,https://drive.google.com/file/d/1zcZsaZp-6JR3vpa89scj62aWi8LIlUgH/view?usp=sharing
Ψητές επιλογές,ΟΧΙ,Σολομός ψητός με αμπελοφάσουλα και λαδολέμονο,Σολομός ψητός (210γρ),"Σολομός, Αμπελοφάσουλα, Χυμός λεμονιού","Σολομός ψητός (210γρ), Αμπελοφάσουλα (100γρ), Λαδολέμονο (5γρ)",153-4,19.38,21.90,OK,"Σολομός, μαγειρεμένος (210γρ), Αμπελοφάσουλα, μαγειρεμένα (100γρ), Ελαιόλαδο (3,5γρ), Χυμός λεμονιού (1,5γρ)",6.84,7.73,0.14,0.17,6.98,6.98,7.90,36.02%,€12.40,35.29%,0.72%,529,21,61,21,https://drive.google.com/file/d/1zcZsaZp-6JR3vpa89scj62aWi8LIlUgH/view?usp=sharing,https://drive.google.com/file/d/1zcZsaZp-6JR3vpa89scj62aWi8LIlUgH/view?usp=sharing
Ψητές επιλογές,ΟΧΙ,Σολομός ψητός με λαχανικά ατμού και vinaigrette σόγιας,Σολομός ψητός (120γρ),"Σολομός, Λαχανικά, Ξύδι ρυζιού, Σόγια, Ginger, Χυμός yuzu, Lime, Μέλι","Σολομός ψητός (120γρ), Λαχανικά (150γρ), Vinaigrette σόγιας (7γρ)",206-1,14.60,16.50,OK,"Σολομός, μαγειρεμένος (120γρ), Λαχανικά, βραστά (150γρ), Dressing σόγιας (7γρ)",4.77,5.39,0.14,0.17,4.91,4.91,5.56,33.63%,€9.69,32.67%,0.96%,263,7,32,11,https://drive.google.com/file/d/1zqCzOt_kuEc7W-5zp7zUjjt5QdzgN_3v/view?usp=sharing,https://drive.google.com/file/d/1zqCzOt_kuEc7W-5zp7zUjjt5QdzgN_3v/view?usp=sharing
Ψητές επιλογές,ΝΑΙ,Σολομός ψητός με λαχανικά ατμού και vinaigrette σόγιας,Σολομός ψητός (150γρ),"Σολομός, Λαχανικά, Ξύδι ρυζιού, Σόγια, Ginger, Χυμός yuzu, Lime, Μέλι","Σολομός ψητός (150γρ), Λαχανικά (150γρ), Vinaigrette σόγιας (7γρ)",206-2,15.84,17.90,OK,"Σολομός, μαγειρεμένος (150γρ), Λαχανικά, βραστά (150γρ), Dressing σόγιας (7γρ)",5.69,6.43,0.14,0.17,5.83,5.83,6.60,36.81%,€10.01,35.92%,0.88%,318,7,40,14,https://drive.google.com/file/d/1zqCzOt_kuEc7W-5zp7zUjjt5QdzgN_3v/view?usp=sharing,https://drive.google.com/file/d/1zqCzOt_kuEc7W-5zp7zUjjt5QdzgN_3v/view?usp=sharing
Ψητές επιλογές,ΟΧΙ,Σολομός ψητός με λαχανικά ατμού και vinaigrette σόγιας,Σολομός ψητός (180γρ),"Σολομός, Λαχανικά, Ξύδι ρυζιού, Σόγια, Ginger, Χυμός yuzu, Lime, Μέλι","Σολομός ψητός (180γρ), Λαχανικά (150γρ), Vinaigrette σόγιας (7γρ)",206-3,18.14,20.50,OK,"Σολομός, μαγειρεμένος (180γρ), Λαχανικά, βραστά (150γρ), Dressing σόγιας (7γρ)",6.62,7.48,0.14,0.17,6.76,6.76,7.65,37.27%,€11.38,36.49%,0.77%,373,7,47,16,https://drive.google.com/file/d/1zqCzOt_kuEc7W-5zp7zUjjt5QdzgN_3v/view?usp=sharing,https://drive.google.com/file/d/1zqCzOt_kuEc7W-5zp7zUjjt5QdzgN_3v/view?usp=sharing
Ψητές επιλογές,ΟΧΙ,Σολομός ψητός με λαχανικά ατμού και vinaigrette σόγιας,Σολομός ψητός (210γρ),"Σολομός, Λαχανικά, Ξύδι ρυζιού, Σόγια, Ginger, Χυμός yuzu, Lime, Μέλι","Σολομός ψητός (210γρ), Λαχανικά (150γρ), Vinaigrette σόγιας (7γρ)",206-4,19.38,21.90,OK,"Σολομός, μαγειρεμένος (210γρ), Λαχανικά, βραστά (150γρ), Dressing σόγιας (7γρ)",7.54,8.52,0.14,0.17,7.68,7.68,8.69,39.63%,€11.70,38.91%,0.72%,427,7,55,19,https://drive.google.com/file/d/1zqCzOt_kuEc7W-5zp7zUjjt5QdzgN_3v/view?usp=sharing,https://drive.google.com/file/d/1zqCzOt_kuEc7W-5zp7zUjjt5QdzgN_3v/view?usp=sharing
Ψητές επιλογές,ΟΧΙ,Σολομός ψητός με πουρέ γλυκοπατάτας και αμπελοφάσουλα,"Σολομός ψητός (120γρ), Πουρές γλυκοπατάτας (120γρ)","Σολομός, Γλυκοπατάτα, Βούτυρο, Αμπελοφάσουλα, Χυμός λεμονιού","Σολομός ψητός (120γρ), Πουρές γλυκοπατάτας (120γρ), Αμπελοφάσουλα (50γρ), Λαδολέμονο (5γρ)",147-1,14.07,15.90,OK,"Σολομός, μαγειρεμένος (120γρ), Πουρές γλυκοπατάτας (120γρ), Αμπελοφάσουλα, μαγειρεμένα (50γρ), Ελαιόλαδο (3,5γρ), Χυμός λεμονιού (1,5γρ)",4.38,4.95,0.14,0.17,4.52,4.52,5.12,32.13%,€9.55,31.13%,1.00%,561,32,36,32,https://drive.google.com/file/d/1U8vaNoRkt_hH6Jo7SZtl2PYY3OUDyfBX/view?usp=sharing,https://drive.google.com/file/d/1U8vaNoRkt_hH6Jo7SZtl2PYY3OUDyfBX/view?usp=sharing
Ψητές επιλογές,ΟΧΙ,Σολομός ψητός με πουρέ γλυκοπατάτας και αμπελοφάσουλα,"Σολομός ψητός (120γρ), Πουρές γλυκοπατάτας (180γρ)","Σολομός, Γλυκοπατάτα, Βούτυρο, Αμπελοφάσουλα, Χυμός λεμονιού","Σολομός ψητός (120γρ), Πουρές γλυκοπατάτας (180γρ), Αμπελοφάσουλα (50γρ), Λαδολέμονο (5γρ)",147-2,14.60,16.50,OK,"Σολομός, μαγειρεμένος (120γρ), Πουρές γλυκοπατάτας (180γρ), Αμπελοφάσουλα, μαγειρεμένα (50γρ), Ελαιόλαδο (3,5γρ), Χυμός λεμονιού (1,5γρ)",4.62,5.22,0.14,0.17,4.76,4.76,5.39,32.60%,€9.84,31.64%,0.96%,688,42,37,41,https://drive.google.com/file/d/1U8vaNoRkt_hH6Jo7SZtl2PYY3OUDyfBX/view?usp=sharing,https://drive.google.com/file/d/1U8vaNoRkt_hH6Jo7SZtl2PYY3OUDyfBX/view?usp=sharing
Ψητές επιλογές,ΟΧΙ,Σολομός ψητός με πουρέ γλυκοπατάτας και αμπελοφάσουλα,"Σολομός ψητός (120γρ), Πουρές γλυκοπατάτας (220γρ)","Σολομός, Γλυκοπατάτα, Βούτυρο, Αμπελοφάσουλα, Χυμός λεμονιού","Σολομός ψητός (120γρ), Πουρές γλυκοπατάτας (220γρ), Αμπελοφάσουλα (50γρ), Λαδολέμονο (5γρ)",147-3,14.96,16.90,OK,"Σολομός, μαγειρεμένος (120γρ), Πουρές γλυκοπατάτας (220γρ), Αμπελοφάσουλα, μαγειρεμένα (50γρ), Ελαιόλαδο (3,5γρ), Χυμός λεμονιού (1,5γρ)",4.78,5.40,0.14,0.17,4.92,4.92,5.58,32.89%,€10.04,31.95%,0.94%,772,49,38,47,https://drive.google.com/file/d/1U8vaNoRkt_hH6Jo7SZtl2PYY3OUDyfBX/view?usp=sharing,https://drive.google.com/file/d/1U8vaNoRkt_hH6Jo7SZtl2PYY3OUDyfBX/view?usp=sharing
Ψητές επιλογές,ΟΧΙ,Σολομός ψητός με πουρέ γλυκοπατάτας και αμπελοφάσουλα,"Σολομός ψητός (150γρ), Πουρές γλυκοπατάτας (120γρ)","Σολομός, Γλυκοπατάτα, Βούτυρο, Αμπελοφάσουλα, Χυμός λεμονιού","Σολομός ψητός (150γρ), Πουρές γλυκοπατάτας (120γρ), Αμπελοφάσουλα (50γρ), Λαδολέμονο (5γρ)",147-4,15.49,17.50,OK,"Σολομός, μαγειρεμένος (150γρ), Πουρές γλυκοπατάτας (120γρ), Αμπελοφάσουλα, μαγειρεμένα (50γρ), Ελαιόλαδο (3,5γρ), Χυμός λεμονιού (1,5γρ)",5.31,6.00,0.14,0.17,5.45,5.45,6.17,35.18%,€10.04,34.28%,0.90%,616,32,44,34,https://drive.google.com/file/d/1U8vaNoRkt_hH6Jo7SZtl2PYY3OUDyfBX/view?usp=sharing,https://drive.google.com/file/d/1U8vaNoRkt_hH6Jo7SZtl2PYY3OUDyfBX/view?usp=sharing
Ψητές επιλογές,ΝΑΙ,Σολομός ψητός με πουρέ γλυκοπατάτας και αμπελοφάσουλα,"Σολομός ψητός (150γρ), Πουρές γλυκοπατάτας (180γρ)","Σολομός, Γλυκοπατάτα, Βούτυρο, Αμπελοφάσουλα, Χυμός λεμονιού","Σολομός ψητός (150γρ), Πουρές γλυκοπατάτας (180γρ), Αμπελοφάσουλα (50γρ), Λαδολέμονο (5γρ)",147-5,15.84,17.90,OK,"Σολομός, μαγειρεμένος (150γρ), Πουρές γλυκοπατάτας (180γρ), Αμπελοφάσουλα, μαγειρεμένα (50γρ), Ελαιόλαδο (3,5γρ), Χυμός λεμονιού (1,5γρ)",5.55,6.27,0.14,0.17,5.69,5.69,6.45,35.92%,€10.15,35.04%,0.88%,742,42,45,44,https://drive.google.com/file/d/1U8vaNoRkt_hH6Jo7SZtl2PYY3OUDyfBX/view?usp=sharing,https://drive.google.com/file/d/1U8vaNoRkt_hH6Jo7SZtl2PYY3OUDyfBX/view?usp=sharing
Ψητές επιλογές,ΟΧΙ,Σολομός ψητός με πουρέ γλυκοπατάτας και αμπελοφάσουλα,"Σολομός ψητός (150γρ), Πουρές γλυκοπατάτας (220γρ)","Σολομός, Γλυκοπατάτα, Βούτυρο, Αμπελοφάσουλα, Χυμός λεμονιού","Σολομός ψητός (150γρ), Πουρές γλυκοπατάτας (220γρ), Αμπελοφάσουλα (50γρ), Λαδολέμονο (5γρ)",147-6,16.37,18.50,OK,"Σολομός, μαγειρεμένος (150γρ), Πουρές γλυκοπατάτας (220γρ), Αμπελοφάσουλα, μαγειρεμένα (50γρ), Ελαιόλαδο (3,5γρ), Χυμός λεμονιού (1,5γρ)",5.70,6.44,0.14,0.17,5.84,5.84,6.61,35.68%,€10.53,34.82%,0.86%,827,49,46,50,https://drive.google.com/file/d/1U8vaNoRkt_hH6Jo7SZtl2PYY3OUDyfBX/view?usp=sharing,https://drive.google.com/file/d/1U8vaNoRkt_hH6Jo7SZtl2PYY3OUDyfBX/view?usp=sharing
Ψητές επιλογές,ΟΧΙ,Σολομός ψητός με πουρέ γλυκοπατάτας και αμπελοφάσουλα,"Σολομός ψητός (180γρ), Πουρές γλυκοπατάτας (120γρ)","Σολομός, Γλυκοπατάτα, Βούτυρο, Αμπελοφάσουλα, Χυμός λεμονιού","Σολομός ψητός (180γρ), Πουρές γλυκοπατάτας (120γρ), Αμπελοφάσουλα (50γρ), Λαδολέμονο (5γρ)",147-7,16.73,18.90,OK,"Σολομός, μαγειρεμένος (180γρ), Πουρές γλυκοπατάτας (120γρ), Αμπελοφάσουλα, μαγειρεμένα (50γρ), Ελαιόλαδο (3,5γρ), Χυμός λεμονιού (1,5γρ)",6.23,7.04,0.14,0.17,6.37,6.37,7.21,38.08%,€10.36,37.24%,0.84%,670,32,52,37,https://drive.google.com/file/d/1U8vaNoRkt_hH6Jo7SZtl2PYY3OUDyfBX/view?usp=sharing,https://drive.google.com/file/d/1U8vaNoRkt_hH6Jo7SZtl2PYY3OUDyfBX/view?usp=sharing
Ψητές επιλογές,ΟΧΙ,Σολομός ψητός με πουρέ γλυκοπατάτας και αμπελοφάσουλα,"Σολομός ψητός (180γρ), Πουρές γλυκοπατάτας (180γρ)","Σολομός, Γλυκοπατάτα, Βούτυρο, Αμπελοφάσουλα, Χυμός λεμονιού","Σολομός ψητός (180γρ), Πουρές γλυκοπατάτας (180γρ), Αμπελοφάσουλα (50γρ), Λαδολέμονο (5γρ)",147-8,17.26,19.50,OK,"Σολομός, μαγειρεμένος (180γρ), Πουρές γλυκοπατάτας (180γρ), Αμπελοφάσουλα, μαγειρεμένα (50γρ), Ελαιόλαδο (3,5γρ), Χυμός λεμονιού (1,5γρ)",6.47,7.31,0.14,0.17,6.61,6.61,7.48,38.30%,€10.65,37.49%,0.81%,797,42,53,46,https://drive.google.com/file/d/1U8vaNoRkt_hH6Jo7SZtl2PYY3OUDyfBX/view?usp=sharing,https://drive.google.com/file/d/1U8vaNoRkt_hH6Jo7SZtl2PYY3OUDyfBX/view?usp=sharing
Ψητές επιλογές,ΟΧΙ,Σολομός ψητός με πουρέ γλυκοπατάτας και αμπελοφάσουλα,"Σολομός ψητός (180γρ), Πουρές γλυκοπατάτας (220γρ)","Σολομός, Γλυκοπατάτα, Βούτυρο, Αμπελοφάσουλα, Χυμός λεμονιού","Σολομός ψητός (180γρ), Πουρές γλυκοπατάτας (220γρ), Αμπελοφάσουλα (50γρ), Λαδολέμονο (5γρ)",147-9,17.61,19.90,OK,"Σολομός, μαγειρεμένος (180γρ), Πουρές γλυκοπατάτας (220γρ), Αμπελοφάσουλα, μαγειρεμένα (50γρ), Ελαιόλαδο (3,5γρ), Χυμός λεμονιού (1,5γρ)",6.63,7.49,0.14,0.17,6.77,6.77,7.67,38.44%,€10.84,37.65%,0.80%,881,49,53,52,https://drive.google.com/file/d/1U8vaNoRkt_hH6Jo7SZtl2PYY3OUDyfBX/view?usp=sharing,https://drive.google.com/file/d/1U8vaNoRkt_hH6Jo7SZtl2PYY3OUDyfBX/view?usp=sharing
Ψητές επιλογές,ΟΧΙ,Σολομός ψητός με πουρέ γλυκοπατάτας και αμπελοφάσουλα,"Σολομός ψητός (210γρ), Πουρές γλυκοπατάτας (120γρ)","Σολομός, Γλυκοπατάτα, Βούτυρο, Αμπελοφάσουλα, Χυμός λεμονιού","Σολομός ψητός (210γρ), Πουρές γλυκοπατάτας (120γρ), Αμπελοφάσουλα (50γρ), Λαδολέμονο (5γρ)",147-10,18.14,20.50,OK,"Σολομός, μαγειρεμένος (210γρ), Πουρές γλυκοπατάτας (120γρ), Αμπελοφάσουλα, μαγειρεμένα (50γρ), Ελαιόλαδο (3,5γρ), Χυμός λεμονιού (1,5γρ)",7.16,8.09,0.14,0.17,7.30,7.30,8.26,40.24%,€10.84,39.47%,0.77%,725,32,59,39,https://drive.google.com/file/d/1U8vaNoRkt_hH6Jo7SZtl2PYY3OUDyfBX/view?usp=sharing,https://drive.google.com/file/d/1U8vaNoRkt_hH6Jo7SZtl2PYY3OUDyfBX/view?usp=sharing
Ψητές επιλογές,ΟΧΙ,Σολομός ψητός με πουρέ γλυκοπατάτας και αμπελοφάσουλα,"Σολομός ψητός (210γρ), Πουρές γλυκοπατάτας (180γρ)","Σολομός, Γλυκοπατάτα, Βούτυρο, Αμπελοφάσουλα, Χυμός λεμονιού","Σολομός ψητός (210γρ), Πουρές γλυκοπατάτας (180γρ), Αμπελοφάσουλα (50γρ), Λαδολέμονο (5γρ)",147-11,18.50,20.90,OK,"Σολομός, μαγειρεμένος (210γρ), Πουρές γλυκοπατάτας (180γρ), Αμπελοφάσουλα, μαγειρεμένα (50γρ), Ελαιόλαδο (3,5γρ), Χυμός λεμονιού (1,5γρ)",7.40,8.36,0.14,0.17,7.54,7.54,8.54,40.76%,€10.96,40.00%,0.76%,851,42,60,49,https://drive.google.com/file/d/1U8vaNoRkt_hH6Jo7SZtl2PYY3OUDyfBX/view?usp=sharing,https://drive.google.com/file/d/1U8vaNoRkt_hH6Jo7SZtl2PYY3OUDyfBX/view?usp=sharing
Ψητές επιλογές,ΟΧΙ,Σολομός ψητός με πουρέ γλυκοπατάτας και αμπελοφάσουλα,"Σολομός ψητός (210γρ), Πουρές γλυκοπατάτας (220γρ)","Σολομός, Γλυκοπατάτα, Βούτυρο, Αμπελοφάσουλα, Χυμός λεμονιού","Σολομός ψητός (210γρ), Πουρές γλυκοπατάτας (220γρ), Αμπελοφάσουλα (50γρ), Λαδολέμονο (5γρ)",147-12,19.03,21.50,OK,"Σολομός, μαγειρεμένος (210γρ), Πουρές γλυκοπατάτας (220γρ), Αμπελοφάσουλα, μαγειρεμένα (50γρ), Ελαιόλαδο (3,5γρ), Χυμός λεμονιού (1,5γρ)",7.55,8.53,0.14,0.17,7.69,7.69,8.71,40.41%,€11.34,39.67%,0.74%,936,49,61,55,https://drive.google.com/file/d/1U8vaNoRkt_hH6Jo7SZtl2PYY3OUDyfBX/view?usp=sharing,https://drive.google.com/file/d/1U8vaNoRkt_hH6Jo7SZtl2PYY3OUDyfBX/view?usp=sharing
Ψητές επιλογές,ΟΧΙ,Σολομός ψητός με πουρέ σελινόριζας,"Σολομός ψητός (120γρ), Πουρές σελινόριζας (120γρ)","Σολομός, Σελινόριζα, Βούτυρο, Γάλα, Κρεμμύδι, Θυμάρι, Σκόρδο","Σολομός ψητός (120γρ), Πουρές σελινόριζας (120γρ)",270-1,14.07,15.90,OK,"Σολομός, μαγειρεμένος (120γρ), Πουρές σελινόριζας (120γρ)",3.94,4.45,0.14,0.17,4.08,4.08,4.63,29.00%,€9.99,28.00%,1.00%,333,10,32,18,https://drive.google.com/file/d/1YaGRwg_nSgXXUyuV2OWHdwewG8fkizLs/view?usp=sharing,https://drive.google.com/file/d/1YaGRwg_nSgXXUyuV2OWHdwewG8fkizLs/view?usp=sharing
Ψητές επιλογές,ΟΧΙ,Σολομός ψητός με πουρέ σελινόριζας,"Σολομός ψητός (120γρ), Πουρές σελινόριζας (180γρ)","Σολομός, Σελινόριζα, Βούτυρο, Γάλα, Κρεμμύδι, Θυμάρι, Σκόρδο","Σολομός ψητός (120γρ), Πουρές σελινόριζας (180γρ)",270-2,14.60,16.50,OK,"Σολομός, μαγειρεμένος (120γρ), Πουρές σελινόριζας (180γρ)",4.06,4.59,0.14,0.17,4.20,4.20,4.76,28.77%,€10.40,27.81%,0.96%,391,15,33,22,https://drive.google.com/file/d/1YaGRwg_nSgXXUyuV2OWHdwewG8fkizLs/view?usp=sharing,https://drive.google.com/file/d/1YaGRwg_nSgXXUyuV2OWHdwewG8fkizLs/view?usp=sharing
Ψητές επιλογές,ΟΧΙ,Σολομός ψητός με πουρέ σελινόριζας,"Σολομός ψητός (120γρ), Πουρές σελινόριζας (240γρ)","Σολομός, Σελινόριζα, Βούτυρο, Γάλα, Κρεμμύδι, Θυμάρι, Σκόρδο","Σολομός ψητός (120γρ), Πουρές σελινόριζας (240γρ)",270-3,14.96,16.90,OK,"Σολομός, μαγειρεμένος (120γρ), Πουρές σελινόριζας (240γρ)",4.18,4.72,0.14,0.17,4.32,4.32,4.90,28.88%,€10.64,27.94%,0.94%,448,20,34,26,https://drive.google.com/file/d/1YaGRwg_nSgXXUyuV2OWHdwewG8fkizLs/view?usp=sharing,https://drive.google.com/file/d/1YaGRwg_nSgXXUyuV2OWHdwewG8fkizLs/view?usp=sharing
Ψητές επιλογές,ΟΧΙ,Σολομός ψητός με πουρέ σελινόριζας,"Σολομός ψητός (150γρ), Πουρές σελινόριζας (120γρ)","Σολομός, Σελινόριζα, Βούτυρο, Γάλα, Κρεμμύδι, Θυμάρι, Σκόρδο","Σολομός ψητός (150γρ), Πουρές σελινόριζας (120γρ)",270-4,15.49,17.50,OK,"Σολομός, μαγειρεμένος (150γρ), Πουρές σελινόριζας (120γρ)",4.86,5.49,0.14,0.17,5.00,5.00,5.67,32.28%,€10.49,31.38%,0.90%,388,10,40,20,https://drive.google.com/file/d/1YaGRwg_nSgXXUyuV2OWHdwewG8fkizLs/view?usp=sharing,https://drive.google.com/file/d/1YaGRwg_nSgXXUyuV2OWHdwewG8fkizLs/view?usp=sharing
Ψητές επιλογές,ΝΑΙ,Σολομός ψητός με πουρέ σελινόριζας,"Σολομός ψητός (150γρ), Πουρές σελινόριζας (180γρ)","Σολομός, Σελινόριζα, Βούτυρο, Γάλα, Κρεμμύδι, Θυμάρι, Σκόρδο","Σολομός ψητός (150γρ), Πουρές σελινόριζας (180γρ)",270-5,15.84,17.90,OK,"Σολομός, μαγειρεμένος (150γρ), Πουρές σελινόριζας (180γρ)",4.98,5.63,0.14,0.17,5.12,5.12,5.80,32.32%,€10.72,31.44%,0.88%,445,15,41,24,https://drive.google.com/file/d/1YaGRwg_nSgXXUyuV2OWHdwewG8fkizLs/view?usp=sharing,https://drive.google.com/file/d/1YaGRwg_nSgXXUyuV2OWHdwewG8fkizLs/view?usp=sharing
Ψητές επιλογές,ΟΧΙ,Σολομός ψητός με πουρέ σελινόριζας,"Σολομός ψητός (150γρ), Πουρές σελινόριζας (240γρ)","Σολομός, Σελινόριζα, Βούτυρο, Γάλα, Κρεμμύδι, Θυμάρι, Σκόρδο","Σολομός ψητός (150γρ), Πουρές σελινόριζας (240γρ)",270-6,16.37,18.50,OK,"Σολομός, μαγειρεμένος (150γρ), Πουρές σελινόριζας (240γρ)",5.10,5.76,0.14,0.17,5.24,5.24,5.94,32.01%,€11.13,31.15%,0.86%,503,20,42,28,https://drive.google.com/file/d/1YaGRwg_nSgXXUyuV2OWHdwewG8fkizLs/view?usp=sharing,https://drive.google.com/file/d/1YaGRwg_nSgXXUyuV2OWHdwewG8fkizLs/view?usp=sharing
Ψητές επιλογές,ΟΧΙ,Σολομός ψητός με πουρέ σελινόριζας,"Σολομός ψητός (180γρ), Πουρές σελινόριζας (120γρ)","Σολομός, Σελινόριζα, Βούτυρο, Γάλα, Κρεμμύδι, Θυμάρι, Σκόρδο","Σολομός ψητός (180γρ), Πουρές σελινόριζας (120γρ)",270-7,16.73,18.90,OK,"Σολομός, μαγειρεμένος (180γρ), Πουρές σελινόριζας (120γρ)",5.79,6.54,0.14,0.17,5.93,5.93,6.72,35.45%,€10.80,34.61%,0.84%,442,10,48,23,https://drive.google.com/file/d/1YaGRwg_nSgXXUyuV2OWHdwewG8fkizLs/view?usp=sharing,https://drive.google.com/file/d/1YaGRwg_nSgXXUyuV2OWHdwewG8fkizLs/view?usp=sharing
Ψητές επιλογές,ΟΧΙ,Σολομός ψητός με πουρέ σελινόριζας,"Σολομός ψητός (180γρ), Πουρές σελινόριζας (180γρ)","Σολομός, Σελινόριζα, Βούτυρο, Γάλα, Κρεμμύδι, Θυμάρι, Σκόρδο","Σολομός ψητός (180γρ), Πουρές σελινόριζας (180γρ)",270-8,17.26,19.50,OK,"Σολομός, μαγειρεμένος (180γρ), Πουρές σελινόριζας (180γρ)",5.91,6.68,0.14,0.17,6.05,6.05,6.85,35.05%,€11.21,34.24%,0.81%,500,15,49,27,https://drive.google.com/file/d/1YaGRwg_nSgXXUyuV2OWHdwewG8fkizLs/view?usp=sharing,https://drive.google.com/file/d/1YaGRwg_nSgXXUyuV2OWHdwewG8fkizLs/view?usp=sharing
Ψητές επιλογές,ΟΧΙ,Σολομός ψητός με πουρέ σελινόριζας,"Σολομός ψητός (180γρ), Πουρές σελινόριζας (240γρ)","Σολομός, Σελινόριζα, Βούτυρο, Γάλα, Κρεμμύδι, Θυμάρι, Σκόρδο","Σολομός ψητός (180γρ), Πουρές σελινόριζας (240γρ)",270-9,17.61,19.90,OK,"Σολομός, μαγειρεμένος (180γρ), Πουρές σελινόριζας (240γρ)",6.03,6.81,0.14,0.17,6.17,6.17,6.99,35.04%,€11.44,34.24%,0.80%,557,20,50,31,https://drive.google.com/file/d/1YaGRwg_nSgXXUyuV2OWHdwewG8fkizLs/view?usp=sharing,https://drive.google.com/file/d/1YaGRwg_nSgXXUyuV2OWHdwewG8fkizLs/view?usp=sharing
Ψητές επιλογές,ΟΧΙ,Σολομός ψητός με πουρέ σελινόριζας,"Σολομός ψητός (210γρ), Πουρές σελινόριζας (180γρ)","Σολομός, Σελινόριζα, Βούτυρο, Γάλα, Κρεμμύδι, Θυμάρι, Σκόρδο","Σολομός ψητός (210γρ), Πουρές σελινόριζας (180γρ)",270-10,18.14,20.50,OK,"Σολομός, μαγειρεμένος (210γρ), Πουρές σελινόριζας (180γρ)",6.83,7.72,0.14,0.17,6.97,6.97,7.89,38.42%,€11.17,37.65%,0.77%,554,15,56,29,https://drive.google.com/file/d/1YaGRwg_nSgXXUyuV2OWHdwewG8fkizLs/view?usp=sharing,https://drive.google.com/file/d/1YaGRwg_nSgXXUyuV2OWHdwewG8fkizLs/view?usp=sharing
Ψητές επιλογές,ΟΧΙ,Σολομός ψητός με πουρέ σελινόριζας,"Σολομός ψητός (210γρ), Πουρές σελινόριζας (240γρ)","Σολομός, Σελινόριζα, Βούτυρο, Γάλα, Κρεμμύδι, Θυμάρι, Σκόρδο","Σολομός ψητός (210γρ), Πουρές σελινόριζας (240γρ)",270-11,18.50,20.90,OK,"Σολομός, μαγειρεμένος (210γρ), Πουρές σελινόριζας (240γρ)",6.95,7.85,0.14,0.17,7.09,7.09,8.03,38.32%,€11.41,37.57%,0.76%,612,20,57,33,https://drive.google.com/file/d/1YaGRwg_nSgXXUyuV2OWHdwewG8fkizLs/view?usp=sharing,https://drive.google.com/file/d/1YaGRwg_nSgXXUyuV2OWHdwewG8fkizLs/view?usp=sharing
Ψητές επιλογές,ΟΧΙ,Σολομός ψητός με πουρέ σελινόριζας,"Σολομός ψητός (210γρ), Πουρές σελινόριζας (280γρ)","Σολομός, Σελινόριζα, Βούτυρο, Γάλα, Κρεμμύδι, Θυμάρι, Σκόρδο","Σολομός ψητός (210γρ), Πουρές σελινόριζας (280γρ)",270-12,19.03,21.50,OK,"Σολομός, μαγειρεμένος (210γρ), Πουρές σελινόριζας (280γρ)",7.03,7.94,0.14,0.17,7.17,7.17,8.12,37.68%,€11.86,36.94%,0.74%,650,23,58,36,https://drive.google.com/file/d/1YaGRwg_nSgXXUyuV2OWHdwewG8fkizLs/view?usp=sharing,https://drive.google.com/file/d/1YaGRwg_nSgXXUyuV2OWHdwewG8fkizLs/view?usp=sharing
Ψητές επιλογές,ΟΧΙ,Σολομός ψητός με ρύζι basmati και μπρόκολο ατμού,"Σολομός ψητός (120γρ), Ρύζι basmati (60γρ)","Σολομός, Ρύζι, Μπρόκολο","Σολομός ψητός (120γρ), Ρύζι basmati (60γρ), Μπρόκολο (80γρ)",146-1,14.07,15.90,OK,"Σολομός, μαγειρεμένος (120γρ), Ρύζι (60γρ), Μπρόκολο, ατμού (80γρ)",4.03,4.55,0.14,0.17,4.17,4.17,4.73,29.64%,€9.90,28.64%,1.00%,338,21,34,13,https://drive.google.com/file/d/1mPk57bs82fqXnfBTrxdjSy8gfMmti0d9/view?usp=sharing,https://drive.google.com/file/d/1mPk57bs82fqXnfBTrxdjSy8gfMmti0d9/view?usp=sharing
Ψητές επιλογές,ΟΧΙ,Σολομός ψητός με ρύζι basmati και μπρόκολο ατμού,"Σολομός ψητός (120γρ), Ρύζι basmati (120γρ)","Σολομός, Ρύζι, Μπρόκολο","Σολομός ψητός (120γρ), Ρύζι basmati (120γρ), Μπρόκολο (80γρ)",146-2,14.60,16.50,OK,"Σολομός, μαγειρεμένος (120γρ), Ρύζι (120γρ), Μπρόκολο, ατμού (80γρ)",4.09,4.62,0.14,0.17,4.23,4.23,4.80,28.97%,€10.37,28.01%,0.96%,430,36,36,15,https://drive.google.com/file/d/1mPk57bs82fqXnfBTrxdjSy8gfMmti0d9/view?usp=sharing,https://drive.google.com/file/d/1mPk57bs82fqXnfBTrxdjSy8gfMmti0d9/view?usp=sharing
Ψητές επιλογές,ΟΧΙ,Σολομός ψητός με ρύζι basmati και μπρόκολο ατμού,"Σολομός ψητός (120γρ), Ρύζι basmati (180γρ)","Σολομός, Ρύζι, Μπρόκολο","Σολομός ψητός (120γρ), Ρύζι basmati (180γρ), Μπρόκολο (80γρ)",146-3,14.96,16.90,OK,"Σολομός, μαγειρεμένος (120γρ), Ρύζι (180γρ), Μπρόκολο, ατμού (80γρ)",4.16,4.70,0.14,0.17,4.30,4.30,4.87,28.74%,€10.66,27.81%,0.94%,522,51,37,18,https://drive.google.com/file/d/1mPk57bs82fqXnfBTrxdjSy8gfMmti0d9/view?usp=sharing,https://drive.google.com/file/d/1mPk57bs82fqXnfBTrxdjSy8gfMmti0d9/view?usp=sharing
Ψητές επιλογές,ΟΧΙ,Σολομός ψητός με ρύζι basmati και μπρόκολο ατμού,"Σολομός ψητός (150γρ), Ρύζι basmati (60γρ)","Σολομός, Ρύζι, Μπρόκολο","Σολομός ψητός (150γρ), Ρύζι basmati (60γρ), Μπρόκολο (80γρ)",146-4,15.49,17.50,OK,"Σολομός, μαγειρεμένος (150γρ), Ρύζι (60γρ), Μπρόκολο, ατμού (80γρ)",4.96,5.60,0.14,0.17,5.10,5.10,5.78,32.92%,€10.39,32.02%,0.90%,392,21,42,15,https://drive.google.com/file/d/1mPk57bs82fqXnfBTrxdjSy8gfMmti0d9/view?usp=sharing,https://drive.google.com/file/d/1mPk57bs82fqXnfBTrxdjSy8gfMmti0d9/view?usp=sharing
Ψητές επιλογές,ΟΧΙ,Σολομός ψητός με ρύζι basmati και μπρόκολο ατμού,"Σολομός ψητός (150γρ), Ρύζι basmati (120γρ)","Σολομός, Ρύζι, Μπρόκολο","Σολομός ψητός (150γρ), Ρύζι basmati (120γρ), Μπρόκολο (80γρ)",146-5,15.84,17.90,OK,"Σολομός, μαγειρεμένος (150γρ), Ρύζι (120γρ), Μπρόκολο, ατμού (80γρ)",5.02,5.67,0.14,0.17,5.16,5.16,5.85,32.58%,€10.68,31.69%,0.88%,484,36,43,18,https://drive.google.com/file/d/1mPk57bs82fqXnfBTrxdjSy8gfMmti0d9/view?usp=sharing,https://drive.google.com/file/d/1mPk57bs82fqXnfBTrxdjSy8gfMmti0d9/view?usp=sharing
Ψητές επιλογές,ΝΑΙ,Σολομός ψητός με ρύζι basmati και μπρόκολο ατμού,"Σολομός ψητός (150γρ), Ρύζι basmati (180γρ)","Σολομός, Ρύζι, Μπρόκολο","Σολομός ψητός (150γρ), Ρύζι basmati (180γρ), Μπρόκολο (80γρ)",146-6,16.37,18.50,OK,"Σολομός, μαγειρεμένος (150γρ), Ρύζι (180γρ), Μπρόκολο, ατμού (80γρ)",5.08,5.74,0.14,0.17,5.22,5.22,5.91,31.89%,€11.15,31.03%,0.86%,576,51,45,20,https://drive.google.com/file/d/1mPk57bs82fqXnfBTrxdjSy8gfMmti0d9/view?usp=sharing,https://drive.google.com/file/d/1mPk57bs82fqXnfBTrxdjSy8gfMmti0d9/view?usp=sharing
Ψητές επιλογές,ΟΧΙ,Σολομός ψητός με ρύζι basmati και μπρόκολο ατμού,"Σολομός ψητός (180γρ), Ρύζι basmati (120γρ)","Σολομός, Ρύζι, Μπρόκολο","Σολομός ψητός (180γρ), Ρύζι basmati (120γρ), Μπρόκολο (80γρ)",146-7,16.73,18.90,OK,"Σολομός, μαγειρεμένος (180γρ), Ρύζι (120γρ), Μπρόκολο, ατμού (80γρ)",5.94,6.71,0.14,0.17,6.08,6.08,6.89,36.34%,€10.65,35.51%,0.84%,539,36,51,20,https://drive.google.com/file/d/1mPk57bs82fqXnfBTrxdjSy8gfMmti0d9/view?usp=sharing,https://drive.google.com/file/d/1mPk57bs82fqXnfBTrxdjSy8gfMmti0d9/view?usp=sharing
Ψητές επιλογές,ΟΧΙ,Σολομός ψητός με ρύζι basmati και μπρόκολο ατμού,"Σολομός ψητός (180γρ), Ρύζι basmati (180γρ)","Σολομός, Ρύζι, Μπρόκολο","Σολομός ψητός (180γρ), Ρύζι basmati (180γρ), Μπρόκολο (80γρ)",146-8,17.26,19.50,OK,"Σολομός, μαγειρεμένος (180γρ), Ρύζι (180γρ), Μπρόκολο, ατμού (80γρ)",6.01,6.79,0.14,0.17,6.15,6.15,6.96,35.63%,€11.11,34.82%,0.81%,631,51,52,23,https://drive.google.com/file/d/1mPk57bs82fqXnfBTrxdjSy8gfMmti0d9/view?usp=sharing,https://drive.google.com/file/d/1mPk57bs82fqXnfBTrxdjSy8gfMmti0d9/view?usp=sharing
Ψητές επιλογές,ΟΧΙ,Σολομός ψητός με ρύζι basmati και μπρόκολο ατμού,"Σολομός ψητός (180γρ), Ρύζι basmati (240γρ)","Σολομός, Ρύζι, Μπρόκολο","Σολομός ψητός (180γρ), Ρύζι basmati (240γρ), Μπρόκολο (80γρ)",146-9,17.61,19.90,OK,"Σολομός, μαγειρεμένος (180γρ), Ρύζι (240γρ), Μπρόκολο, ατμού (80γρ)",6.07,6.86,0.14,0.17,6.21,6.21,7.03,35.26%,€11.40,34.47%,0.80%,723,67,54,25,https://drive.google.com/file/d/1mPk57bs82fqXnfBTrxdjSy8gfMmti0d9/view?usp=sharing,https://drive.google.com/file/d/1mPk57bs82fqXnfBTrxdjSy8gfMmti0d9/view?usp=sharing
Ψητές επιλογές,ΟΧΙ,Σολομός ψητός με ρύζι basmati και μπρόκολο ατμού,"Σολομός ψητός (210γρ), Ρύζι basmati (120γρ)","Σολομός, Ρύζι, Μπρόκολο","Σολομός ψητός (210γρ), Ρύζι basmati (120γρ), Μπρόκολο (80γρ)",146-10,18.14,20.50,OK,"Σολομός, μαγειρεμένος (210γρ), Ρύζι (120γρ), Μπρόκολο, ατμού (80γρ)",6.87,7.76,0.14,0.17,7.01,7.01,7.94,38.64%,€11.13,37.87%,0.77%,593,36,59,23,https://drive.google.com/file/d/1mPk57bs82fqXnfBTrxdjSy8gfMmti0d9/view?usp=sharing,https://drive.google.com/file/d/1mPk57bs82fqXnfBTrxdjSy8gfMmti0d9/view?usp=sharing
Ψητές επιλογές,ΟΧΙ,Σολομός ψητός με ρύζι basmati και μπρόκολο ατμού,"Σολομός ψητός (210γρ), Ρύζι basmati (180γρ)","Σολομός, Ρύζι, Μπρόκολο","Σολομός ψητός (210γρ), Ρύζι basmati (180γρ), Μπρόκολο (80γρ)",146-11,18.50,20.90,OK,"Σολομός, μαγειρεμένος (210γρ), Ρύζι (180γρ), Μπρόκολο, ατμού (80γρ)",6.93,7.83,0.14,0.17,7.07,7.07,8.00,38.22%,€11.43,37.46%,0.76%,685,51,60,25,https://drive.google.com/file/d/1mPk57bs82fqXnfBTrxdjSy8gfMmti0d9/view?usp=sharing,https://drive.google.com/file/d/1mPk57bs82fqXnfBTrxdjSy8gfMmti0d9/view?usp=sharing
Ψητές επιλογές,ΟΧΙ,Σολομός ψητός με ρύζι basmati και μπρόκολο ατμού,"Σολομός ψητός (210γρ), Ρύζι basmati (240γρ)","Σολομός, Ρύζι, Μπρόκολο","Σολομός ψητός (210γρ), Ρύζι basmati (240γρ), Μπρόκολο (80γρ)",146-12,19.03,21.50,OK,"Σολομός, μαγειρεμένος (210γρ), Ρύζι (240γρ), Μπρόκολο, ατμού (80γρ)",7.00,7.91,0.14,0.17,7.14,7.14,8.08,37.52%,€11.89,36.78%,0.74%,777,67,62,28,https://drive.google.com/file/d/1mPk57bs82fqXnfBTrxdjSy8gfMmti0d9/view?usp=sharing,https://drive.google.com/file/d/1mPk57bs82fqXnfBTrxdjSy8gfMmti0d9/view?usp=sharing
Ψητές επιλογές,ΟΧΙ,Σολομός ψητός με σαλάτα ταμπουλέ,"Σολομός ψητός (120γρ), Ταμπουλέ (170γρ)","Σολομός, Αγγούρι, Ντομάτα, Κινόα, Πλιγούρι, Βαλσάμικο","Σολομός ψητός (120γρ), Ταμπουλέ (170γρ)",251-1,14.60,16.50,OK,"Σολομός, μαγειρεμένος (120γρ), Ταμπουλέ (170γρ)",4.00,4.52,0.14,0.17,4.14,4.14,4.69,28.36%,€10.46,27.40%,0.96%,425,31,36,17,https://drive.google.com/file/d/1NBgQe7eNODZUlMRG_O_REoavr1_s4EHV/view?usp=sharing,https://drive.google.com/file/d/1NBgQe7eNODZUlMRG_O_REoavr1_s4EHV/view?usp=sharing
Ψητές επιλογές,ΝΑΙ,Σολομός ψητός με σαλάτα ταμπουλέ,"Σολομός ψητός (150γρ), Ταμπουλέ (170γρ)","Σολομός, Αγγούρι, Ντομάτα, Κινόα, Πλιγούρι, Βαλσάμικο","Σολομός ψητός (150γρ), Ταμπουλέ (170γρ)",251-2,15.84,17.90,OK,"Σολομός, μαγειρεμένος (150γρ), Ταμπουλέ (170γρ)",4.93,5.57,0.14,0.17,5.07,5.07,5.74,32.01%,€10.77,31.12%,0.88%,479,31,44,20,https://drive.google.com/file/d/1NBgQe7eNODZUlMRG_O_REoavr1_s4EHV/view?usp=sharing,https://drive.google.com/file/d/1NBgQe7eNODZUlMRG_O_REoavr1_s4EHV/view?usp=sharing
Ψητές επιλογές,ΟΧΙ,Σολομός ψητός με σαλάτα ταμπουλέ,"Σολομός ψητός (180γρ), Ταμπουλέ (170γρ)","Σολομός, Αγγούρι, Ντομάτα, Κινόα, Πλιγούρι, Βαλσάμικο","Σολομός ψητός (180γρ), Ταμπουλέ (170γρ)",251-3,18.14,20.50,OK,"Σολομός, μαγειρεμένος (180γρ), Ταμπουλέ (170γρ)",5.85,6.61,0.14,0.17,5.99,5.99,6.78,33.02%,€12.15,32.25%,0.77%,534,31,51,22,https://drive.google.com/file/d/1NBgQe7eNODZUlMRG_O_REoavr1_s4EHV/view?usp=sharing,https://drive.google.com/file/d/1NBgQe7eNODZUlMRG_O_REoavr1_s4EHV/view?usp=sharing
Ψητές επιλογές,ΟΧΙ,Σολομός ψητός με σαλάτα ταμπουλέ,"Σολομός ψητός (210γρ), Ταμπουλέ (170γρ)","Σολομός, Αγγούρι, Ντομάτα, Κινόα, Πλιγούρι, Βαλσάμικο","Σολομός ψητός (210γρ), Ταμπουλέ (170γρ)",251-4,19.38,21.90,OK,"Σολομός, μαγειρεμένος (210γρ), Ταμπουλέ (170γρ)",6.78,7.66,0.14,0.17,6.92,6.92,7.84,35.71%,€12.46,34.98%,0.72%,588,31,59,25,https://drive.google.com/file/d/1NBgQe7eNODZUlMRG_O_REoavr1_s4EHV/view?usp=sharing,https://drive.google.com/file/d/1NBgQe7eNODZUlMRG_O_REoavr1_s4EHV/view?usp=sharing
Ψητές επιλογές,ΟΧΙ,"Σολομός ψητός με αχνιστά χόρτα, καρότα και κρέμα λεμόνι",Σολομός ψητός (120γρ),"Σολομός, Χόρτα, Χυμός λεμονιού, Μέλι, Καρότο","Σολομός ψητός (120γρ), Χόρτα (100γρ), Κρέμα λεμόνι (10γρ)",217-1,14.60,16.50,OK,"Σολομός, μαγειρεμένος (120γρ), Χόρτα αχνιστά (100γρ), Κρέμα λεμόνι (10γρ)",4.06,4.59,0.14,0.17,4.20,4.20,4.76,28.77%,€10.40,27.81%,0.96%,256,8,33,10,https://drive.google.com/file/d/1NuDQHfPZiPhQdCV29zp2TyGUT2blQfvi/view?usp=sharing,https://drive.google.com/file/d/1NuDQHfPZiPhQdCV29zp2TyGUT2blQfvi/view?usp=sharing
Ψητές επιλογές,ΝΑΙ,"Σολομός ψητός με αχνιστά χόρτα, καρότα και κρέμα λεμόνι",Σολομός ψητός (150γρ),"Σολομός, Χόρτα, Χυμός λεμονιού, Μέλι, Καρότο","Σολομός ψητός (150γρ), Χόρτα (100γρ), Κρέμα λεμόνι (10γρ)",217-2,15.84,17.90,OK,"Σολομός, μαγειρεμένος (150γρ), Χόρτα αχνιστά (100γρ), Κρέμα λεμόνι (10γρ)",4.99,5.64,0.14,0.17,5.13,5.13,5.81,32.39%,€10.71,31.50%,0.88%,310,8,41,13,https://drive.google.com/file/d/1NuDQHfPZiPhQdCV29zp2TyGUT2blQfvi/view?usp=sharinghttps://drive.google.com/file/d/1NuDQHfPZiPhQdCV29zp2TyGUT2blQfvi/view?usp=sharing,https://drive.google.com/file/d/1NuDQHfPZiPhQdCV29zp2TyGUT2blQfvi/view?usp=sharinghttps://drive.google.com/file/d/1NuDQHfPZiPhQdCV29zp2TyGUT2blQfvi/view?usp=sharing
Ψητές επιλογές,ΟΧΙ,"Σολομός ψητός με αχνιστά χόρτα, καρότα και κρέμα λεμόνι",Σολομός ψητός (180γρ),"Σολομός, Χόρτα, Χυμός λεμονιού, Μέλι, Καρότο","Σολομός ψητός (180γρ), Χόρτα (100γρ), Κρέμα λεμόνι (10γρ)",217-3,18.14,20.50,OK,"Σολομός, μαγειρεμένος (180γρ), Χόρτα αχνιστά (100γρ), Κρέμα λεμόνι (10γρ)",5.91,6.68,0.14,0.17,6.05,6.05,6.85,33.35%,€12.09,32.58%,0.77%,365,8,49,15,https://drive.google.com/file/d/1NuDQHfPZiPhQdCV29zp2TyGUT2blQfvi/view?usp=sharing,https://drive.google.com/file/d/1NuDQHfPZiPhQdCV29zp2TyGUT2blQfvi/view?usp=sharing
Ψητές επιλογές,ΟΧΙ,"Σολομός ψητός με αχνιστά χόρτα, καρότα και κρέμα λεμόνι",Σολομός ψητός (210γρ),"Σολομός, Χόρτα, Χυμός λεμονιού, Μέλι, Καρότο","Σολομός ψητός (210γρ), Χόρτα (100γρ), Κρέμα λεμόνι (10γρ)",217-4,19.38,21.90,OK,"Σολομός, μαγειρεμένος (210γρ), Χόρτα αχνιστά (100γρ), Κρέμα λεμόνι (10γρ)",6.84,7.73,0.14,0.17,6.98,6.98,7.90,36.02%,€12.40,35.29%,0.72%,420,8,56,17,https://drive.google.com/file/d/1NuDQHfPZiPhQdCV29zp2TyGUT2blQfvi/view?usp=sharing,https://drive.google.com/file/d/1NuDQHfPZiPhQdCV29zp2TyGUT2blQfvi/view?usp=sharing
Ψητές επιλογές,ΟΧΙ,Σολομός ψητός με ψητά λαχανικά και vinaigrette σόγιας,Σολομός ψητός (120γρ),"Σολομός, Λαχανικά ψητά, Ξύδι ρυζιού, Σόγια, Ginger, Χυμός yuzu, Lime, Μέλι","Σολομός ψητός (120γρ), Ψητά λαχανικά (150γρ), Vinaigrette σόγιας (7γρ)",214-1,14.60,16.50,OK,"Σολομός, μαγειρεμένος (120γρ), Λαχανικά ψητά (150γρ), Dressing σόγιας (7γρ), Ελαιόλαδο (10γρ)",5.25,5.93,0.14,0.17,5.39,5.39,6.11,36.92%,€9.21,35.96%,0.96%,352,7,32,21,https://drive.google.com/file/d/1asgtqkvk3QcgnPgSUJ320iXCnI4Jb_MB/view?usp=sharing,https://drive.google.com/file/d/1asgtqkvk3QcgnPgSUJ320iXCnI4Jb_MB/view?usp=sharing
Ψητές επιλογές,ΝΑΙ,Σολομός ψητός με ψητά λαχανικά και vinaigrette σόγιας,Σολομός ψητός (150γρ),"Σολομός, Λαχανικά ψητά, Ξύδι ρυζιού, Σόγια, Ginger, Χυμός yuzu, Lime, Μέλι","Σολομός ψητός (150γρ), Ψητά λαχανικά (150γρ), Vinaigrette σόγιας (7γρ)",214-2,15.84,17.90,OK,"Σολομός, μαγειρεμένος (150γρ), Λαχανικά ψητά (150γρ), Dressing σόγιας (7γρ), Ελαιόλαδο (10γρ)",6.17,6.97,0.14,0.17,6.31,6.31,7.15,39.84%,€9.53,38.95%,0.88%,406,7,40,24,https://drive.google.com/file/d/1asgtqkvk3QcgnPgSUJ320iXCnI4Jb_MB/view?usp=sharinghttps://drive.google.com/file/d/1asgtqkvk3QcgnPgSUJ320iXCnI4Jb_MB/view?usp=sharing,https://drive.google.com/file/d/1asgtqkvk3QcgnPgSUJ320iXCnI4Jb_MB/view?usp=sharinghttps://drive.google.com/file/d/1asgtqkvk3QcgnPgSUJ320iXCnI4Jb_MB/view?usp=sharing
Ψητές επιλογές,ΟΧΙ,Σολομός ψητός με ψητά λαχανικά και vinaigrette σόγιας,Σολομός ψητός (180γρ),"Σολομός, Λαχανικά ψητά, Ξύδι ρυζιού, Σόγια, Ginger, Χυμός yuzu, Lime, Μέλι","Σολομός ψητός (180γρ), Ψητά λαχανικά (150γρ), Vinaigrette σόγιας (7γρ)",214-3,18.14,20.50,OK,"Σολομός, μαγειρεμένος (180γρ), Λαχανικά ψητά (150γρ), Dressing σόγιας (7γρ), Ελαιόλαδο (10γρ)",7.10,8.02,0.14,0.17,7.24,7.24,8.20,39.91%,€10.90,39.14%,0.77%,461,7,47,26,https://drive.google.com/file/d/1asgtqkvk3QcgnPgSUJ320iXCnI4Jb_MB/view?usp=sharinghttps://drive.google.com/file/d/1asgtqkvk3QcgnPgSUJ320iXCnI4Jb_MB/view?usp=sharing,https://drive.google.com/file/d/1asgtqkvk3QcgnPgSUJ320iXCnI4Jb_MB/view?usp=sharinghttps://drive.google.com/file/d/1asgtqkvk3QcgnPgSUJ320iXCnI4Jb_MB/view?usp=sharing
Ψητές επιλογές,ΟΧΙ,Σολομός ψητός με ψητά λαχανικά και vinaigrette σόγιας,Σολομός ψητός (210γρ),"Σολομός, Λαχανικά ψητά, Ξύδι ρυζιού, Σόγια, Ginger, Χυμός yuzu, Lime, Μέλι","Σολομός ψητός (210γρ), Ψητά λαχανικά (150γρ), Vinaigrette σόγιας (7γρ)",214-4,19.38,21.90,OK,"Σολομός, μαγειρεμένος (210γρ), Λαχανικά ψητά (150γρ), Dressing σόγιας (7γρ), Ελαιόλαδο (10γρ)",8.02,9.06,0.14,0.17,8.16,8.16,9.24,42.11%,€11.22,41.38%,0.72%,516,7,55,29,https://drive.google.com/file/d/1asgtqkvk3QcgnPgSUJ320iXCnI4Jb_MB/view?usp=sharing,https://drive.google.com/file/d/1asgtqkvk3QcgnPgSUJ320iXCnI4Jb_MB/view?usp=sharing
Μαγειρευτά,ΟΧΙ,Σούπα Borscht με μοσχάρο και τυρί κρέμα light,Σούπα Borscht (350γρ),"Μοσχάρι, Παντζάρι, Λάχανο, Πατάτα, Καρότο, Κρεμμύδι, Σκόρδο, Πράσο, Μέλι, Άνηθος, Μαϊντανός, Τυρί κρέμα light","Σούπα με μοσχάρι (350γρ), Πατάτα (80γρ), Τυρί κρέμα light (30γρ)",127-1,10.18,11.50,OK,"Σούπα Borsch με μοσχάρι, παντζάρι, καρότο, πατάτα, ντομάτα και τυρί κρέμα light (350γρ), Πατάτα, μαγειρεμένη (80γρ), Τυρί κρέμα, light (30γρ)",4.07,4.60,0.13,0.16,4.20,4.20,4.76,41.24%,€5.98,39.98%,1.26%,607,51,35,31,https://drive.google.com/file/d/1Ab6CuUqaGiMDnMPBKKtYhDD24cv1Cxmm/view?usp=sharing,https://drive.google.com/file/d/1Ab6CuUqaGiMDnMPBKKtYhDD24cv1Cxmm/view?usp=sharing
Μαγειρευτά,ΝΑΙ,Σούπα Borscht με μοσχάρο και τυρί κρέμα light,Σούπα Borscht (400γρ),"Μοσχάρι, Παντζάρι, Λάχανο, Πατάτα, Καρότο, Κρεμμύδι, Σκόρδο, Πράσο, Μέλι, Άνηθος, Μαϊντανός, Τυρί κρέμα light","Σούπα με μοσχάρι (400γρ), Πατάτα (80γρ), Τυρί κρέμα light (30γρ)",127-2,11.06,12.50,OK,"Σούπα Borsch με μοσχάρι, παντζάρι, καρότο, πατάτα, ντομάτα και τυρί κρέμα light (400γρ), Πατάτα, μαγειρεμένη (80γρ), Τυρί κρέμα, light (30γρ)",4.61,5.21,0.13,0.16,4.74,4.74,5.37,42.84%,€6.32,41.68%,1.16%,675,56,39,34,https://drive.google.com/file/d/1Ab6CuUqaGiMDnMPBKKtYhDD24cv1Cxmm/view?usp=sharing,https://drive.google.com/file/d/1Ab6CuUqaGiMDnMPBKKtYhDD24cv1Cxmm/view?usp=sharing
Μαγειρευτά,ΟΧΙ,Σούπα Borscht με μοσχάρο και τυρί κρέμα light,Σούπα Borscht (450γρ),"Μοσχάρι, Παντζάρι, Λάχανο, Πατάτα, Καρότο, Κρεμμύδι, Σκόρδο, Πράσο, Μέλι, Άνηθος, Μαϊντανός, Τυρί κρέμα light","Σούπα με μοσχάρι (450γρ), Πατάτα (80γρ), Τυρί κρέμα light (30γρ)",127-3,11.95,13.50,OK,"Σούπα Borsch με μοσχάρι, παντζάρι, καρότο, πατάτα, ντομάτα και τυρί κρέμα light (450γρ), Πατάτα, μαγειρεμένη (80γρ), Τυρί κρέμα, light (30γρ)",5.15,5.82,0.13,0.16,5.28,5.28,5.98,44.17%,€6.67,43.10%,1.08%,742,61,43,38,https://drive.google.com/file/d/1Ab6CuUqaGiMDnMPBKKtYhDD24cv1Cxmm/view?usp=sharing,https://drive.google.com/file/d/1Ab6CuUqaGiMDnMPBKKtYhDD24cv1Cxmm/view?usp=sharing
Μαγειρευτά,ΟΧΙ,"Σούπα βελουτέ κολοκύθας, κάστανο και σπιτικά κρουτόν","Σούπα (300γρ), Κρουτόν (20γρ)","Κολοκύθα, Γλυκοπατάτα, Κάστανο, Καρότο, Κρεμμύδι, Σκόρδο, Πράσο, Ginger, Ζωμός λαχανικών, Κρουτόν","Σούπα (300γρ), Κρουτόν (20γρ)",128-1,6.99,7.90,OK,"Σούπα βελουτέ με κολοκύθα, κάστανο, πράσο, μπούκοβο, τζίντζερ (300γρ), Κρουτόν (20γρ)",1.21,1.37,0.17,0.21,1.38,1.38,1.58,19.78%,€5.61,17.31%,2.47%,247,44,6,6,https://drive.google.com/file/d/1dTZ2dfXDEx8s9ZlKOYCCvtNlFZk-0_6M/view?usp=sharing,https://drive.google.com/file/d/1dTZ2dfXDEx8s9ZlKOYCCvtNlFZk-0_6M/view?usp=sharing
Μαγειρευτά,ΝΑΙ,"Σούπα βελουτέ κολοκύθας, κάστανο και σπιτικά κρουτόν","Σούπα (350γρ), Κρουτόν (20γρ)","Κολοκύθα, Γλυκοπατάτα, Κάστανο, Καρότο, Κρεμμύδι, Σκόρδο, Πράσο, Ginger, Ζωμός λαχανικών, Κρουτόν","Σούπα (350γρ), Κρουτόν (20γρ)",128-2,7.52,8.50,OK,"Σούπα βελουτέ με κολοκύθα, κάστανο, πράσο, μπούκοβο, τζίντζερ (350γρ), Κρουτόν (20γρ)",1.41,1.59,0.17,0.21,1.58,1.58,1.81,21.05%,€5.94,18.75%,2.30%,275,50,7,7,https://drive.google.com/file/d/1dTZ2dfXDEx8s9ZlKOYCCvtNlFZk-0_6M/view?usp=sharing,https://drive.google.com/file/d/1dTZ2dfXDEx8s9ZlKOYCCvtNlFZk-0_6M/view?usp=sharing
Μαγειρευτά,ΟΧΙ,"Σούπα βελουτέ κολοκύθας, κάστανο και σπιτικά κρουτόν","Σούπα (400γρ), Κρουτόν (20γρ)","Κολοκύθα, Γλυκοπατάτα, Κάστανο, Καρότο, Κρεμμύδι, Σκόρδο, Πράσο, Ginger, Ζωμός λαχανικών, Κρουτόν","Σούπα (400γρ), Κρουτόν (20γρ)",128-3,7.88,8.90,OK,"Σούπα βελουτέ με κολοκύθα, κάστανο, πράσο, μπούκοβο, τζίντζερ (400γρ), Κρουτόν (20γρ)",1.60,1.81,0.17,0.21,1.77,1.77,2.02,22.49%,€6.11,20.30%,2.19%,302,55,7,7,https://drive.google.com/file/d/1dTZ2dfXDEx8s9ZlKOYCCvtNlFZk-0_6M/view?usp=sharing,https://drive.google.com/file/d/1dTZ2dfXDEx8s9ZlKOYCCvtNlFZk-0_6M/view?usp=sharing
Μαγειρευτά,ΟΧΙ,"Σούπα καρότο με πατάτα, τζίντζερ και σπιτικά κρουτόν","Σούπα (300γρ), Κρουτόν (20γρ)","Πατάτα, Καρότο, Κρεμμύδι, Σκόρδο, Πράσο, Ζωμός λαχανικών, Ginger, Κόλιανδρος, Κρουτόν","Σούπα (300γρ), Κρουτόν (20γρ)",114-1,6.99,7.90,OK,"Σούπα καρότο με πατάτα, τζίντζερ (300γρ), Κρουτόν (20γρ)",0.56,0.63,0.17,0.21,0.73,0.73,0.85,10.48%,€6.26,8.01%,2.47%,245,44,6,6,https://drive.google.com/file/d/1yzOTw_4YdPUBRdBpOZLSEG7REfEswxGi/view?usp=sharing,https://drive.google.com/file/d/1yzOTw_4YdPUBRdBpOZLSEG7REfEswxGi/view?usp=sharing
Μαγειρευτά,ΝΑΙ,"Σούπα καρότο με πατάτα, τζίντζερ και σπιτικά κρουτόν","Σούπα (350γρ), Κρουτόν (20γρ)","Πατάτα, Καρότο, Κρεμμύδι, Σκόρδο, Πράσο, Ζωμός λαχανικών, Ginger, Κόλιανδρος, Κρουτόν","Σούπα (350γρ), Κρουτόν (20γρ)",114-2,7.52,8.50,OK,"Σούπα καρότο με πατάτα, τζίντζερ (350γρ), Κρουτόν (20γρ)",0.65,0.73,0.17,0.21,0.82,0.82,0.95,10.94%,€6.70,8.64%,2.30%,272,49,6,7,https://drive.google.com/file/d/1yzOTw_4YdPUBRdBpOZLSEG7REfEswxGi/view?usp=sharing,https://drive.google.com/file/d/1yzOTw_4YdPUBRdBpOZLSEG7REfEswxGi/view?usp=sharing
Μαγειρευτά,ΟΧΙ,"Σούπα καρότο με πατάτα, τζίντζερ και σπιτικά κρουτόν","Σούπα (400γρ), Κρουτόν (20γρ)","Πατάτα, Καρότο, Κρεμμύδι, Σκόρδο, Πράσο, Ζωμός λαχανικών, Ginger, Κόλιανδρος, Κρουτόν","Σούπα (400γρ), Κρουτόν (20γρ)",114-3,7.88,8.90,OK,"Σούπα καρότο με πατάτα, τζίντζερ (400γρ), Κρουτόν (20γρ)",0.74,0.84,0.17,0.21,0.91,0.91,1.05,11.58%,€6.97,9.39%,2.19%,299,54,7,8,https://drive.google.com/file/d/1yzOTw_4YdPUBRdBpOZLSEG7REfEswxGi/view?usp=sharing,https://drive.google.com/file/d/1yzOTw_4YdPUBRdBpOZLSEG7REfEswxGi/view?usp=sharing
Μαγειρευτά,ΟΧΙ,Σούπα μανιταριών βελουτέ με σπιτικά κρουτόν ,"Σούπα (300γρ), Κρουτόν (20γρ)","Μανιτάρι, Κρεμμύδι, Σκόρδο, Ζωμός λαχανικών, Βρώμη, Μαϊντανός, Κρουτόν","Σούπα (300γρ), Κρουτόν (20γρ)",131-1,10.18,11.50,OK,"Σούπα μανιταριών βελουτέ (300γρ), Κρουτόν (20γρ)",4.26,4.81,0.17,0.21,4.43,4.43,5.03,43.54%,€5.75,41.85%,1.70%,372,46,13,16,https://drive.google.com/file/d/1gMUVW9fF7qqlfBdzpuZtbIQb3xjJHxw2/view?usp=sharing,https://drive.google.com/file/d/1gMUVW9fF7qqlfBdzpuZtbIQb3xjJHxw2/view?usp=sharing
Μαγειρευτά,ΝΑΙ,Σούπα μανιταριών βελουτέ με σπιτικά κρουτόν ,"Σούπα (350γρ), Κρουτόν (20γρ)","Μανιτάρι, Κρεμμύδι, Σκόρδο, Ζωμός λαχανικών, Βρώμη, Μαϊντανός, Κρουτόν","Σούπα (350γρ), Κρουτόν (20γρ)",131-2,11.06,12.50,OK,"Σούπα μανιταριών βελουτέ (350γρ), Κρουτόν (20γρ)",4.97,5.62,0.17,0.21,5.14,5.14,5.83,46.50%,€5.92,44.94%,1.56%,420,51,14,18,https://drive.google.com/file/d/1gMUVW9fF7qqlfBdzpuZtbIQb3xjJHxw2/view?usp=sharing,https://drive.google.com/file/d/1gMUVW9fF7qqlfBdzpuZtbIQb3xjJHxw2/view?usp=sharing
Μαγειρευτά,ΟΧΙ,Σούπα μανιταριών βελουτέ με σπιτικά κρουτόν ,"Σούπα (400γρ), Κρουτόν (20γρ)","Μανιτάρι, Κρεμμύδι, Σκόρδο, Ζωμός λαχανικών, Βρώμη, Μαϊντανός, Κρουτόν","Σούπα (400γρ), Κρουτόν (20γρ)",131-3,11.95,13.50,OK,"Σούπα μανιταριών βελουτέ (400γρ), Κρουτόν (20γρ)",5.67,6.41,0.17,0.21,5.84,5.84,6.62,48.89%,€6.11,47.45%,1.44%,468,57,16,20,https://drive.google.com/file/d/1gMUVW9fF7qqlfBdzpuZtbIQb3xjJHxw2/view?usp=sharing,https://drive.google.com/file/d/1gMUVW9fF7qqlfBdzpuZtbIQb3xjJHxw2/view?usp=sharing
Μαγειρευτά,ΟΧΙ,Σουπιές κοκκινιστές με σπανάκι,Σουπιές κοκκινιστές (280γρ),"Σουπιά, Σπανάκι, Σκόρδο, Ντομάτα, Κρεμμύδι, Άνηθος, Μαϊντανός, Φρέσκο κρεμμυδάκι",Σουπιές κοκκινιστές με σπανάκι (280γρ),199-1,7.88,8.90,OK,Σουπιές κοκκινιστές με σπανάκι (280γρ),2.49,2.81,0.14,0.17,2.63,2.63,2.99,33.38%,€5.25,31.60%,1.78%,276,15,23,15,https://drive.google.com/file/d/1pkFPOhCOXkU1R6jMOR0RvGZU7RB6Fk4U/view?usp=sharing,https://drive.google.com/file/d/1pkFPOhCOXkU1R6jMOR0RvGZU7RB6Fk4U/view?usp=sharing
Μαγειρευτά,ΝΑΙ,Σουπιές κοκκινιστές με σπανάκι,Σουπιές κοκκινιστές (320γρ),"Σουπιά, Σπανάκι, Σκόρδο, Ντομάτα, Κρεμμύδι, Άνηθος, Μαϊντανός, Φρέσκο κρεμμυδάκι",Σουπιές κοκκινιστές με σπανάκι (320γρ),199-2,8.76,9.90,OK,Σουπιές κοκκινιστές με σπανάκι (320γρ),2.85,3.22,0.14,0.17,2.99,2.99,3.39,34.13%,€5.77,32.53%,1.60%,316,17,27,17,https://drive.google.com/file/d/1pkFPOhCOXkU1R6jMOR0RvGZU7RB6Fk4U/view?usp=sharing,https://drive.google.com/file/d/1pkFPOhCOXkU1R6jMOR0RvGZU7RB6Fk4U/view?usp=sharing
Μαγειρευτά,ΟΧΙ,Σουτζουκάκια φούρνου με άγριο ρύζι,"Σουτζουκάκια (120γρ), Άγριο ρύζι (60γρ)","Μοσχάρι, Γάλα, Φρυγανιά, Αυγό, Αλεύρι, Κρεμμύδι, Σκόρδο, Μαϊντανός, Κύμινο, Μπούκοβο, Ρύζι","Σουτζουκάκια (120γρ), Άγριο ρύζι (60γρ), Σάλτσα ντομάτας (80γρ)",195-1,6.99,7.90,OK,"Σουτζουκάκια (120γρ), Άγριο ρύζι (60γρ), Κόκκινη σάλτσα ντομάτας (80γρ), Ελαιόλαδο (10γρ)",1.32,1.49,0.14,0.17,1.46,1.46,1.67,20.89%,€5.53,18.88%,2.00%,579,54,22,31,https://drive.google.com/file/d/1gLzHylG0ZeQAm1rXjlYAjYT6yqSsFptp/view?usp=sharing,https://drive.google.com/file/d/1gLzHylG0ZeQAm1rXjlYAjYT6yqSsFptp/view?usp=sharing
Μαγειρευτά,ΟΧΙ,Σουτζουκάκια φούρνου με άγριο ρύζι,"Σουτζουκάκια (120γρ), Άγριο ρύζι (120γρ)","Μοσχάρι, Γάλα, Φρυγανιά, Αυγό, Αλεύρι, Κρεμμύδι, Σκόρδο, Μαϊντανός, Κύμινο, Μπούκοβο, Ρύζι","Σουτζουκάκια (120γρ), Άγριο ρύζι (120γρ), Σάλτσα ντομάτας (80γρ)",195-2,7.52,8.50,OK,"Σουτζουκάκια (120γρ), Άγριο ρύζι (120γρ), Κόκκινη σάλτσα ντομάτας (80γρ), Ελαιόλαδο (10γρ)",1.41,1.59,0.14,0.17,1.55,1.55,1.77,20.61%,€5.97,18.75%,1.86%,657,66,25,34,https://drive.google.com/file/d/1gLzHylG0ZeQAm1rXjlYAjYT6yqSsFptp/view?usp=sharing,https://drive.google.com/file/d/1gLzHylG0ZeQAm1rXjlYAjYT6yqSsFptp/view?usp=sharing
Μαγειρευτά,ΟΧΙ,Σουτζουκάκια φούρνου με άγριο ρύζι,"Σουτζουκάκια (120γρ), Άγριο ρύζι (180γρ)","Μοσχάρι, Γάλα, Φρυγανιά, Αυγό, Αλεύρι, Κρεμμύδι, Σκόρδο, Μαϊντανός, Κύμινο, Μπούκοβο, Ρύζι","Σουτζουκάκια (120γρ), Άγριο ρύζι (180γρ), Σάλτσα ντομάτας (80γρ)",195-3,7.88,8.90,OK,"Σουτζουκάκια (120γρ), Άγριο ρύζι (180γρ), Κόκκινη σάλτσα ντομάτας (80γρ), Ελαιόλαδο (10γρ)",1.51,1.71,0.14,0.17,1.65,1.65,1.88,20.94%,€6.23,19.16%,1.78%,735,77,27,36,https://drive.google.com/file/d/1gLzHylG0ZeQAm1rXjlYAjYT6yqSsFptp/view?usp=sharing,https://drive.google.com/file/d/1gLzHylG0ZeQAm1rXjlYAjYT6yqSsFptp/view?usp=sharing
Μαγειρευτά,ΟΧΙ,Σουτζουκάκια φούρνου με άγριο ρύζι,"Σουτζουκάκια (150γρ), Άγριο ρύζι (60γρ)","Μοσχάρι, Γάλα, Φρυγανιά, Αυγό, Αλεύρι, Κρεμμύδι, Σκόρδο, Μαϊντανός, Κύμινο, Μπούκοβο, Ρύζι","Σουτζουκάκια (150γρ), Άγριο ρύζι (60γρ), Σάλτσα ντομάτας (80γρ)",195-4,7.88,8.90,OK,"Σουτζουκάκια (150γρ), Άγριο ρύζι (60γρ), Κόκκινη σάλτσα ντομάτας (80γρ), Ελαιόλαδο (10γρ)",1.53,1.73,0.14,0.17,1.67,1.67,1.90,21.19%,€6.21,19.42%,1.78%,658,63,27,33,https://drive.google.com/file/d/1gLzHylG0ZeQAm1rXjlYAjYT6yqSsFptp/view?usp=sharing,https://drive.google.com/file/d/1gLzHylG0ZeQAm1rXjlYAjYT6yqSsFptp/view?usp=sharing
Μαγειρευτά,ΟΧΙ,Σουτζουκάκια φούρνου με άγριο ρύζι,"Σουτζουκάκια (150γρ), Άγριο ρύζι (120γρ)","Μοσχάρι, Γάλα, Φρυγανιά, Αυγό, Αλεύρι, Κρεμμύδι, Σκόρδο, Μαϊντανός, Κύμινο, Μπούκοβο, Ρύζι","Σουτζουκάκια (150γρ), Άγριο ρύζι (120γρ), Σάλτσα ντομάτας (80γρ)",195-5,8.41,9.50,OK,"Σουτζουκάκια (150γρ), Άγριο ρύζι (120γρ), Κόκκινη σάλτσα ντομάτας (80γρ), Ελαιόλαδο (10γρ)",1.62,1.83,0.14,0.17,1.76,1.76,2.00,20.93%,€6.65,19.26%,1.66%,736,74,29,36,https://drive.google.com/file/d/1gLzHylG0ZeQAm1rXjlYAjYT6yqSsFptp/view?usp=sharing,https://drive.google.com/file/d/1gLzHylG0ZeQAm1rXjlYAjYT6yqSsFptp/view?usp=sharing
Μαγειρευτά,ΟΧΙ,Σουτζουκάκια φούρνου με άγριο ρύζι,"Σουτζουκάκια (150γρ), Άγριο ρύζι (180γρ)","Μοσχάρι, Γάλα, Φρυγανιά, Αυγό, Αλεύρι, Κρεμμύδι, Σκόρδο, Μαϊντανός, Κύμινο, Μπούκοβο, Ρύζι","Σουτζουκάκια (150γρ), Άγριο ρύζι (180γρ), Σάλτσα ντομάτας (80γρ)",195-6,8.76,9.90,OK,"Σουτζουκάκια (150γρ), Άγριο ρύζι (180γρ), Κόκκινη σάλτσα ντομάτας (80γρ), Ελαιόλαδο (10γρ)",1.72,1.94,0.14,0.17,1.86,1.86,2.12,21.23%,€6.90,19.63%,1.60%,813,86,31,39,https://drive.google.com/file/d/1gLzHylG0ZeQAm1rXjlYAjYT6yqSsFptp/view?usp=sharing,https://drive.google.com/file/d/1gLzHylG0ZeQAm1rXjlYAjYT6yqSsFptp/view?usp=sharing
Μαγειρευτά,ΟΧΙ,Σουτζουκάκια φούρνου με άγριο ρύζι,"Σουτζουκάκια (180γρ), Άγριο ρύζι (120γρ)","Μοσχάρι, Γάλα, Φρυγανιά, Αυγό, Αλεύρι, Κρεμμύδι, Σκόρδο, Μαϊντανός, Κύμινο, Μπούκοβο, Ρύζι","Σουτζουκάκια (180γρ), Άγριο ρύζι (120γρ), Σάλτσα ντομάτας (80γρ)",195-7,8.76,9.90,OK,"Σουτζουκάκια (180γρ), Άγριο ρύζι (120γρ), Κόκκινη σάλτσα ντομάτας (80γρ), Ελαιόλαδο (10γρ)",1.83,2.07,0.14,0.17,1.97,1.97,2.24,22.49%,€6.79,20.89%,1.60%,814,83,34,39,https://drive.google.com/file/d/1gLzHylG0ZeQAm1rXjlYAjYT6yqSsFptp/view?usp=sharing,https://drive.google.com/file/d/1gLzHylG0ZeQAm1rXjlYAjYT6yqSsFptp/view?usp=sharing
Μαγειρευτά,ΝΑΙ,Σουτζουκάκια φούρνου με άγριο ρύζι,"Σουτζουκάκια (180γρ), Άγριο ρύζι (180γρ)","Μοσχάρι, Γάλα, Φρυγανιά, Αυγό, Αλεύρι, Κρεμμύδι, Σκόρδο, Μαϊντανός, Κύμινο, Μπούκοβο, Ρύζι","Σουτζουκάκια (180γρ), Άγριο ρύζι (180γρ), Σάλτσα ντομάτας (80γρ)",195-8,9.29,10.50,OK,"Σουτζουκάκια (180γρ), Άγριο ρύζι (180γρ), Κόκκινη σάλτσα ντομάτας (80γρ), Ελαιόλαδο (10γρ)",1.93,2.18,0.14,0.17,2.07,2.07,2.35,22.28%,€7.22,20.78%,1.51%,892,94,36,41,https://drive.google.com/file/d/1gLzHylG0ZeQAm1rXjlYAjYT6yqSsFptp/view?usp=sharing,https://drive.google.com/file/d/1gLzHylG0ZeQAm1rXjlYAjYT6yqSsFptp/view?usp=sharing
Μαγειρευτά,ΟΧΙ,Σουτζουκάκια φούρνου με άγριο ρύζι,"Σουτζουκάκια (180γρ), Άγριο ρύζι (240γρ)","Μοσχάρι, Γάλα, Φρυγανιά, Αυγό, Αλεύρι, Κρεμμύδι, Σκόρδο, Μαϊντανός, Κύμινο, Μπούκοβο, Ρύζι","Σουτζουκάκια (180γρ), Άγριο ρύζι (240γρ), Σάλτσα ντομάτας (80γρ)",195-9,9.65,10.90,OK,"Σουτζουκάκια (180γρ), Άγριο ρύζι (240γρ), Κόκκινη σάλτσα ντομάτας (80γρ), Ελαιόλαδο (10γρ)",2.02,2.28,0.14,0.17,2.16,2.16,2.46,22.38%,€7.49,20.93%,1.45%,969,106,38,44,https://drive.google.com/file/d/1gLzHylG0ZeQAm1rXjlYAjYT6yqSsFptp/view?usp=sharing,https://drive.google.com/file/d/1gLzHylG0ZeQAm1rXjlYAjYT6yqSsFptp/view?usp=sharing
Μαγειρευτά,ΟΧΙ,Σουτζουκάκια φούρνου με άγριο ρύζι,"Σουτζουκάκια (210γρ), Άγριο ρύζι (120γρ)","Μοσχάρι, Γάλα, Φρυγανιά, Αυγό, Αλεύρι, Κρεμμύδι, Σκόρδο, Μαϊντανός, Κύμινο, Μπούκοβο, Ρύζι","Σουτζουκάκια (210γρ), Άγριο ρύζι (120γρ), Σάλτσα ντομάτας (80γρ)",195-10,9.65,10.90,OK,"Σουτζουκάκια (210γρ), Άγριο ρύζι (120γρ), Κόκκινη σάλτσα ντομάτας (80γρ), Ελαιόλαδο (10γρ)",2.05,2.32,0.14,0.17,2.19,2.19,2.49,22.69%,€7.46,21.24%,1.45%,892,91,39,41,https://drive.google.com/file/d/1gLzHylG0ZeQAm1rXjlYAjYT6yqSsFptp/view?usp=sharing,https://drive.google.com/file/d/1gLzHylG0ZeQAm1rXjlYAjYT6yqSsFptp/view?usp=sharing
Μαγειρευτά,ΟΧΙ,Σουτζουκάκια φούρνου με άγριο ρύζι,"Σουτζουκάκια (210γρ), Άγριο ρύζι (180γρ)","Μοσχάρι, Γάλα, Φρυγανιά, Αυγό, Αλεύρι, Κρεμμύδι, Σκόρδο, Μαϊντανός, Κύμινο, Μπούκοβο, Ρύζι","Σουτζουκάκια (210γρ), Άγριο ρύζι (180γρ), Σάλτσα ντομάτας (80γρ)",195-11,10.18,11.50,OK,"Σουτζουκάκια (210γρ), Άγριο ρύζι (180γρ), Κόκκινη σάλτσα ντομάτας (80γρ), Ελαιόλαδο (10γρ)",2.14,2.42,0.14,0.17,2.28,2.28,2.59,22.40%,€7.90,21.02%,1.38%,970,103,41,44,https://drive.google.com/file/d/1gLzHylG0ZeQAm1rXjlYAjYT6yqSsFptp/view?usp=sharing,https://drive.google.com/file/d/1gLzHylG0ZeQAm1rXjlYAjYT6yqSsFptp/view?usp=sharing
Μαγειρευτά,ΟΧΙ,Σουτζουκάκια φούρνου με άγριο ρύζι,"Σουτζουκάκια (210γρ), Άγριο ρύζι (240γρ)","Μοσχάρι, Γάλα, Φρυγανιά, Αυγό, Αλεύρι, Κρεμμύδι, Σκόρδο, Μαϊντανός, Κύμινο, Μπούκοβο, Ρύζι","Σουτζουκάκια (210γρ), Άγριο ρύζι (240γρ), Σάλτσα ντομάτας (80γρ)",195-12,10.53,11.90,OK,"Σουτζουκάκια (210γρ), Άγριο ρύζι (240γρ), Κόκκινη σάλτσα ντομάτας (80γρ), Ελαιόλαδο (10γρ)",2.23,2.52,0.14,0.17,2.37,2.37,2.69,22.51%,€8.16,21.18%,1.33%,1048,115,43,47,https://drive.google.com/file/d/1gLzHylG0ZeQAm1rXjlYAjYT6yqSsFptp/view?usp=sharing,https://drive.google.com/file/d/1gLzHylG0ZeQAm1rXjlYAjYT6yqSsFptp/view?usp=sharing
Μαγειρευτά,ΟΧΙ,Σουτζουκάκια φούρνου με πουρέ καρότου,"Σουτζουκάκια (120γρ), Πουρές καρότου (120γρ)","Μοσχάρι, Γάλα, Φρυγανιά, Αυγό, Αλεύρι, Κρεμμύδι, Σκόρδο, Μαϊντανός, Κύμινο, Μπούκοβο, Καρότο, Ζωμός λαχανικών","Σουτζουκάκια (120γρ), Πουρές καρότου (120γρ), Σάλτσα ντομάτας (80γρ)",194-1,6.99,7.90,OK,"Σουτζουκάκια (120γρ), Πουρές καρότου (120γρ), Κόκκινη σάλτσα ντομάτας (80γρ), Ελαιόλαδο (10γρ)",1.43,1.62,0.14,0.17,1.57,1.57,1.79,22.46%,€5.42,20.46%,2.00%,566,53,22,30,https://drive.google.com/file/d/1dBXWg-2_LKxEfV0JTRjvpmRSKaBudFfX/view?usp=sharing,https://drive.google.com/file/d/1dBXWg-2_LKxEfV0JTRjvpmRSKaBudFfX/view?usp=sharing
Μαγειρευτά,ΟΧΙ,Σουτζουκάκια φούρνου με πουρέ καρότου,"Σουτζουκάκια (120γρ), Πουρές καρότου (180γρ)","Μοσχάρι, Γάλα, Φρυγανιά, Αυγό, Αλεύρι, Κρεμμύδι, Σκόρδο, Μαϊντανός, Κύμινο, Μπούκοβο, Καρότο, Ζωμός λαχανικών","Σουτζουκάκια (120γρ), Πουρές καρότου (180γρ), Σάλτσα ντομάτας (80γρ)",194-2,7.52,8.50,OK,"Σουτζουκάκια (120γρ), Πουρές καρότου (180γρ), Κόκκινη σάλτσα ντομάτας (80γρ), Ελαιόλαδο (10γρ)",1.53,1.73,0.14,0.17,1.67,1.67,1.90,22.21%,€5.85,20.35%,1.86%,599,59,22,31,https://drive.google.com/file/d/1dBXWg-2_LKxEfV0JTRjvpmRSKaBudFfX/view?usp=sharing,https://drive.google.com/file/d/1dBXWg-2_LKxEfV0JTRjvpmRSKaBudFfX/view?usp=sharing
Μαγειρευτά,ΟΧΙ,Σουτζουκάκια φούρνου με πουρέ καρότου,"Σουτζουκάκια (120γρ), Πουρές καρότου (220γρ)","Μοσχάρι, Γάλα, Φρυγανιά, Αυγό, Αλεύρι, Κρεμμύδι, Σκόρδο, Μαϊντανός, Κύμινο, Μπούκοβο, Καρότο, Ζωμός λαχανικών","Σουτζουκάκια (120γρ), Πουρές καρότου (220γρ), Σάλτσα ντομάτας (80γρ)",194-3,7.88,8.90,OK,"Σουτζουκάκια (120γρ), Πουρές καρότου (220γρ), Κόκκινη σάλτσα ντομάτας (80γρ), Ελαιόλαδο (10γρ)",1.60,1.81,0.14,0.17,1.74,1.74,1.98,22.08%,€6.14,20.30%,1.78%,620,62,23,32,https://drive.google.com/file/d/1dBXWg-2_LKxEfV0JTRjvpmRSKaBudFfX/view?usp=sharing,https://drive.google.com/file/d/1dBXWg-2_LKxEfV0JTRjvpmRSKaBudFfX/view?usp=sharing
Μαγειρευτά,ΟΧΙ,Σουτζουκάκια φούρνου με πουρέ καρότου,"Σουτζουκάκια (150γρ), Πουρές καρότου (120γρ)","Μοσχάρι, Γάλα, Φρυγανιά, Αυγό, Αλεύρι, Κρεμμύδι, Σκόρδο, Μαϊντανός, Κύμινο, Μπούκοβο, Καρότο, Ζωμός λαχανικών","Σουτζουκάκια (150γρ), Πουρές καρότου (120γρ), Σάλτσα ντομάτας (80γρ)",194-4,7.88,8.90,OK,"Σουτζουκάκια (150γρ), Πουρές καρότου (120γρ), Κόκκινη σάλτσα ντομάτας (80γρ), Ελαιόλαδο (10γρ)",1.64,1.85,0.14,0.17,1.78,1.78,2.03,22.59%,€6.10,20.81%,1.78%,645,62,26,33,https://drive.google.com/file/d/1dBXWg-2_LKxEfV0JTRjvpmRSKaBudFfX/view?usp=sharing,https://drive.google.com/file/d/1dBXWg-2_LKxEfV0JTRjvpmRSKaBudFfX/view?usp=sharing
Μαγειρευτά,ΟΧΙ,Σουτζουκάκια φούρνου με πουρέ καρότου,"Σουτζουκάκια (150γρ), Πουρές καρότου (180γρ)","Μοσχάρι, Γάλα, Φρυγανιά, Αυγό, Αλεύρι, Κρεμμύδι, Σκόρδο, Μαϊντανός, Κύμινο, Μπούκοβο, Καρότο, Ζωμός λαχανικών","Σουτζουκάκια (150γρ), Πουρές καρότου (180γρ), Σάλτσα ντομάτας (80γρ)",194-5,8.41,9.50,OK,"Σουτζουκάκια (150γρ), Πουρές καρότου (180γρ), Κόκκινη σάλτσα ντομάτας (80γρ), Ελαιόλαδο (10γρ)",1.75,1.98,0.14,0.17,1.89,1.89,2.15,22.47%,€6.52,20.81%,1.66%,677,67,27,34,https://drive.google.com/file/d/1dBXWg-2_LKxEfV0JTRjvpmRSKaBudFfX/view?usp=sharing,https://drive.google.com/file/d/1dBXWg-2_LKxEfV0JTRjvpmRSKaBudFfX/view?usp=sharing
Μαγειρευτά,ΟΧΙ,Σουτζουκάκια φούρνου με πουρέ καρότου,"Σουτζουκάκια (150γρ), Πουρές καρότου (220γρ)","Μοσχάρι, Γάλα, Φρυγανιά, Αυγό, Αλεύρι, Κρεμμύδι, Σκόρδο, Μαϊντανός, Κύμινο, Μπούκοβο, Καρότο, Ζωμός λαχανικών","Σουτζουκάκια (150γρ), Πουρές καρότου (220γρ), Σάλτσα ντομάτας (80γρ)",194-6,8.76,9.90,OK,"Σουτζουκάκια (150γρ), Πουρές καρότου (220γρ), Κόκκινη σάλτσα ντομάτας (80γρ), Ελαιόλαδο (10γρ)",1.82,2.06,0.14,0.17,1.96,1.96,2.23,22.37%,€6.80,20.78%,1.60%,699,71,27,35,https://drive.google.com/file/d/1dBXWg-2_LKxEfV0JTRjvpmRSKaBudFfX/view?usp=sharing,https://drive.google.com/file/d/1dBXWg-2_LKxEfV0JTRjvpmRSKaBudFfX/view?usp=sharing
Μαγειρευτά,ΟΧΙ,Σουτζουκάκια φούρνου με πουρέ καρότου,"Σουτζουκάκια (180γρ), Πουρές καρότου (120γρ)","Μοσχάρι, Γάλα, Φρυγανιά, Αυγό, Αλεύρι, Κρεμμύδι, Σκόρδο, Μαϊντανός, Κύμινο, Μπούκοβο, Καρότο, Ζωμός λαχανικών","Σουτζουκάκια (180γρ), Πουρές καρότου (120γρ), Σάλτσα ντομάτας (80γρ)",194-7,8.76,9.90,OK,"Σουτζουκάκια (180γρ), Πουρές καρότου (120γρ), Κόκκινη σάλτσα ντομάτας (80γρ), Ελαιόλαδο (10γρ)",1.85,2.09,0.14,0.17,1.99,1.99,2.26,22.72%,€6.77,21.12%,1.60%,723,70,31,36,https://drive.google.com/file/d/1dBXWg-2_LKxEfV0JTRjvpmRSKaBudFfX/view?usp=sharing,https://drive.google.com/file/d/1dBXWg-2_LKxEfV0JTRjvpmRSKaBudFfX/view?usp=sharing
Μαγειρευτά,ΝΑΙ,Σουτζουκάκια φούρνου με πουρέ καρότου,"Σουτζουκάκια (180γρ), Πουρές καρότου (180γρ)","Μοσχάρι, Γάλα, Φρυγανιά, Αυγό, Αλεύρι, Κρεμμύδι, Σκόρδο, Μαϊντανός, Κύμινο, Μπούκοβο, Καρότο, Ζωμός λαχανικών","Σουτζουκάκια (180γρ), Πουρές καρότου (180γρ), Σάλτσα ντομάτας (80γρ)",194-8,9.29,10.50,OK,"Σουτζουκάκια (180γρ), Πουρές καρότου (180γρ), Κόκκινη σάλτσα ντομάτας (80γρ), Ελαιόλαδο (10γρ)",1.96,2.21,0.14,0.17,2.10,2.10,2.39,22.60%,€7.19,21.10%,1.51%,755,76,32,37,https://drive.google.com/file/d/1dBXWg-2_LKxEfV0JTRjvpmRSKaBudFfX/view?usp=sharing,https://drive.google.com/file/d/1dBXWg-2_LKxEfV0JTRjvpmRSKaBudFfX/view?usp=sharing
Μαγειρευτά,ΟΧΙ,Σουτζουκάκια φούρνου με πουρέ καρότου,"Σουτζουκάκια (180γρ), Πουρές καρότου (220γρ)","Μοσχάρι, Γάλα, Φρυγανιά, Αυγό, Αλεύρι, Κρεμμύδι, Σκόρδο, Μαϊντανός, Κύμινο, Μπούκοβο, Καρότο, Ζωμός λαχανικών","Σουτζουκάκια (180γρ), Πουρές καρότου (220γρ), Σάλτσα ντομάτας (80γρ)",194-9,9.65,10.90,OK,"Σουτζουκάκια (180γρ), Πουρές καρότου (220γρ), Κόκκινη σάλτσα ντομάτας (80γρ), Ελαιόλαδο (10γρ)",2.03,2.29,0.14,0.17,2.17,2.17,2.47,22.49%,€7.48,21.04%,1.45%,777,79,32,37,https://drive.google.com/file/d/1dBXWg-2_LKxEfV0JTRjvpmRSKaBudFfX/view?usp=sharing,https://drive.google.com/file/d/1dBXWg-2_LKxEfV0JTRjvpmRSKaBudFfX/view?usp=sharing
Μαγειρευτά,ΟΧΙ,Σουτζουκάκια φούρνου με πουρέ καρότου,"Σουτζουκάκια (210γρ), Πουρές καρότου (120γρ)","Μοσχάρι, Γάλα, Φρυγανιά, Αυγό, Αλεύρι, Κρεμμύδι, Σκόρδο, Μαϊντανός, Κύμινο, Μπούκοβο, Καρότο, Ζωμός λαχανικών","Σουτζουκάκια (210γρ), Πουρές καρότου (120γρ), Σάλτσα ντομάτας (80γρ)",194-10,9.65,10.90,OK,"Σουτζουκάκια (210γρ), Πουρές καρότου (120γρ), Κόκκινη σάλτσα ντομάτας (80γρ), Ελαιόλαδο (10γρ)",2.07,2.34,0.14,0.17,2.21,2.21,2.51,22.90%,€7.44,21.45%,1.45%,801,79,36,38,https://drive.google.com/file/d/1dBXWg-2_LKxEfV0JTRjvpmRSKaBudFfX/view?usp=sharing,https://drive.google.com/file/d/1dBXWg-2_LKxEfV0JTRjvpmRSKaBudFfX/view?usp=sharing
Μαγειρευτά,ΟΧΙ,Σουτζουκάκια φούρνου με πουρέ καρότου,"Σουτζουκάκια (210γρ), Πουρές καρότου (180γρ)","Μοσχάρι, Γάλα, Φρυγανιά, Αυγό, Αλεύρι, Κρεμμύδι, Σκόρδο, Μαϊντανός, Κύμινο, Μπούκοβο, Καρότο, Ζωμός λαχανικών","Σουτζουκάκια (210γρ), Πουρές καρότου (180γρ), Σάλτσα ντομάτας (80γρ)",194-11,10.18,11.50,OK,"Σουτζουκάκια (210γρ), Πουρές καρότου (180γρ), Κόκκινη σάλτσα ντομάτας (80γρ), Ελαιόλαδο (10γρ)",2.17,2.45,0.14,0.17,2.31,2.31,2.63,22.69%,€7.87,21.32%,1.38%,834,84,36,39,https://drive.google.com/file/d/1dBXWg-2_LKxEfV0JTRjvpmRSKaBudFfX/view?usp=sharing,https://drive.google.com/file/d/1dBXWg-2_LKxEfV0JTRjvpmRSKaBudFfX/view?usp=sharing
Μαγειρευτά,ΟΧΙ,Σουτζουκάκια φούρνου με πουρέ καρότου,"Σουτζουκάκια (210γρ), Πουρές καρότου (220γρ)","Μοσχάρι, Γάλα, Φρυγανιά, Αυγό, Αλεύρι, Κρεμμύδι, Σκόρδο, Μαϊντανός, Κύμινο, Μπούκοβο, Καρότο, Ζωμός λαχανικών","Σουτζουκάκια (210γρ), Πουρές καρότου (220γρ), Σάλτσα ντομάτας (80γρ)",194-12,10.53,11.90,OK,"Σουτζουκάκια (210γρ), Πουρές καρότου (220γρ), Κόκκινη σάλτσα ντομάτας (80γρ), Ελαιόλαδο (10γρ)",2.24,2.53,0.14,0.17,2.38,2.38,2.70,22.60%,€8.15,21.27%,1.33%,855,88,37,40,https://drive.google.com/file/d/1dBXWg-2_LKxEfV0JTRjvpmRSKaBudFfX/view?usp=sharing,https://drive.google.com/file/d/1dBXWg-2_LKxEfV0JTRjvpmRSKaBudFfX/view?usp=sharing
Μαγειρευτά,ΟΧΙ,Σπανακόρυζο λεμονάτο με φέτα light,"Σπανακόρυζο (280γρ), Φέτα light (30γρ)","Σπανάκι, Ρύζι, Κρεμμύδι, Σκόρδο, Ζωμός λαχανικών, Άνηθος, Μαϊντανός, Φέτα light","Σπανακόρυζο (280γρ), Φέτα light (30γρ)",179-1,6.11,6.90,OK,"Σπανακόρυζο λεμονάτο (280γρ), Φέτα τυρί, light (30γρ)",1.18,1.33,0.19,0.23,1.37,1.37,1.56,22.36%,€4.74,19.31%,3.05%,280,37,12,11,https://drive.google.com/file/d/1SKqc_DB4tmcE7g7Pem2CdV_uw1PTv_pa/view?usp=sharing,https://drive.google.com/file/d/1SKqc_DB4tmcE7g7Pem2CdV_uw1PTv_pa/view?usp=sharing
Μαγειρευτά,ΟΧΙ,Σπανακόρυζο λεμονάτο με φέτα light,"Σπανακόρυζο (280γρ), Φέτα light (60γρ)","Σπανάκι, Ρύζι, Κρεμμύδι, Σκόρδο, Ζωμός λαχανικών, Άνηθος, Μαϊντανός, Φέτα light","Σπανακόρυζο (280γρ), Φέτα light (60γρ)",179-2,6.55,7.40,OK,"Σπανακόρυζο λεμονάτο (280γρ), Φέτα τυρί, light (60γρ)",1.69,1.91,0.19,0.23,1.88,1.88,2.14,28.65%,€4.67,25.80%,2.85%,329,37,17,14,https://drive.google.com/file/d/1SKqc_DB4tmcE7g7Pem2CdV_uw1PTv_pa/view?usp=sharing,https://drive.google.com/file/d/1SKqc_DB4tmcE7g7Pem2CdV_uw1PTv_pa/view?usp=sharing
Μαγειρευτά,ΟΧΙ,Σπανακόρυζο λεμονάτο με φέτα light,"Σπανακόρυζο (380γρ), Φέτα light (30γρ)","Σπανάκι, Ρύζι, Κρεμμύδι, Σκόρδο, Ζωμός λαχανικών, Άνηθος, Μαϊντανός, Φέτα light","Σπανακόρυζο (380γρ), Φέτα light (30γρ)",179-3,6.55,7.40,OK,"Σπανακόρυζο λεμονάτο (380γρ), Φέτα τυρί, light (30γρ)",1.41,1.59,0.19,0.23,1.60,1.60,1.82,24.37%,€4.95,21.53%,2.85%,363,51,14,13,https://drive.google.com/file/d/1SKqc_DB4tmcE7g7Pem2CdV_uw1PTv_pa/view?usp=sharing,https://drive.google.com/file/d/1SKqc_DB4tmcE7g7Pem2CdV_uw1PTv_pa/view?usp=sharing
Μαγειρευτά,ΟΧΙ,Σπανακόρυζο λεμονάτο με φέτα light,"Σπανακόρυζο (380γρ), Φέτα light (60γρ)","Σπανάκι, Ρύζι, Κρεμμύδι, Σκόρδο, Ζωμός λαχανικών, Άνηθος, Μαϊντανός, Φέτα light","Σπανακόρυζο (380γρ), Φέτα light (60γρ)",179-4,6.99,7.90,OK,"Σπανακόρυζο λεμονάτο (380γρ), Φέτα τυρί, light (60γρ)",1.92,2.17,0.19,0.23,2.11,2.11,2.40,30.13%,€4.88,27.47%,2.67%,412,51,20,17,https://drive.google.com/file/d/1SKqc_DB4tmcE7g7Pem2CdV_uw1PTv_pa/view?usp=sharing,https://drive.google.com/file/d/1SKqc_DB4tmcE7g7Pem2CdV_uw1PTv_pa/view?usp=sharing
Μαγειρευτά,ΟΧΙ,Σπανακόρυζο λεμονάτο με φέτα light,"Σπανακόρυζο (380γρ), Φέτα light (90γρ)","Σπανάκι, Ρύζι, Κρεμμύδι, Σκόρδο, Ζωμός λαχανικών, Άνηθος, Μαϊντανός, Φέτα light","Σπανακόρυζο (380γρ), Φέτα light (90γρ)",179-5,7.43,8.40,OK,"Σπανακόρυζο λεμονάτο (380γρ), Φέτα τυρί, light (90γρ)",2.43,2.75,0.19,0.23,2.62,2.62,2.98,35.21%,€4.81,32.71%,2.51%,461,51,25,20,https://drive.google.com/file/d/1SKqc_DB4tmcE7g7Pem2CdV_uw1PTv_pa/view?usp=sharing,https://drive.google.com/file/d/1SKqc_DB4tmcE7g7Pem2CdV_uw1PTv_pa/view?usp=sharing
Μαγειρευτά,ΟΧΙ,Σπανακόρυζο λεμονάτο με φέτα light,"Σπανακόρυζο (460γρ), Φέτα light (30γρ)","Σπανάκι, Ρύζι, Κρεμμύδι, Σκόρδο, Ζωμός λαχανικών, Άνηθος, Μαϊντανός, Φέτα light","Σπανακόρυζο (460γρ), Φέτα light (30γρ)",179-6,7.43,8.40,OK,"Σπανακόρυζο λεμονάτο (460γρ), Φέτα τυρί, light (30γρ)",1.60,1.81,0.19,0.23,1.79,1.79,2.04,24.04%,€5.64,21.53%,2.51%,429,62,16,15,https://drive.google.com/file/d/1SKqc_DB4tmcE7g7Pem2CdV_uw1PTv_pa/view?usp=sharing,https://drive.google.com/file/d/1SKqc_DB4tmcE7g7Pem2CdV_uw1PTv_pa/view?usp=sharing
Μαγειρευτά,ΝΑΙ,Σπανακόρυζο λεμονάτο με φέτα light,"Σπανακόρυζο (460γρ), Φέτα light (60γρ)","Σπανάκι, Ρύζι, Κρεμμύδι, Σκόρδο, Ζωμός λαχανικών, Άνηθος, Μαϊντανός, Φέτα light","Σπανακόρυζο (460γρ), Φέτα light (60γρ)",179-7,7.88,8.90,OK,"Σπανακόρυζο λεμονάτο (460γρ), Φέτα τυρί, light (60γρ)",2.11,2.38,0.19,0.23,2.30,2.30,2.62,29.14%,€5.58,26.78%,2.37%,478,62,21,19,https://drive.google.com/file/d/1SKqc_DB4tmcE7g7Pem2CdV_uw1PTv_pa/view?usp=sharing,https://drive.google.com/file/d/1SKqc_DB4tmcE7g7Pem2CdV_uw1PTv_pa/view?usp=sharing
Μαγειρευτά,ΟΧΙ,Σπανακόρυζο λεμονάτο με φέτα light,"Σπανακόρυζο (460γρ), Φέτα light (90γρ)","Σπανάκι, Ρύζι, Κρεμμύδι, Σκόρδο, Ζωμός λαχανικών, Άνηθος, Μαϊντανός, Φέτα light","Σπανακόρυζο (460γρ), Φέτα light (90γρ)",179-8,8.32,9.40,OK,"Σπανακόρυζο λεμονάτο (460γρ), Φέτα τυρί, light (90γρ)",2.62,2.96,0.19,0.23,2.81,2.81,3.19,33.73%,€5.51,31.49%,2.24%,527,62,27,22,https://drive.google.com/file/d/1SKqc_DB4tmcE7g7Pem2CdV_uw1PTv_pa/view?usp=sharing,https://drive.google.com/file/d/1SKqc_DB4tmcE7g7Pem2CdV_uw1PTv_pa/view?usp=sharing
Μαγειρευτά,ΟΧΙ,Σπανακόρυζο λεμονάτο με φέτα light,"Σπανακόρυζο (560γρ), Φέτα light (60γρ)","Σπανάκι, Ρύζι, Κρεμμύδι, Σκόρδο, Ζωμός λαχανικών, Άνηθος, Μαϊντανός, Φέτα light","Σπανακόρυζο (560γρ), Φέτα light (60γρ)",179-9,8.32,9.40,OK,"Σπανακόρυζο λεμονάτο (560γρ), Φέτα τυρί, light (60γρ)",2.35,2.66,0.19,0.23,2.54,2.54,2.89,30.49%,€5.78,28.25%,2.24%,560,75,23,21,https://drive.google.com/file/d/1SKqc_DB4tmcE7g7Pem2CdV_uw1PTv_pa/view?usp=sharing,https://drive.google.com/file/d/1SKqc_DB4tmcE7g7Pem2CdV_uw1PTv_pa/view?usp=sharing
Μαγειρευτά,ΟΧΙ,Σπανακόρυζο λεμονάτο με φέτα light,"Σπανακόρυζο (560γρ), Φέτα light (90γρ)","Σπανάκι, Ρύζι, Κρεμμύδι, Σκόρδο, Ζωμός λαχανικών, Άνηθος, Μαϊντανός, Φέτα light","Σπανακόρυζο (560γρ), Φέτα light (90γρ)",179-10,8.76,9.90,OK,"Σπανακόρυζο λεμονάτο (560γρ), Φέτα τυρί, light (90γρ)",2.86,3.23,0.19,0.23,3.05,3.05,3.46,34.78%,€5.71,32.65%,2.13%,609,75,29,25,https://drive.google.com/file/d/1SKqc_DB4tmcE7g7Pem2CdV_uw1PTv_pa/view?usp=sharing,https://drive.google.com/file/d/1SKqc_DB4tmcE7g7Pem2CdV_uw1PTv_pa/view?usp=sharing
Μαγειρευτά,ΟΧΙ,Στιφάδο με φιλέτο μπακαλιάρου και άγριο ρύζι,"Φιλέτο μπακαλιάρου (120γρ), Άγριο ρύζι (60γρ)","Μπακαλιάρος, Κρεμμύδι, Ντομάτα, Σκόρδο, Μέλι, Μαϊντανός, Ρύζι","Φιλέτο μπακαλιάρου (120γρ), Στιφάδο (150γρ), Άγριο ρύζι (60γρ)",272-1,7.88,8.90,OK,"Μπακαλιάρος, μαγειρεμένος (120γρ), Μπακαλιάρος στιφάδο (150γρ), Άγριο ρύζι (60γρ)",1.75,1.98,0.14,0.17,1.89,1.89,2.15,23.98%,€5.99,22.21%,1.78%,375,28,25,16,https://drive.google.com/file/d/1TiId9hy8Mdm1KU7hP9Zab-MeMJrVDu5T/view?usp=sharing,
Μαγειρευτά,ΟΧΙ,Στιφάδο με φιλέτο μπακαλιάρου και άγριο ρύζι,"Φιλέτο μπακαλιάρου (120γρ), Άγριο ρύζι (120γρ)","Μπακαλιάρος, Κρεμμύδι, Ντομάτα, Σκόρδο, Μέλι, Μαϊντανός, Ρύζι","Φιλέτο μπακαλιάρου (120γρ), Στιφάδο (150γρ), Άγριο ρύζι (120γρ)",272-2,8.32,9.40,OK,"Μπακαλιάρος, μαγειρεμένος (120γρ), Μπακαλιάρος στιφάδο (150γρ), Άγριο ρύζι (120γρ)",1.84,2.08,0.14,0.17,1.98,1.98,2.25,23.80%,€6.34,22.12%,1.68%,453,39,27,18,https://drive.google.com/file/d/1TiId9hy8Mdm1KU7hP9Zab-MeMJrVDu5T/view?usp=sharing,https://drive.google.com/file/d/1TiId9hy8Mdm1KU7hP9Zab-MeMJrVDu5T/view?usp=sharing
Μαγειρευτά,ΟΧΙ,Στιφάδο με φιλέτο μπακαλιάρου και άγριο ρύζι,"Φιλέτο μπακαλιάρου (120γρ), Άγριο ρύζι (180γρ)","Μπακαλιάρος, Κρεμμύδι, Ντομάτα, Σκόρδο, Μέλι, Μαϊντανός, Ρύζι","Φιλέτο μπακαλιάρου (120γρ), Στιφάδο (150γρ), Άγριο ρύζι (180γρ)",272-3,8.76,9.90,OK,"Μπακαλιάρος, μαγειρεμένος (120γρ), Μπακαλιάρος στιφάδο (150γρ), Άγριο ρύζι (180γρ)",1.93,2.18,0.14,0.17,2.07,2.07,2.35,23.63%,€6.69,22.03%,1.60%,530,51,30,21,https://drive.google.com/file/d/1TiId9hy8Mdm1KU7hP9Zab-MeMJrVDu5T/view?usp=sharing,https://drive.google.com/file/d/1TiId9hy8Mdm1KU7hP9Zab-MeMJrVDu5T/view?usp=sharing
Μαγειρευτά,ΟΧΙ,Στιφάδο με φιλέτο μπακαλιάρου και άγριο ρύζι,"Φιλέτο μπακαλιάρου (150γρ), Άγριο ρύζι (60γρ)","Μπακαλιάρος, Κρεμμύδι, Ντομάτα, Σκόρδο, Μέλι, Μαϊντανός, Ρύζι","Φιλέτο μπακαλιάρου (150γρ), Στιφάδο (150γρ), Άγριο ρύζι (60γρ)",272-4,9.65,10.90,OK,"Μπακαλιάρος, μαγειρεμένος (150γρ), Μπακαλιάρος στιφάδο (150γρ), Άγριο ρύζι (60γρ)",2.03,2.29,0.14,0.17,2.17,2.17,2.47,22.49%,€7.48,21.04%,1.45%,406,28,31,16,https://drive.google.com/file/d/1TiId9hy8Mdm1KU7hP9Zab-MeMJrVDu5T/view?usp=sharing,https://drive.google.com/file/d/1TiId9hy8Mdm1KU7hP9Zab-MeMJrVDu5T/view?usp=sharing
Μαγειρευτά,ΟΧΙ,Στιφάδο με φιλέτο μπακαλιάρου και άγριο ρύζι,"Φιλέτο μπακαλιάρου (150γρ), Άγριο ρύζι (120γρ)","Μπακαλιάρος, Κρεμμύδι, Ντομάτα, Σκόρδο, Μέλι, Μαϊντανός, Ρύζι","Φιλέτο μπακαλιάρου (150γρ), Στιφάδο (150γρ), Άγριο ρύζι (120γρ)",272-5,10.09,11.40,OK,"Μπακαλιάρος, μαγειρεμένος (150γρ), Μπακαλιάρος στιφάδο (150γρ), Άγριο ρύζι (120γρ)",2.12,2.40,0.14,0.17,2.26,2.26,2.57,22.40%,€7.83,21.01%,1.39%,484,39,33,19,https://drive.google.com/file/d/1TiId9hy8Mdm1KU7hP9Zab-MeMJrVDu5T/view?usp=sharing,https://drive.google.com/file/d/1TiId9hy8Mdm1KU7hP9Zab-MeMJrVDu5T/view?usp=sharing
Μαγειρευτά,ΝΑΙ,Στιφάδο με φιλέτο μπακαλιάρου και άγριο ρύζι,"Φιλέτο μπακαλιάρου (150γρ), Άγριο ρύζι (180γρ)","Μπακαλιάρος, Κρεμμύδι, Ντομάτα, Σκόρδο, Μέλι, Μαϊντανός, Ρύζι","Φιλέτο μπακαλιάρου (150γρ), Στιφάδο (150γρ), Άγριο ρύζι (180γρ)",272-6,10.53,11.90,OK,"Μπακαλιάρος, μαγειρεμένος (150γρ), Μπακαλιάρος στιφάδο (150γρ), Άγριο ρύζι (180γρ)",2.21,2.50,0.14,0.17,2.35,2.35,2.67,22.32%,€8.18,20.99%,1.33%,562,51,35,21,https://drive.google.com/file/d/1TiId9hy8Mdm1KU7hP9Zab-MeMJrVDu5T/view?usp=sharing,https://drive.google.com/file/d/1TiId9hy8Mdm1KU7hP9Zab-MeMJrVDu5T/view?usp=sharing
Μαγειρευτά,ΟΧΙ,Στιφάδο με φιλέτο μπακαλιάρου και άγριο ρύζι,"Φιλέτο μπακαλιάρου (180γρ), Άγριο ρύζι (120γρ)","Μπακαλιάρος, Κρεμμύδι, Ντομάτα, Σκόρδο, Μέλι, Μαϊντανός, Ρύζι","Φιλέτο μπακαλιάρου (180γρ), Στιφάδο (150γρ), Άγριο ρύζι (120γρ)",272-7,11.42,12.90,OK,"Μπακαλιάρος, μαγειρεμένος (180γρ), Μπακαλιάρος στιφάδο (150γρ), Άγριο ρύζι (120γρ)",2.40,2.71,0.14,0.17,2.54,2.54,2.89,22.24%,€8.88,21.02%,1.23%,516,39,38,19,https://drive.google.com/file/d/1TiId9hy8Mdm1KU7hP9Zab-MeMJrVDu5T/view?usp=sharing,https://drive.google.com/file/d/1TiId9hy8Mdm1KU7hP9Zab-MeMJrVDu5T/view?usp=sharing
Μαγειρευτά,ΟΧΙ,Στιφάδο με φιλέτο μπακαλιάρου και άγριο ρύζι,"Φιλέτο μπακαλιάρου (180γρ), Άγριο ρύζι (180γρ)","Μπακαλιάρος, Κρεμμύδι, Ντομάτα, Σκόρδο, Μέλι, Μαϊντανός, Ρύζι","Φιλέτο μπακαλιάρου (180γρ), Στιφάδο (150γρ), Άγριο ρύζι (180γρ)",272-8,11.86,13.40,OK,"Μπακαλιάρος, μαγειρεμένος (180γρ), Μπακαλιάρος στιφάδο (150γρ), Άγριο ρύζι (180γρ)",2.49,2.81,0.14,0.17,2.63,2.63,2.99,22.18%,€9.23,20.99%,1.18%,593,51,40,22,https://drive.google.com/file/d/1TiId9hy8Mdm1KU7hP9Zab-MeMJrVDu5T/view?usp=sharing,https://drive.google.com/file/d/1TiId9hy8Mdm1KU7hP9Zab-MeMJrVDu5T/view?usp=sharing
Μαγειρευτά,ΟΧΙ,Στιφάδο με φιλέτο μπακαλιάρου και άγριο ρύζι,"Φιλέτο μπακαλιάρου (180γρ), Άγριο ρύζι (240γρ)","Μπακαλιάρος, Κρεμμύδι, Ντομάτα, Σκόρδο, Μέλι, Μαϊντανός, Ρύζι","Φιλέτο μπακαλιάρου (180γρ), Στιφάδο (150γρ), Άγριο ρύζι (240γρ)",272-9,12.30,13.90,OK,"Μπακαλιάρος, μαγειρεμένος (180γρ), Μπακαλιάρος στιφάδο (150γρ), Άγριο ρύζι (240γρ)",2.59,2.93,0.14,0.17,2.73,2.73,3.10,22.20%,€9.57,21.06%,1.14%,671,63,43,25,https://drive.google.com/file/d/1TiId9hy8Mdm1KU7hP9Zab-MeMJrVDu5T/view?usp=sharing,https://drive.google.com/file/d/1TiId9hy8Mdm1KU7hP9Zab-MeMJrVDu5T/view?usp=sharing
Σαλάτες,ΝΑΙ,Στραπατσάδα bowl με γαλοπούλα και ανθότυρο,Στραπατσάδα (160γρ),"Αυγό, Ντομάτα, Γαλοπούλα βραστή, Ελιά, Ανθότυρο, Ρόκα, Παξιμάδι χαρουπιού","Αυγά με τριμμένη ντομάτα (160γρ), Γαλοπούλα βραστή (20γρ), Ελιές (10γρ), Ανθότυρο (30γρ), Ρόκα (40γρ), Παξιμαδάκια χαρουπιού (25γρ), Ελαιόλαδο (10γρ)",93,6.99,7.90,OK,"Αυγά με τριμμένη ντομάτα (160γρ), Γαλοπούλα βραστή, σε φέτες (20γρ), Ελιά, πράσινη, ολόκληρη (10γρ), Ανθότυρο (30γρ), Ρόκα, ωμή (40γρ), Παξιμαδάκια χαρουπιού (25γρ), Ελαιόλαδο (10γρ)",1.60,1.81,0.24,0.29,1.84,1.84,2.10,26.25%,€5.16,22.89%,3.36%,430,33,20,25,https://drive.google.com/file/d/1SMgQyG2jK0udW7NZ6ZxU5X6VmK6JWuvc/view?usp=sharing,https://drive.google.com/file/d/1SMgQyG2jK0udW7NZ6ZxU5X6VmK6JWuvc/view?usp=sharing
Μαγειρευτά,ΟΧΙ,"Τηγανητό ρύζι με λαχανικά, αυγό και σόγια",Τηγανητό ρύζι (300γρ),"Ρύζι, Φρέσκο κρεμμυδάκι, Σκόρδο, Καρότο, Κολοκύθι, Λάχανο, Αυγό, Μανιτάρι, Σόγια, Sriracha sauce","Τηγανητό ρύζι με φρέσκο κρεμμύδι, καρότο, κολοκύθι, κόκκινο λάχανο, κινέζικο λάχανο, μανιτάρια, αυγό και σόγια (300γρ)",231-1,4.34,4.90,OK,"Τηγανητό ρύζι με φρέσκο κρεμμυδάκι, καρότο, κολοκύθι, κόκκινο λάχανο (300γρ)",0.58,0.66,0.14,0.17,0.72,0.72,0.83,16.59%,€3.62,13.36%,3.23%,434,70,10,12,https://drive.google.com/file/d/1r2_tz11bTUfetVU6nyTpGDovM0LnA9ll/view?usp=sharing,https://drive.google.com/file/d/1r2_tz11bTUfetVU6nyTpGDovM0LnA9ll/view?usp=sharing
Μαγειρευτά,ΝΑΙ,"Τηγανητό ρύζι με λαχανικά, αυγό και σόγια",Τηγανητό ρύζι (400γρ),"Ρύζι, Φρέσκο κρεμμυδάκι, Σκόρδο, Καρότο, Κολοκύθι, Λάχανο, Αυγό, Μανιτάρι, Σόγια, Sriracha sauce","Τηγανητό ρύζι με φρέσκο κρεμμύδι, καρότο, κολοκύθι, κόκκινο λάχανο, κινέζικο λάχανο, μανιτάρια, αυγό και σόγια (400γρ)",231-2,4.87,5.50,OK,"Τηγανητό ρύζι με φρέσκο κρεμμυδάκι, καρότο, κολοκύθι, κόκκινο λάχανο (400γρ)",0.77,0.87,0.14,0.17,0.91,0.91,1.04,18.69%,€3.96,15.81%,2.87%,579,93,13,16,https://drive.google.com/file/d/1r2_tz11bTUfetVU6nyTpGDovM0LnA9ll/view?usp=sharing,https://drive.google.com/file/d/1r2_tz11bTUfetVU6nyTpGDovM0LnA9ll/view?usp=sharing
Μαγειρευτά,ΟΧΙ,"Τηγανητό ρύζι με λαχανικά, αυγό και σόγια",Τηγανητό ρύζι (500γρ),"Ρύζι, Φρέσκο κρεμμυδάκι, Σκόρδο, Καρότο, Κολοκύθι, Λάχανο, Αυγό, Μανιτάρι, Σόγια, Sriracha sauce","Τηγανητό ρύζι με φρέσκο κρεμμύδι, καρότο, κολοκύθι, κόκκινο λάχανο, κινέζικο λάχανο, μανιτάρια, αυγό και σόγια (500γρ)",231-3,5.22,5.90,OK,"Τηγανητό ρύζι με φρέσκο κρεμμυδάκι, καρότο, κολοκύθι, κόκκινο λάχανο (450γρ)",0.86,0.97,0.14,0.17,1.00,1.00,1.15,19.16%,€4.22,16.48%,2.68%,651,104,15,18,https://drive.google.com/file/d/1r2_tz11bTUfetVU6nyTpGDovM0LnA9ll/view?usp=sharing,https://drive.google.com/file/d/1r2_tz11bTUfetVU6nyTpGDovM0LnA9ll/view?usp=sharing
Σαλάτες,ΟΧΙ,Τονοσαλάτα με baby πατάτες και μαγιονέζα light,"Baby πατάτες (160γρ), Τόνος (60γρ)","Πατάτα, Κάπαρη, Ντοματίνια, Τόνος, Ελιά, Μαγιονέζα light, Βαλσάμικο, Σχοινόπρασο, Μαϊντανός, Φρέσκο κρεμμυδάκι","Baby πατάτες (160γρ), Κάπαρη (5γρ), Ντοματίνια (100γρ), Τόνος (60γρ), Ελιές (20γρ), Φύλλα κάπαρης (2γρ), Ελαιόλαδο (20γρ), Μαγιονέζα light (20γρ), Βαλσάμικο (10γρ), Σχοινόπρασο (1γρ), Μαϊντανός (2γρ), Φρέσκο κρεμμύδι (10γρ)",226-1,7.52,8.50,Product Cost Change,"Πατάτα baby, μαγειρεμένη (160γρ), Κάπαρη  (5γρ), Ντοματίνια, ωμά (100γρ), Τόνος, κονσέρβα σε νερό (60γρ), Ελιά, πράσινη, ολόκληρη (20γρ), Φύλλα κάπαρης (2γρ), Ελαιόλαδο (20γρ), Μαγιονέζα light (20γρ), Βαλσάμικο ξύδι (10γρ), Σχοινόπρασο (1γρ), Μαϊντανός, φρέσκος (2γρ), Φρέσκο κρεμμυδάκι, ωμό (10γρ)",1.89,2.14,0.14,0.17,1.99,2.03,2.31,26.99%,€5.49,25.13%,1.86%,474,38,19,28,https://drive.google.com/file/d/1VotgTqAxGRlp3NXkQF79_nQK-VBuHRbL/view?usp=sharing,https://drive.google.com/file/d/1VotgTqAxGRlp3NXkQF79_nQK-VBuHRbL/view?usp=sharing
Σαλάτες,ΝΑΙ,Τονοσαλάτα με baby πατάτες και μαγιονέζα light,"Baby πατάτες (240γρ), Τόνος (90γρ)","Πατάτα, Κάπαρη, Ντοματίνια, Τόνος, Ελιά, Μαγιονέζα light, Βαλσάμικο, Σχοινόπρασο, Μαϊντανός, Φρέσκο κρεμμυδάκι","Baby πατάτες (240γρ), Κάπαρη (10γρ), Ντοματίνια (150γρ), Τόνος (90γρ), Ελιές (25γρ), Φύλλα κάπαρης (2γρ), Ελαιόλαδο (30γρ), Μαγιονέζα light (30γρ), Βαλσάμικο (15γρ), Σχοινόπρασο (1γρ), Μαϊντανός (2γρ), Φρέσκο κρεμμύδι (10γρ)",226-2,8.76,9.90,Product Cost Change,"Πατάτα baby, μαγειρεμένη (240γρ), Κάπαρη  (10γρ), Ντοματίνια, ωμά (150γρ), Τόνος, κονσέρβα σε νερό (90γρ), Ελιά, πράσινη, ολόκληρη (25γρ), Φύλλα κάπαρης (2γρ), Ελαιόλαδο (30γρ), Μαγιονέζα light (30γρ), Βαλσάμικο ξύδι (15γρ), Σχοινόπρασο (1γρ), Μαϊντανός, φρέσκος (2γρ), Φρέσκο κρεμμυδάκι, ωμό (10γρ)",2.78,3.14,0.14,0.17,2.87,2.92,3.32,33.33%,€5.84,31.74%,1.60%,703,57,29,42,https://drive.google.com/file/d/1VotgTqAxGRlp3NXkQF79_nQK-VBuHRbL/view?usp=sharing,https://drive.google.com/file/d/1VotgTqAxGRlp3NXkQF79_nQK-VBuHRbL/view?usp=sharing
Σαλάτες,ΟΧΙ,"Τονοσαλάτα με βίδες ολικής, τυρί κρέμα light, καλαμόκι και λιαστή ντομάτα","Βίδες ολικής (140γρ), Τόνος (60γρ)","Ζυμαρικό, Τόνος, Τυρί κρέμα light, Cheddar light, Αγγούρι, Μουστάρδα, Καλαμπόκι, Κόκκινη πιπεριά, Πράσινη πιπεριά, Φρέσκο κρεμμυδάκι, Λιαστή ντομάτα, Μαϊντανός, Δυόσμος","Βίδες ολικής (140γρ), Τόνος (60γρ), Τυρί κρέμα light (40γρ), Cheddar light (20γρ), Αγγούρι (20γρ), Λιαστή ντομάτα (20γρ), Μουστάρδα (20γρ), Καλαμπόκι (30γρ), Κόκκινη πιπεριά (10γρ), Πράσινη πιπεριά (10γρ), Φρέσκο κρεμμύδι (5γρ)",108-1,7.88,8.90,Product Cost Change,"Βίδες ολικής, μαγειρεμένες (140γρ), Τόνος, κονσέρβα σε νερό (60γρ), Τυρί κρέμα, light (40γρ), Cheddar light (20γρ), Αγγούρι, ωμό (20γρ), Μουστάρδα (20γρ), Καλαμπόκι, κονσέρβα (30γρ), Κόκκινη πιπεριά γλυκιά, ωμή (10γρ), Πράσινη πιπεριά, ωμή (10γρ), Φρέσκο κρεμμυδάκι, ωμό (5γρ), Λιαστή ντομάτα (20γρ), Μαϊντανός, φρέσκος (5γρ), Δυόσμος (5γρ)",2.15,2.43,0.14,0.17,2.28,2.29,2.60,29.06%,€5.59,27.28%,1.78%,476,57,34,15,https://drive.google.com/file/d/1hhokUimzBFvhEoVOUd3GxTXjxK403s-z/view?usp=sharing,https://drive.google.com/file/d/1hhokUimzBFvhEoVOUd3GxTXjxK403s-z/view?usp=sharing
Σαλάτες,ΝΑΙ,"Τονοσαλάτα με βίδες ολικής, τυρί κρέμα light, καλαμόκι και λιαστή ντομάτα","Βίδες ολικής (210γρ), Τόνος (60γρ)","Ζυμαρικό, Τόνος, Τυρί κρέμα light, Cheddar light, Αγγούρι, Μουστάρδα, Καλαμπόκι, Κόκκινη πιπεριά, Πράσινη πιπεριά, Φρέσκο κρεμμυδάκι, Λιαστή ντομάτα, Μαϊντανός, Δυόσμος","Βίδες ολικής (210γρ), Τόνος (60γρ), Τυρί κρέμα light (40γρ), Cheddar light (20γρ), Αγγούρι (20γρ), Λιαστή ντομάτα (20γρ), Μουστάρδα (20γρ), Καλαμπόκι (30γρ), Κόκκινη πιπεριά (10γρ), Πράσινη πιπεριά (10γρ), Φρέσκο κρεμμύδι (5γρ)",108-2,8.76,9.90,Product Cost Change,"Βίδες ολικής, μαγειρεμένες (210γρ), Τόνος, κονσέρβα σε νερό (60γρ), Τυρί κρέμα, light (40γρ), Cheddar light (20γρ), Αγγούρι, ωμό (20γρ), Μουστάρδα (20γρ), Καλαμπόκι, κονσέρβα (30γρ), Κόκκινη πιπεριά γλυκιά, ωμή (10γρ), Πράσινη πιπεριά, ωμή (10γρ), Φρέσκο κρεμμυδάκι, ωμό (5γρ), Λιαστή ντομάτα (20γρ), Μαϊντανός, φρέσκος (5γρ), Δυόσμος (5γρ)",2.25,2.54,0.14,0.17,2.38,2.39,2.72,27.28%,€6.37,25.68%,1.60%,580,77,38,16,https://drive.google.com/file/d/1hhokUimzBFvhEoVOUd3GxTXjxK403s-z/view?usp=sharing,https://drive.google.com/file/d/1hhokUimzBFvhEoVOUd3GxTXjxK403s-z/view?usp=sharing
Σαλάτες,ΟΧΙ,"Τονοσαλάτα με βίδες ολικής, τυρί κρέμα light, καλαμόκι και λιαστή ντομάτα","Βίδες ολικής (210γρ), Τόνος (90γρ)","Ζυμαρικό, Τόνος, Τυρί κρέμα light, Cheddar light, Αγγούρι, Μουστάρδα, Καλαμπόκι, Κόκκινη πιπεριά, Πράσινη πιπεριά, Φρέσκο κρεμμυδάκι, Λιαστή ντομάτα, Μαϊντανός, Δυόσμος","Βίδες ολικής (210γρ), Τόνος (90γρ), Τυρί κρέμα light (50γρ), Cheddar light (20γρ), Αγγούρι (20γρ), Λιαστή ντομάτα (20γρ), Μουστάρδα (20γρ), Καλαμπόκι (30γρ), Κόκκινη πιπεριά (10γρ), Πράσινη πιπεριά (10γρ), Φρέσκο κρεμμύδι (5γρ)",108-3,9.65,10.90,Product Cost Change,"Βίδες ολικής, μαγειρεμένες (210γρ), Τόνος, κονσέρβα σε νερό (90γρ), Τυρί κρέμα, light (50γρ), Cheddar light (20γρ), Αγγούρι, ωμό (20γρ), Μουστάρδα (20γρ), Καλαμπόκι, κονσέρβα (30γρ), Κόκκινη πιπεριά γλυκιά, ωμή (10γρ), Πράσινη πιπεριά, ωμή (10γρ), Φρέσκο κρεμμυδάκι, ωμό (5γρ), Λιαστή ντομάτα (20γρ), Μαϊντανός, φρέσκος (5γρ), Δυόσμος (5γρ)",2.72,3.07,0.14,0.17,2.85,2.86,3.25,29.64%,€6.79,28.19%,1.45%,631,78,46,18,https://drive.google.com/file/d/1hhokUimzBFvhEoVOUd3GxTXjxK403s-z/view?usp=sharing,https://drive.google.com/file/d/1hhokUimzBFvhEoVOUd3GxTXjxK403s-z/view?usp=sharing
Πρωϊνά,ΝΑΙ,"Wrap ολικής με αυγό, γαλοπούλα και τυρί κρέμα",Wrap ολικής με αυγό βραστό (60γρ),"Τορτίγια, Αυγό, Τυρί κρέμα light, Γαλοπούλα, Αγγούρι, Ντομάτα, Worcestershire sauce, Μαγιονέζα light, Λαχανικά, Ketchup","Wrap ολικής (60γρ), Τυρί κρέμα light (15γρ), Αυγό βραστό (50γρ), Γαλοπούλα βραστή (15γρ), Αγγούρι (15γρ), Ντομάτα (20γρ), Sauce cocktail (20γρ), Πράσινη σαλάτα (15γρ) ",21-1,4.34,4.90,Product Cost Change,"Τορτίγια ολικής, μικρή  (60γρ), Αυγό ολόκληρο, βραστό (50γρ), Τυρί κρέμα, light (15γρ), Γαλοπούλα βραστή, σε φέτες (15γρ), Αγγούρι, ωμό (15γρ), Ντομάτα, ωμή (20γρ), Sauce cocktail (20γρ), Λαχανικά, ωμά (15γρ)",1.03,1.16,0.20,0.25,1.22,1.23,1.41,28.35%,€3.11,23.73%,4.61%,390,37,16,20,https://drive.google.com/file/d/1xA-DOtuA5yhQg4Qg60hL3ilyb-YIjGUk/view?usp=sharing,https://drive.google.com/file/d/1xA-DOtuA5yhQg4Qg60hL3ilyb-YIjGUk/view?usp=sharing
Πρωϊνά,ΟΧΙ,"Wrap ολικής με αυγό, γαλοπούλα και τυρί κρέμα",Wrap ολικής με αυγό βραστό (90γρ),"Τορτίγια, Αυγό, Τυρί κρέμα light, Γαλοπούλα, Αγγούρι, Ντομάτα, Worcestershire sauce, Μαγιονέζα light, Λαχανικά, Ketchup","Wrap ολικής (90γρ), Τυρί κρέμα light (30γρ), Αυγό βραστό (50γρ), Γαλοπούλα βραστή (15γρ), Αγγούρι (20γρ), Ντομάτα (25γρ), Sauce cocktail (30γρ), Πράσινη σαλάτα (25γρ) ",21-2,5.22,5.90,Product Cost Change,"Τορτίγια ολικής, μεγάλη (90γρ), Αυγό ολόκληρο, βραστό (50γρ), Τυρί κρέμα, light (30γρ), Γαλοπούλα βραστή, σε φέτες (15γρ), Αγγούρι, ωμό (20γρ), Ντομάτα, ωμή (25γρ), Sauce cocktail (30γρ), Λαχανικά, ωμά (25γρ)",1.31,1.48,0.20,0.25,1.50,1.51,1.73,28.93%,€3.71,25.10%,3.84%,554,55,20,28,https://drive.google.com/file/d/1xA-DOtuA5yhQg4Qg60hL3ilyb-YIjGUk/view?usp=sharing,https://drive.google.com/file/d/1xA-DOtuA5yhQg4Qg60hL3ilyb-YIjGUk/view?usp=sharing
Πρωϊνά,ΝΑΙ,"Wrap ολικής με κοτοσαλάτα, καλαμπόκι, αμύγδαλα και γιαούρτι 2%",Chicken Salad Wrap με φιλέτο κοτόπουλο (60γρ),"Τορτίγια, Κοτόπουλο, Γιαούρτι, Καλαμπόκι, Μαγιονέζα light, Μουστάρδα, Σέλερι, Κρεμμύδι, Αμύγδαλο, Μαρούλι, Καρότο","Wrap ολικής (60γρ), Φιλέτο κοτόπουλο (60γρ), Καλαμπόκι (10γρ), Γιαούρτι 2% (10γρ), Μουστάρδα (5γρ), Μαγιονέζα light (15γρ), Καρότο (20γρ), Σέλερι (15γρ), Κόκκινο κρεμμύδι (5γρ), Αμύγδαλο φιλέ (5γρ), Μαρούλι (15γρ)",8-1,4.87,5.50,OK,"Τορτίγια ολικής, μικρή  (60γρ), Κοτόπουλο στήθος, μαγειρεμένο (60γρ), Γιαούρτι 2% (10γρ), Καλαμπόκι, κονσέρβα (10γρ), Μαγιονέζα light (15γρ), Μουστάρδα (5γρ), Σέλερι, ωμό (15γρ), Κρεμμύδι κόκκινο, ωμό (5γρ), Αμύγδαλο, ωμό, ανάλατο (5γρ), Μαρούλι, ωμό (15γρ), Καρότο, ωμό (20γρ)",1.20,1.36,0.20,0.25,1.40,1.40,1.60,28.75%,€3.47,24.64%,4.11%,370,37,27,12,https://drive.google.com/file/d/1ST-_rgnCjs7rQ7fQzx38r_aSNCLSXsEb/view?usp=sharing,https://drive.google.com/file/d/1ST-_rgnCjs7rQ7fQzx38r_aSNCLSXsEb/view?usp=sharing
Πρωϊνά,ΟΧΙ,"Wrap ολικής με κοτοσαλάτα, καλαμπόκι, αμύγδαλα και γιαούρτι 2%",Chicken Salad Wrap με φιλέτο κοτόπουλο (90γρ),"Τορτίγια, Κοτόπουλο, Γιαούρτι, Καλαμπόκι, Μαγιονέζα light, Μουστάρδα, Σέλερι, Κρεμμύδι, Αμύγδαλο, Μαρούλι, Καρότο","Wrap ολικής (90γρ), Φιλέτο κοτόπουλο (90γρ), Καλαμπόκι (15γρ), Γιαούρτι 2% (15γρ), Μουστάρδα (10γρ), Μαγιονέζα light (20γρ), Καρότο (25γρ), Σέλερι (20γρ), Κόκκινο κρεμμύδι (5γρ), Αμύγδαλο φιλέ (5γρ), Μαρούλι (25γρ)",8-2,6.11,6.90,Product Cost Change,"Τορτίγια ολικής, μεγάλη (90γρ), Κοτόπουλο στήθος, μαγειρεμένο (90γρ), Γιαούρτι 2% (15γρ), Καλαμπόκι, κονσέρβα (15γρ), Μαγιονέζα light (20γρ), Μουστάρδα (10γρ), Σέλερι, ωμό (20γρ), Κρεμμύδι κόκκινο, ωμό (5γρ), Αμύγδαλο, ωμό, ανάλατο (5γρ), Μαρούλι, ωμό (25γρ), Καρότο, ωμό (25γρ)",1.62,1.83,0.20,0.25,1.83,1.82,2.08,29.79%,€4.29,26.51%,3.28%,532,54,40,16,https://drive.google.com/file/d/1ST-_rgnCjs7rQ7fQzx38r_aSNCLSXsEb/view?usp=sharing,https://drive.google.com/file/d/1ST-_rgnCjs7rQ7fQzx38r_aSNCLSXsEb/view?usp=sharing
Πρωϊνά,ΝΑΙ,Wrap ολικής με τονοσαλάτα και sweet chili,Wrap ολικής γεμιστό με τονοσαλάτα (60γρ),"Τορτίγια, Τόνος, Μαγιονέζα light, Γιαούρτι, Σέλερι, Sweet chilli, Μουστάρδα, Κρεμμύδι, Καρότο, Σπανάκι, Καλαμπόκι, Σόγια, Φρέσκο κρεμμυδάκι, Κόκκινη πιπεριά, Κόλιανδρος","Wrap ολικής (60γρ), Τόνος (60γρ), Μαγιονέζα light (15γρ), Γιαούρτι 2% (15γρ), Σόγια (2γρ), Sweet chilli (10γρ), Μουστάρδα (7γρ), Σέλερι (10γρ), Κόκκινο κρεμμύδι (5γρ), Καρότο (25γρ), Κόκκινη πιπεριά (15γρ), Κόλιανδρος (2γρ), Φρέσκο κρεμμύδι (2γρ), Καλαμπόκι (10γρ), Baby σπανάκι (15γρ)",9-1,4.87,5.50,OK,"Τορτίγια ολικής, μικρή  (60γρ), Τόνος, κονσέρβα σε νερό (60γρ), Μαγιονέζα light (15γρ), Γιαούρτι 2% (15γρ), Σέλερι, ωμό (10γρ), Sweet chilli (10γρ), Μουστάρδα (7γρ), Κρεμμύδι κόκκινο, ωμό (5γρ), Καρότο, ωμό (25γρ), Σπανάκι baby, ωμό (15γρ), Καλαμπόκι, κονσέρβα (10γρ), Soy sauce (2γρ), Φρέσκο κρεμμυδάκι, ωμό (2γρ), Κόκκινη πιπεριά γλυκιά, ωμή (15γρ), Κόλιανδρος (2γρ)",1.64,1.85,0.20,0.25,1.84,1.84,2.10,37.79%,€3.03,33.68%,4.11%,334,42,23,8,https://drive.google.com/file/d/1k5kdwpJHB0cLUtSAGvAcYAPpXV5goPV8/view?usp=sharing,https://drive.google.com/file/d/1k5kdwpJHB0cLUtSAGvAcYAPpXV5goPV8/view?usp=sharing
Πρωϊνά,ΟΧΙ,Wrap ολικής με τονοσαλάτα και sweet chili,Wrap ολικής γεμιστό με τονοσαλάτα (90γρ),"Τορτίγια, Τόνος, Μαγιονέζα light, Γιαούρτι, Σέλερι, Sweet chilli, Μουστάρδα, Κρεμμύδι, Καρότο, Σπανάκι, Καλαμπόκι, Σόγια, Φρέσκο κρεμμυδάκι, Κόκκινη πιπεριά, Κόλιανδρος","Wrap ολικής (90γρ), Τόνος (90γρ), Μαγιονέζα light (20γρ), Γιαούρτι 2% (20γρ), Σόγια (4γρ), Sweet chilli (20γρ), Μουστάρδα (10γρ), Σέλερι (20γρ), Κόκκινο κρεμμύδι (8γρ), Καρότο (45γρ), Κόκκινη πιπεριά (20γρ), Κόλιανδρος (4γρ), Φρέσκο κρεμμύδι (5γρ), Καλαμπόκι (15γρ), Baby σπανάκι (20γρ)",9-2,6.64,7.50,OK,"Τορτίγια ολικής, μεγάλη (90γρ), Τόνος, κονσέρβα σε νερό (90γρ), Μαγιονέζα light (20γρ), Γιαούρτι 2% (20γρ), Σέλερι, ωμό (20γρ), Sweet chilli (20γρ), Μουστάρδα (10γρ), Κρεμμύδι, ωμό (8γρ), Καρότο, ωμό (45γρ), Σπανάκι baby, ωμό (20γρ), Καλαμπόκι, κονσέρβα (15γρ), Soy sauce (4γρ), Φρέσκο κρεμμυδάκι, ωμό (5γρ), Κόκκινη πιπεριά γλυκιά, ωμή (20γρ), Κόλιανδρος (4γρ)",2.34,2.64,0.20,0.25,2.54,2.54,2.89,38.26%,€4.10,35.24%,3.02%,505,67,35,11,https://drive.google.com/file/d/1k5kdwpJHB0cLUtSAGvAcYAPpXV5goPV8/view?usp=sharing,https://drive.google.com/file/d/1k5kdwpJHB0cLUtSAGvAcYAPpXV5goPV8/view?usp=sharing
Σαλάτες,ΟΧΙ,Φακές σαλάτα με μαύρο ρύζι και κατίκι Δομοκού,"Φακές σαλάτα (200γρ), Κατίκι Δομοκού (30γρ)","Φακή, Ρύζι, Κατίκι, Βαλσάμικο, Άνηθος, Μαϊντανός, Δυόσμος","Φακές (100γρ), Μαύρο ρύζι (100γρ), Κατίκι Δομοκού (30γρ), Ελαιόλαδο (15γρ), Βαλσάμικο (10γρ), Μυρωδικά (30γρ)",100-1,6.64,7.50,Product Cost Change,"Φακή, μαγειρεμένη (100γρ), Μαύρο ρύζι, μαγειρεμένο (100γρ), Κατίκι (30γρ), Ελαιόλαδο (15γρ), Βαλσάμικο κρέμα (10γρ), Άνηθος, φρέσκος (10γρ), Μαϊντανός, φρέσκος (10γρ), Δυόσμος (10γρ)",1.48,1.67,0.14,0.17,1.61,1.62,1.85,24.40%,€5.02,22.29%,2.11%,483,62,16,20,https://drive.google.com/file/d/11gOj6uRUzaFrR4lwYcOuY_3A0X7bAvy-/view?usp=sharing,https://drive.google.com/file/d/11gOj6uRUzaFrR4lwYcOuY_3A0X7bAvy-/view?usp=sharing
Σαλάτες,ΟΧΙ,Φακές σαλάτα με μαύρο ρύζι και κατίκι Δομοκού,"Φακές σαλάτα (200γρ), Κατίκι Δομοκού (60γρ)","Φακή, Ρύζι, Κατίκι, Βαλσάμικο, Άνηθος, Μαϊντανός, Δυόσμος","Φακές (100γρ), Μαύρο ρύζι (100γρ), Κατίκι Δομοκού (60γρ), Ελαιόλαδο (15γρ), Βαλσάμικο (10γρ), Μυρωδικά (30γρ)",100-2,6.99,7.90,Product Cost Change,"Φακή, μαγειρεμένη (100γρ), Μαύρο ρύζι, μαγειρεμένο (100γρ), Κατίκι (60γρ), Ελαιόλαδο (15γρ), Βαλσάμικο κρέμα (10γρ), Άνηθος, φρέσκος (10γρ), Μαϊντανός, φρέσκος (10γρ), Δυόσμος (10γρ)",1.75,1.98,0.14,0.17,1.88,1.89,2.15,27.04%,€5.10,25.04%,2.00%,534,63,19,23,https://drive.google.com/file/d/11gOj6uRUzaFrR4lwYcOuY_3A0X7bAvy-/view?usp=sharing,https://drive.google.com/file/d/11gOj6uRUzaFrR4lwYcOuY_3A0X7bAvy-/view?usp=sharing
Σαλάτες,ΟΧΙ,Φακές σαλάτα με μαύρο ρύζι και κατίκι Δομοκού,"Φακές σαλάτα (200γρ), Κατίκι Δομοκού (90γρ)","Φακή, Ρύζι, Κατίκι, Βαλσάμικο, Άνηθος, Μαϊντανός, Δυόσμος","Φακές (100γρ), Μαύρο ρύζι (100γρ), Κατίκι Δομοκού (90γρ), Ελαιόλαδο (15γρ), Βαλσάμικο (10γρ), Μυρωδικά (30γρ)",100-3,7.52,8.50,Product Cost Change,"Φακή, μαγειρεμένη (100γρ), Μαύρο ρύζι, μαγειρεμένο (100γρ), Κατίκι (90γρ), Ελαιόλαδο (15γρ), Βαλσάμικο κρέμα (10γρ), Άνηθος, φρέσκος (10γρ), Μαϊντανός, φρέσκος (10γρ), Δυόσμος (10γρ)",2.01,2.27,0.14,0.17,2.14,2.15,2.44,28.59%,€5.37,26.73%,1.86%,585,64,22,27,https://drive.google.com/file/d/11gOj6uRUzaFrR4lwYcOuY_3A0X7bAvy-/view?usp=sharing,https://drive.google.com/file/d/11gOj6uRUzaFrR4lwYcOuY_3A0X7bAvy-/view?usp=sharing
Σαλάτες,ΟΧΙ,Φακές σαλάτα με μαύρο ρύζι και κατίκι Δομοκού,"Φακές σαλάτα (300γρ), Κατίκι Δομοκού (30γρ)","Φακή, Ρύζι, Κατίκι, Βαλσάμικο, Άνηθος, Μαϊντανός, Δυόσμος","Φακές (150γρ), Μαύρο ρύζι (150γρ), Κατίκι Δομοκού (30γρ), Ελαιόλαδο (20γρ), Βαλσάμικο (10γρ), Μυρωδικά (30γρ)",100-4,7.43,8.40,Product Cost Change,"Φακή, μαγειρεμένη (150γρ), Μαύρο ρύζι, μαγειρεμένο (150γρ), Κατίκι (30γρ), Ελαιόλαδο (20γρ), Βαλσάμικο κρέμα (10γρ), Άνηθος, φρέσκος (10γρ), Μαϊντανός, φρέσκος (10γρ), Δυόσμος (10γρ)",1.77,2.00,0.14,0.17,1.90,1.91,2.17,25.71%,€5.52,23.82%,1.88%,658,89,22,25,https://drive.google.com/file/d/11gOj6uRUzaFrR4lwYcOuY_3A0X7bAvy-/view?usp=sharing,https://drive.google.com/file/d/11gOj6uRUzaFrR4lwYcOuY_3A0X7bAvy-/view?usp=sharing
Σαλάτες,ΝΑΙ,Φακές σαλάτα με μαύρο ρύζι και κατίκι Δομοκού,"Φακές σαλάτα (300γρ), Κατίκι Δομοκού (60γρ)","Φακή, Ρύζι, Κατίκι, Βαλσάμικο, Άνηθος, Μαϊντανός, Δυόσμος","Φακές (150γρ), Μαύρο ρύζι (150γρ), Κατίκι Δομοκού (60γρ), Ελαιόλαδο (20γρ), Βαλσάμικο (10γρ), Μυρωδικά (30γρ)",100-5,7.88,8.90,Product Cost Change,"Φακή, μαγειρεμένη (150γρ), Μαύρο ρύζι, μαγειρεμένο (150γρ), Κατίκι (60γρ), Ελαιόλαδο (20γρ), Βαλσάμικο κρέμα (10γρ), Άνηθος, φρέσκος (10γρ), Μαϊντανός, φρέσκος (10γρ), Δυόσμος (10γρ)",2.04,2.31,0.14,0.17,2.17,2.18,2.48,27.66%,€5.70,25.89%,1.78%,709,90,25,29,https://drive.google.com/file/d/11gOj6uRUzaFrR4lwYcOuY_3A0X7bAvy-/view?usp=sharing,https://drive.google.com/file/d/11gOj6uRUzaFrR4lwYcOuY_3A0X7bAvy-/view?usp=sharing
Σαλάτες,ΟΧΙ,Φακές σαλάτα με μαύρο ρύζι και κατίκι Δομοκού,"Φακές σαλάτα (300γρ), Κατίκι Δομοκού (90γρ)","Φακή, Ρύζι, Κατίκι, Βαλσάμικο, Άνηθος, Μαϊντανός, Δυόσμος","Φακές (150γρ), Μαύρο ρύζι (150γρ), Κατίκι Δομοκού (90γρ), Ελαιόλαδο (20γρ), Βαλσάμικο (10γρ), Μυρωδικά (30γρ)",100-6,8.32,9.40,Product Cost Change,"Φακή, μαγειρεμένη (150γρ), Μαύρο ρύζι, μαγειρεμένο (150γρ), Κατίκι (90γρ), Ελαιόλαδο (20γρ), Βαλσάμικο κρέμα (10γρ), Άνηθος, φρέσκος (10γρ), Μαϊντανός, φρέσκος (10γρ), Δυόσμος (10γρ)",2.31,2.61,0.14,0.17,2.44,2.45,2.78,29.45%,€5.87,27.76%,1.68%,759,91,28,33,https://drive.google.com/file/d/11gOj6uRUzaFrR4lwYcOuY_3A0X7bAvy-/view?usp=sharing,https://drive.google.com/file/d/11gOj6uRUzaFrR4lwYcOuY_3A0X7bAvy-/view?usp=sharing
Μαγειρευτά,ΟΧΙ,Φακές σούπα με καρότο και παξιμαδάκια χαρουπιού,"Φακές (250γρ), Παξιμαδάκια χαρουπιού (25γρ)","Φακή, Κρεμμύδι, Σκόρδο, Καρότο, Σέλερι, Ντομάτα, Ζωμός λαχανικών, Παξιμάδι χαρουπιού","Φακές σούπα (250γρ), Παξιμαδάκια χαρουπιού (25γρ)",133-1,6.64,7.50,OK,"Σούπα φακές με καρότο (250γρ), Παξιμαδάκια χαρουπιού (25γρ)",0.69,0.78,0.22,0.28,0.91,0.91,1.06,13.76%,€5.73,10.39%,3.37%,291,45,11,8,https://drive.google.com/file/d/1T1GWGWxjdVH78e0m0A3hkId4kh2JWg2p/view?usp=sharing,https://drive.google.com/file/d/1T1GWGWxjdVH78e0m0A3hkId4kh2JWg2p/view?usp=sharing
Μαγειρευτά,ΟΧΙ,Φακές σούπα με καρότο και παξιμαδάκια χαρουπιού,"Φακές (300γρ), Παξιμαδάκια χαρουπιού (25γρ)","Φακή, Κρεμμύδι, Σκόρδο, Καρότο, Σέλερι, Ντομάτα, Ζωμός λαχανικών, Παξιμάδι χαρουπιού","Φακές σούπα (300γρ), Παξιμαδάκια χαρουπιού (25γρ)",133-2,6.99,7.90,OK,"Σούπα φακές με καρότο (300γρ), Παξιμαδάκια χαρουπιού (25γρ)",0.78,0.88,0.22,0.28,1.00,1.00,1.16,14.36%,€5.99,11.16%,3.20%,329,50,13,9,https://drive.google.com/file/d/1T1GWGWxjdVH78e0m0A3hkId4kh2JWg2p/view?usp=sharing,https://drive.google.com/file/d/1T1GWGWxjdVH78e0m0A3hkId4kh2JWg2p/view?usp=sharing
Μαγειρευτά,ΝΑΙ,Φακές σούπα με καρότο και παξιμαδάκια χαρουπιού,"Φακές (350γρ), Παξιμαδάκια χαρουπιού (25γρ)","Φακή, Κρεμμύδι, Σκόρδο, Καρότο, Σέλερι, Ντομάτα, Ζωμός λαχανικών, Παξιμάδι χαρουπιού","Φακές σούπα (350γρ), Παξιμαδάκια χαρουπιού (25γρ)",133-3,7.52,8.50,OK,"Σούπα φακές με καρότο (350γρ), Παξιμαδάκια χαρουπιού (25γρ)",0.87,0.98,0.22,0.28,1.09,1.09,1.26,14.54%,€6.43,11.57%,2.97%,368,56,14,10,https://drive.google.com/file/d/1T1GWGWxjdVH78e0m0A3hkId4kh2JWg2p/view?usp=sharing,https://drive.google.com/file/d/1T1GWGWxjdVH78e0m0A3hkId4kh2JWg2p/view?usp=sharing
Μαγειρευτά,ΟΧΙ,Φακές σούπα με καρότο και παξιμαδάκια χαρουπιού,"Φακές (400γρ), Παξιμαδάκια χαρουπιού (25γρ)","Φακή, Κρεμμύδι, Σκόρδο, Καρότο, Σέλερι, Ντομάτα, Ζωμός λαχανικών, Παξιμάδι χαρουπιού","Φακές σούπα (400γρ), Παξιμαδάκια χαρουπιού (25γρ)",133-4,7.88,8.90,OK,"Σούπα φακές με καρότο (400γρ), Παξιμαδάκια χαρουπιού (25γρ)",0.96,1.08,0.22,0.28,1.18,1.18,1.36,15.02%,€6.70,12.18%,2.84%,406,62,16,11,https://drive.google.com/file/d/1T1GWGWxjdVH78e0m0A3hkId4kh2JWg2p/view?usp=sharing,https://drive.google.com/file/d/1T1GWGWxjdVH78e0m0A3hkId4kh2JWg2p/view?usp=sharing
Σαλάτες,ΟΧΙ,"Φακόσαλατα με φαγόπυρο, ψητή γλυκοπατάτα και κατίκι Δομοκού","Φακοσαλάτα με κατίκι (30γρ), Dressing (20γρ)","Φακή, Σπανάκι, Φαγόπυρο, Κατίκι, Γλυκοπατάτα, Φρέσκο κρεμμυδάκι","Φακές (150γρ), Baby σπανάκι (50γρ), Φαγόπυρο (60γρ), Κατίκι Δομοκού (30γρ), Ψητή γλυκοπατάτα (100γρ), Φρέσκο κρεμμύδι (10γρ), Ελαιόλαδο (20γρ)",99-1,7.52,8.50,OK,"Φακή, μαγειρεμένη (150γρ), Σπανάκι baby, ωμό (50γρ), Φαγόπυρο, μαγειρεμένο (60γρ), Κατίκι (30γρ), Γλυκοπατάτα, μαγειρεμένη (100γρ), Φρέσκο κρεμμυδάκι, ωμό (10γρ), Ελαιόλαδο (20γρ)",1.43,1.62,0.14,0.17,1.57,1.57,1.79,20.88%,€5.95,19.02%,1.86%,561,66,22,25,https://drive.google.com/file/d/18bblz1MDXjru-R8_eZiPX1iqYOALFBr-/view?usp=sharing,https://drive.google.com/file/d/18bblz1MDXjru-R8_eZiPX1iqYOALFBr-/view?usp=sharing
Σαλάτες,ΝΑΙ,"Φακόσαλατα με φαγόπυρο, ψητή γλυκοπατάτα και κατίκι Δομοκού","Φακοσαλάτα με κατίκι (60γρ), Dressing (20γρ)","Φακή, Σπανάκι, Φαγόπυρο, Κατίκι, Γλυκοπατάτα, Φρέσκο κρεμμυδάκι","Φακές (150γρ), Baby σπανάκι (50γρ), Φαγόπυρο (60γρ), Κατίκι Δομοκού (60γρ), Ψητή γλυκοπατάτα (100γρ), Φρέσκο κρεμμύδι (10γρ), Ελαιόλαδο (20γρ)",99-2,7.88,8.90,OK,"Φακή, μαγειρεμένη (150γρ), Σπανάκι baby, ωμό (50γρ), Φαγόπυρο, μαγειρεμένο (60γρ), Κατίκι (60γρ), Γλυκοπατάτα, μαγειρεμένη (100γρ), Φρέσκο κρεμμυδάκι, ωμό (10γρ), Ελαιόλαδο (20γρ)",1.69,1.91,0.14,0.17,1.83,1.83,2.08,23.22%,€6.05,21.45%,1.78%,612,67,25,29,https://drive.google.com/file/d/18bblz1MDXjru-R8_eZiPX1iqYOALFBr-/view?usp=sharing,https://drive.google.com/file/d/18bblz1MDXjru-R8_eZiPX1iqYOALFBr-/view?usp=sharing
Σαλάτες,ΟΧΙ,"Φακόσαλατα με φαγόπυρο, ψητή γλυκοπατάτα και κατίκι Δομοκού","Φακοσαλάτα με κατίκι (90γρ), Dressing (20γρ)","Φακή, Σπανάκι, Φαγόπυρο, Κατίκι, Γλυκοπατάτα, Φρέσκο κρεμμυδάκι","Φακές (150γρ), Baby σπανάκι (50γρ), Φαγόπυρο (60γρ), Κατίκι Δομοκού (90γρ), Ψητή γλυκοπατάτα (100γρ), Φρέσκο κρεμμύδι (10γρ), Ελαιόλαδο (20γρ)",99-3,8.41,9.50,OK,"Φακή, μαγειρεμένη (150γρ), Σπανάκι baby, ωμό (50γρ), Φαγόπυρο, μαγειρεμένο (60γρ), Κατίκι (90γρ), Γλυκοπατάτα, μαγειρεμένη (100γρ), Φρέσκο κρεμμυδάκι, ωμό (10γρ), Ελαιόλαδο (20γρ)",1.96,2.21,0.14,0.17,2.10,2.10,2.39,24.97%,€6.31,23.31%,1.66%,663,68,28,33,https://drive.google.com/file/d/18bblz1MDXjru-R8_eZiPX1iqYOALFBr-/view?usp=sharing,https://drive.google.com/file/d/18bblz1MDXjru-R8_eZiPX1iqYOALFBr-/view?usp=sharing
Σαλάτες,ΝΑΙ,"Χωριάτικη σαλάτα με ντοματίνια, αγγούρι, φέτα, πράσινη πιπεριά, κόκκινο κρεμμύδι, ελιές, κρίταμο, ρίγανη, παξιμαδάκια χαρουπιού και ελαιόλαδο","Ντοματίνια (150γρ), Αγγούρι (80γρ), Φέτα (50γρ), Πράσινη πιπεριά (20γρ), Κόκκινο κρεμμύδι (20γρ), Ελιές (20γρ), Κρίταμος (5γρ), Παξιμαδάκια χαρουπιού (50γρ), Ελαιόλαδο (30γρ)","Ντοματίνια, Αγγούρι, Φέτα, Πράσινη πιπεριά, Κρεμμύδι, Ελιά, Κρίταμος, Παξιμάδι χαρουπιού, Ελαιόλαδο","Ντοματίνια (150γρ), Αγγούρι (80γρ), Φέτα (50γρ), Πράσινη πιπεριά (20γρ), Κόκκινο κρεμμύδι (20γρ), Ελιές (20γρ), Κρίταμος (5γρ), Παξιμαδάκια χαρουπιού (50γρ), Ελαιόλαδο (30γρ)",290,8.76,9.90,Product Cost Change,"Ντοματίνια, ωμά (150γρ), Αγγούρι, ωμό (80γρ), Φέτα (50γρ), Πράσινη πιπεριά, ωμή (20γρ), Κρεμμύδι κόκκινο, ωμό (20γρ), Ελιά, πράσινη, ολόκληρη (20γρ), Ελαιόλαδο (30γρ), Κρίταμος (5γρ), Παξιμαδάκια χαρουπιού (50γρ), Ρίγανη (1γρ), Αλάτι ψιλό (2γρ), Μαύρο πιπέρι (0,2γρ)",2.13,2.41,0.08,0.10,2.14,2.21,2.51,25.27%,€6.55,24.32%,0.96%,674,46,16,48,https://drive.google.com/file/d/1NfsuyGEBtkagHC0MQW3DLrqu3cegnvdV/view?usp=sharing,-
Bowls,ΝΑΙ,"Lemon Chicken Bowl με ρύζι basmati, πράσινη σαλάτα, κοτόπουλο σχάρας, broccoli coleslaw, χούμους,
ντοματίνια, αγγούρι και dressing λεμόνι – ελαιόλαδο","Ρύζι (110γρ), Λαχανικά (30γρ), Κοτόπουλο στήθος (90γρ), Coleslaw broccoli  (50γρ), Χούμους (30γρ), Ντοματίνια (30γρ), Αγγούρι (30γρ), Dressing λαδολέμονο (35γρ)","Ρύζι, Λαχανικά, Κοτόπουλο, Μπρόκολο, Καρότο, Λάχανο κόκκινο, Κρεμμύδι, Μαγιονέζα light, Μηλόξυδο, Μέλι, Χούμους, Ντοματίνια, Αγγούρι, Ελαιόλαδο, Χυμός λεμονιού ","Ρύζι (110γρ), Λαχανικά (30γρ), Κοτόπουλο στήθος (90γρ), Coleslaw broccoli  (50γρ), Χούμους (30γρ), Ντοματίνια (30γρ), Αγγούρι (30γρ), Dressing λαδολέμονο (35γρ)",297,8.76,9.90,Product Cost Change,"Ρύζι (110γρ), Λαχανικά, ωμά (30γρ), Κοτόπουλο στήθος, μαγειρεμένο (90γρ), Coleslaw broccoli  (50γρ), Χούμους (30γρ), Ντοματίνια, ωμά (30γρ), Αγγούρι, ωμό (30γρ), Dressing λαδολέμονο (35γρ)",1.73,1.95,0.18,0.23,1.90,1.91,2.18,21.85%,€6.85,19.75%,2.10%,647,44,35,37,https://drive.google.com/file/d/1mimyzfnHfUj-h10OmsOxUL-LfTiYOHzx/view?usp=sharing,https://drive.google.com/file/d/1mimyzfnHfUj-h10OmsOxUL-LfTiYOHzx/view?usp=sharing
Bowls,ΝΑΙ,"Harissa Chicken Bowl με ρύζι basmati, πράσινη σαλάτα, κοτόπουλο harissa, παντζάρι με ανθότυρο, καλαμπόκι, ντοματίνια και olive oil lemon dressing","Ρύζι (110γρ), Λαχανικά (30γρ), Chicken Harissa (90γρ), Παντζάρι spread (30γρ), Καλαμπόκι (30γρ), Ντοματίνια (30γρ), Olive Oil Lemon Dressing (30γρ)","Ρύζι, Λαχανικά, Κοτόπουλο, Πάστα χαρίσα, Παντζάρι, Σταφίδα, Καρύδι, Μήλο πράσινο, Βαλσάμικο, Ανθότυρο, Ελαιόλαδο, Μουστάρδα, Καλαμπόκι, Ντοματίνια, Ελαιόλαδο, Χυμός λεμονιού, Μέλι, Σκόρδο ","Ρύζι (110γρ), Λαχανικά (30γρ), Chicken Harissa (90γρ), Παντζάρι spread (30γρ), Καλαμπόκι (30γρ), Ντοματίνια (30γρ), Olive Oil Lemon Dressing (30γρ)",298,8.41,9.50,Product Cost Change,"Ρύζι (110γρ), Λαχανικά, ωμά (30γρ), Chicken Harissa (90γρ), Παντζάρι spread (30γρ), Καλαμπόκι, κονσέρβα (30γρ), Ντοματίνια, ωμά (30γρ), Olive Oil Lemon Dressing (30γρ)",1.62,1.83,0.18,0.23,1.79,1.80,2.06,21.45%,€6.61,19.26%,2.19%,610,43,30,35,https://drive.google.com/file/d/1Krz_QEC5MH9vbQMvgrntAHLFZexycVc_/view,https://drive.google.com/file/d/1Krz_QEC5MH9vbQMvgrntAHLFZexycVc_/view?usp=sharing
Bowls,ΝΑΙ,"Mediterranean Chicken Bowl με καστανό ρύζι, κοτόπουλο σχάρας, πράσινη σαλάτα, ελιές φιλέτο, χούμους, αγγούρι, ντοματίνια, φέτα light και olive oil lemon dressing","Καστανό ρύζι (110γρ), Κοτόπουλο στήθος (90γρ), Λαχανικά (30γρ), Ελιά (10γρ), Χούμους (40γρ), Αγγούρι (30γρ), Ντοματίνια (30γρ), Φέτα light (20γρ), Olive Oil Lemon Dressing (30γρ)","Ρύζι, Κοτόπουλο, Λαχανικά, Ελιά, Ρεβίθια, Κρεμμύδι, Καρότο, Θυμάρι, Ταχίνι, Χυμός λεμονιού, Αγγούρι, Ντοματίνια, Φέτα light, Ελαιόλαδο, Χυμός λεμονιού, Μέλι, Σκόρδο","Καστανό ρύζι (110γρ), Κοτόπουλο στήθος (90γρ), Λαχανικά (30γρ), Ελιά (10γρ), Χούμους (40γρ), Αγγούρι (30γρ), Ντοματίνια (30γρ), Φέτα light (20γρ), Olive Oil Lemon Dressing (30γρ)",299,9.29,10.50,Product Cost Change,"Καστανό ρύζι (110γρ), Κοτόπουλο στήθος, μαγειρεμένο (90γρ), Λαχανικά, ωμά (30γρ), Ελιά, πράσινη, ολόκληρη (10γρ), Χούμους (40γρ), Αγγούρι, ωμό (30γρ), Ντοματίνια, ωμά (30γρ), Φέτα τυρί, light (20γρ), Olive Oil Lemon Dressing (30γρ)",2.28,2.58,0.18,0.23,2.45,2.46,2.80,26.52%,€6.83,24.54%,1.98%,618,44,39,33,https://drive.google.com/file/d/1Krz_QEC5MH9vbQMvgrntAHLFZexycVc_/view,https://drive.google.com/file/d/1QKviQbv8I9_0J4dh_-Wrf3GJCTCS8L-U/view?usp=sharing
Bowls,ΝΑΙ,"Teriyaki Salmon Bowl με καστανό ρύζι, σολομός σχάρας, guacamole, αγγούρι, καλαμπόκι, σουσάμι και sesame-teriyaki dressing","Καστανό ρύζι (160γρ), Σολομός (90γρ), Guacamole (40γρ), Αγγούρι (30γρ), Καλαμπόκι (30γρ), Σουσάμι (5γρ), Sesame Teriyaki Dressing (35γρ)","Ρύζι, Σολομός, Αβοκάντο, Ντομάτα, Χυμός λεμονιού, Chili πιπεριά, Κόλιανδρος, Ελαιόλαδο, Αγγούρι, Καλαμπόκι, Σουσάμι, Teriyaki sauce, Σησαμέλαιο, Σόγια, Μέλι","Καστανό ρύζι (160γρ), Σολομός (90γρ), Guacamole (40γρ), Αγγούρι (30γρ), Καλαμπόκι (30γρ), Σουσάμι (5γρ), Sesame Teriyaki Dressing (35γρ)",300,12.30,13.90,OK,"Καστανό ρύζι (160γρ), Σολομός, μαγειρεμένος (90γρ), Guacamole (40γρ), Αγγούρι, ωμό (30γρ), Καλαμπόκι, κονσέρβα (30γρ), Σουσάμι (5γρ), Sesame Teriyaki Dressing (35γρ)",4.23,4.78,0.18,0.23,4.41,4.41,5.01,35.89%,€7.89,34.39%,1.50%,628,58,31,30,https://drive.google.com/file/d/18rqAX0zUiFzXWXligRhGMugNGyyuuvnW/view,https://drive.google.com/file/d/18rqAX0zUiFzXWXligRhGMugNGyyuuvnW/view?usp=sharing
Bowls,ΝΑΙ,"Mango Salmon Bowl με ρύζι basmati, σολομός σχάρας, πράσινη σαλάτα, κάσιους, guacamole, ντοματίνια, πίκλα κόκκινο λάχανο και mango-lime dressing","Ρύζι (110γρ), Σολομός (90γρ), Λαχανικά (30γρ), Κάσιους (10γρ), Guacamole (20γρ), Ντοματίνια (30γρ), Πίκλα κόκκινο λάχανο (30γρ), Mango Lime Dressing (30γρ)","Ρύζι, Σολομός, Λαχανικά, Κάσιους, Αβοκάντο, Χυμός λεμονιού, Chili πιπεριά, Κόλιανδρος, Ελαιόλαδο, Ντομάτα, Ντοματίνια, Λάχανο κόκκινο, Ξύδι, Λευκή ζάχαρη, Σκόρδο, Μάνγκο, Lime, Ελαιόλαδο, Μέλι","Ρύζι (110γρ), Σολομός (90γρ), Λαχανικά (30γρ), Κάσιους (10γρ), Guacamole (20γρ), Ντοματίνια (30γρ), Πίκλα κόκκινο λάχανο (30γρ), Mango Lime Dressing (30γρ)",301,11.42,12.90,Product Cost Change,"Ρύζι (110γρ), Σολομός, μαγειρεμένος (90γρ), Λαχανικά, ωμά (30γρ), Κάσιους (10γρ), Guacamole (20γρ), Ντοματίνια, ωμά (30γρ), Πίκλα κόκκινο λάχανο (30γρ), Mango Lime Dressing (30γρ)",3.72,4.20,0.18,0.23,3.89,3.90,4.43,34.19%,€7.52,32.57%,1.61%,543,44,29,27,https://drive.google.com/file/d/1_PbbLlrEfCWCmAJ9TjS5iuM7azKg-cgt/view?usp=sharing,https://drive.google.com/file/d/1cvql6eatMMl_kPOyeDFINNXQK2U4PH5y/view?usp=sharing
Bowls,ΝΑΙ,"Steak Protein Bowl με ρύζι basmati, μοσχάρι σχάρας, πράσινη σαλάτα, χούμους, ντοματίνια, broccoli coleslaw, κόκκινο λάχανο πίκλα και dressing βαλσάμικο","Ρύζι (110γρ), Μοσχάρι (90γρ), Λαχανικά (30γρ), Χούμους (40γρ), Ντοματίνια (30γρ), Coleslaw broccoli (50γρ), Πίκλα κόκκινο λάχανο (30γρ), Dressing βαλσάμικο (35γρ)","Ρύζι, Μοσχάρι, Λαχανικά, Ρεβίθια, Καρότο, Θυμάρι, Ταχίνι, Χυμός λεμονιού, Ντοματίνια, Μπρόκολο, Λάχανο κόκκινο, Κρεμμύδι, Μαγιονέζα light, Μηλόξυδο, Μέλι, Ξύδι, Λευκή ζάχαρη, Σκόρδο, Βαλσάμικο ξύδι, Ελαιόλαδο, Μουστάρδα","Ρύζι (110γρ), Μοσχάρι (90γρ), Λαχανικά (30γρ), Χούμους (40γρ), Ντοματίνια (30γρ), Coleslaw broccoli (50γρ), Πίκλα κόκκινο λάχανο (30γρ), Dressing βαλσάμικο (35γρ)",302,13.19,14.90,Product Cost Change,"Ρύζι (110γρ), Μοσχάρι, μαγειρεμένο (90γρ), Λαχανικά, ωμά (30γρ), Χούμους (40γρ), Ντοματίνια, ωμά (30γρ), Coleslaw broccoli  (50γρ), Πίκλα κόκκινο λάχανο (30γρ), Dressing βαλσάμικο (35γρ)",5.93,6.70,0.18,0.23,6.10,6.11,6.93,46.35%,€7.08,44.96%,1.39%,744,55,31,44,https://drive.google.com/file/d/12cd14ccziUARAkmAn1hh6K_0fPmsiNld/view?usp=sharing,https://drive.google.com/file/d/1YO9dUiTXN30aL9IBZIid8W9F9C3L-oD_/view?usp=sharing
Bowls,ΝΑΙ,"Steakhouse Bowl με καστανό ρύζι, μοσχάρι σχάρας, πράσινη σαλάτα, feta chili cream, αγγούρι, crispy onion και garlic aioli dressing","Καστανό ρύζι (110γρ), Μοσχάρι (90γρ), Λαχανικά (30γρ), Feta Chili Cream (40γρ), Αγγούρι (30γρ), Crispy Onios (15γρ), Garlic Aioli Dressing (30γρ)","Ρύζι, Μοσχάρι, Λαχανικά, Γιαούρτι, Chili πιπεριά, Τυρί κρέμα, Σκόρδο, Ξύδι, Πάπρικα, Ελαιόλαδο, Φέτα, Αγγούρι, Κρεμμύδι, Μαγιονέζα light, Λεμόνι, Σκόρδο","Καστανό ρύζι (110γρ), Μοσχάρι (90γρ), Λαχανικά (30γρ), Feta Chili Cream (40γρ), Αγγούρι (30γρ), Crispy Onios (15γρ), Garlic Aioli Dressing (30γρ)",303,13.72,15.50,OK,"Καστανό ρύζι (110γρ), Μοσχάρι, μαγειρεμένο (90γρ), Λαχανικά, ωμά (30γρ), Feta Chili Cream (40γρ), Αγγούρι, ωμό (30γρ), Crispy Onios (15γρ), Garlic Aioli Dressing (30γρ)",6.47,7.31,0.18,0.23,6.65,6.65,7.54,48.50%,€7.07,47.16%,1.34%,596,39,34,33,https://drive.google.com/file/d/1N_Nb1ONSBveqQTZdpPb87MefQcmLga9x/view?usp=sharing,https://drive.google.com/file/d/1MeponTquhndsVggP_TZQ9F8_bNC8D5ya/view?usp=sharing
Bowls,ΝΑΙ,"Tuna Mediterranean Bowl με ρύζι basmati, τόνος, πράσινη σαλάτα, χούμους, κάπαρη, ντοματίνια, ελιές φιλέτο και olive oil lemon dressing","Ρύζι (110γρ), Τόνος (90γρ), Λαχανικά (30γρ), Χούμους (20γρ), Κάπαρη (10γρ), Ντοματίνια, ωμά (30γρ), Ελιά (20γρ), Olive Oil Lemon Dressing (30γρ)","Ρύζι, Τόνος, Λαχανικά, Ρεβίθια, Κρεμμύδι, Καρότο, Θυμάρι, Ταχίνι, Χυμός λεμονιού, Κάπαρη, Ντοματίνια, Ελιά, Ελαιόλαδο, Χυμός λεμονιού, Μέλι, Σκόρδο","Ρύζι (110γρ), Τόνος (90γρ), Λαχανικά (30γρ), Χούμους (20γρ), Κάπαρη (10γρ), Ντοματίνια, ωμά (30γρ), Ελιά (20γρ), Olive Oil Lemon Dressing (30γρ)",304,8.76,9.90,Product Cost Change,"Ρύζι (110γρ), Τόνος, κονσέρβα σε νερό (90γρ), Λαχανικά, ωμά (30γρ), Χούμους (20γρ), Κάπαρη  (10γρ), Ντοματίνια, ωμά (30γρ), Ελιά, πράσινη, ολόκληρη (20γρ), Olive Oil Lemon Dressing (30γρ)",2.00,2.26,0.18,0.23,2.17,2.18,2.49,24.93%,€6.58,22.83%,2.10%,527,39,27,30,https://drive.google.com/file/d/1YO9dUiTXN30aL9IBZIid8W9F9C3L-oD_/view?usp=sharing,https://drive.google.com/file/d/1GIvzVjgPO2Ry_N7ALxdYJxn-HKMOdiu4/view?usp=sharing
Bowls,ΝΑΙ,"Falafel Vegan Bowl ρύζι basmati, falafel φούρνου, τόφου, πράσινη σαλάτα, χούμους, αγγούρι, πίκλα κόκκινο λάχανο, broccolli vegan coleslaw και tahini-soy dressing","Ρύζι (110γρ), Φαλάφελ (90γρ), Τόφου (30γρ), Λαχανικά (30γρ), Χούμους (20γρ), Αγγούρι (30γρ), Πίκλα κόκκινο λάχανο (30γρ), Coleslaw broccoli Vegan (50γρ), Tahini Soy Dressing (35γρ)","Ρύζι, Ρεβίθια, Κρεμμύδι, Σκόρδο, Μαϊντανός, Κόλιανδρος, Κύμινο, Σόδα, Αλεύρι, Χυμός λεμονιού, Τόφου, Λαχανικά, Χούμους, Αγγούρι, Λάχανο κόκκινο, Ξύδι, Λευκή ζάχαρη, Σκόρδο, Μπρόκολο, Καρότο, Μαγιονέζα vegan, Μηλόξυδο, Μέλι, Ταχίνι, Σόγια, Ελαιόλαδο, Mirin, Μέλι, Σκόρδο, Σουσάμι, Ξύδι ρυζιού","Ρύζι (110γρ), Φαλάφελ (90γρ), Τόφου (30γρ), Λαχανικά (30γρ), Χούμους (20γρ), Αγγούρι (30γρ), Πίκλα κόκκινο λάχανο (30γρ), Coleslaw broccoli Vegan (50γρ), Tahini Soy Dressing (35γρ)",305,7.52,8.50,OK,"Ρύζι (110γρ), Φαλάφελ (90γρ), Τόφου (30γρ), Λαχανικά, ωμά (30γρ), Χούμους (20γρ), Αγγούρι, ωμό (30γρ), Πίκλα κόκκινο λάχανο (30γρ), Coleslaw broccoli Vegan (50γρ), Tahini Soy Dressing (35γρ)",1.56,1.76,0.18,0.23,1.74,1.74,1.99,23.19%,€5.78,20.74%,2.45%,636,73,18,32,https://drive.google.com/file/d/1LlGV-iotNNH8LMiom-aOKsen1AFpGgAp/view?usp=sharing,https://drive.google.com/file/d/1NI1HEXIdl4uhzSFPIlv6XIyDOfeg_zox/view?usp=sharing
Bowls,ΝΑΙ,"Vegan Power Bowl με καστανό ρύζι, ψητά λαχανικά, πράσινη σαλάτα, μπρόκολο, χούμους, αβοκάντο,
ντοματίνια και olive oil lemon dressing","Καστανό ρύζι (110γρ), Λαχανικά ψητά (80γρ), Λαχανικά ωμά (30γρ), Μπρόκολο (20γρ), Χούμους (20γρ), Αβοκάντο (30γρ), Ντοματίνια (30γρ), Olive Oil Lemon Dressing (30γρ)","Ρύζι, Λαχανικά, Μπρόκολο, Ρεβίθια, Κρεμμύδι, Καρότο, Θυμάρι, Ταχίνι, Αβοκάντο, Ντοματίνια, Ελαιόλαδο, Χυμός λεμονιού, Μέλι, Σκόρδο","Καστανό ρύζι (110γρ), Λαχανικά ψητά (80γρ), Λαχανικά ωμά (30γρ), Μπρόκολο (20γρ), Χούμους (20γρ), Αβοκάντο (30γρ), Ντοματίνια (30γρ), Olive Oil Lemon Dressing (30γρ)",306,7.52,8.50,Product Cost Change,"Καστανό ρύζι (110γρ), Λαχανικά ψητά (80γρ), Λαχανικά, ωμά (30γρ), Μπρόκολο, ατμού (20γρ), Χούμους (20γρ), Αβοκάντο (30γρ), Ντοματίνια, ωμά (30γρ), Olive Oil Lemon Dressing (30γρ)",1.99,2.25,0.18,0.23,2.00,2.17,2.48,28.91%,€5.35,26.46%,2.45%,447,45,7,28,https://drive.google.com/file/d/1MeponTquhndsVggP_TZQ9F8_bNC8D5ya/view?usp=sharing,https://drive.google.com/file/d/1_PbbLlrEfCWCmAJ9TjS5iuM7azKg-cgt/view?usp=sharing
Bowls,ΝΑΙ,"Sweet Potato Chicken Bowl με ρύζι basmati, κοτόπουλο σχάρας, πράσινη σαλάτα, γλυκοπατάτα ψητή, χούμους, αγγούρι, φιστίκι και yogurt dressing","Ρύζι (110γρ), Κοτόπουλο στήθος (90γρ), Λαχανικά (30γρ), Γλυκοπατάτα (70γρ), Χούμους (40γρ), Αγγούρι (30γρ), Φυστίκι αιγίνης (10γρ), Yogurt Dressing (35γρ)","Ρύζι, Κοτόπουλο, Λαχανικά, Γλυκοπατάτα, Ρεβίθια, Κρεμμύδι, Καρότο, Θυμάρι, Ταχίνι, Χυμός λεμονιού, Ελαιόλαδο, Αγγούρι, Φυστίκι Αιγίνης, Γιαούρτι, Σκόρδο","Ρύζι (110γρ), Κοτόπουλο στήθος (90γρ), Λαχανικά (30γρ), Γλυκοπατάτα (70γρ), Χούμους (40γρ), Αγγούρι (30γρ), Φυστίκι αιγίνης (10γρ), Yogurt Dressing (35γρ)",307,8.41,9.50,OK,"Ρύζι (110γρ), Κοτόπουλο στήθος, μαγειρεμένο (90γρ), Λαχανικά, ωμά (30γρ), Γλυκοπατάτα, μαγειρεμένη (70γρ), Χούμους (40γρ), Αγγούρι, ωμό (30γρ), Φυστίκι αιγίνης, ωμό, ανάλατο (10γρ), Yogurt Dressing (35γρ)",2.00,2.26,0.18,0.23,2.18,2.18,2.49,25.97%,€6.23,23.78%,2.19%,601,58,40,23,https://drive.google.com/file/d/1wqu4W1D9C5ECAKvrbNmC4_oLwzi68B8o/view?usp=sharing,https://drive.google.com/file/d/12cd14ccziUARAkmAn1hh6K_0fPmsiNld/view?usp=sharing
Bowls,ΝΑΙ,"Avocado Chicken Bowl με καστανό ρύζι, κοτόπουλο σχάρας, πράσινη σαλάτα, guacamole, κολοκυθόσπορο, ντοματίνια, αγγούρι και mango-lime dressing","Καστανό ρύζι (110γρ), Κοτόπουλο στήθος (90γρ), Λαχανικά (30γρ), Guacamole (40γρ), Κολοκυθόσπορο (10γρ), Ντοματίνια (30γρ), Αγγούρι (30γρ), Mango Lime Dressing (35γρ)","Ρύζι, Κοτόπουλο, Λαχανικά, Αβοκάντο, Χυμός λεμονιού, Chili πιπεριά, Κόλιανδρος, Ελαιόλαδο, Ντομάτα, Κολοκυθόσπορος, Ντοματίνια, Αγγούρι, Μάνγκο, Lime, Μέλι","Καστανό ρύζι (110γρ), Κοτόπουλο στήθος (90γρ), Λαχανικά (30γρ), Guacamole (40γρ), Κολοκυθόσπορο (10γρ), Ντοματίνια (30γρ), Αγγούρι (30γρ), Mango Lime Dressing (35γρ)",308,8.76,9.90,Product Cost Change,"Καστανό ρύζι (110γρ), Κοτόπουλο στήθος, μαγειρεμένο (90γρ), Λαχανικά, ωμά (30γρ), Guacamole (40γρ), Pepita seeds, unsalted (10γρ), Ντοματίνια, ωμά (30γρ), Αγγούρι, ωμό (30γρ), Mango Lime Dressing (35γρ)",2.32,2.62,0.18,0.23,2.49,2.50,2.85,28.58%,€6.26,26.48%,2.10%,529,42,35,25,https://drive.google.com/file/d/1GIvzVjgPO2Ry_N7ALxdYJxn-HKMOdiu4/view?usp=sharing,https://drive.google.com/file/d/1LlGV-iotNNH8LMiom-aOKsen1AFpGgAp/view?usp=sharing
Bowls,ΝΑΙ,"Protein Mix Bowl με ρύζι basmati, κοτόπουλο σχάρας, πράσινη σαλάτα, τόνος, χούμους, ντοματίνια, αγγούρι, κόλιανδρο, πίκλα κόκκινο κρεμμύδι και olive oil lemon dressing","Ρύζι (110γρ), Κοτόπουλο στήθος (60γρ), Λαχανικά (30γρ), Τόνος (60γρ), Χούμους (40γρ), Ντοματίνια (30γρ), Αγγούρι (30γρ), Κόλιανδρος (5γρ), Πίκλα κόκκινο λάχανο (15γρ), Olive Oil Lemon Dressing (30γρ)","Ρύζι, Κοτόπουλο, Λαχανικά, Τόνος, Ρεβίθια, Κρεμμύδι, Καρότο, Θυμάρι, Ταχίνι, Χυμός λεμονιού, Ελαιόλαδο, Ντοματίνια, Αγγούρι, Κόλιανδρος, Λάχανο κόκκινο, Ξύδι, Λευκή ζάχαρη, Σκόρδο, Μέλι, Σκόρδο","Ρύζι (110γρ), Κοτόπουλο στήθος (60γρ), Λαχανικά (30γρ), Τόνος (60γρ), Χούμους (40γρ), Ντοματίνια (30γρ), Αγγούρι (30γρ), Κόλιανδρος (5γρ), Πίκλα κόκκινο λάχανο (15γρ), Olive Oil Lemon Dressing (30γρ)",309,8.76,9.90,Product Cost Change,"Ρύζι (110γρ), Κοτόπουλο στήθος, μαγειρεμένο (60γρ), Λαχανικά, ωμά (30γρ), Τόνος, κονσέρβα σε νερό (60γρ), Χούμους (40γρ), Ντοματίνια, ωμά (30γρ), Αγγούρι, ωμό (30γρ), Κόλιανδρος (5γρ), Πίκλα κόκκινο λάχανο (15γρ), Olive Oil Lemon Dressing (30γρ)",2.14,2.42,0.18,0.23,2.31,2.32,2.65,26.53%,€6.44,24.43%,2.10%,629,46,40,32,https://drive.google.com/file/d/1Ko-vdo4K_DWOyYgwDx_p5L7cRIjTTu6h/view?usp=sharing,https://drive.google.com/file/d/1wqu4W1D9C5ECAKvrbNmC4_oLwzi68B8o/view?usp=sharing
Bowls,ΝΑΙ,"Green Fitness Bowl με πράσινη σαλάτα, φαγόπυρο, κινόα, κοτόπουλο σχάρας, αβοκάντο,
αγγούρι, φράουλες, ντοματίνια και olive oil lemon dressing","Λαχανικά (40γρ), Φαγόπυρο (40γρ), Κινόα (90γρ), Κοτόπουλο στήθος (90γρ), Αβοκάντο (30γρ), Αγγούρι (30γρ), Φράουλα (20γρ), Ντοματίνια (30γρ), Olive Oil Lemon Dressing (30γρ)","Λαχανικά, Φαγόπυρο, Κινόα, Κοτόπουλο, Αβοκάντο, Αγγούρι, Φράουλα, Ντοματίνια, Ελαιόλαδο, Χυμός λεμονιού, Μέλι, Σκόρδο","Λαχανικά (40γρ), Φαγόπυρο (40γρ), Κινόα (90γρ), Κοτόπουλο στήθος (90γρ), Αβοκάντο (30γρ), Αγγούρι (30γρ), Φράουλα (20γρ), Ντοματίνια (30γρ), Olive Oil Lemon Dressing (30γρ)",310,8.41,9.50,Product Cost Change,"Λαχανικά, ωμά (40γρ), Φαγόπυρο, μαγειρεμένο (40γρ), Κινόα, μαγειρεμένη (90γρ), Κοτόπουλο στήθος, μαγειρεμένο (90γρ), Αβοκάντο (30γρ), Αγγούρι, ωμό (30γρ), Φράουλα (20γρ), Ντοματίνια, ωμά (30γρ), Olive Oil Lemon Dressing (30γρ)",2.38,2.69,0.18,0.23,2.33,2.56,2.92,30.49%,€5.85,28.30%,2.19%,554,37,35,30,https://drive.google.com/file/d/1NI1HEXIdl4uhzSFPIlv6XIyDOfeg_zox/view?usp=sharing,https://drive.google.com/file/d/1Ko-vdo4K_DWOyYgwDx_p5L7cRIjTTu6h/view?usp=sharing
Μαγειρευτά,ΟΧΙ,Φασολάδα παραδοσιακή με φέτα light ,"Φασολάδα (250γρ), Φέτα light (30γρ)","Φασόλια, Κρεμμύδι, Σκόρδο, Καρότο, Μπούκοβο, Φέτα light","Φασολάδα (250γρ), Φέτα light (30γρ)",113-1,6.11,6.90,OK,"Φασολάδα με καρότα, σέλερι, ντομάτα, μυρωδικά (250γρ), Φέτα τυρί, light (30γρ)",0.80,0.90,0.19,0.23,0.99,0.99,1.14,16.14%,€5.12,13.09%,3.05%,410,59,25,10,https://drive.google.com/file/d/1TxzlCqNfSp6saKP8eIF-RdZIc3WTJTAc/view?usp=sharing,https://drive.google.com/file/d/1TxzlCqNfSp6saKP8eIF-RdZIc3WTJTAc/view?usp=sharing
Μαγειρευτά,ΟΧΙ,Φασολάδα παραδοσιακή με φέτα light ,"Φασολάδα (250γρ), Φέτα light (60γρ)","Φασόλια, Κρεμμύδι, Σκόρδο, Καρότο, Μπούκοβο, Φέτα light","Φασολάδα (250γρ), Φέτα light (60γρ)",113-2,6.55,7.40,OK,"Φασολάδα με καρότα, σέλερι, ντομάτα, μυρωδικά (250γρ), Φέτα τυρί, light (60γρ)",1.31,1.48,0.19,0.23,1.50,1.50,1.71,22.85%,€5.05,20.00%,2.85%,459,59,31,13,https://drive.google.com/file/d/1TxzlCqNfSp6saKP8eIF-RdZIc3WTJTAc/view?usp=sharing,https://drive.google.com/file/d/1TxzlCqNfSp6saKP8eIF-RdZIc3WTJTAc/view?usp=sharing
Μαγειρευτά,ΟΧΙ,Φασολάδα παραδοσιακή με φέτα light ,"Φασολάδα (300γρ), Φέτα light (30γρ)","Φασόλια, Κρεμμύδι, Σκόρδο, Καρότο, Μπούκοβο, Φέτα light","Φασολάδα (300γρ), Φέτα light (30γρ)",113-3,6.55,7.40,OK,"Φασολάδα με καρότα, σέλερι, ντομάτα, μυρωδικά (300γρ), Φέτα τυρί, light (30γρ)",0.86,0.97,0.19,0.23,1.05,1.05,1.20,15.98%,€5.50,13.13%,2.85%,482,70,29,11,https://drive.google.com/file/d/1TxzlCqNfSp6saKP8eIF-RdZIc3WTJTAc/view?usp=sharing,https://drive.google.com/file/d/1TxzlCqNfSp6saKP8eIF-RdZIc3WTJTAc/view?usp=sharing
Μαγειρευτά,ΟΧΙ,Φασολάδα παραδοσιακή με φέτα light ,"Φασολάδα (300γρ), Φέτα light (60γρ)","Φασόλια, Κρεμμύδι, Σκόρδο, Καρότο, Μπούκοβο, Φέτα light","Φασολάδα (300γρ), Φέτα light (60γρ)",113-4,6.99,7.90,OK,"Φασολάδα με καρότα, σέλερι, ντομάτα, μυρωδικά (300γρ), Φέτα τυρί, light (60γρ)",1.37,1.55,0.19,0.23,1.56,1.56,1.78,22.27%,€5.43,19.60%,2.67%,531,70,35,15,https://drive.google.com/file/d/1TxzlCqNfSp6saKP8eIF-RdZIc3WTJTAc/view?usp=sharing,https://drive.google.com/file/d/1TxzlCqNfSp6saKP8eIF-RdZIc3WTJTAc/view?usp=sharing
Μαγειρευτά,ΟΧΙ,Φασολάδα παραδοσιακή με φέτα light ,"Φασολάδα (300γρ), Φέτα light (90γρ)","Φασόλια, Κρεμμύδι, Σκόρδο, Καρότο, Μπούκοβο, Φέτα light","Φασολάδα (300γρ), Φέτα light (90γρ)",113-5,7.43,8.40,OK,"Φασολάδα με καρότα, σέλερι, ντομάτα, μυρωδικά (300γρ), Φέτα τυρί, light (90γρ)",1.88,2.12,0.19,0.23,2.07,2.07,2.36,27.81%,€5.36,25.30%,2.51%,581,70,41,18,https://drive.google.com/file/d/1TxzlCqNfSp6saKP8eIF-RdZIc3WTJTAc/view?usp=sharing,https://drive.google.com/file/d/1TxzlCqNfSp6saKP8eIF-RdZIc3WTJTAc/view?usp=sharing
Μαγειρευτά,ΟΧΙ,Φασολάδα παραδοσιακή με φέτα light ,"Φασολάδα (350γρ), Φέτα light (30γρ)","Φασόλια, Κρεμμύδι, Σκόρδο, Καρότο, Μπούκοβο, Φέτα light","Φασολάδα (350γρ), Φέτα light (30γρ)",113-6,7.43,8.40,OK,"Φασολάδα με καρότα, σέλερι, ντομάτα, μυρωδικά (350γρ), Φέτα τυρί, light (30γρ)",0.92,1.04,0.19,0.23,1.11,1.11,1.27,14.89%,€6.32,12.38%,2.51%,554,82,33,12,https://drive.google.com/file/d/1TxzlCqNfSp6saKP8eIF-RdZIc3WTJTAc/view?usp=sharing,https://drive.google.com/file/d/1TxzlCqNfSp6saKP8eIF-RdZIc3WTJTAc/view?usp=sharing
Μαγειρευτά,ΝΑΙ,Φασολάδα παραδοσιακή με φέτα light ,"Φασολάδα (350γρ), Φέτα light (60γρ)","Φασόλια, Κρεμμύδι, Σκόρδο, Καρότο, Μπούκοβο, Φέτα light","Φασολάδα (350γρ), Φέτα light (60γρ)",113-7,7.88,8.90,OK,"Φασολάδα με καρότα, σέλερι, ντομάτα, μυρωδικά (350γρ), Φέτα τυρί, light (60γρ)",1.43,1.62,0.19,0.23,1.62,1.62,1.85,20.51%,€6.26,18.15%,2.37%,603,82,39,16,https://drive.google.com/file/d/1TxzlCqNfSp6saKP8eIF-RdZIc3WTJTAc/view?usp=sharing,https://drive.google.com/file/d/1TxzlCqNfSp6saKP8eIF-RdZIc3WTJTAc/view?usp=sharing
Μαγειρευτά,ΟΧΙ,Φασολάδα παραδοσιακή με φέτα light ,"Φασολάδα (350γρ), Φέτα light (90γρ)","Φασόλια, Κρεμμύδι, Σκόρδο, Καρότο, Μπούκοβο, Φέτα light","Φασολάδα (350γρ), Φέτα light (90γρ)",113-8,8.32,9.40,OK,"Φασολάδα με καρότα, σέλερι, ντομάτα, μυρωδικά (350γρ), Φέτα τυρί, light (90γρ)",1.94,2.19,0.19,0.23,2.13,2.13,2.42,25.56%,€6.19,23.32%,2.24%,653,82,45,20,https://drive.google.com/file/d/1TxzlCqNfSp6saKP8eIF-RdZIc3WTJTAc/view?usp=sharing,https://drive.google.com/file/d/1TxzlCqNfSp6saKP8eIF-RdZIc3WTJTAc/view?usp=sharing
Μαγειρευτά,ΟΧΙ,Φασολάδα παραδοσιακή με φέτα light ,"Φασολάδα (400γρ), Φέτα light (60γρ)","Φασόλια, Κρεμμύδι, Σκόρδο, Καρότο, Μπούκοβο, Φέτα light","Φασολάδα (400γρ), Φέτα light (60γρ)",113-9,8.32,9.40,OK,"Φασολάδα με καρότα, σέλερι, ντομάτα, μυρωδικά (400γρ), Φέτα τυρί, light (60γρ)",1.49,1.68,0.19,0.23,1.68,1.68,1.91,20.15%,€6.64,17.91%,2.24%,676,94,43,17,https://drive.google.com/file/d/1TxzlCqNfSp6saKP8eIF-RdZIc3WTJTAc/view?usp=sharing,https://drive.google.com/file/d/1TxzlCqNfSp6saKP8eIF-RdZIc3WTJTAc/view?usp=sharing
Μαγειρευτά,ΟΧΙ,Φασολάδα παραδοσιακή με φέτα light ,"Φασολάδα (400γρ), Φέτα light (90γρ)","Φασόλια, Κρεμμύδι, Σκόρδο, Καρότο, Μπούκοβο, Φέτα light","Φασολάδα (400γρ), Φέτα light (90γρ)",113-10,8.76,9.90,OK,"Φασολάδα με καρότα, σέλερι, ντομάτα, μυρωδικά (400γρ), Φέτα τυρί, light (90γρ)",2.00,2.26,0.15,0.19,2.15,2.15,2.45,24.58%,€6.61,22.83%,1.75%,725,94,49,21,https://drive.google.com/file/d/1TxzlCqNfSp6saKP8eIF-RdZIc3WTJTAc/view?usp=sharing,https://drive.google.com/file/d/1TxzlCqNfSp6saKP8eIF-RdZIc3WTJTAc/view?usp=sharing
Μαγειρευτά,ΟΧΙ,Φασολάκια με κοκκινιστό μοσχαράκι,"Φιλέτο μοσχάρι (120γρ), Φασολάκια (180γρ)","Μοσχάρι, Ζωμός κοτόπουλου, Μέλι, Φασολάκια, Καρότο, Κρεμμύδι, Σκόρδο, Ντομάτα, Ζωμός λαχανικών, Μαϊντανός","Φιλέτο μοσχάρι (120γρ), Φασολάκια (180γρ)",192-1,6.99,7.90,OK,"Γιουβέτσι μοσχάρι (120γρ), Κοκκινιστά πράσινα φασολάκια με φρέσκια ντομάτα, καρότο, πατάτα (180γρ)",1.69,1.91,0.13,0.16,1.82,1.82,2.07,26.02%,€5.17,24.18%,1.84%,360,23,17,22,https://drive.google.com/file/d/1bYVJXd3r2gwxMMTjUHalAEf8ElD5t5Ag/view?usp=sharing,https://drive.google.com/file/d/1bYVJXd3r2gwxMMTjUHalAEf8ElD5t5Ag/view?usp=sharing
Μαγειρευτά,ΟΧΙ,Φασολάκια με κοκκινιστό μοσχαράκι,"Φιλέτο μοσχάρι (120γρ), Φασολάκια (220γρ)","Μοσχάρι, Ζωμός κοτόπουλου, Μέλι, Φασολάκια, Καρότο, Κρεμμύδι, Σκόρδο, Ντομάτα, Ζωμός λαχανικών, Μαϊντανός","Φιλέτο μοσχάρι (120γρ), Φασολάκια (220γρ)",192-2,7.43,8.40,OK,"Γιουβέτσι μοσχάρι (120γρ), Κοκκινιστά πράσινα φασολάκια με φρέσκια ντομάτα, καρότο, πατάτα (220γρ)",1.81,2.05,0.13,0.16,1.94,1.94,2.20,26.09%,€5.49,24.36%,1.73%,393,26,18,25,https://drive.google.com/file/d/1bYVJXd3r2gwxMMTjUHalAEf8ElD5t5Ag/view?usp=sharing,https://drive.google.com/file/d/1bYVJXd3r2gwxMMTjUHalAEf8ElD5t5Ag/view?usp=sharing
Μαγειρευτά,ΟΧΙ,Φασολάκια με κοκκινιστό μοσχαράκι,"Φιλέτο μοσχάρι (120γρ), Φασολάκια (280γρ)","Μοσχάρι, Ζωμός κοτόπουλου, Μέλι, Φασολάκια, Καρότο, Κρεμμύδι, Σκόρδο, Ντομάτα, Ζωμός λαχανικών, Μαϊντανός","Φιλέτο μοσχάρι (120γρ), Φασολάκια (280γρ)",192-3,7.88,8.90,OK,"Γιουβέτσι μοσχάρι (120γρ), Κοκκινιστά πράσινα φασολάκια με φρέσκια ντομάτα, καρότο, πατάτα (280γρ)",1.99,2.25,0.13,0.16,2.12,2.12,2.41,26.89%,€5.76,25.25%,1.63%,442,31,19,28,https://drive.google.com/file/d/1bYVJXd3r2gwxMMTjUHalAEf8ElD5t5Ag/view?usp=sharing,https://drive.google.com/file/d/1bYVJXd3r2gwxMMTjUHalAEf8ElD5t5Ag/view?usp=sharing
Μαγειρευτά,ΟΧΙ,Φασολάκια με κοκκινιστό μοσχαράκι,"Φιλέτο μοσχάρι (150γρ), Φασολάκια (180γρ)","Μοσχάρι, Ζωμός κοτόπουλου, Μέλι, Φασολάκια, Καρότο, Κρεμμύδι, Σκόρδο, Ντομάτα, Ζωμός λαχανικών, Μαϊντανός","Φιλέτο μοσχάρι (150γρ), Φασολάκια (180γρ)",192-4,8.32,9.40,OK,"Γιουβέτσι μοσχάρι (150γρ), Κοκκινιστά πράσινα φασολάκια με φρέσκια ντομάτα, καρότο, πατάτα (180γρ)",1.97,2.23,0.13,0.16,2.10,2.10,2.39,25.22%,€6.22,23.68%,1.55%,412,26,21,25,https://drive.google.com/file/d/1bYVJXd3r2gwxMMTjUHalAEf8ElD5t5Ag/view?usp=sharing,https://drive.google.com/file/d/1bYVJXd3r2gwxMMTjUHalAEf8ElD5t5Ag/view?usp=sharing
Μαγειρευτά,ΟΧΙ,Φασολάκια με κοκκινιστό μοσχαράκι,"Φιλέτο μοσχάρι (150γρ), Φασολάκια (220γρ)","Μοσχάρι, Ζωμός κοτόπουλου, Μέλι, Φασολάκια, Καρότο, Κρεμμύδι, Σκόρδο, Ντομάτα, Ζωμός λαχανικών, Μαϊντανός","Φιλέτο μοσχάρι (150γρ), Φασολάκια (220γρ)",192-5,8.76,9.90,OK,"Γιουβέτσι μοσχάρι (150γρ), Κοκκινιστά πράσινα φασολάκια με φρέσκια ντομάτα, καρότο, πατάτα (220γρ)",2.09,2.36,0.13,0.16,2.22,2.22,2.52,25.33%,€6.54,23.86%,1.47%,445,29,22,28,https://drive.google.com/file/d/1bYVJXd3r2gwxMMTjUHalAEf8ElD5t5Ag/view?usp=sharing,https://drive.google.com/file/d/1bYVJXd3r2gwxMMTjUHalAEf8ElD5t5Ag/view?usp=sharing
Μαγειρευτά,ΟΧΙ,Φασολάκια με κοκκινιστό μοσχαράκι,"Φιλέτο μοσχάρι (150γρ), Φασολάκια (280γρ)","Μοσχάρι, Ζωμός κοτόπουλου, Μέλι, Φασολάκια, Καρότο, Κρεμμύδι, Σκόρδο, Ντομάτα, Ζωμός λαχανικών, Μαϊντανός","Φιλέτο μοσχάρι (150γρ), Φασολάκια (280γρ)",192-6,9.20,10.40,OK,"Γιουβέτσι μοσχάρι (150γρ), Κοκκινιστά πράσινα φασολάκια με φρέσκια ντομάτα, καρότο, πατάτα (280γρ)",2.27,2.57,0.13,0.16,2.40,2.40,2.72,26.07%,€6.80,24.67%,1.40%,495,34,23,31,https://drive.google.com/file/d/1bYVJXd3r2gwxMMTjUHalAEf8ElD5t5Ag/view?usp=sharing,https://drive.google.com/file/d/1bYVJXd3r2gwxMMTjUHalAEf8ElD5t5Ag/view?usp=sharing
Μαγειρευτά,ΝΑΙ,Φασολάκια με κοκκινιστό μοσχαράκι,"Φιλέτο μοσχάρι (180γρ), Φασολάκια (180γρ)","Μοσχάρι, Ζωμός κοτόπουλου, Μέλι, Φασολάκια, Καρότο, Κρεμμύδι, Σκόρδο, Ντομάτα, Ζωμός λαχανικών, Μαϊντανός","Φιλέτο μοσχάρι (180γρ), Φασολάκια (180γρ)",192-7,9.65,10.90,OK,"Γιουβέτσι μοσχάρι (180γρ), Κοκκινιστά πράσινα φασολάκια με φρέσκια ντομάτα, καρότο, πατάτα (180γρ)",2.26,2.55,0.13,0.16,2.39,2.39,2.71,24.75%,€7.26,23.42%,1.33%,465,28,25,28,https://drive.google.com/file/d/1bYVJXd3r2gwxMMTjUHalAEf8ElD5t5Ag/view?usp=sharing,https://drive.google.com/file/d/1bYVJXd3r2gwxMMTjUHalAEf8ElD5t5Ag/view?usp=sharing
Μαγειρευτά,ΟΧΙ,Φασολάκια με κοκκινιστό μοσχαράκι,"Φιλέτο μοσχάρι (180γρ), Φασολάκια (220γρ)","Μοσχάρι, Ζωμός κοτόπουλου, Μέλι, Φασολάκια, Καρότο, Κρεμμύδι, Σκόρδο, Ντομάτα, Ζωμός λαχανικών, Μαϊντανός","Φιλέτο μοσχάρι (180γρ), Φασολάκια (220γρ)",192-8,10.09,11.40,OK,"Γιουβέτσι μοσχάρι (180γρ), Κοκκινιστά πράσινα φασολάκια με φρέσκια ντομάτα, καρότο, πατάτα (220γρ)",2.38,2.69,0.13,0.16,2.51,2.51,2.85,24.86%,€7.58,23.59%,1.27%,498,31,25,31,https://drive.google.com/file/d/1bYVJXd3r2gwxMMTjUHalAEf8ElD5t5Ag/view?usp=sharing,https://drive.google.com/file/d/1bYVJXd3r2gwxMMTjUHalAEf8ElD5t5Ag/view?usp=sharing
Μαγειρευτά,ΟΧΙ,Φασολάκια με κοκκινιστό μοσχαράκι,"Φιλέτο μοσχάρι (180γρ), Φασολάκια (280γρ)","Μοσχάρι, Ζωμός κοτόπουλου, Μέλι, Φασολάκια, Καρότο, Κρεμμύδι, Σκόρδο, Ντομάτα, Ζωμός λαχανικών, Μαϊντανός","Φιλέτο μοσχάρι (180γρ), Φασολάκια (280γρ)",192-9,10.53,11.90,OK,"Γιουβέτσι μοσχάρι (180γρ), Κοκκινιστά πράσινα φασολάκια με φρέσκια ντομάτα, καρότο, πατάτα (280γρ)",2.56,2.89,0.13,0.16,2.69,2.69,3.05,25.53%,€7.84,24.31%,1.22%,548,36,26,34,https://drive.google.com/file/d/1bYVJXd3r2gwxMMTjUHalAEf8ElD5t5Ag/view?usp=sharing,https://drive.google.com/file/d/1bYVJXd3r2gwxMMTjUHalAEf8ElD5t5Ag/view?usp=sharing
Μαγειρευτά,ΟΧΙ,Φασολάκια με κοκκινιστό μοσχαράκι,"Φιλέτο μοσχάρι (210γρ), Φασολάκια (180γρ)","Μοσχάρι, Ζωμός κοτόπουλου, Μέλι, Φασολάκια, Καρότο, Κρεμμύδι, Σκόρδο, Ντομάτα, Ζωμός λαχανικών, Μαϊντανός","Φιλέτο μοσχάρι (210γρ), Φασολάκια (180γρ)",192-10,10.97,12.40,OK,"Γιουβέτσι μοσχάρι (210γρ), Κοκκινιστά πράσινα φασολάκια με φρέσκια ντομάτα, καρότο, πατάτα (180γρ)",2.55,2.88,0.13,0.16,2.68,2.68,3.04,24.42%,€8.29,23.25%,1.17%,518,30,29,31,https://drive.google.com/file/d/1bYVJXd3r2gwxMMTjUHalAEf8ElD5t5Ag/view?usp=sharing,https://drive.google.com/file/d/1bYVJXd3r2gwxMMTjUHalAEf8ElD5t5Ag/view?usp=sharing
Μαγειρευτά,ΟΧΙ,Φασολάκια με κοκκινιστό μοσχαράκι,"Φιλέτο μοσχάρι (210γρ), Φασολάκια (220γρ)","Μοσχάρι, Ζωμός κοτόπουλου, Μέλι, Φασολάκια, Καρότο, Κρεμμύδι, Σκόρδο, Ντομάτα, Ζωμός λαχανικών, Μαϊντανός","Φιλέτο μοσχάρι (210γρ), Φασολάκια (220γρ)",192-11,11.42,12.90,OK,"Γιουβέτσι μοσχάρι (210γρ), Κοκκινιστά πράσινα φασολάκια με φρέσκια ντομάτα, καρότο, πατάτα (220γρ)",2.67,3.02,0.13,0.16,2.80,2.80,3.18,24.51%,€8.62,23.38%,1.13%,551,33,29,34,https://drive.google.com/file/d/1bYVJXd3r2gwxMMTjUHalAEf8ElD5t5Ag/view?usp=sharing,https://drive.google.com/file/d/1bYVJXd3r2gwxMMTjUHalAEf8ElD5t5Ag/view?usp=sharing
Μαγειρευτά,ΟΧΙ,Φασολάκια με κοκκινιστό μοσχαράκι,"Φιλέτο μοσχάρι (210γρ), Φασολάκια (280γρ)","Μοσχάρι, Ζωμός κοτόπουλου, Μέλι, Φασολάκια, Καρότο, Κρεμμύδι, Σκόρδο, Ντομάτα, Ζωμός λαχανικών, Μαϊντανός","Φιλέτο μοσχάρι (210γρ), Φασολάκια (280γρ)",192-12,11.86,13.40,OK,"Γιουβέτσι μοσχάρι (210γρ), Κοκκινιστά πράσινα φασολάκια με φρέσκια ντομάτα, καρότο, πατάτα (280γρ)",2.85,3.22,0.13,0.16,2.98,2.98,3.38,25.11%,€8.88,24.03%,1.08%,600,38,30,37,https://drive.google.com/file/d/1bYVJXd3r2gwxMMTjUHalAEf8ElD5t5Ag/view?usp=sharing,https://drive.google.com/file/d/1bYVJXd3r2gwxMMTjUHalAEf8ElD5t5Ag/view?usp=sharing
Ψητές επιλογές,ΟΧΙ,Φιλέτο κοτόπουλο ψητό με πουρέ πατάτας και αρακά,"Φιλέτο κοτόπουλο (120γρ), Πουρές πατάτας και αρακά (150γρ)","Κοτόπουλο, Πατάτα, Αρακάς, Σκόρδο, Σχοινόπρασο, Γάλα","Φιλέτο κοτόπουλο (120γρ), Πουρές πατάτας, αρακά και σχοινόπρασο (150γρ)",271-1,7.43,8.40,OK,"Κοτόπουλο στήθος, μαγειρεμένο (120γρ), Πουρές πατάτας με αρακά και σχοινόπρασο (150γρ)",1.52,1.72,0.14,0.17,1.66,1.66,1.89,22.34%,€5.77,20.46%,1.88%,375,25,42,11,https://drive.google.com/file/d/1sR6Tehr3woLY9VPJhzj0YOkcvuWA9eNo/view?usp=sharing,https://drive.google.com/file/d/1sR6Tehr3woLY9VPJhzj0YOkcvuWA9eNo/view?usp=sharing
Ψητές επιλογές,ΟΧΙ,Φιλέτο κοτόπουλο ψητό με πουρέ πατάτας και αρακά,"Φιλέτο κοτόπουλο (120γρ), Πουρές πατάτας και αρακά (200γρ)","Κοτόπουλο, Πατάτα, Αρακάς, Σκόρδο, Σχοινόπρασο, Γάλα","Φιλέτο κοτόπουλο (120γρ), Πουρές πατάτας, αρακά και σχοινόπρασο (200γρ)",271-2,7.88,8.90,OK,"Κοτόπουλο στήθος, μαγειρεμένο (120γρ), Πουρές πατάτας με αρακά και σχοινόπρασο (200γρ)",1.64,1.85,0.14,0.17,1.78,1.78,2.03,22.59%,€6.10,20.81%,1.78%,434,33,43,14,https://drive.google.com/file/d/1sR6Tehr3woLY9VPJhzj0YOkcvuWA9eNo/view?usp=sharing,https://drive.google.com/file/d/1sR6Tehr3woLY9VPJhzj0YOkcvuWA9eNo/view?usp=sharing
Ψητές επιλογές,ΟΧΙ,Φιλέτο κοτόπουλο ψητό με πουρέ πατάτας και αρακά,"Φιλέτο κοτόπουλο (120γρ), Πουρές πατάτας και αρακά (250γρ)","Κοτόπουλο, Πατάτα, Αρακάς, Σκόρδο, Σχοινόπρασο, Γάλα","Φιλέτο κοτόπουλο (120γρ), Πουρές πατάτας, αρακά και σχοινόπρασο (250γρ)",271-3,8.32,9.40,OK,"Κοτόπουλο στήθος, μαγειρεμένο (120γρ), Πουρές πατάτας με αρακά και σχοινόπρασο (250γρ)",1.75,1.98,0.14,0.17,1.89,1.89,2.15,22.72%,€6.43,21.03%,1.68%,493,41,45,16,https://drive.google.com/file/d/1sR6Tehr3woLY9VPJhzj0YOkcvuWA9eNo/view?usp=sharing,https://drive.google.com/file/d/1sR6Tehr3woLY9VPJhzj0YOkcvuWA9eNo/view?usp=sharing
Ψητές επιλογές,ΟΧΙ,Φιλέτο κοτόπουλο ψητό με πουρέ πατάτας και αρακά,"Φιλέτο κοτόπουλο (150γρ), Πουρές πατάτας και αρακά (150γρ)","Κοτόπουλο, Πατάτα, Αρακάς, Σκόρδο, Σχοινόπρασο, Γάλα","Φιλέτο κοτόπουλο (150γρ), Πουρές πατάτας, αρακά και σχοινόπρασο (150γρ)",271-4,8.32,9.40,OK,"Κοτόπουλο στήθος, μαγειρεμένο (150γρ), Πουρές πατάτας με αρακά και σχοινόπρασο (150γρ)",1.82,2.06,0.14,0.17,1.96,1.96,2.23,23.56%,€6.36,21.88%,1.68%,424,25,51,13,https://drive.google.com/file/d/1sR6Tehr3woLY9VPJhzj0YOkcvuWA9eNo/view?usp=sharing,https://drive.google.com/file/d/1sR6Tehr3woLY9VPJhzj0YOkcvuWA9eNo/view?usp=sharing
Ψητές επιλογές,ΟΧΙ,Φιλέτο κοτόπουλο ψητό με πουρέ πατάτας και αρακά,"Φιλέτο κοτόπουλο (150γρ), Πουρές πατάτας και αρακά (200γρ)","Κοτόπουλο, Πατάτα, Αρακάς, Σκόρδο, Σχοινόπρασο, Γάλα","Φιλέτο κοτόπουλο (150γρ), Πουρές πατάτας, αρακά και σχοινόπρασο (200γρ)",271-5,8.76,9.90,OK,"Κοτόπουλο στήθος, μαγειρεμένο (150γρ), Πουρές πατάτας με αρακά και σχοινόπρασο (200γρ)",1.93,2.18,0.14,0.17,2.07,2.07,2.35,23.63%,€6.69,22.03%,1.60%,483,33,52,15,https://drive.google.com/file/d/1sR6Tehr3woLY9VPJhzj0YOkcvuWA9eNo/view?usp=sharing,https://drive.google.com/file/d/1sR6Tehr3woLY9VPJhzj0YOkcvuWA9eNo/view?usp=sharing
Ψητές επιλογές,ΟΧΙ,Φιλέτο κοτόπουλο ψητό με πουρέ πατάτας και αρακά,"Φιλέτο κοτόπουλο (150γρ), Πουρές πατάτας και αρακά (250γρ)","Κοτόπουλο, Πατάτα, Αρακάς, Σκόρδο, Σχοινόπρασο, Γάλα","Φιλέτο κοτόπουλο (150γρ), Πουρές πατάτας, αρακά και σχοινόπρασο (250γρ)",271-6,9.20,10.40,OK,"Κοτόπουλο στήθος, μαγειρεμένο (150γρ), Πουρές πατάτας με αρακά και σχοινόπρασο (250γρ)",2.05,2.32,0.14,0.17,2.19,2.19,2.49,23.80%,€7.01,22.28%,1.52%,542,41,54,17,https://drive.google.com/file/d/1sR6Tehr3woLY9VPJhzj0YOkcvuWA9eNo/view?usp=sharing,https://drive.google.com/file/d/1sR6Tehr3woLY9VPJhzj0YOkcvuWA9eNo/view?usp=sharing
Ψητές επιλογές,ΝΑΙ,Φιλέτο κοτόπουλο ψητό με πουρέ πατάτας και αρακά,"Φιλέτο κοτόπουλο (180γρ), Πουρές πατάτας και αρακά (150γρ)","Κοτόπουλο, Πατάτα, Αρακάς, Σκόρδο, Σχοινόπρασο, Γάλα","Φιλέτο κοτόπουλο (180γρ), Πουρές πατάτας, αρακά και σχοινόπρασο (150γρ)",271-7,9.20,10.40,OK,"Κοτόπουλο στήθος, μαγειρεμένο (180γρ), Πουρές πατάτας με αρακά και σχοινόπρασο (150γρ)",2.12,2.40,0.14,0.17,2.26,2.26,2.57,24.57%,€6.94,23.04%,1.52%,474,25,60,14,https://drive.google.com/file/d/1sR6Tehr3woLY9VPJhzj0YOkcvuWA9eNo/view?usp=sharing,https://drive.google.com/file/d/1sR6Tehr3woLY9VPJhzj0YOkcvuWA9eNo/view?usp=sharing
Ψητές επιλογές,ΟΧΙ,Φιλέτο κοτόπουλο ψητό με πουρέ πατάτας και αρακά,"Φιλέτο κοτόπουλο (180γρ), Πουρές πατάτας και αρακά (200γρ)","Κοτόπουλο, Πατάτα, Αρακάς, Σκόρδο, Σχοινόπρασο, Γάλα","Φιλέτο κοτόπουλο (180γρ), Πουρές πατάτας, αρακά και σχοινόπρασο (200γρ)",271-8,9.65,10.90,OK,"Κοτόπουλο στήθος, μαγειρεμένο (180γρ), Πουρές πατάτας με αρακά και σχοινόπρασο (200γρ)",2.23,2.52,0.14,0.17,2.37,2.37,2.69,24.56%,€7.28,23.11%,1.45%,533,33,62,16,https://drive.google.com/file/d/1sR6Tehr3woLY9VPJhzj0YOkcvuWA9eNo/view?usp=sharing,https://drive.google.com/file/d/1sR6Tehr3woLY9VPJhzj0YOkcvuWA9eNo/view?usp=sharing
Ψητές επιλογές,ΟΧΙ,Φιλέτο κοτόπουλο ψητό με πουρέ πατάτας και αρακά,"Φιλέτο κοτόπουλο (180γρ), Πουρές πατάτας και αρακά (250γρ)","Κοτόπουλο, Πατάτα, Αρακάς, Σκόρδο, Σχοινόπρασο, Γάλα","Φιλέτο κοτόπουλο (180γρ), Πουρές πατάτας, αρακά και σχοινόπρασο (250γρ)",271-9,10.09,11.40,OK,"Κοτόπουλο στήθος, μαγειρεμένο (180γρ), Πουρές πατάτας με αρακά και σχοινόπρασο (250γρ)",2.34,2.64,0.14,0.17,2.48,2.48,2.82,24.58%,€7.61,23.19%,1.39%,592,41,63,18,https://drive.google.com/file/d/1sR6Tehr3woLY9VPJhzj0YOkcvuWA9eNo/view?usp=sharing,https://drive.google.com/file/d/1sR6Tehr3woLY9VPJhzj0YOkcvuWA9eNo/view?usp=sharing
Ψητές επιλογές,ΟΧΙ,Φιλέτο κοτόπουλο ψητό με πουρέ πατάτας και αρακά,"Φιλέτο κοτόπουλο (210γρ), Πουρές πατάτας και αρακά (150γρ)","Κοτόπουλο, Πατάτα, Αρακάς, Σκόρδο, Σχοινόπρασο, Γάλα","Φιλέτο κοτόπουλο (210γρ), Πουρές πατάτας, αρακά και σχοινόπρασο (150γρ)",271-10,10.09,11.40,OK,"Κοτόπουλο στήθος, μαγειρεμένο (210γρ), Πουρές πατάτας με αρακά και σχοινόπρασο (150γρ)",2.41,2.72,0.14,0.17,2.55,2.55,2.90,25.27%,€7.54,23.89%,1.39%,523,25,70,15,https://drive.google.com/file/d/1sR6Tehr3woLY9VPJhzj0YOkcvuWA9eNo/view?usp=sharing,https://drive.google.com/file/d/1sR6Tehr3woLY9VPJhzj0YOkcvuWA9eNo/view?usp=sharing
Ψητές επιλογές,ΟΧΙ,Φιλέτο κοτόπουλο ψητό με πουρέ πατάτας και αρακά,"Φιλέτο κοτόπουλο (210γρ), Πουρές πατάτας και αρακά (200γρ)","Κοτόπουλο, Πατάτα, Αρακάς, Σκόρδο, Σχοινόπρασο, Γάλα","Φιλέτο κοτόπουλο (210γρ), Πουρές πατάτας, αρακά και σχοινόπρασο (200γρ)",271-11,10.53,11.90,OK,"Κοτόπουλο στήθος, μαγειρεμένο (210γρ), Πουρές πατάτας με αρακά και σχοινόπρασο (200γρ)",2.53,2.86,0.14,0.17,2.67,2.67,3.03,25.36%,€7.86,24.03%,1.33%,582,33,71,17,https://drive.google.com/file/d/1sR6Tehr3woLY9VPJhzj0YOkcvuWA9eNo/view?usp=sharing,https://drive.google.com/file/d/1sR6Tehr3woLY9VPJhzj0YOkcvuWA9eNo/view?usp=sharing
Ψητές επιλογές,ΟΧΙ,Φιλέτο κοτόπουλο ψητό με πουρέ πατάτας και αρακά,"Φιλέτο κοτόπουλο (210γρ), Πουρές πατάτας και αρακά (250γρ)","Κοτόπουλο, Πατάτα, Αρακάς, Σκόρδο, Σχοινόπρασο, Γάλα","Φιλέτο κοτόπουλο (210γρ), Πουρές πατάτας, αρακά και σχοινόπρασο (250γρ)",271-12,10.97,12.40,OK,"Κοτόπουλο στήθος, μαγειρεμένο (210γρ), Πουρές πατάτας με αρακά και σχοινόπρασο (250γρ)",2.64,2.98,0.14,0.17,2.78,2.78,3.16,25.34%,€8.19,24.07%,1.28%,641,41,73,19,https://drive.google.com/file/d/1sR6Tehr3woLY9VPJhzj0YOkcvuWA9eNo/view?usp=sharing,https://drive.google.com/file/d/1sR6Tehr3woLY9VPJhzj0YOkcvuWA9eNo/view?usp=sharing
Μαγειρευτά,ΟΧΙ,Φιλέτο κοτόπουλο με άγριο ρύζι και σάλτσα μουστάρδας,"Φιλέτο κοτόπουλο (120γρ), Άγριο ρύζι (60γρ)","Κοτόπουλο, Κρεμμύδι, Σκόρδο, Κόκκινη πιπεριά, Πράσινη πιπεριά, Ντοματίνια, Μαϊντανός, Ρύζι","Φιλέτο κοτόπουλο (120γρ), Άγριο ρύζι (60γρ), Σάλτσα μουστάρδας (60γρ)",129-1,7.43,8.40,OK,"Κοτόπουλο στήθος, μαγειρεμένο (120γρ), Άγριο ρύζι (60γρ), Σάλτσα μουστάρδας (για τηγανιά) (60γρ)",1.49,1.68,0.14,0.17,1.63,1.63,1.86,21.94%,€5.80,20.05%,1.88%,336,15,40,12,https://drive.google.com/file/d/1ipfp68yjGLcExddaWvqLKxPlXvwEosyb/view?usp=sharing,https://drive.google.com/file/d/1ipfp68yjGLcExddaWvqLKxPlXvwEosyb/view?usp=sharing
Μαγειρευτά,ΟΧΙ,Φιλέτο κοτόπουλο με άγριο ρύζι και σάλτσα μουστάρδας,"Φιλέτο κοτόπουλο (120γρ), Άγριο ρύζι (120γρ)","Κοτόπουλο, Κρεμμύδι, Σκόρδο, Κόκκινη πιπεριά, Πράσινη πιπεριά, Ντοματίνια, Μαϊντανός, Ρύζι","Φιλέτο κοτόπουλο (120γρ), Άγριο ρύζι (120γρ), Σάλτσα μουστάρδας (60γρ)",129-2,7.88,8.90,OK,"Κοτόπουλο στήθος, μαγειρεμένο (120γρ), Άγριο ρύζι (120γρ), Σάλτσα μουστάρδας (για τηγανιά) (60γρ)",1.58,1.79,0.14,0.17,1.72,1.72,1.96,21.83%,€6.16,20.05%,1.78%,413,26,42,14,https://drive.google.com/file/d/1ipfp68yjGLcExddaWvqLKxPlXvwEosyb/view?usp=sharing,https://drive.google.com/file/d/1ipfp68yjGLcExddaWvqLKxPlXvwEosyb/view?usp=sharing
Μαγειρευτά,ΟΧΙ,Φιλέτο κοτόπουλο με άγριο ρύζι και σάλτσα μουστάρδας,"Φιλέτο κοτόπουλο (120γρ), Άγριο ρύζι (180γρ)","Κοτόπουλο, Κρεμμύδι, Σκόρδο, Κόκκινη πιπεριά, Πράσινη πιπεριά, Ντοματίνια, Μαϊντανός, Ρύζι","Φιλέτο κοτόπουλο (120γρ), Άγριο ρύζι (180γρ), Σάλτσα μουστάρδας (60γρ)",129-3,8.32,9.40,OK,"Κοτόπουλο στήθος, μαγειρεμένο (120γρ), Άγριο ρύζι (180γρ), Σάλτσα μουστάρδας (για τηγανιά) (60γρ)",1.68,1.90,0.14,0.17,1.82,1.82,2.07,21.88%,€6.50,20.19%,1.68%,491,38,44,17,https://drive.google.com/file/d/1ipfp68yjGLcExddaWvqLKxPlXvwEosyb/view?usp=sharing,https://drive.google.com/file/d/1ipfp68yjGLcExddaWvqLKxPlXvwEosyb/view?usp=sharing
Μαγειρευτά,ΟΧΙ,Φιλέτο κοτόπουλο με άγριο ρύζι και σάλτσα μουστάρδας,"Φιλέτο κοτόπουλο (150γρ), Άγριο ρύζι (60γρ)","Κοτόπουλο, Κρεμμύδι, Σκόρδο, Κόκκινη πιπεριά, Πράσινη πιπεριά, Ντοματίνια, Μαϊντανός, Ρύζι","Φιλέτο κοτόπουλο (150γρ), Άγριο ρύζι (60γρ), Σάλτσα μουστάρδας (60γρ)",129-4,8.32,9.40,OK,"Κοτόπουλο στήθος, μαγειρεμένο (150γρ), Άγριο ρύζι (60γρ), Σάλτσα μουστάρδας (για τηγανιά) (60γρ)",1.79,2.02,0.14,0.17,1.93,1.93,2.20,23.20%,€6.39,21.51%,1.68%,385,15,49,13,https://drive.google.com/file/d/1ipfp68yjGLcExddaWvqLKxPlXvwEosyb/view?usp=sharing,https://drive.google.com/file/d/1ipfp68yjGLcExddaWvqLKxPlXvwEosyb/view?usp=sharing
Μαγειρευτά,ΟΧΙ,Φιλέτο κοτόπουλο με άγριο ρύζι και σάλτσα μουστάρδας,"Φιλέτο κοτόπουλο (150γρ), Άγριο ρύζι (120γρ)","Κοτόπουλο, Κρεμμύδι, Σκόρδο, Κόκκινη πιπεριά, Πράσινη πιπεριά, Ντοματίνια, Μαϊντανός, Ρύζι","Φιλέτο κοτόπουλο (150γρ), Άγριο ρύζι (120γρ), Σάλτσα μουστάρδας (60γρ)",129-5,8.76,9.90,OK,"Κοτόπουλο στήθος, μαγειρεμένο (150γρ), Άγριο ρύζι (120γρ), Σάλτσα μουστάρδας (για τηγανιά) (60γρ)",1.88,2.12,0.14,0.17,2.02,2.02,2.30,23.06%,€6.74,21.46%,1.60%,463,26,51,16,https://drive.google.com/file/d/1ipfp68yjGLcExddaWvqLKxPlXvwEosyb/view?usp=sharing,https://drive.google.com/file/d/1ipfp68yjGLcExddaWvqLKxPlXvwEosyb/view?usp=sharing
Μαγειρευτά,ΟΧΙ,Φιλέτο κοτόπουλο με άγριο ρύζι και σάλτσα μουστάρδας,"Φιλέτο κοτόπουλο (150γρ), Άγριο ρύζι (180γρ)","Κοτόπουλο, Κρεμμύδι, Σκόρδο, Κόκκινη πιπεριά, Πράσινη πιπεριά, Ντοματίνια, Μαϊντανός, Ρύζι","Φιλέτο κοτόπουλο (150γρ), Άγριο ρύζι (180γρ), Σάλτσα μουστάρδας (60γρ)",129-6,9.20,10.40,OK,"Κοτόπουλο στήθος, μαγειρεμένο (150γρ), Άγριο ρύζι (180γρ), Σάλτσα μουστάρδας (για τηγανιά) (60γρ)",1.97,2.23,0.14,0.17,2.11,2.11,2.40,22.93%,€7.09,21.41%,1.52%,541,38,53,18,https://drive.google.com/file/d/1ipfp68yjGLcExddaWvqLKxPlXvwEosyb/view?usp=sharing,https://drive.google.com/file/d/1ipfp68yjGLcExddaWvqLKxPlXvwEosyb/view?usp=sharing
Μαγειρευτά,ΟΧΙ,Φιλέτο κοτόπουλο με άγριο ρύζι και σάλτσα μουστάρδας,"Φιλέτο κοτόπουλο (180γρ), Άγριο ρύζι (120γρ)","Κοτόπουλο, Κρεμμύδι, Σκόρδο, Κόκκινη πιπεριά, Πράσινη πιπεριά, Ντοματίνια, Μαϊντανός, Ρύζι","Φιλέτο κοτόπουλο (180γρ), Άγριο ρύζι (120γρ), Σάλτσα μουστάρδας (60γρ)",129-7,9.20,10.40,OK,"Κοτόπουλο στήθος, μαγειρεμένο (180γρ), Άγριο ρύζι (120γρ), Σάλτσα μουστάρδας (για τηγανιά) (60γρ)",2.18,2.46,0.14,0.17,2.32,2.32,2.64,25.22%,€6.88,23.70%,1.52%,512,26,61,17,https://drive.google.com/file/d/1ipfp68yjGLcExddaWvqLKxPlXvwEosyb/view?usp=sharing,https://drive.google.com/file/d/1ipfp68yjGLcExddaWvqLKxPlXvwEosyb/view?usp=sharing
Μαγειρευτά,ΝΑΙ,Φιλέτο κοτόπουλο με άγριο ρύζι και σάλτσα μουστάρδας,"Φιλέτο κοτόπουλο (180γρ), Άγριο ρύζι (180γρ)","Κοτόπουλο, Κρεμμύδι, Σκόρδο, Κόκκινη πιπεριά, Πράσινη πιπεριά, Ντοματίνια, Μαϊντανός, Ρύζι","Φιλέτο κοτόπουλο (180γρ), Άγριο ρύζι (180γρ), Σάλτσα μουστάρδας (60γρ)",129-8,9.65,10.90,OK,"Κοτόπουλο στήθος, μαγειρεμένο (180γρ), Άγριο ρύζι (180γρ), Σάλτσα μουστάρδας (για τηγανιά) (60γρ)",2.27,2.57,0.14,0.17,2.41,2.41,2.74,24.97%,€7.24,23.52%,1.45%,590,38,63,19,https://drive.google.com/file/d/1ipfp68yjGLcExddaWvqLKxPlXvwEosyb/view?usp=sharing,https://drive.google.com/file/d/1ipfp68yjGLcExddaWvqLKxPlXvwEosyb/view?usp=sharing
Μαγειρευτά,ΟΧΙ,Φιλέτο κοτόπουλο με άγριο ρύζι και σάλτσα μουστάρδας,"Φιλέτο κοτόπουλο (180γρ), Άγριο ρύζι (240γρ)","Κοτόπουλο, Κρεμμύδι, Σκόρδο, Κόκκινη πιπεριά, Πράσινη πιπεριά, Ντοματίνια, Μαϊντανός, Ρύζι","Φιλέτο κοτόπουλο (180γρ), Άγριο ρύζι (240γρ), Σάλτσα μουστάρδας (60γρ)",129-9,10.09,11.40,OK,"Κοτόπουλο στήθος, μαγειρεμένο (180γρ), Άγριο ρύζι (240γρ), Σάλτσα μουστάρδας (για τηγανιά) (60γρ)",2.36,2.67,0.14,0.17,2.50,2.50,2.84,24.78%,€7.59,23.39%,1.39%,668,50,65,22,https://drive.google.com/file/d/1ipfp68yjGLcExddaWvqLKxPlXvwEosyb/view?usp=sharing,https://drive.google.com/file/d/1ipfp68yjGLcExddaWvqLKxPlXvwEosyb/view?usp=sharing
Μαγειρευτά,ΟΧΙ,Φιλέτο κοτόπουλο με άγριο ρύζι και σάλτσα μουστάρδας,"Φιλέτο κοτόπουλο (210γρ), Άγριο ρύζι (120γρ)","Κοτόπουλο, Κρεμμύδι, Σκόρδο, Κόκκινη πιπεριά, Πράσινη πιπεριά, Ντοματίνια, Μαϊντανός, Ρύζι","Φιλέτο κοτόπουλο (210γρ), Άγριο ρύζι (120γρ), Σάλτσα μουστάρδας (60γρ)",129-10,10.09,11.40,OK,"Κοτόπουλο στήθος, μαγειρεμένο (210γρ), Άγριο ρύζι (120γρ), Σάλτσα μουστάρδας (για τηγανιά) (60γρ)",2.47,2.79,0.14,0.17,2.61,2.61,2.96,25.87%,€7.48,24.48%,1.39%,562,26,70,18,https://drive.google.com/file/d/1ipfp68yjGLcExddaWvqLKxPlXvwEosyb/view?usp=sharing,https://drive.google.com/file/d/1ipfp68yjGLcExddaWvqLKxPlXvwEosyb/view?usp=sharing
Μαγειρευτά,ΟΧΙ,Φιλέτο κοτόπουλο με άγριο ρύζι και σάλτσα μουστάρδας,"Φιλέτο κοτόπουλο (210γρ), Άγριο ρύζι (180γρ)","Κοτόπουλο, Κρεμμύδι, Σκόρδο, Κόκκινη πιπεριά, Πράσινη πιπεριά, Ντοματίνια, Μαϊντανός, Ρύζι","Φιλέτο κοτόπουλο (210γρ), Άγριο ρύζι (180γρ), Σάλτσα μουστάρδας (60γρ)",129-11,10.53,11.90,OK,"Κοτόπουλο στήθος, μαγειρεμένο (210γρ), Άγριο ρύζι (180γρ), Σάλτσα μουστάρδας (για τηγανιά) (60γρ)",2.57,2.90,0.14,0.17,2.71,2.71,3.08,25.74%,€7.82,24.41%,1.33%,640,38,72,20,https://drive.google.com/file/d/1ipfp68yjGLcExddaWvqLKxPlXvwEosyb/view?usp=sharing,https://drive.google.com/file/d/1ipfp68yjGLcExddaWvqLKxPlXvwEosyb/view?usp=sharing
Μαγειρευτά,ΟΧΙ,Φιλέτο κοτόπουλο με άγριο ρύζι και σάλτσα μουστάρδας,"Φιλέτο κοτόπουλο (210γρ), Άγριο ρύζι (240γρ)","Κοτόπουλο, Κρεμμύδι, Σκόρδο, Κόκκινη πιπεριά, Πράσινη πιπεριά, Ντοματίνια, Μαϊντανός, Ρύζι","Φιλέτο κοτόπουλο (210γρ), Άγριο ρύζι (240γρ), Σάλτσα μουστάρδας (60γρ)",129-12,10.97,12.40,OK,"Κοτόπουλο στήθος, μαγειρεμένο (210γρ), Άγριο ρύζι (240γρ), Σάλτσα μουστάρδας (για τηγανιά) (60γρ)",2.66,3.01,0.14,0.17,2.80,2.80,3.18,25.52%,€8.17,24.25%,1.28%,717,50,74,23,https://drive.google.com/file/d/1ipfp68yjGLcExddaWvqLKxPlXvwEosyb/view?usp=sharing,https://drive.google.com/file/d/1ipfp68yjGLcExddaWvqLKxPlXvwEosyb/view?usp=sharing
Ψητές επιλογές,ΟΧΙ,Φιλέτο μοσχαρίσιο με πατάτες φούρνου και gravy sauce,"Φιλέτο μοσχαρίσιο (120γρ), Πατάτες φούρνου (80γρ)","Μοσχάρι, Πατάτα, Μουστάρδα, Χυμός λεμονιού, Μέλι, Ρίγανη, Σκόρδο, Θυμάρι, Καρότο, Ζωμός βοδινός","Φιλέτο μοσχαρίσιο (120γρ), Πατάτες φούρνου (80γρ), Gravy sauce (70γρ)",215-1,14.07,15.90,Product Cost Change,"Μοσχάρι, μαγειρεμένο (120γρ), Πατάτα, μαγειρεμένη (80γρ), Καρότο, roasted (50γρ), Gravy sauce (70γρ)",8.00,9.04,0.14,0.17,8.13,8.14,9.21,57.85%,€5.93,56.86%,1.00%,426,21,33,19,https://drive.google.com/file/d/1iSL72EGjtltt91jm5YC_Eq-NO9nW0ebx/view?usp=sharing,https://drive.google.com/file/d/1iSL72EGjtltt91jm5YC_Eq-NO9nW0ebx/view?usp=sharing
Ψητές επιλογές,ΟΧΙ,Φιλέτο μοσχαρίσιο με πατάτες φούρνου και gravy sauce,"Φιλέτο μοσχαρίσιο (120γρ), Πατάτες φούρνου (160γρ)","Μοσχάρι, Πατάτα, Μουστάρδα, Χυμός λεμονιού, Μέλι, Ρίγανη, Σκόρδο, Θυμάρι, Καρότο, Ζωμός βοδινός","Φιλέτο μοσχαρίσιο (120γρ), Πατάτες φούρνου (160γρ), Gravy sauce (70γρ)",215-2,14.60,16.50,OK,"Μοσχάρι, μαγειρεμένο (120γρ), Πατάτα, μαγειρεμένη (160γρ), Καρότο, roasted (50γρ), Gravy sauce (70γρ)",8.09,9.14,0.14,0.17,8.23,8.23,9.32,56.37%,€6.37,55.41%,0.96%,495,37,35,19,https://drive.google.com/file/d/1iSL72EGjtltt91jm5YC_Eq-NO9nW0ebx/view?usp=sharinghttps://drive.google.com/file/d/1iSL72EGjtltt91jm5YC_Eq-NO9nW0ebx/view?usp=sharing,https://drive.google.com/file/d/1iSL72EGjtltt91jm5YC_Eq-NO9nW0ebx/view?usp=sharinghttps://drive.google.com/file/d/1iSL72EGjtltt91jm5YC_Eq-NO9nW0ebx/view?usp=sharing
Ψητές επιλογές,ΟΧΙ,Φιλέτο μοσχαρίσιο με πατάτες φούρνου και gravy sauce,"Φιλέτο μοσχαρίσιο (120γρ), Πατάτες φούρνου (240γρ)","Μοσχάρι, Πατάτα, Μουστάρδα, Χυμός λεμονιού, Μέλι, Ρίγανη, Σκόρδο, Θυμάρι, Καρότο, Ζωμός βοδινός","Φιλέτο μοσχαρίσιο (120γρ), Πατάτες φούρνου (240γρ), Gravy sauce (70γρ)",215-3,14.96,16.90,OK,"Μοσχάρι, μαγειρεμένο (120γρ), Πατάτα, μαγειρεμένη (240γρ), Καρότο, roasted (50γρ), Gravy sauce (70γρ)",8.18,9.24,0.14,0.17,8.32,8.32,9.42,55.61%,€6.64,54.68%,0.94%,565,53,36,19,https://drive.google.com/file/d/1iSL72EGjtltt91jm5YC_Eq-NO9nW0ebx/view?usp=sharinghttps://drive.google.com/file/d/1iSL72EGjtltt91jm5YC_Eq-NO9nW0ebx/view?usp=sharing,https://drive.google.com/file/d/1iSL72EGjtltt91jm5YC_Eq-NO9nW0ebx/view?usp=sharinghttps://drive.google.com/file/d/1iSL72EGjtltt91jm5YC_Eq-NO9nW0ebx/view?usp=sharing
Ψητές επιλογές,ΟΧΙ,Φιλέτο μοσχαρίσιο με πατάτες φούρνου και gravy sauce,"Φιλέτο μοσχαρίσιο (150γρ), Πατάτες φούρνου (80γρ)","Μοσχάρι, Πατάτα, Μουστάρδα, Χυμός λεμονιού, Μέλι, Ρίγανη, Σκόρδο, Θυμάρι, Καρότο, Ζωμός βοδινός","Φιλέτο μοσχαρίσιο (150γρ), Πατάτες φούρνου (80γρ), Gravy sauce (70γρ)",215-4,16.73,18.90,Product Cost Change,"Μοσχάρι, μαγειρεμένο (150γρ), Πατάτα, μαγειρεμένη (80γρ), Καρότο, roasted (50γρ), Gravy sauce (70γρ)",9.71,10.97,0.14,0.17,9.84,9.85,11.15,58.88%,€6.88,58.04%,0.84%,501,21,41,24,https://drive.google.com/file/d/1iSL72EGjtltt91jm5YC_Eq-NO9nW0ebx/view?usp=sharing,https://drive.google.com/file/d/1iSL72EGjtltt91jm5YC_Eq-NO9nW0ebx/view?usp=sharing
Ψητές επιλογές,ΝΑΙ,Φιλέτο μοσχαρίσιο με πατάτες φούρνου και gravy sauce,"Φιλέτο μοσχαρίσιο (150γρ), Πατάτες φούρνου (160γρ)","Μοσχάρι, Πατάτα, Μουστάρδα, Χυμός λεμονιού, Μέλι, Ρίγανη, Σκόρδο, Θυμάρι, Καρότο, Ζωμός βοδινός","Φιλέτο μοσχαρίσιο (150γρ), Πατάτες φούρνου (160γρ), Gravy sauce (70γρ)",215-5,17.26,19.50,OK,"Μοσχάρι, μαγειρεμένο (150γρ), Πατάτα, μαγειρεμένη (160γρ), Καρότο, roasted (50γρ), Gravy sauce (70γρ)",9.80,11.07,0.14,0.17,9.94,9.94,11.25,57.59%,€7.32,56.78%,0.81%,570,37,43,24,https://drive.google.com/file/d/1iSL72EGjtltt91jm5YC_Eq-NO9nW0ebx/view?usp=sharing,https://drive.google.com/file/d/1iSL72EGjtltt91jm5YC_Eq-NO9nW0ebx/view?usp=sharing
Ψητές επιλογές,ΟΧΙ,Φιλέτο μοσχαρίσιο με πατάτες φούρνου και gravy sauce,"Φιλέτο μοσχαρίσιο (150γρ), Πατάτες φούρνου (240γρ)","Μοσχάρι, Πατάτα, Μουστάρδα, Χυμός λεμονιού, Μέλι, Ρίγανη, Σκόρδο, Θυμάρι, Καρότο, Ζωμός βοδινός","Φιλέτο μοσχαρίσιο (150γρ), Πατάτες φούρνου (240γρ), Gravy sauce (70γρ)",215-6,17.61,19.90,OK,"Μοσχάρι, μαγειρεμένο (150γρ), Πατάτα, μαγειρεμένη (240γρ), Καρότο, roasted (50γρ), Gravy sauce (70γρ)",9.89,11.18,0.14,0.17,10.03,10.03,11.35,56.96%,€7.58,56.16%,0.80%,640,53,44,24,https://drive.google.com/file/d/1iSL72EGjtltt91jm5YC_Eq-NO9nW0ebx/view?usp=sharinghttps://drive.google.com/file/d/1iSL72EGjtltt91jm5YC_Eq-NO9nW0ebx/view?usp=sharing,https://drive.google.com/file/d/1iSL72EGjtltt91jm5YC_Eq-NO9nW0ebx/view?usp=sharinghttps://drive.google.com/file/d/1iSL72EGjtltt91jm5YC_Eq-NO9nW0ebx/view?usp=sharing
Ψητές επιλογές,ΟΧΙ,Φιλέτο μοσχαρίσιο με πατάτες φούρνου και gravy sauce,"Φιλέτο μοσχαρίσιο (180γρ), Πατάτες φούρνου (80γρ)","Μοσχάρι, Πατάτα, Μουστάρδα, Χυμός λεμονιού, Μέλι, Ρίγανη, Σκόρδο, Θυμάρι, Καρότο, Ζωμός βοδινός","Φιλέτο μοσχαρίσιο (180γρ), Πατάτες φούρνου (80γρ), Gravy sauce (70γρ)",215-7,19.38,21.90,Product Cost Change,"Μοσχάρι, μαγειρεμένο (180γρ), Πατάτα, μαγειρεμένη (80γρ), Καρότο, roasted (50γρ), Gravy sauce (70γρ)",11.42,12.90,0.14,0.17,11.55,11.56,13.08,59.65%,€7.82,58.93%,0.72%,576,21,49,28,https://drive.google.com/file/d/1iSL72EGjtltt91jm5YC_Eq-NO9nW0ebx/view?usp=sharing,https://drive.google.com/file/d/1iSL72EGjtltt91jm5YC_Eq-NO9nW0ebx/view?usp=sharing
Ψητές επιλογές,ΟΧΙ,Φιλέτο μοσχαρίσιο με πατάτες φούρνου και gravy sauce,"Φιλέτο μοσχαρίσιο (180γρ), Πατάτες φούρνου (160γρ)","Μοσχάρι, Πατάτα, Μουστάρδα, Χυμός λεμονιού, Μέλι, Ρίγανη, Σκόρδο, Θυμάρι, Καρότο, Ζωμός βοδινός","Φιλέτο μοσχαρίσιο (180γρ), Πατάτες φούρνου (160γρ), Gravy sauce (70γρ)",215-8,19.91,22.50,OK,"Μοσχάρι, μαγειρεμένο (180γρ), Πατάτα, μαγειρεμένη (160γρ), Καρότο, roasted (50γρ), Gravy sauce (70γρ)",11.51,13.01,0.14,0.17,11.65,11.65,13.18,58.51%,€8.26,57.81%,0.70%,645,37,50,28,https://drive.google.com/file/d/1iSL72EGjtltt91jm5YC_Eq-NO9nW0ebx/view?usp=sharing,https://drive.google.com/file/d/1iSL72EGjtltt91jm5YC_Eq-NO9nW0ebx/view?usp=sharing
Ψητές επιλογές,ΟΧΙ,Φιλέτο μοσχαρίσιο με πατάτες φούρνου και gravy sauce,"Φιλέτο μοσχαρίσιο (180γρ), Πατάτες φούρνου (240γρ)","Μοσχάρι, Πατάτα, Μουστάρδα, Χυμός λεμονιού, Μέλι, Ρίγανη, Σκόρδο, Θυμάρι, Καρότο, Ζωμός βοδινός","Φιλέτο μοσχαρίσιο (180γρ), Πατάτες φούρνου (240γρ), Gravy sauce (70γρ)",215-9,20.27,22.90,OK,"Μοσχάρι, μαγειρεμένο (180γρ), Πατάτα, μαγειρεμένη (240γρ), Καρότο, roasted (50γρ), Gravy sauce (70γρ)",11.60,13.11,0.14,0.17,11.74,11.74,13.28,57.92%,€8.53,57.23%,0.69%,715,53,52,28,https://drive.google.com/file/d/1iSL72EGjtltt91jm5YC_Eq-NO9nW0ebx/view?usp=sharing,https://drive.google.com/file/d/1iSL72EGjtltt91jm5YC_Eq-NO9nW0ebx/view?usp=sharing
Ψητές επιλογές,ΟΧΙ,Φιλέτο μοσχαρίσιο με πατάτες φούρνου και gravy sauce,"Φιλέτο μοσχαρίσιο (210γρ), Πατάτες φούρνου (80γρ)","Μοσχάρι, Πατάτα, Μουστάρδα, Χυμός λεμονιού, Μέλι, Ρίγανη, Σκόρδο, Θυμάρι, Καρότο, Ζωμός βοδινός","Φιλέτο μοσχαρίσιο (210γρ), Πατάτες φούρνου (80γρ), Gravy sauce (70γρ)",215-10,22.04,24.90,Product Cost Change,"Μοσχάρι, μαγειρεμένο (210γρ), Πατάτα, μαγειρεμένη (80γρ), Καρότο, roasted (50γρ), Gravy sauce (70γρ)",13.13,14.84,0.14,0.17,13.26,13.27,15.01,60.21%,€8.77,59.57%,0.64%,651,21,57,33,https://drive.google.com/file/d/1iSL72EGjtltt91jm5YC_Eq-NO9nW0ebx/view?usp=sharing,https://drive.google.com/file/d/1iSL72EGjtltt91jm5YC_Eq-NO9nW0ebx/view?usp=sharing
Ψητές επιλογές,ΟΧΙ,Φιλέτο μοσχαρίσιο με πατάτες φούρνου και gravy sauce,"Φιλέτο μοσχαρίσιο (210γρ), Πατάτες φούρνου (160γρ)","Μοσχάρι, Πατάτα, Μουστάρδα, Χυμός λεμονιού, Μέλι, Ρίγανη, Σκόρδο, Θυμάρι, Καρότο, Ζωμός βοδινός","Φιλέτο μοσχαρίσιο (210γρ), Πατάτες φούρνου (160γρ), Gravy sauce (70γρ)",215-11,22.57,25.50,OK,"Μοσχάρι, μαγειρεμένο (210γρ), Πατάτα, μαγειρεμένη (160γρ), Καρότο, roasted (50γρ), Gravy sauce (70γρ)",13.22,14.94,0.14,0.17,13.36,13.36,15.11,59.19%,€9.21,58.57%,0.62%,720,37,58,33,https://drive.google.com/file/d/1iSL72EGjtltt91jm5YC_Eq-NO9nW0ebx/view?usp=sharing,https://drive.google.com/file/d/1iSL72EGjtltt91jm5YC_Eq-NO9nW0ebx/view?usp=sharing
Ψητές επιλογές,ΟΧΙ,Φιλέτο μοσχαρίσιο με πατάτες φούρνου και gravy sauce,"Φιλέτο μοσχαρίσιο (210γρ), Πατάτες φούρνου (240γρ)","Μοσχάρι, Πατάτα, Μουστάρδα, Χυμός λεμονιού, Μέλι, Ρίγανη, Σκόρδο, Θυμάρι, Καρότο, Ζωμός βοδινός","Φιλέτο μοσχαρίσιο (210γρ), Πατάτες φούρνου (240γρ), Gravy sauce (70γρ)",215-12,22.92,25.90,OK,"Μοσχάρι, μαγειρεμένο (210γρ), Πατάτα, μαγειρεμένη (240γρ), Καρότο, roasted (50γρ), Gravy sauce (70γρ)",13.31,15.04,0.14,0.17,13.45,13.45,15.21,58.68%,€9.47,58.07%,0.61%,790,53,60,33,https://drive.google.com/file/d/1iSL72EGjtltt91jm5YC_Eq-NO9nW0ebx/view?usp=sharing,https://drive.google.com/file/d/1iSL72EGjtltt91jm5YC_Eq-NO9nW0ebx/view?usp=sharing
Ψητές επιλογές,ΟΧΙ,Φιλέτο μοσχαρίσιο με πουρέ γλυκοπατάτας,"Φιλέτο μοσχαρίσιο (120γρ), Πουρές γλυκοπατάτας (120γρ)","Μοσχάρι, Γλυκοπατάτα","Φιλέτο μοσχαρίσιο (120γρ), Πουρές γλυκοπατάτας (120γρ)",216-1,14.07,15.90,OK,"Μοσχάρι, μαγειρεμένο (120γρ), Πουρές γλυκοπατάτας (120γρ)",7.32,8.27,0.14,0.17,7.46,7.46,8.45,53.02%,€6.61,52.03%,1.00%,553,21,33,37,https://drive.google.com/file/d/14L61hXFzHtV4qGF69hd6J4k91vPw9NEn/view?usp=sharing,https://drive.google.com/file/d/14L61hXFzHtV4qGF69hd6J4k91vPw9NEn/view?usp=sharing
Ψητές επιλογές,ΟΧΙ,Φιλέτο μοσχαρίσιο με πουρέ γλυκοπατάτας,"Φιλέτο μοσχαρίσιο (120γρ), Πουρές γλυκοπατάτας (180γρ)","Μοσχάρι, Γλυκοπατάτα","Φιλέτο μοσχαρίσιο (120γρ), Πουρές γλυκοπατάτας (180γρ)",216-2,14.60,16.50,OK,"Μοσχάρι, μαγειρεμένο (120γρ), Πουρές γλυκοπατάτας (180γρ)",7.56,8.54,0.14,0.17,7.70,7.70,8.72,52.74%,€6.90,51.78%,0.96%,680,32,34,46,https://drive.google.com/file/d/14L61hXFzHtV4qGF69hd6J4k91vPw9NEn/view?usp=sharinghttps://drive.google.com/file/d/14L61hXFzHtV4qGF69hd6J4k91vPw9NEn/view?usp=sharing,https://drive.google.com/file/d/14L61hXFzHtV4qGF69hd6J4k91vPw9NEn/view?usp=sharinghttps://drive.google.com/file/d/14L61hXFzHtV4qGF69hd6J4k91vPw9NEn/view?usp=sharing
Ψητές επιλογές,ΟΧΙ,Φιλέτο μοσχαρίσιο με πουρέ γλυκοπατάτας,"Φιλέτο μοσχαρίσιο (120γρ), Πουρές γλυκοπατάτας (220γρ)","Μοσχάρι, Γλυκοπατάτα","Φιλέτο μοσχαρίσιο (120γρ), Πουρές γλυκοπατάτας (220γρ)",216-3,14.96,16.90,OK,"Μοσχάρι, μαγειρεμένο (120γρ), Πουρές γλυκοπατάτας (220γρ)",7.72,8.72,0.14,0.17,7.86,7.86,8.90,52.54%,€7.10,51.60%,0.94%,764,39,35,52,https://drive.google.com/file/d/14L61hXFzHtV4qGF69hd6J4k91vPw9NEn/view?usp=sharinghttps://drive.google.com/file/d/14L61hXFzHtV4qGF69hd6J4k91vPw9NEn/view?usp=sharing,https://drive.google.com/file/d/14L61hXFzHtV4qGF69hd6J4k91vPw9NEn/view?usp=sharinghttps://drive.google.com/file/d/14L61hXFzHtV4qGF69hd6J4k91vPw9NEn/view?usp=sharing
Ψητές επιλογές,ΟΧΙ,Φιλέτο μοσχαρίσιο με πουρέ γλυκοπατάτας,"Φιλέτο μοσχαρίσιο (150γρ), Πουρές γλυκοπατάτας (120γρ)","Μοσχάρι, Γλυκοπατάτα","Φιλέτο μοσχαρίσιο (150γρ), Πουρές γλυκοπατάτας (120γρ)",216-4,16.73,18.90,OK,"Μοσχάρι, μαγειρεμένο (150γρ), Πουρές γλυκοπατάτας (120γρ)",9.03,10.20,0.14,0.17,9.17,9.17,10.38,54.81%,€7.56,53.97%,0.84%,628,21,41,42,https://drive.google.com/file/d/14L61hXFzHtV4qGF69hd6J4k91vPw9NEn/view?usp=sharinghttps://drive.google.com/file/d/14L61hXFzHtV4qGF69hd6J4k91vPw9NEn/view?usp=sharing,https://drive.google.com/file/d/14L61hXFzHtV4qGF69hd6J4k91vPw9NEn/view?usp=sharinghttps://drive.google.com/file/d/14L61hXFzHtV4qGF69hd6J4k91vPw9NEn/view?usp=sharing
Ψητές επιλογές,ΝΑΙ,Φιλέτο μοσχαρίσιο με πουρέ γλυκοπατάτας,"Φιλέτο μοσχαρίσιο (150γρ), Πουρές γλυκοπατάτας (180γρ)","Μοσχάρι, Γλυκοπατάτα","Φιλέτο μοσχαρίσιο (150γρ), Πουρές γλυκοπατάτας (180γρ)",216-5,17.26,19.50,OK,"Μοσχάρι, μαγειρεμένο (150γρ), Πουρές γλυκοπατάτας (180γρ)",9.27,10.48,0.14,0.17,9.41,9.41,10.65,54.52%,€7.85,53.71%,0.81%,755,32,42,51,https://drive.google.com/file/d/14L61hXFzHtV4qGF69hd6J4k91vPw9NEn/view?usp=sharing,https://drive.google.com/file/d/14L61hXFzHtV4qGF69hd6J4k91vPw9NEn/view?usp=sharing
Ψητές επιλογές,ΟΧΙ,Φιλέτο μοσχαρίσιο με πουρέ γλυκοπατάτας,"Φιλέτο μοσχαρίσιο (150γρ), Πουρές γλυκοπατάτας (220γρ)","Μοσχάρι, Γλυκοπατάτα","Φιλέτο μοσχαρίσιο (150γρ), Πουρές γλυκοπατάτας (220γρ)",216-6,17.61,19.90,OK,"Μοσχάρι, μαγειρεμένο (150γρ), Πουρές γλυκοπατάτας (220γρ)",9.43,10.66,0.14,0.17,9.57,9.57,10.83,54.34%,€8.04,53.55%,0.80%,839,39,43,57,https://drive.google.com/file/d/14L61hXFzHtV4qGF69hd6J4k91vPw9NEn/view?usp=sharing,https://drive.google.com/file/d/14L61hXFzHtV4qGF69hd6J4k91vPw9NEn/view?usp=sharing
Ψητές επιλογές,ΟΧΙ,Φιλέτο μοσχαρίσιο με πουρέ γλυκοπατάτας,"Φιλέτο μοσχαρίσιο (180γρ), Πουρές γλυκοπατάτας (120γρ)","Μοσχάρι, Γλυκοπατάτα","Φιλέτο μοσχαρίσιο (180γρ), Πουρές γλυκοπατάτας (120γρ)",216-7,19.38,21.90,OK,"Μοσχάρι, μαγειρεμένο (180γρ), Πουρές γλυκοπατάτας (120γρ)",10.74,12.14,0.14,0.17,10.88,10.88,12.31,56.14%,€8.50,55.42%,0.72%,703,21,49,46,https://drive.google.com/file/d/14L61hXFzHtV4qGF69hd6J4k91vPw9NEn/view?usp=sharing,https://drive.google.com/file/d/14L61hXFzHtV4qGF69hd6J4k91vPw9NEn/view?usp=sharing
Ψητές επιλογές,ΟΧΙ,Φιλέτο μοσχαρίσιο με πουρέ γλυκοπατάτας,"Φιλέτο μοσχαρίσιο (180γρ), Πουρές γλυκοπατάτας (180γρ)","Μοσχάρι, Γλυκοπατάτα","Φιλέτο μοσχαρίσιο (180γρ), Πουρές γλυκοπατάτας (180γρ)",216-8,19.91,22.50,OK,"Μοσχάρι, μαγειρεμένο (180γρ), Πουρές γλυκοπατάτας (180γρ)",10.98,12.41,0.14,0.17,11.12,11.12,12.58,55.85%,€8.79,55.15%,0.70%,830,32,50,55,https://drive.google.com/file/d/14L61hXFzHtV4qGF69hd6J4k91vPw9NEn/view?usp=sharing,https://drive.google.com/file/d/14L61hXFzHtV4qGF69hd6J4k91vPw9NEn/view?usp=sharing
Ψητές επιλογές,ΟΧΙ,Φιλέτο μοσχαρίσιο με πουρέ γλυκοπατάτας,"Φιλέτο μοσχαρίσιο (180γρ), Πουρές γλυκοπατάτας (220γρ)","Μοσχάρι, Γλυκοπατάτα","Φιλέτο μοσχαρίσιο (180γρ), Πουρές γλυκοπατάτας (220γρ)",216-9,20.27,22.90,OK,"Μοσχάρι, μαγειρεμένο (180γρ), Πουρές γλυκοπατάτας (220γρ)",11.14,12.59,0.14,0.17,11.28,11.28,12.76,55.65%,€8.99,54.96%,0.69%,914,39,50,62,https://drive.google.com/file/d/14L61hXFzHtV4qGF69hd6J4k91vPw9NEn/view?usp=sharing,https://drive.google.com/file/d/14L61hXFzHtV4qGF69hd6J4k91vPw9NEn/view?usp=sharing
Ψητές επιλογές,ΟΧΙ,Φιλέτο μοσχαρίσιο με πουρέ γλυκοπατάτας,"Φιλέτο μοσχαρίσιο (210γρ), Πουρές γλυκοπατάτας (120γρ)","Μοσχάρι, Γλυκοπατάτα","Φιλέτο μοσχαρίσιο (210γρ), Πουρές γλυκοπατάτας (120γρ)",216-10,22.04,24.90,OK,"Μοσχάρι, μαγειρεμένο (210γρ), Πουρές γλυκοπατάτας (120γρ)",12.45,14.07,0.14,0.17,12.59,12.59,14.24,57.12%,€9.45,56.49%,0.64%,778,21,56,51,https://drive.google.com/file/d/14L61hXFzHtV4qGF69hd6J4k91vPw9NEn/view?usp=sharing,https://drive.google.com/file/d/14L61hXFzHtV4qGF69hd6J4k91vPw9NEn/view?usp=sharing
Ψητές επιλογές,ΟΧΙ,Φιλέτο μοσχαρίσιο με πουρέ γλυκοπατάτας,"Φιλέτο μοσχαρίσιο (210γρ), Πουρές γλυκοπατάτας (180γρ)","Μοσχάρι, Γλυκοπατάτα","Φιλέτο μοσχαρίσιο (210γρ), Πουρές γλυκοπατάτας (180γρ)",216-11,22.57,25.50,OK,"Μοσχάρι, μαγειρεμένο (210γρ), Πουρές γλυκοπατάτας (180γρ)",12.69,14.34,0.14,0.17,12.83,12.83,14.51,56.85%,€9.74,56.23%,0.62%,905,32,57,60,https://drive.google.com/file/d/14L61hXFzHtV4qGF69hd6J4k91vPw9NEn/view?usp=sharing,https://drive.google.com/file/d/14L61hXFzHtV4qGF69hd6J4k91vPw9NEn/view?usp=sharing
Ψητές επιλογές,ΟΧΙ,Φιλέτο μοσχαρίσιο με πουρέ γλυκοπατάτας,"Φιλέτο μοσχαρίσιο (210γρ), Πουρές γλυκοπατάτας (220γρ)","Μοσχάρι, Γλυκοπατάτα","Φιλέτο μοσχαρίσιο (210γρ), Πουρές γλυκοπατάτας (220γρ)",216-12,22.92,25.90,OK,"Μοσχάρι, μαγειρεμένο (210γρ), Πουρές γλυκοπατάτας (220γρ)",12.85,14.52,0.14,0.17,12.99,12.99,14.69,56.68%,€9.93,56.06%,0.61%,989,39,58,66,https://drive.google.com/file/d/14L61hXFzHtV4qGF69hd6J4k91vPw9NEn/view?usp=sharing,https://drive.google.com/file/d/14L61hXFzHtV4qGF69hd6J4k91vPw9NEn/view?usp=sharing
Ψητές επιλογές,ΟΧΙ,Φιλέτο μοσχαρίσιο με ψητά λαχανικά και BBQ sauce,Φιλέτο μοσχαρίσιο (120γρ),"Μοσχάρι, Μελιτζάνα, Κολοκύθι, Μανιτάρι, Πιπεριά, BBQ sauce","Φιλέτο μοσχαρίσιο (120γρ), Ψητά λαχανικά (150γρ), BBQ sauce (20γρ)",203-1,14.60,16.50,OK,"Μοσχάρι, μαγειρεμένο (120γρ), Λαχανικά ψητά (150γρ), BBQ sauce (20γρ)",8.25,9.32,0.18,0.23,8.43,8.43,9.55,57.77%,€6.17,56.51%,1.26%,359,12,33,19,https://drive.google.com/file/d/1JqwH1rDDgG-usrU5EyxgL8yZY2WkqShD/view?usp=sharing,https://drive.google.com/file/d/1JqwH1rDDgG-usrU5EyxgL8yZY2WkqShD/view?usp=sharing
Ψητές επιλογές,ΝΑΙ,Φιλέτο μοσχαρίσιο με ψητά λαχανικά και BBQ sauce,Φιλέτο μοσχαρίσιο (150γρ),"Μοσχάρι, Μελιτζάνα, Κολοκύθι, Μανιτάρι, Πιπεριά, BBQ sauce","Φιλέτο μοσχαρίσιο (150γρ), Ψητά λαχανικά (150γρ), BBQ sauce (20γρ)",203-2,17.26,19.50,OK,"Μοσχάρι, μαγειρεμένο (150γρ), Λαχανικά ψητά (150γρ), BBQ sauce (20γρ)",9.96,11.25,0.18,0.23,10.14,10.14,11.48,58.77%,€7.12,57.71%,1.07%,434,12,40,24,https://drive.google.com/file/d/1JqwH1rDDgG-usrU5EyxgL8yZY2WkqShD/view?usp=sharinghttps://drive.google.com/file/d/1JqwH1rDDgG-usrU5EyxgL8yZY2WkqShD/view?usp=sharing,https://drive.google.com/file/d/1JqwH1rDDgG-usrU5EyxgL8yZY2WkqShD/view?usp=sharinghttps://drive.google.com/file/d/1JqwH1rDDgG-usrU5EyxgL8yZY2WkqShD/view?usp=sharing
Ψητές επιλογές,ΟΧΙ,Φιλέτο μοσχαρίσιο με ψητά λαχανικά και BBQ sauce,Φιλέτο μοσχαρίσιο (180γρ),"Μοσχάρι, Μελιτζάνα, Κολοκύθι, Μανιτάρι, Πιπεριά, BBQ sauce","Φιλέτο μοσχαρίσιο (180γρ), Ψητά λαχανικά (150γρ), BBQ sauce (20γρ)",203-3,19.91,22.50,OK,"Μοσχάρι, μαγειρεμένο (180γρ), Λαχανικά ψητά (150γρ), BBQ sauce (20γρ)",11.67,13.19,0.18,0.23,11.85,11.85,13.42,59.54%,€8.06,58.61%,0.92%,509,12,48,28,https://drive.google.com/file/d/1JqwH1rDDgG-usrU5EyxgL8yZY2WkqShD/view?usp=sharing,https://drive.google.com/file/d/1JqwH1rDDgG-usrU5EyxgL8yZY2WkqShD/view?usp=sharing
Ψητές επιλογές,ΟΧΙ,Φιλέτο μοσχαρίσιο με ψητά λαχανικά και BBQ sauce,Φιλέτο μοσχαρίσιο (210γρ),"Μοσχάρι, Μελιτζάνα, Κολοκύθι, Μανιτάρι, Πιπεριά, BBQ sauce","Φιλέτο μοσχαρίσιο (210γρ), Ψητά λαχανικά (150γρ), BBQ sauce (20γρ)",203-4,22.57,25.50,OK,"Μοσχάρι, μαγειρεμένο (210γρ), Λαχανικά ψητά (150γρ), BBQ sauce (20γρ)",13.38,15.12,0.18,0.23,13.56,13.56,15.35,60.10%,€9.01,59.28%,0.82%,584,12,56,33,https://drive.google.com/file/d/1JqwH1rDDgG-usrU5EyxgL8yZY2WkqShD/view?usp=sharing,https://drive.google.com/file/d/1JqwH1rDDgG-usrU5EyxgL8yZY2WkqShD/view?usp=sharing
Ψητές επιλογές,ΟΧΙ,Φιλέτο μοσχαρίσιο με πουρέ πατάτας και μανιτάρια,"Φιλέτο μοσχαρίσιο (120γρ), Πουρές πατάτας (120γρ)","Μοσχάρι, Πατάτα, Γάλα, Μανιτάρι","Φιλέτο μοσχαρίσιο (120γρ), Πουρές πατάτας (120γρ), Μανιτάρια (80γρ)",209-1,14.07,15.90,OK,"Μοσχάρι, μαγειρεμένο (120γρ), Πουρές πατάτας (120γρ), Μανιτάρι σαμπινιόν, μαγειρεμένο (80γρ), Ηλιέλαιο (10γρ)",7.65,8.64,0.14,0.17,7.79,7.79,8.82,55.37%,€6.28,54.37%,1.00%,562,24,35,36,https://drive.google.com/file/d/1E7bEPPPT46-LSqbhreLB3pe-QAcuJhJR/view?usp=sharing,https://drive.google.com/file/d/1E7bEPPPT46-LSqbhreLB3pe-QAcuJhJR/view?usp=sharing
Ψητές επιλογές,ΟΧΙ,Φιλέτο μοσχαρίσιο με πουρέ πατάτας και μανιτάρια,"Φιλέτο μοσχαρίσιο (120γρ), Πουρές πατάτας (150γρ)","Μοσχάρι, Πατάτα, Γάλα, Μανιτάρι","Φιλέτο μοσχαρίσιο (120γρ), Πουρές πατάτας (150γρ), Μανιτάρια (80γρ)",209-2,14.60,16.50,OK,"Μοσχάρι, μαγειρεμένο (120γρ), Πουρές πατάτας (150γρ), Μανιτάρι σαμπινιόν, μαγειρεμένο (80γρ), Ηλιέλαιο (10γρ)",7.71,8.71,0.14,0.17,7.85,7.85,8.89,53.77%,€6.75,52.81%,0.96%,600,29,36,38,https://drive.google.com/file/d/1E7bEPPPT46-LSqbhreLB3pe-QAcuJhJR/view?usp=sharing,https://drive.google.com/file/d/1E7bEPPPT46-LSqbhreLB3pe-QAcuJhJR/view?usp=sharing
Ψητές επιλογές,ΟΧΙ,Φιλέτο μοσχαρίσιο με πουρέ πατάτας και μανιτάρια,"Φιλέτο μοσχαρίσιο (120γρ), Πουρές πατάτας (200γρ)","Μοσχάρι, Πατάτα, Γάλα, Μανιτάρι","Φιλέτο μοσχαρίσιο (120γρ), Πουρές πατάτας (200γρ), Μανιτάρια (80γρ)",209-3,14.96,16.90,OK,"Μοσχάρι, μαγειρεμένο (120γρ), Πουρές πατάτας (200γρ), Μανιτάρι σαμπινιόν, μαγειρεμένο (80γρ), Ηλιέλαιο (10γρ)",7.80,8.81,0.14,0.17,7.94,7.94,8.99,53.07%,€7.02,52.14%,0.94%,663,38,37,41,https://drive.google.com/file/d/1E7bEPPPT46-LSqbhreLB3pe-QAcuJhJR/view?usp=sharing,https://drive.google.com/file/d/1E7bEPPPT46-LSqbhreLB3pe-QAcuJhJR/view?usp=sharing
Ψητές επιλογές,ΟΧΙ,Φιλέτο μοσχαρίσιο με πουρέ πατάτας και μανιτάρια,"Φιλέτο μοσχαρίσιο (150γρ), Πουρές πατάτας (120γρ)","Μοσχάρι, Πατάτα, Γάλα, Μανιτάρι","Φιλέτο μοσχαρίσιο (150γρ), Πουρές πατάτας (120γρ), Μανιτάρια (80γρ)",209-4,16.73,18.90,OK,"Μοσχάρι, μαγειρεμένο (150γρ), Πουρές πατάτας (120γρ), Μανιτάρι σαμπινιόν, μαγειρεμένο (80γρ), Ηλιέλαιο (10γρ)",9.36,10.58,0.14,0.17,9.50,9.50,10.75,56.78%,€7.23,55.95%,0.84%,637,24,43,41,https://drive.google.com/file/d/1E7bEPPPT46-LSqbhreLB3pe-QAcuJhJR/view?usp=sharing,https://drive.google.com/file/d/1E7bEPPPT46-LSqbhreLB3pe-QAcuJhJR/view?usp=sharing
Ψητές επιλογές,ΝΑΙ,Φιλέτο μοσχαρίσιο με πουρέ πατάτας και μανιτάρια,"Φιλέτο μοσχαρίσιο (150γρ), Πουρές πατάτας (150γρ)","Μοσχάρι, Πατάτα, Γάλα, Μανιτάρι","Φιλέτο μοσχαρίσιο (150γρ), Πουρές πατάτας (150γρ), Μανιτάρια (80γρ)",209-5,17.26,19.50,OK,"Μοσχάρι, μαγειρεμένο (150γρ), Πουρές πατάτας (150γρ), Μανιτάρι σαμπινιόν, μαγειρεμένο (80γρ), Ηλιέλαιο (10γρ)",9.42,10.64,0.14,0.17,9.56,9.56,10.82,55.39%,€7.70,54.58%,0.81%,675,29,44,42,https://drive.google.com/file/d/1E7bEPPPT46-LSqbhreLB3pe-QAcuJhJR/view?usp=sharing,https://drive.google.com/file/d/1E7bEPPPT46-LSqbhreLB3pe-QAcuJhJR/view?usp=sharing
Ψητές επιλογές,ΟΧΙ,Φιλέτο μοσχαρίσιο με πουρέ πατάτας και μανιτάρια,"Φιλέτο μοσχαρίσιο (150γρ), Πουρές πατάτας (200γρ)","Μοσχάρι, Πατάτα, Γάλα, Μανιτάρι","Φιλέτο μοσχαρίσιο (150γρ), Πουρές πατάτας (200γρ), Μανιτάρια (80γρ)",209-6,17.61,19.90,OK,"Μοσχάρι, μαγειρεμένο (150γρ), Πουρές πατάτας (200γρ), Μανιτάρι σαμπινιόν, μαγειρεμένο (80γρ), Ηλιέλαιο (10γρ)",9.51,10.75,0.14,0.17,9.65,9.65,10.92,54.80%,€7.96,54.00%,0.80%,738,38,45,45,https://drive.google.com/file/d/1E7bEPPPT46-LSqbhreLB3pe-QAcuJhJR/view?usp=sharing,https://drive.google.com/file/d/1E7bEPPPT46-LSqbhreLB3pe-QAcuJhJR/view?usp=sharing
Ψητές επιλογές,ΟΧΙ,Φιλέτο μοσχαρίσιο με πουρέ πατάτας και μανιτάρια,"Φιλέτο μοσχαρίσιο (180γρ), Πουρές πατάτας (120γρ)","Μοσχάρι, Πατάτα, Γάλα, Μανιτάρι","Φιλέτο μοσχαρίσιο (180γρ), Πουρές πατάτας (120γρ), Μανιτάρια (80γρ)",209-7,19.38,21.90,OK,"Μοσχάρι, μαγειρεμένο (180γρ), Πουρές πατάτας (120γρ), Μανιτάρι σαμπινιόν, μαγειρεμένο (80γρ), Ηλιέλαιο (10γρ)",11.07,12.51,0.14,0.17,11.21,11.21,12.68,57.84%,€8.17,57.12%,0.72%,712,24,51,45,https://drive.google.com/file/d/1E7bEPPPT46-LSqbhreLB3pe-QAcuJhJR/view?usp=sharing,https://drive.google.com/file/d/1E7bEPPPT46-LSqbhreLB3pe-QAcuJhJR/view?usp=sharing
Ψητές επιλογές,ΟΧΙ,Φιλέτο μοσχαρίσιο με πουρέ πατάτας και μανιτάρια,"Φιλέτο μοσχαρίσιο (180γρ), Πουρές πατάτας (150γρ)","Μοσχάρι, Πατάτα, Γάλα, Μανιτάρι","Φιλέτο μοσχαρίσιο (180γρ), Πουρές πατάτας (150γρ), Μανιτάρια (80γρ)",209-8,19.91,22.50,OK,"Μοσχάρι, μαγειρεμένο (180γρ), Πουρές πατάτας (150γρ), Μανιτάρι σαμπινιόν, μαγειρεμένο (80γρ), Ηλιέλαιο (10γρ)",11.13,12.58,0.14,0.17,11.27,11.27,12.75,56.60%,€8.64,55.90%,0.70%,750,29,51,47,https://drive.google.com/file/d/1E7bEPPPT46-LSqbhreLB3pe-QAcuJhJR/view?usp=sharing,https://drive.google.com/file/d/1E7bEPPPT46-LSqbhreLB3pe-QAcuJhJR/view?usp=sharing
Ψητές επιλογές,ΟΧΙ,Φιλέτο μοσχαρίσιο με πουρέ πατάτας και μανιτάρια,"Φιλέτο μοσχαρίσιο (180γρ), Πουρές πατάτας (200γρ)","Μοσχάρι, Πατάτα, Γάλα, Μανιτάρι","Φιλέτο μοσχαρίσιο (180γρ), Πουρές πατάτας (200γρ), Μανιτάρια (80γρ)",209-9,20.27,22.90,OK,"Μοσχάρι, μαγειρεμένο (180γρ), Πουρές πατάτας (200γρ), Μανιτάρι σαμπινιόν, μαγειρεμένο (80γρ), Ηλιέλαιο (10γρ)",11.22,12.68,0.14,0.17,11.36,11.36,12.85,56.04%,€8.91,55.35%,0.69%,813,38,52,50,https://drive.google.com/file/d/1E7bEPPPT46-LSqbhreLB3pe-QAcuJhJR/view?usp=sharing,https://drive.google.com/file/d/1E7bEPPPT46-LSqbhreLB3pe-QAcuJhJR/view?usp=sharing
Ψητές επιλογές,ΟΧΙ,Φιλέτο μοσχαρίσιο με πουρέ πατάτας και μανιτάρια,"Φιλέτο μοσχαρίσιο (210γρ), Πουρές πατάτας (120γρ)","Μοσχάρι, Πατάτα, Γάλα, Μανιτάρι","Φιλέτο μοσχαρίσιο (210γρ), Πουρές πατάτας (120γρ), Μανιτάρια (80γρ)",209-10,22.04,24.90,OK,"Μοσχάρι, μαγειρεμένο (210γρ), Πουρές πατάτας (120γρ), Μανιτάρι σαμπινιόν, μαγειρεμένο (80γρ), Ηλιέλαιο (10γρ)",12.78,14.44,0.14,0.17,12.92,12.92,14.62,58.62%,€9.12,57.99%,0.64%,787,24,59,50,https://drive.google.com/file/d/1E7bEPPPT46-LSqbhreLB3pe-QAcuJhJR/view?usp=sharing,https://drive.google.com/file/d/1E7bEPPPT46-LSqbhreLB3pe-QAcuJhJR/view?usp=sharing
Ψητές επιλογές,ΟΧΙ,Φιλέτο μοσχαρίσιο με πουρέ πατάτας και μανιτάρια,"Φιλέτο μοσχαρίσιο (210γρ), Πουρές πατάτας (150γρ)","Μοσχάρι, Πατάτα, Γάλα, Μανιτάρι","Φιλέτο μοσχαρίσιο (210γρ), Πουρές πατάτας (150γρ), Μανιτάρια (80γρ)",209-11,22.57,25.50,OK,"Μοσχάρι, μαγειρεμένο (210γρ), Πουρές πατάτας (150γρ), Μανιτάρι σαμπινιόν, μαγειρεμένο (80γρ), Ηλιέλαιο (10γρ)",12.84,14.51,0.14,0.17,12.98,12.98,14.68,57.51%,€9.59,56.89%,0.62%,825,29,59,52,https://drive.google.com/file/d/1E7bEPPPT46-LSqbhreLB3pe-QAcuJhJR/view?usp=sharing,https://drive.google.com/file/d/1E7bEPPPT46-LSqbhreLB3pe-QAcuJhJR/view?usp=sharing
Ψητές επιλογές,ΟΧΙ,Φιλέτο μοσχαρίσιο με πουρέ πατάτας και μανιτάρια,"Φιλέτο μοσχαρίσιο (210γρ), Πουρές πατάτας (200γρ)","Μοσχάρι, Πατάτα, Γάλα, Μανιτάρι","Φιλέτο μοσχαρίσιο (210γρ), Πουρές πατάτας (200γρ), Μανιτάρια (80γρ)",209-12,22.92,25.90,OK,"Μοσχάρι, μαγειρεμένο (210γρ), Πουρές πατάτας (200γρ), Μανιτάρι σαμπινιόν, μαγειρεμένο (80γρ), Ηλιέλαιο (10γρ)",12.93,14.61,0.14,0.17,13.07,13.07,14.78,57.02%,€9.85,56.41%,0.61%,888,38,60,55,https://drive.google.com/file/d/1E7bEPPPT46-LSqbhreLB3pe-QAcuJhJR/view?usp=sharing,https://drive.google.com/file/d/1E7bEPPPT46-LSqbhreLB3pe-QAcuJhJR/view?usp=sharing
Ψητές επιλογές,ΟΧΙ,Φιλέτο μοσχαρίσιο με πουρέ σελινόριζας και gravy sauce,"Φιλέτο μοσχαρίσιο (120γρ), Πουρές σελινόριζας (120γρ)","Μοσχάρι, Σελινόριζα, Βούτυρο, Γάλα, Κρεμμύδι, Θυμάρι, Σκόρδο, Ζωμός βοδινός","Φιλέτο μοσχαρίσιο (120γρ), Πουρές σελινόριζας (120γρ), Gravy sauce (70γρ)",144-1,14.07,15.90,OK,"Μοσχάρι, μαγειρεμένο (120γρ), Πουρές σελινόριζας (120γρ), Gravy sauce (70γρ)",8.09,9.14,0.14,0.17,8.23,8.23,9.32,58.49%,€5.84,57.50%,1.00%,450,10,33,27,https://drive.google.com/file/d/1_M88RZ8PTteddORU9Q3NXb9wWm-USeR-/view?usp=sharing,https://drive.google.com/file/d/1_M88RZ8PTteddORU9Q3NXb9wWm-USeR-/view?usp=sharing
Ψητές επιλογές,ΟΧΙ,Φιλέτο μοσχαρίσιο με πουρέ σελινόριζας και gravy sauce,"Φιλέτο μοσχαρίσιο (120γρ), Πουρές σελινόριζας (180γρ)","Μοσχάρι, Σελινόριζα, Βούτυρο, Γάλα, Κρεμμύδι, Θυμάρι, Σκόρδο, Ζωμός βοδινός","Φιλέτο μοσχαρίσιο (120γρ), Πουρές σελινόριζας (180γρ), Gravy sauce (70γρ)",144-2,14.60,16.50,OK,"Μοσχάρι, μαγειρεμένο (120γρ), Πουρές σελινόριζας (180γρ), Gravy sauce (70γρ)",8.21,9.28,0.14,0.17,8.35,8.35,9.45,57.19%,€6.25,56.23%,0.96%,508,15,34,31,https://drive.google.com/file/d/1_M88RZ8PTteddORU9Q3NXb9wWm-USeR-/view?usp=sharing,https://drive.google.com/file/d/1_M88RZ8PTteddORU9Q3NXb9wWm-USeR-/view?usp=sharing
Ψητές επιλογές,ΟΧΙ,Φιλέτο μοσχαρίσιο με πουρέ σελινόριζας και gravy sauce,"Φιλέτο μοσχαρίσιο (120γρ), Πουρές σελινόριζας (240γρ)","Μοσχάρι, Σελινόριζα, Βούτυρο, Γάλα, Κρεμμύδι, Θυμάρι, Σκόρδο, Ζωμός βοδινός","Φιλέτο μοσχαρίσιο (120γρ), Πουρές σελινόριζας (240γρ), Gravy sauce (70γρ)",144-3,14.96,16.90,OK,"Μοσχάρι, μαγειρεμένο (120γρ), Πουρές σελινόριζας (240γρ), Gravy sauce (70γρ)",8.33,9.41,0.14,0.17,8.47,8.47,9.59,56.62%,€6.49,55.68%,0.94%,565,20,35,35,https://drive.google.com/file/d/1_M88RZ8PTteddORU9Q3NXb9wWm-USeR-/view?usp=sharing,https://drive.google.com/file/d/1_M88RZ8PTteddORU9Q3NXb9wWm-USeR-/view?usp=sharing
Ψητές επιλογές,ΟΧΙ,Φιλέτο μοσχαρίσιο με πουρέ σελινόριζας και gravy sauce,"Φιλέτο μοσχαρίσιο (150γρ), Πουρές σελινόριζας (120γρ)","Μοσχάρι, Σελινόριζα, Βούτυρο, Γάλα, Κρεμμύδι, Θυμάρι, Σκόρδο, Ζωμός βοδινός","Φιλέτο μοσχαρίσιο (150γρ), Πουρές σελινόριζας (120γρ), Gravy sauce (70γρ)",144-4,16.73,18.90,OK,"Μοσχάρι, μαγειρεμένο (150γρ), Πουρές σελινόριζας (120γρ), Gravy sauce (70γρ)",9.80,11.07,0.14,0.17,9.94,9.94,11.25,59.41%,€6.79,58.58%,0.84%,525,10,41,31,https://drive.google.com/file/d/1_M88RZ8PTteddORU9Q3NXb9wWm-USeR-/view?usp=sharing,https://drive.google.com/file/d/1_M88RZ8PTteddORU9Q3NXb9wWm-USeR-/view?usp=sharing
Ψητές επιλογές,ΝΑΙ,Φιλέτο μοσχαρίσιο με πουρέ σελινόριζας και gravy sauce,"Φιλέτο μοσχαρίσιο (150γρ), Πουρές σελινόριζας (180γρ)","Μοσχάρι, Σελινόριζα, Βούτυρο, Γάλα, Κρεμμύδι, Θυμάρι, Σκόρδο, Ζωμός βοδινός","Φιλέτο μοσχαρίσιο (150γρ), Πουρές σελινόριζας (180γρ), Gravy sauce (70γρ)",144-5,17.26,19.50,OK,"Μοσχάρι, μαγειρεμένο (150γρ), Πουρές σελινόριζας (180γρ), Gravy sauce (70γρ)",9.92,11.21,0.14,0.17,10.06,10.06,11.38,58.29%,€7.20,57.47%,0.81%,583,15,42,35,https://drive.google.com/file/d/1_M88RZ8PTteddORU9Q3NXb9wWm-USeR-/view?usp=sharing,https://drive.google.com/file/d/1_M88RZ8PTteddORU9Q3NXb9wWm-USeR-/view?usp=sharing
Ψητές επιλογές,ΟΧΙ,Φιλέτο μοσχαρίσιο με πουρέ σελινόριζας και gravy sauce,"Φιλέτο μοσχαρίσιο (150γρ), Πουρές σελινόριζας (240γρ)","Μοσχάρι, Σελινόριζα, Βούτυρο, Γάλα, Κρεμμύδι, Θυμάρι, Σκόρδο, Ζωμός βοδινός","Φιλέτο μοσχαρίσιο (150γρ), Πουρές σελινόριζας (240γρ), Gravy sauce (70γρ)",144-6,17.61,19.90,OK,"Μοσχάρι, μαγειρεμένο (150γρ), Πουρές σελινόριζας (240γρ), Gravy sauce (70γρ)",10.04,11.35,0.14,0.17,10.18,10.18,11.52,57.81%,€7.43,57.01%,0.80%,640,20,43,39,https://drive.google.com/file/d/1_M88RZ8PTteddORU9Q3NXb9wWm-USeR-/view?usp=sharing,https://drive.google.com/file/d/1_M88RZ8PTteddORU9Q3NXb9wWm-USeR-/view?usp=sharing
Ψητές επιλογές,ΟΧΙ,Φιλέτο μοσχαρίσιο με πουρέ σελινόριζας και gravy sauce,"Φιλέτο μοσχαρίσιο (180γρ), Πουρές σελινόριζας (120γρ)","Μοσχάρι, Σελινόριζα, Βούτυρο, Γάλα, Κρεμμύδι, Θυμάρι, Σκόρδο, Ζωμός βοδινός","Φιλέτο μοσχαρίσιο (180γρ), Πουρές σελινόριζας (120γρ), Gravy sauce (70γρ)",144-7,19.38,21.90,OK,"Μοσχάρι, μαγειρεμένο (180γρ), Πουρές σελινόριζας (120γρ), Gravy sauce (70γρ)",11.51,13.01,0.14,0.17,11.65,11.65,13.18,60.11%,€7.73,59.39%,0.72%,600,10,49,36,https://drive.google.com/file/d/1_M88RZ8PTteddORU9Q3NXb9wWm-USeR-/view?usp=sharing,https://drive.google.com/file/d/1_M88RZ8PTteddORU9Q3NXb9wWm-USeR-/view?usp=sharing
Ψητές επιλογές,ΟΧΙ,Φιλέτο μοσχαρίσιο με πουρέ σελινόριζας και gravy sauce,"Φιλέτο μοσχαρίσιο (180γρ), Πουρές σελινόριζας (180γρ)","Μοσχάρι, Σελινόριζα, Βούτυρο, Γάλα, Κρεμμύδι, Θυμάρι, Σκόρδο, Ζωμός βοδινός","Φιλέτο μοσχαρίσιο (180γρ), Πουρές σελινόριζας (180γρ), Gravy sauce (70γρ)",144-8,19.91,22.50,OK,"Μοσχάρι, μαγειρεμένο (180γρ), Πουρές σελινόριζας (180γρ), Gravy sauce (70γρ)",11.63,13.14,0.14,0.17,11.77,11.77,13.32,59.12%,€8.14,58.41%,0.70%,658,15,50,40,https://drive.google.com/file/d/1_M88RZ8PTteddORU9Q3NXb9wWm-USeR-/view?usp=sharing,https://drive.google.com/file/d/1_M88RZ8PTteddORU9Q3NXb9wWm-USeR-/view?usp=sharing
Ψητές επιλογές,ΟΧΙ,Φιλέτο μοσχαρίσιο με πουρέ σελινόριζας και gravy sauce,"Φιλέτο μοσχαρίσιο (180γρ), Πουρές σελινόριζας (240γρ)","Μοσχάρι, Σελινόριζα, Βούτυρο, Γάλα, Κρεμμύδι, Θυμάρι, Σκόρδο, Ζωμός βοδινός","Φιλέτο μοσχαρίσιο (180γρ), Πουρές σελινόριζας (240γρ), Gravy sauce (70γρ)",144-9,20.27,22.90,OK,"Μοσχάρι, μαγειρεμένο (180γρ), Πουρές σελινόριζας (240γρ), Gravy sauce (70γρ)",11.75,13.28,0.14,0.17,11.89,11.89,13.45,58.66%,€8.38,57.97%,0.69%,715,20,51,44,https://drive.google.com/file/d/1_M88RZ8PTteddORU9Q3NXb9wWm-USeR-/view?usp=sharing,https://drive.google.com/file/d/1_M88RZ8PTteddORU9Q3NXb9wWm-USeR-/view?usp=sharing
Ψητές επιλογές,ΟΧΙ,Φιλέτο μοσχαρίσιο με πουρέ σελινόριζας και gravy sauce,"Φιλέτο μοσχαρίσιο (210γρ), Πουρές σελινόριζας (180γρ)","Μοσχάρι, Σελινόριζα, Βούτυρο, Γάλα, Κρεμμύδι, Θυμάρι, Σκόρδο, Ζωμός βοδινός","Φιλέτο μοσχαρίσιο (210γρ), Πουρές σελινόριζας (180γρ), Gravy sauce (70γρ)",144-10,22.04,24.90,OK,"Μοσχάρι, μαγειρεμένο (210γρ), Πουρές σελινόριζας (180γρ), Gravy sauce (70γρ)",13.34,15.07,0.14,0.17,13.48,13.48,15.25,61.16%,€8.56,60.53%,0.64%,733,15,58,45,https://drive.google.com/file/d/1_M88RZ8PTteddORU9Q3NXb9wWm-USeR-/view?usp=sharing,https://drive.google.com/file/d/1_M88RZ8PTteddORU9Q3NXb9wWm-USeR-/view?usp=sharing
Ψητές επιλογές,ΟΧΙ,Φιλέτο μοσχαρίσιο με πουρέ σελινόριζας και gravy sauce,"Φιλέτο μοσχαρίσιο (210γρ), Πουρές σελινόριζας (240γρ)","Μοσχάρι, Σελινόριζα, Βούτυρο, Γάλα, Κρεμμύδι, Θυμάρι, Σκόρδο, Ζωμός βοδινός","Φιλέτο μοσχαρίσιο (210γρ), Πουρές σελινόριζας (240γρ), Gravy sauce (70γρ)",144-11,22.57,25.50,OK,"Μοσχάρι, μαγειρεμένο (210γρ), Πουρές σελινόριζας (240γρ), Gravy sauce (70γρ)",13.46,15.21,0.14,0.17,13.60,13.60,15.38,60.26%,€8.97,59.64%,0.62%,790,20,59,49,https://drive.google.com/file/d/1_M88RZ8PTteddORU9Q3NXb9wWm-USeR-/view?usp=sharing,https://drive.google.com/file/d/1_M88RZ8PTteddORU9Q3NXb9wWm-USeR-/view?usp=sharing
Ψητές επιλογές,ΟΧΙ,Φιλέτο μοσχαρίσιο με πουρέ σελινόριζας και gravy sauce,"Φιλέτο μοσχαρίσιο (210γρ), Πουρές σελινόριζας (280γρ)","Μοσχάρι, Σελινόριζα, Βούτυρο, Γάλα, Κρεμμύδι, Θυμάρι, Σκόρδο, Ζωμός βοδινός","Φιλέτο μοσχαρίσιο (210γρ), Πουρές σελινόριζας (280γρ), Gravy sauce (70γρ)",144-12,22.92,25.90,OK,"Μοσχάρι, μαγειρεμένο (210γρ), Πουρές σελινόριζας (280γρ), Gravy sauce (70γρ)",13.54,15.30,0.14,0.17,13.68,13.68,15.47,59.69%,€9.24,59.08%,0.61%,828,24,59,51,https://drive.google.com/file/d/1_M88RZ8PTteddORU9Q3NXb9wWm-USeR-/view?usp=sharing,https://drive.google.com/file/d/1_M88RZ8PTteddORU9Q3NXb9wWm-USeR-/view?usp=sharing
Μαγειρευτά,ΟΧΙ,Φιλέτο μπούτι κοτόπουλο κοκκινιστό με μπάμιες,"Μπούτι κοτόπουλο (120γρ), Μπάμιες (250γρ)","Κοτόπουλο, Μπάμιες, Ντομάτα, Κρεμμύδι, Σκόρδο, Μέλι, Ζωμός κοτόπουλου, Κανέλα, Μαϊντανός","Μπούτι κοτόπουλο (120γρ), Μπάμιες (250γρ)",253-1,8.32,9.40,OK,"Κοτόπουλο μπούτι, μαγειρεμένο (120γρ), Μπάμιες (για κοτόπουλο) (250γρ)",2.74,3.10,0.14,0.17,2.88,2.88,3.27,34.62%,€5.44,32.93%,1.68%,450,17,34,28,https://drive.google.com/file/d/1ttuGRp9wfGki5W-S5JQsWAv1Bv5Dttfm/view?usp=sharing,https://drive.google.com/file/d/1ttuGRp9wfGki5W-S5JQsWAv1Bv5Dttfm/view?usp=sharing
Μαγειρευτά,ΟΧΙ,Φιλέτο μπούτι κοτόπουλο κοκκινιστό με μπάμιες,"Μπούτι κοτόπουλο (120γρ), Μπάμιες (300γρ)","Κοτόπουλο, Μπάμιες, Ντομάτα, Κρεμμύδι, Σκόρδο, Μέλι, Ζωμός κοτόπουλου, Κανέλα, Μαϊντανός","Μπούτι κοτόπουλο (120γρ), Μπάμιες (300γρ)",253-2,8.76,9.90,OK,"Κοτόπουλο μπούτι, μαγειρεμένο (120γρ), Μπάμιες (για κοτόπουλο) (300γρ)",3.01,3.40,0.14,0.17,3.15,3.15,3.57,35.96%,€5.61,34.36%,1.60%,494,21,35,31,https://drive.google.com/file/d/1ttuGRp9wfGki5W-S5JQsWAv1Bv5Dttfm/view?usp=sharing,https://drive.google.com/file/d/1ttuGRp9wfGki5W-S5JQsWAv1Bv5Dttfm/view?usp=sharing
Μαγειρευτά,ΟΧΙ,Φιλέτο μπούτι κοτόπουλο κοκκινιστό με μπάμιες,"Μπούτι κοτόπουλο (150γρ), Μπάμιες (250γρ)","Κοτόπουλο, Μπάμιες, Ντομάτα, Κρεμμύδι, Σκόρδο, Μέλι, Ζωμός κοτόπουλου, Κανέλα, Μαϊντανός","Μπούτι κοτόπουλο (150γρ), Μπάμιες (250γρ)",253-3,9.20,10.40,OK,"Κοτόπουλο μπούτι, μαγειρεμένο (150γρ), Μπάμιες (για κοτόπουλο) (250γρ)",3.09,3.49,0.14,0.17,3.23,3.23,3.67,35.11%,€5.97,33.59%,1.52%,507,17,41,31,https://drive.google.com/file/d/1ttuGRp9wfGki5W-S5JQsWAv1Bv5Dttfm/view?usp=sharing,https://drive.google.com/file/d/1ttuGRp9wfGki5W-S5JQsWAv1Bv5Dttfm/view?usp=sharing
Μαγειρευτά,ΝΑΙ,Φιλέτο μπούτι κοτόπουλο κοκκινιστό με μπάμιες,"Μπούτι κοτόπουλο (150γρ), Μπάμιες (300γρ)","Κοτόπουλο, Μπάμιες, Ντομάτα, Κρεμμύδι, Σκόρδο, Μέλι, Ζωμός κοτόπουλου, Κανέλα, Μαϊντανός","Μπούτι κοτόπουλο (150γρ), Μπάμιες (300γρ)",253-4,9.65,10.90,OK,"Κοτόπουλο μπούτι, μαγειρεμένο (150γρ), Μπάμιες (για κοτόπουλο) (300γρ)",3.36,3.80,0.14,0.17,3.50,3.50,3.97,36.27%,€6.15,34.82%,1.45%,551,21,42,34,https://drive.google.com/file/d/1ttuGRp9wfGki5W-S5JQsWAv1Bv5Dttfm/view?usp=sharing,https://drive.google.com/file/d/1ttuGRp9wfGki5W-S5JQsWAv1Bv5Dttfm/view?usp=sharing
Μαγειρευτά,ΟΧΙ,Φιλέτο μπούτι κοτόπουλο κοκκινιστό με μπάμιες,"Μπούτι κοτόπουλο (150γρ), Μπάμιες (350γρ)","Κοτόπουλο, Μπάμιες, Ντομάτα, Κρεμμύδι, Σκόρδο, Μέλι, Ζωμός κοτόπουλου, Κανέλα, Μαϊντανός","Μπούτι κοτόπουλο (150γρ), Μπάμιες (350γρ)",253-5,10.09,11.40,OK,"Κοτόπουλο μπούτι, μαγειρεμένο (150γρ), Μπάμιες (για κοτόπουλο) (350γρ)",3.63,4.10,0.14,0.17,3.77,3.77,4.28,37.36%,€6.32,35.98%,1.39%,595,24,44,37,https://drive.google.com/file/d/1ttuGRp9wfGki5W-S5JQsWAv1Bv5Dttfm/view?usp=sharing,https://drive.google.com/file/d/1ttuGRp9wfGki5W-S5JQsWAv1Bv5Dttfm/view?usp=sharing
Μαγειρευτά,ΟΧΙ,Φιλέτο μπούτι κοτόπουλο κοκκινιστό με μπάμιες,"Μπούτι κοτόπουλο (180γρ), Μπάμιες (300γρ)","Κοτόπουλο, Μπάμιες, Ντομάτα, Κρεμμύδι, Σκόρδο, Μέλι, Ζωμός κοτόπουλου, Κανέλα, Μαϊντανός","Μπούτι κοτόπουλο (180γρ), Μπάμιες (300γρ)",253-6,10.53,11.90,OK,"Κοτόπουλο μπούτι, μαγειρεμένο (180γρ), Μπάμιες (για κοτόπουλο) (300γρ)",3.71,4.19,0.14,0.17,3.85,3.85,4.37,36.56%,€6.68,35.23%,1.33%,608,21,49,37,https://drive.google.com/file/d/1ttuGRp9wfGki5W-S5JQsWAv1Bv5Dttfm/view?usp=sharing,https://drive.google.com/file/d/1ttuGRp9wfGki5W-S5JQsWAv1Bv5Dttfm/view?usp=sharing
Μαγειρευτά,ΟΧΙ,Φιλέτο μπούτι κοτόπουλο κοκκινιστό με μπάμιες,"Μπούτι κοτόπουλο (180γρ), Μπάμιες (350γρ)","Κοτόπουλο, Μπάμιες, Ντομάτα, Κρεμμύδι, Σκόρδο, Μέλι, Ζωμός κοτόπουλου, Κανέλα, Μαϊντανός","Μπούτι κοτόπουλο (180γρ), Μπάμιες (350γρ)",253-7,10.97,12.40,OK,"Κοτόπουλο μπούτι, μαγειρεμένο (180γρ), Μπάμιες (για κοτόπουλο) (350γρ)",3.98,4.50,0.14,0.17,4.12,4.12,4.67,37.56%,€6.85,36.28%,1.28%,653,24,51,40,https://drive.google.com/file/d/1ttuGRp9wfGki5W-S5JQsWAv1Bv5Dttfm/view?usp=sharing,https://drive.google.com/file/d/1ttuGRp9wfGki5W-S5JQsWAv1Bv5Dttfm/view?usp=sharing
Μαγειρευτά,ΟΧΙ,Φιλέτο μπούτι κοτόπουλο κοκκινιστό με μπάμιες,"Μπούτι κοτόπουλο (210γρ), Μπάμιες (350γρ)","Κοτόπουλο, Μπάμιες, Ντομάτα, Κρεμμύδι, Σκόρδο, Μέλι, Ζωμός κοτόπουλου, Κανέλα, Μαϊντανός","Μπούτι κοτόπουλο (210γρ), Μπάμιες (350γρ)",253-8,11.42,12.90,OK,"Κοτόπουλο μπούτι, μαγειρεμένο (210γρ), Μπάμιες (για κοτόπουλο) (350γρ)",4.33,4.89,0.14,0.17,4.47,4.47,5.07,39.14%,€6.95,37.92%,1.23%,710,24,58,43,https://drive.google.com/file/d/1ttuGRp9wfGki5W-S5JQsWAv1Bv5Dttfm/view?usp=sharing,https://drive.google.com/file/d/1ttuGRp9wfGki5W-S5JQsWAv1Bv5Dttfm/view?usp=sharing
Μαγειρευτά,ΟΧΙ,Φιλέτο μπούτι κοτόπουλο λεμονάτο και άγριο ρύζι,"Λεμονάτο κοτόπουλο (120γρ), Άγριο ρύζι (60γρ)","Κοτόπουλο, Κρεμμύδι, Σκόρδο, Μουστάρδα, Ζωμός κοτόπουλου, Ρύζι","Μπούτι κοτόπουλο (120γρ), Άγριο ρύζι (60γρ)",249-1,7.88,8.90,OK,"Κοτόπουλο μπούτι, μαγειρεμένο (120γρ), Άγριο ρύζι (60γρ), Λεμονάτο κοτόπουλο (25γρ)",1.59,1.80,0.14,0.17,1.73,1.73,1.97,21.95%,€6.15,20.18%,1.78%,353,13,31,19,https://drive.google.com/file/d/1iOqCU9gcEX0YTbwSAdMcegyvFMb8PJkl/view?usp=sharing,https://drive.google.com/file/d/1iOqCU9gcEX0YTbwSAdMcegyvFMb8PJkl/view?usp=sharing
Μαγειρευτά,ΟΧΙ,Φιλέτο μπούτι κοτόπουλο λεμονάτο και άγριο ρύζι,"Λεμονάτο κοτόπουλο (120γρ), Άγριο ρύζι (120γρ)","Κοτόπουλο, Κρεμμύδι, Σκόρδο, Μουστάρδα, Ζωμός κοτόπουλου, Ρύζι","Μπούτι κοτόπουλο (120γρ), Άγριο ρύζι (120γρ)",249-2,8.32,9.40,OK,"Κοτόπουλο μπούτι, μαγειρεμένο (120γρ), Άγριο ρύζι (120γρ), Λεμονάτο κοτόπουλο (25γρ)",1.68,1.90,0.14,0.17,1.82,1.82,2.07,21.88%,€6.50,20.19%,1.68%,431,25,33,22,https://drive.google.com/file/d/1iOqCU9gcEX0YTbwSAdMcegyvFMb8PJkl/view?usp=sharing,https://drive.google.com/file/d/1iOqCU9gcEX0YTbwSAdMcegyvFMb8PJkl/view?usp=sharing
Μαγειρευτά,ΟΧΙ,Φιλέτο μπούτι κοτόπουλο λεμονάτο και άγριο ρύζι,"Λεμονάτο κοτόπουλο (120γρ), Άγριο ρύζι (180γρ)","Κοτόπουλο, Κρεμμύδι, Σκόρδο, Μουστάρδα, Ζωμός κοτόπουλου, Ρύζι","Μπούτι κοτόπουλο (120γρ), Άγριο ρύζι (180γρ)",249-3,8.32,9.40,OK,"Κοτόπουλο μπούτι, μαγειρεμένο (120γρ), Άγριο ρύζι (180γρ), Λεμονάτο κοτόπουλο (25γρ)",1.78,2.01,0.14,0.17,1.92,1.92,2.19,23.08%,€6.40,21.39%,1.68%,509,37,35,24,https://drive.google.com/file/d/1iOqCU9gcEX0YTbwSAdMcegyvFMb8PJkl/view?usp=sharing,https://drive.google.com/file/d/1iOqCU9gcEX0YTbwSAdMcegyvFMb8PJkl/view?usp=sharing
Μαγειρευτά,ΟΧΙ,Φιλέτο μπούτι κοτόπουλο λεμονάτο και άγριο ρύζι,"Λεμονάτο κοτόπουλο (150γρ), Άγριο ρύζι (60γρ)","Κοτόπουλο, Κρεμμύδι, Σκόρδο, Μουστάρδα, Ζωμός κοτόπουλου, Ρύζι","Μπούτι κοτόπουλο (150γρ), Άγριο ρύζι (60γρ)",249-4,8.76,9.90,OK,"Κοτόπουλο μπούτι, μαγειρεμένο (150γρ), Άγριο ρύζι (60γρ), Λεμονάτο κοτόπουλο (25γρ)",1.94,2.19,0.14,0.17,2.08,2.08,2.37,23.74%,€6.68,22.15%,1.60%,411,13,38,22,https://drive.google.com/file/d/1iOqCU9gcEX0YTbwSAdMcegyvFMb8PJkl/view?usp=sharing,https://drive.google.com/file/d/1iOqCU9gcEX0YTbwSAdMcegyvFMb8PJkl/view?usp=sharing
Μαγειρευτά,ΟΧΙ,Φιλέτο μπούτι κοτόπουλο λεμονάτο και άγριο ρύζι,"Λεμονάτο κοτόπουλο (150γρ), Άγριο ρύζι (120γρ)","Κοτόπουλο, Κρεμμύδι, Σκόρδο, Μουστάρδα, Ζωμός κοτόπουλου, Ρύζι","Μπούτι κοτόπουλο (150γρ), Άγριο ρύζι (120γρ)",249-5,9.20,10.40,OK,"Κοτόπουλο μπούτι, μαγειρεμένο (150γρ), Άγριο ρύζι (120γρ), Λεμονάτο κοτόπουλο (25γρ)",2.03,2.29,0.14,0.17,2.17,2.17,2.47,23.59%,€7.03,22.07%,1.52%,488,25,40,25,https://drive.google.com/file/d/1iOqCU9gcEX0YTbwSAdMcegyvFMb8PJkl/view?usp=sharing,https://drive.google.com/file/d/1iOqCU9gcEX0YTbwSAdMcegyvFMb8PJkl/view?usp=sharing
Μαγειρευτά,ΟΧΙ,Φιλέτο μπούτι κοτόπουλο λεμονάτο και άγριο ρύζι,"Λεμονάτο κοτόπουλο (150γρ), Άγριο ρύζι (180γρ)","Κοτόπουλο, Κρεμμύδι, Σκόρδο, Μουστάρδα, Ζωμός κοτόπουλου, Ρύζι","Μπούτι κοτόπουλο (150γρ), Άγριο ρύζι (180γρ)",249-6,9.20,10.40,OK,"Κοτόπουλο μπούτι, μαγειρεμένο (150γρ), Άγριο ρύζι (180γρ), Λεμονάτο κοτόπουλο (25γρ)",2.13,2.41,0.14,0.17,2.27,2.27,2.58,24.67%,€6.93,23.15%,1.52%,566,37,42,27,https://drive.google.com/file/d/1iOqCU9gcEX0YTbwSAdMcegyvFMb8PJkl/view?usp=sharing,https://drive.google.com/file/d/1iOqCU9gcEX0YTbwSAdMcegyvFMb8PJkl/view?usp=sharing
Μαγειρευτά,ΟΧΙ,Φιλέτο μπούτι κοτόπουλο λεμονάτο και άγριο ρύζι,"Λεμονάτο κοτόπουλο (180γρ), Άγριο ρύζι (120γρ)","Κοτόπουλο, Κρεμμύδι, Σκόρδο, Μουστάρδα, Ζωμός κοτόπουλου, Ρύζι","Μπούτι κοτόπουλο (180γρ), Άγριο ρύζι (120γρ)",249-7,9.65,10.90,OK,"Κοτόπουλο μπούτι, μαγειρεμένο (180γρ), Άγριο ρύζι (120γρ), Λεμονάτο κοτόπουλο (25γρ)",2.38,2.69,0.14,0.17,2.52,2.52,2.86,26.11%,€7.13,24.66%,1.45%,546,25,47,28,https://drive.google.com/file/d/1iOqCU9gcEX0YTbwSAdMcegyvFMb8PJkl/view?usp=sharing,https://drive.google.com/file/d/1iOqCU9gcEX0YTbwSAdMcegyvFMb8PJkl/view?usp=sharing
Μαγειρευτά,ΝΑΙ,Φιλέτο μπούτι κοτόπουλο λεμονάτο και άγριο ρύζι,"Λεμονάτο κοτόπουλο (180γρ), Άγριο ρύζι (180γρ)","Κοτόπουλο, Κρεμμύδι, Σκόρδο, Μουστάρδα, Ζωμός κοτόπουλου, Ρύζι","Μπούτι κοτόπουλο (180γρ), Άγριο ρύζι (180γρ)",249-8,10.09,11.40,OK,"Κοτόπουλο μπούτι, μαγειρεμένο (180γρ), Άγριο ρύζι (180γρ), Λεμονάτο κοτόπουλο (25γρ)",2.47,2.79,0.14,0.17,2.61,2.61,2.96,25.87%,€7.48,24.48%,1.39%,623,37,49,30,https://drive.google.com/file/d/1iOqCU9gcEX0YTbwSAdMcegyvFMb8PJkl/view?usp=sharing,https://drive.google.com/file/d/1iOqCU9gcEX0YTbwSAdMcegyvFMb8PJkl/view?usp=sharing
Μαγειρευτά,ΟΧΙ,Φιλέτο μπούτι κοτόπουλο λεμονάτο και άγριο ρύζι,"Λεμονάτο κοτόπουλο (180γρ), Άγριο ρύζι (240γρ)","Κοτόπουλο, Κρεμμύδι, Σκόρδο, Μουστάρδα, Ζωμός κοτόπουλου, Ρύζι","Μπούτι κοτόπουλο (180γρ), Άγριο ρύζι (240γρ)",249-9,10.09,11.40,OK,"Κοτόπουλο μπούτι, μαγειρεμένο (180γρ), Άγριο ρύζι (240γρ), Λεμονάτο κοτόπουλο (25γρ)",2.57,2.90,0.14,0.17,2.71,2.71,3.08,26.86%,€7.38,25.47%,1.39%,701,48,52,33,https://drive.google.com/file/d/1iOqCU9gcEX0YTbwSAdMcegyvFMb8PJkl/view?usp=sharing,https://drive.google.com/file/d/1iOqCU9gcEX0YTbwSAdMcegyvFMb8PJkl/view?usp=sharing
Μαγειρευτά,ΟΧΙ,Φιλέτο μπούτι κοτόπουλο λεμονάτο και άγριο ρύζι,"Λεμονάτο κοτόπουλο (210γρ), Άγριο ρύζι (120γρ)","Κοτόπουλο, Κρεμμύδι, Σκόρδο, Μουστάρδα, Ζωμός κοτόπουλου, Ρύζι","Μπούτι κοτόπουλο (210γρ), Άγριο ρύζι (120γρ)",249-10,10.53,11.90,OK,"Κοτόπουλο μπούτι, μαγειρεμένο (210γρ), Άγριο ρύζι (120γρ), Λεμονάτο κοτόπουλο (25γρ)",2.73,3.08,0.14,0.17,2.87,2.87,3.26,27.26%,€7.66,25.93%,1.33%,603,25,54,31,https://drive.google.com/file/d/1iOqCU9gcEX0YTbwSAdMcegyvFMb8PJkl/view?usp=sharing,https://drive.google.com/file/d/1iOqCU9gcEX0YTbwSAdMcegyvFMb8PJkl/view?usp=sharing
Μαγειρευτά,ΟΧΙ,Φιλέτο μπούτι κοτόπουλο λεμονάτο και άγριο ρύζι,"Λεμονάτο κοτόπουλο (210γρ), Άγριο ρύζι (180γρ)","Κοτόπουλο, Κρεμμύδι, Σκόρδο, Μουστάρδα, Ζωμός κοτόπουλου, Ρύζι","Μπούτι κοτόπουλο (210γρ), Άγριο ρύζι (180γρ)",249-11,10.97,12.40,OK,"Κοτόπουλο μπούτι, μαγειρεμένο (210γρ), Άγριο ρύζι (180γρ), Λεμονάτο κοτόπουλο (25γρ)",2.82,3.19,0.14,0.17,2.96,2.96,3.36,26.98%,€8.01,25.71%,1.28%,681,37,56,34,https://drive.google.com/file/d/1iOqCU9gcEX0YTbwSAdMcegyvFMb8PJkl/view?usp=sharing,https://drive.google.com/file/d/1iOqCU9gcEX0YTbwSAdMcegyvFMb8PJkl/view?usp=sharing
Μαγειρευτά,ΟΧΙ,Φιλέτο μπούτι κοτόπουλο λεμονάτο και άγριο ρύζι,"Λεμονάτο κοτόπουλο (210γρ), Άγριο ρύζι (240γρ)","Κοτόπουλο, Κρεμμύδι, Σκόρδο, Μουστάρδα, Ζωμός κοτόπουλου, Ρύζι","Μπούτι κοτόπουλο (210γρ), Άγριο ρύζι (240γρ)",249-12,11.42,12.90,OK,"Κοτόπουλο μπούτι, μαγειρεμένο (210γρ), Άγριο ρύζι (240γρ), Λεμονάτο κοτόπουλο (25γρ)",2.92,3.30,0.14,0.17,3.06,3.06,3.47,26.80%,€8.36,25.57%,1.23%,759,48,59,36,https://drive.google.com/file/d/1iOqCU9gcEX0YTbwSAdMcegyvFMb8PJkl/view?usp=sharing,https://drive.google.com/file/d/1iOqCU9gcEX0YTbwSAdMcegyvFMb8PJkl/view?usp=sharing
Ψητές επιλογές,ΟΧΙ,Φιλέτο μπούτι κοτόπουλο με άγριο ρύζι και teriyaki sauce,"Μπούτι κοτόπουλο (120γρ), Άγριο ρύζι (60γρ)","Κοτόπουλο, Ρύζι, Κολοκύθι, Σόγια, Μirin, Sake, Μέλι, Άμυλο πατάτας","Μπούτι κοτόπουλο (120γρ), Άγριο ρύζι (60γρ), Teriyaki sauce (25γρ), Ψητά κολοκυθάκια (80γρ)",174-1,7.88,8.90,Product Cost Change,"Κοτόπουλο μπούτι, μαγειρεμένο (120γρ), Άγριο ρύζι (60γρ), Teriyaki sauce (25γρ), Κολοκυθάκι, ψητό (80γρ), Ελαιόλαδο (10γρ)",2.09,2.36,0.14,0.17,2.21,2.23,2.54,28.30%,€5.65,26.52%,1.78%,458,24,32,25,https://drive.google.com/file/d/1SqT8mH0farYMpJMOc1sP_U_XF8TKABlF/view?usp=sharing,https://drive.google.com/file/d/1SqT8mH0farYMpJMOc1sP_U_XF8TKABlF/view?usp=sharing
Ψητές επιλογές,ΟΧΙ,Φιλέτο μπούτι κοτόπουλο με άγριο ρύζι και teriyaki sauce,"Μπούτι κοτόπουλο (120γρ), Άγριο ρύζι (120γρ)","Κοτόπουλο, Ρύζι, Κολοκύθι, Σόγια, Μirin, Sake, Μέλι, Άμυλο πατάτας","Μπούτι κοτόπουλο (120γρ), Άγριο ρύζι (120γρ), Teriyaki sauce (25γρ), Ψητά κολοκυθάκια (80γρ)",174-2,8.32,9.40,Product Cost Change,"Κοτόπουλο μπούτι, μαγειρεμένο (120γρ), Άγριο ρύζι (120γρ), Teriyaki sauce (25γρ), Κολοκυθάκι, ψητό (80γρ), Ελαιόλαδο (10γρ)",2.19,2.47,0.14,0.17,2.30,2.33,2.65,28.00%,€5.99,26.32%,1.68%,536,36,34,28,https://drive.google.com/file/d/1SqT8mH0farYMpJMOc1sP_U_XF8TKABlF/view?usp=sharing,https://drive.google.com/file/d/1SqT8mH0farYMpJMOc1sP_U_XF8TKABlF/view?usp=sharing
Ψητές επιλογές,ΟΧΙ,Φιλέτο μπούτι κοτόπουλο με άγριο ρύζι και teriyaki sauce,"Μπούτι κοτόπουλο (120γρ), Άγριο ρύζι (180γρ)","Κοτόπουλο, Ρύζι, Κολοκύθι, Σόγια, Μirin, Sake, Μέλι, Άμυλο πατάτας","Μπούτι κοτόπουλο (120γρ), Άγριο ρύζι (180γρ), Teriyaki sauce (25γρ), Ψητά κολοκυθάκια (80γρ)",174-3,8.76,9.90,Product Cost Change,"Κοτόπουλο μπούτι, μαγειρεμένο (120γρ), Άγριο ρύζι (180γρ), Teriyaki sauce (25γρ), Κολοκυθάκι, ψητό (80γρ), Ελαιόλαδο (10γρ)",2.28,2.58,0.14,0.17,2.40,2.42,2.75,27.63%,€6.34,26.03%,1.60%,614,48,36,31,https://drive.google.com/file/d/1SqT8mH0farYMpJMOc1sP_U_XF8TKABlF/view?usp=sharing,https://drive.google.com/file/d/1SqT8mH0farYMpJMOc1sP_U_XF8TKABlF/view?usp=sharing
Ψητές επιλογές,ΟΧΙ,Φιλέτο μπούτι κοτόπουλο με άγριο ρύζι και teriyaki sauce,"Μπούτι κοτόπουλο (150γρ), Άγριο ρύζι (60γρ)","Κοτόπουλο, Ρύζι, Κολοκύθι, Σόγια, Μirin, Sake, Μέλι, Άμυλο πατάτας","Μπούτι κοτόπουλο (150γρ), Άγριο ρύζι (60γρ), Teriyaki sauce (25γρ), Ψητά κολοκυθάκια (80γρ)",174-4,8.76,9.90,Product Cost Change,"Κοτόπουλο μπούτι, μαγειρεμένο (150γρ), Άγριο ρύζι (60γρ), Teriyaki sauce (25γρ), Κολοκυθάκι, ψητό (80γρ), Ελαιόλαδο (10γρ)",2.44,2.76,0.14,0.17,2.56,2.58,2.93,29.45%,€6.18,27.85%,1.60%,515,24,39,28,https://drive.google.com/file/d/1SqT8mH0farYMpJMOc1sP_U_XF8TKABlF/view?usp=sharing,https://drive.google.com/file/d/1SqT8mH0farYMpJMOc1sP_U_XF8TKABlF/view?usp=sharing
Ψητές επιλογές,ΟΧΙ,Φιλέτο μπούτι κοτόπουλο με άγριο ρύζι και teriyaki sauce,"Μπούτι κοτόπουλο (150γρ), Άγριο ρύζι (120γρ)","Κοτόπουλο, Ρύζι, Κολοκύθι, Σόγια, Μirin, Sake, Μέλι, Άμυλο πατάτας","Μπούτι κοτόπουλο (150γρ), Άγριο ρύζι (120γρ), Teriyaki sauce (25γρ), Ψητά κολοκυθάκια (80γρ)",174-5,9.20,10.40,Product Cost Change,"Κοτόπουλο μπούτι, μαγειρεμένο (150γρ), Άγριο ρύζι (120γρ), Teriyaki sauce (25γρ), Κολοκυθάκι, ψητό (80γρ), Ελαιόλαδο (10γρ)",2.54,2.87,0.14,0.17,2.65,2.68,3.04,29.13%,€6.52,27.61%,1.52%,593,36,41,31,https://drive.google.com/file/d/1SqT8mH0farYMpJMOc1sP_U_XF8TKABlF/view?usp=sharing,https://drive.google.com/file/d/1SqT8mH0farYMpJMOc1sP_U_XF8TKABlF/view?usp=sharing
Ψητές επιλογές,ΟΧΙ,Φιλέτο μπούτι κοτόπουλο με άγριο ρύζι και teriyaki sauce,"Μπούτι κοτόπουλο (150γρ), Άγριο ρύζι (180γρ)","Κοτόπουλο, Ρύζι, Κολοκύθι, Σόγια, Μirin, Sake, Μέλι, Άμυλο πατάτας","Μπούτι κοτόπουλο (150γρ), Άγριο ρύζι (180γρ), Teriyaki sauce (25γρ), Ψητά κολοκυθάκια (80γρ)",174-6,9.65,10.90,Product Cost Change,"Κοτόπουλο μπούτι, μαγειρεμένο (150γρ), Άγριο ρύζι (180γρ), Teriyaki sauce (25γρ), Κολοκυθάκι, ψητό (80γρ), Ελαιόλαδο (10γρ)",2.63,2.97,0.14,0.17,2.75,2.77,3.15,28.70%,€6.88,27.25%,1.45%,671,48,43,34,https://drive.google.com/file/d/1SqT8mH0farYMpJMOc1sP_U_XF8TKABlF/view?usp=sharing,https://drive.google.com/file/d/1SqT8mH0farYMpJMOc1sP_U_XF8TKABlF/view?usp=sharing
Ψητές επιλογές,ΟΧΙ,Φιλέτο μπούτι κοτόπουλο με άγριο ρύζι και teriyaki sauce,"Μπούτι κοτόπουλο (180γρ), Άγριο ρύζι (120γρ)","Κοτόπουλο, Ρύζι, Κολοκύθι, Σόγια, Μirin, Sake, Μέλι, Άμυλο πατάτας","Μπούτι κοτόπουλο (180γρ), Άγριο ρύζι (120γρ), Teriyaki sauce (25γρ), Ψητά κολοκυθάκια (80γρ)",174-7,9.65,10.90,Product Cost Change,"Κοτόπουλο μπούτι, μαγειρεμένο (180γρ), Άγριο ρύζι (120γρ), Teriyaki sauce (25γρ), Κολοκυθάκι, ψητό (80γρ), Ελαιόλαδο (10γρ)",2.88,3.25,0.14,0.17,3.00,3.02,3.43,31.30%,€6.63,29.84%,1.45%,650,36,48,34,https://drive.google.com/file/d/1SqT8mH0farYMpJMOc1sP_U_XF8TKABlF/view?usp=sharing,https://drive.google.com/file/d/1SqT8mH0farYMpJMOc1sP_U_XF8TKABlF/view?usp=sharing
Ψητές επιλογές,ΝΑΙ,Φιλέτο μπούτι κοτόπουλο με άγριο ρύζι και teriyaki sauce,"Μπούτι κοτόπουλο (180γρ), Άγριο ρύζι (180γρ)","Κοτόπουλο, Ρύζι, Κολοκύθι, Σόγια, Μirin, Sake, Μέλι, Άμυλο πατάτας","Μπούτι κοτόπουλο (180γρ), Άγριο ρύζι (180γρ), Teriyaki sauce (25γρ), Ψητά κολοκυθάκια (80γρ)",174-8,10.09,11.40,Product Cost Change,"Κοτόπουλο μπούτι, μαγειρεμένο (180γρ), Άγριο ρύζι (180γρ), Teriyaki sauce (25γρ), Κολοκυθάκι, ψητό (80γρ), Ελαιόλαδο (10γρ)",2.98,3.37,0.14,0.17,3.09,3.12,3.54,30.92%,€6.97,29.53%,1.39%,728,48,50,37,https://drive.google.com/file/d/1SqT8mH0farYMpJMOc1sP_U_XF8TKABlF/view?usp=sharing,https://drive.google.com/file/d/1SqT8mH0farYMpJMOc1sP_U_XF8TKABlF/view?usp=sharing
Ψητές επιλογές,ΟΧΙ,Φιλέτο μπούτι κοτόπουλο με άγριο ρύζι και teriyaki sauce,"Μπούτι κοτόπουλο (180γρ), Άγριο ρύζι (240γρ)","Κοτόπουλο, Ρύζι, Κολοκύθι, Σόγια, Μirin, Sake, Μέλι, Άμυλο πατάτας","Μπούτι κοτόπουλο (180γρ), Άγριο ρύζι (240γρ), Teriyaki sauce (25γρ), Ψητά κολοκυθάκια (80γρ)",174-9,10.53,11.90,Product Cost Change,"Κοτόπουλο μπούτι, μαγειρεμένο (180γρ), Άγριο ρύζι (240γρ), Teriyaki sauce (25γρ), Κολοκυθάκι, ψητό (80γρ), Ελαιόλαδο (10γρ)",3.07,3.47,0.14,0.17,3.19,3.21,3.64,30.48%,€7.32,29.15%,1.33%,806,59,53,40,https://drive.google.com/file/d/1SqT8mH0farYMpJMOc1sP_U_XF8TKABlF/view?usp=sharing,https://drive.google.com/file/d/1SqT8mH0farYMpJMOc1sP_U_XF8TKABlF/view?usp=sharing
Ψητές επιλογές,ΟΧΙ,Φιλέτο μπούτι κοτόπουλο με άγριο ρύζι και teriyaki sauce,"Μπούτι κοτόπουλο (210γρ), Άγριο ρύζι (120γρ)","Κοτόπουλο, Ρύζι, Κολοκύθι, Σόγια, Μirin, Sake, Μέλι, Άμυλο πατάτας","Μπούτι κοτόπουλο (210γρ), Άγριο ρύζι (120γρ), Teriyaki sauce (25γρ), Ψητά κολοκυθάκια (80γρ)",174-10,10.53,11.90,Product Cost Change,"Κοτόπουλο μπούτι, μαγειρεμένο (210γρ), Άγριο ρύζι (120γρ), Teriyaki sauce (25γρ), Κολοκυθάκι, ψητό (80γρ), Ελαιόλαδο (10γρ)",3.23,3.65,0.14,0.17,3.35,3.37,3.82,32.00%,€7.16,30.67%,1.33%,708,36,55,37,https://drive.google.com/file/d/1SqT8mH0farYMpJMOc1sP_U_XF8TKABlF/view?usp=sharing,https://drive.google.com/file/d/1SqT8mH0farYMpJMOc1sP_U_XF8TKABlF/view?usp=sharing
Ψητές επιλογές,ΟΧΙ,Φιλέτο μπούτι κοτόπουλο με άγριο ρύζι και teriyaki sauce,"Μπούτι κοτόπουλο (210γρ), Άγριο ρύζι (180γρ)","Κοτόπουλο, Ρύζι, Κολοκύθι, Σόγια, Μirin, Sake, Μέλι, Άμυλο πατάτας","Μπούτι κοτόπουλο (210γρ), Άγριο ρύζι (180γρ), Teriyaki sauce (25γρ), Ψητά κολοκυθάκια (80γρ)",174-11,10.97,12.40,Product Cost Change,"Κοτόπουλο μπούτι, μαγειρεμένο (210γρ), Άγριο ρύζι (180γρ), Teriyaki sauce (25γρ), Κολοκυθάκι, ψητό (80γρ), Ελαιόλαδο (10γρ)",3.33,3.76,0.14,0.17,3.44,3.47,3.94,31.63%,€7.50,30.36%,1.28%,786,48,57,40,https://drive.google.com/file/d/1SqT8mH0farYMpJMOc1sP_U_XF8TKABlF/view?usp=sharing,https://drive.google.com/file/d/1SqT8mH0farYMpJMOc1sP_U_XF8TKABlF/view?usp=sharing
Ψητές επιλογές,ΟΧΙ,Φιλέτο μπούτι κοτόπουλο με άγριο ρύζι και teriyaki sauce,"Μπούτι κοτόπουλο (210γρ), Άγριο ρύζι (240γρ)","Κοτόπουλο, Ρύζι, Κολοκύθι, Σόγια, Μirin, Sake, Μέλι, Άμυλο πατάτας","Μπούτι κοτόπουλο (210γρ), Άγριο ρύζι (240γρ), Teriyaki sauce (25γρ), Ψητά κολοκυθάκια (80γρ)",174-12,11.42,12.90,Product Cost Change,"Κοτόπουλο μπούτι, μαγειρεμένο (210γρ), Άγριο ρύζι (240γρ), Teriyaki sauce (25γρ), Κολοκυθάκι, ψητό (80γρ), Ελαιόλαδο (10γρ)",3.42,3.86,0.14,0.17,3.54,3.56,4.04,31.17%,€7.86,29.95%,1.23%,863,59,60,43,https://drive.google.com/file/d/1SqT8mH0farYMpJMOc1sP_U_XF8TKABlF/view?usp=sharing,https://drive.google.com/file/d/1SqT8mH0farYMpJMOc1sP_U_XF8TKABlF/view?usp=sharing
Μαγειρευτά,ΟΧΙ,Φιλέτο μπούτι κοτόπουλο με ρύζι basmati και κάρυ,"Μπούτι κοτόπουλο (120γρ), Ρύζι basmati (60γρ)","Κοτόπουλο, Κρεμμύδι, Σκόρδο, Ginger, Κάρυ, Καρότο, Πράσο, Κολοκύθι, Ντομάτα, Ζωμός κοτόπουλου, Κρέμα καρύδας, Φρέσκο κρεμμυδάκι, Ρύζι","Μπούτι κοτόπουλο (120γρ), Ρύζι basmati (60γρ), Σάλτσα κάρυ με λαχανικά (60γρ)",176-1,7.88,8.90,OK,"Κοτόπουλο μπούτι, μαγειρεμένο (120γρ), Ρύζι (60γρ), Σάλτσα κάρυ με λαχανικά (60γρ)",1.66,1.88,0.14,0.17,1.80,1.80,2.05,22.84%,€6.08,21.07%,1.78%,425,21,32,23,https://drive.google.com/file/d/1bDpMg0p_z0RDijPIc-h9qPv00atKsXLh/view?usp=sharing,https://drive.google.com/file/d/1bDpMg0p_z0RDijPIc-h9qPv00atKsXLh/view?usp=sharing
Μαγειρευτά,ΟΧΙ,Φιλέτο μπούτι κοτόπουλο με ρύζι basmati και κάρυ,"Μπούτι κοτόπουλο (120γρ), Ρύζι basmati (120γρ)","Κοτόπουλο, Κρεμμύδι, Σκόρδο, Ginger, Κάρυ, Καρότο, Πράσο, Κολοκύθι, Ντομάτα, Ζωμός κοτόπουλου, Κρέμα καρύδας, Φρέσκο κρεμμυδάκι, Ρύζι","Μπούτι κοτόπουλο (120γρ), Ρύζι basmati (120γρ), Σάλτσα κάρυ με λαχανικά (60γρ)",176-2,8.32,9.40,OK,"Κοτόπουλο μπούτι, μαγειρεμένο (120γρ), Ρύζι (120γρ), Σάλτσα κάρυ με λαχανικά (60γρ)",1.72,1.94,0.14,0.17,1.86,1.86,2.12,22.36%,€6.46,20.67%,1.68%,517,36,33,26,https://drive.google.com/file/d/1bDpMg0p_z0RDijPIc-h9qPv00atKsXLh/view?usp=sharing,https://drive.google.com/file/d/1bDpMg0p_z0RDijPIc-h9qPv00atKsXLh/view?usp=sharing
Μαγειρευτά,ΟΧΙ,Φιλέτο μπούτι κοτόπουλο με ρύζι basmati και κάρυ,"Μπούτι κοτόπουλο (120γρ), Ρύζι basmati (180γρ)","Κοτόπουλο, Κρεμμύδι, Σκόρδο, Ginger, Κάρυ, Καρότο, Πράσο, Κολοκύθι, Ντομάτα, Ζωμός κοτόπουλου, Κρέμα καρύδας, Φρέσκο κρεμμυδάκι, Ρύζι","Μπούτι κοτόπουλο (120γρ), Ρύζι basmati (180γρ), Σάλτσα κάρυ με λαχανικά (60γρ)",176-3,8.76,9.90,OK,"Κοτόπουλο μπούτι, μαγειρεμένο (120γρ), Ρύζι (180γρ), Σάλτσα κάρυ με λαχανικά (60γρ)",1.79,2.02,0.14,0.17,1.93,1.93,2.20,22.03%,€6.83,20.43%,1.60%,609,51,35,29,https://drive.google.com/file/d/1bDpMg0p_z0RDijPIc-h9qPv00atKsXLh/view?usp=sharing,https://drive.google.com/file/d/1bDpMg0p_z0RDijPIc-h9qPv00atKsXLh/view?usp=sharing
Μαγειρευτά,ΟΧΙ,Φιλέτο μπούτι κοτόπουλο με ρύζι basmati και κάρυ,"Μπούτι κοτόπουλο (150γρ), Ρύζι basmati (60γρ)","Κοτόπουλο, Κρεμμύδι, Σκόρδο, Ginger, Κάρυ, Καρότο, Πράσο, Κολοκύθι, Ντομάτα, Ζωμός κοτόπουλου, Κρέμα καρύδας, Φρέσκο κρεμμυδάκι, Ρύζι","Μπούτι κοτόπουλο (150γρ), Ρύζι basmati (60γρ), Σάλτσα κάρυ με λαχανικά (60γρ)",176-4,8.76,9.90,OK,"Κοτόπουλο μπούτι, μαγειρεμένο (150γρ), Ρύζι (60γρ), Σάλτσα κάρυ με λαχανικά (60γρ)",2.01,2.27,0.14,0.17,2.15,2.15,2.44,24.54%,€6.61,22.95%,1.60%,482,21,39,26,https://drive.google.com/file/d/1bDpMg0p_z0RDijPIc-h9qPv00atKsXLh/view?usp=sharing,https://drive.google.com/file/d/1bDpMg0p_z0RDijPIc-h9qPv00atKsXLh/view?usp=sharing
Μαγειρευτά,ΟΧΙ,Φιλέτο μπούτι κοτόπουλο με ρύζι basmati και κάρυ,"Μπούτι κοτόπουλο (150γρ), Ρύζι basmati (120γρ)","Κοτόπουλο, Κρεμμύδι, Σκόρδο, Ginger, Κάρυ, Καρότο, Πράσο, Κολοκύθι, Ντομάτα, Ζωμός κοτόπουλου, Κρέμα καρύδας, Φρέσκο κρεμμυδάκι, Ρύζι","Μπούτι κοτόπουλο (150γρ), Ρύζι basmati (120γρ), Σάλτσα κάρυ με λαχανικά (60γρ)",176-5,9.20,10.40,OK,"Κοτόπουλο μπούτι, μαγειρεμένο (150γρ), Ρύζι (120γρ), Σάλτσα κάρυ με λαχανικά (60γρ)",2.07,2.34,0.14,0.17,2.21,2.21,2.51,24.02%,€6.99,22.50%,1.52%,574,36,40,29,https://drive.google.com/file/d/1bDpMg0p_z0RDijPIc-h9qPv00atKsXLh/view?usp=sharing,https://drive.google.com/file/d/1bDpMg0p_z0RDijPIc-h9qPv00atKsXLh/view?usp=sharing
Μαγειρευτά,ΟΧΙ,Φιλέτο μπούτι κοτόπουλο με ρύζι basmati και κάρυ,"Μπούτι κοτόπουλο (150γρ), Ρύζι basmati (180γρ)","Κοτόπουλο, Κρεμμύδι, Σκόρδο, Ginger, Κάρυ, Καρότο, Πράσο, Κολοκύθι, Ντομάτα, Ζωμός κοτόπουλου, Κρέμα καρύδας, Φρέσκο κρεμμυδάκι, Ρύζι","Μπούτι κοτόπουλο (150γρ), Ρύζι basmati (180γρ), Σάλτσα κάρυ με λαχανικά (60γρ)",176-6,9.65,10.90,OK,"Κοτόπουλο μπούτι, μαγειρεμένο (150γρ), Ρύζι (180γρ), Σάλτσα κάρυ με λαχανικά (60γρ)",2.13,2.41,0.14,0.17,2.27,2.27,2.58,23.52%,€7.38,22.07%,1.45%,666,51,42,32,https://drive.google.com/file/d/1bDpMg0p_z0RDijPIc-h9qPv00atKsXLh/view?usp=sharing,https://drive.google.com/file/d/1bDpMg0p_z0RDijPIc-h9qPv00atKsXLh/view?usp=sharing
Μαγειρευτά,ΟΧΙ,Φιλέτο μπούτι κοτόπουλο με ρύζι basmati και κάρυ,"Μπούτι κοτόπουλο (180γρ), Ρύζι basmati (120γρ)","Κοτόπουλο, Κρεμμύδι, Σκόρδο, Ginger, Κάρυ, Καρότο, Πράσο, Κολοκύθι, Ντομάτα, Ζωμός κοτόπουλου, Κρέμα καρύδας, Φρέσκο κρεμμυδάκι, Ρύζι","Μπούτι κοτόπουλο (180γρ), Ρύζι basmati (120γρ), Σάλτσα κάρυ με λαχανικά (60γρ)",176-7,9.65,10.90,OK,"Κοτόπουλο μπούτι, μαγειρεμένο (180γρ), Ρύζι (120γρ), Σάλτσα κάρυ με λαχανικά (60γρ)",2.42,2.73,0.14,0.17,2.56,2.56,2.91,26.53%,€7.09,25.08%,1.45%,632,36,47,32,https://drive.google.com/file/d/1bDpMg0p_z0RDijPIc-h9qPv00atKsXLh/view?usp=sharing,https://drive.google.com/file/d/1bDpMg0p_z0RDijPIc-h9qPv00atKsXLh/view?usp=sharing
Μαγειρευτά,ΝΑΙ,Φιλέτο μπούτι κοτόπουλο με ρύζι basmati και κάρυ,"Μπούτι κοτόπουλο (180γρ), Ρύζι basmati (180γρ)","Κοτόπουλο, Κρεμμύδι, Σκόρδο, Ginger, Κάρυ, Καρότο, Πράσο, Κολοκύθι, Ντομάτα, Ζωμός κοτόπουλου, Κρέμα καρύδας, Φρέσκο κρεμμυδάκι, Ρύζι","Μπούτι κοτόπουλο (180γρ), Ρύζι basmati (180γρ), Σάλτσα κάρυ με λαχανικά (60γρ)",176-8,10.09,11.40,OK,"Κοτόπουλο μπούτι, μαγειρεμένο (180γρ), Ρύζι (180γρ), Σάλτσα κάρυ με λαχανικά (60γρ)",2.48,2.80,0.14,0.17,2.62,2.62,2.98,25.97%,€7.47,24.58%,1.39%,724,51,49,35,https://drive.google.com/file/d/1bDpMg0p_z0RDijPIc-h9qPv00atKsXLh/view?usp=sharing,https://drive.google.com/file/d/1bDpMg0p_z0RDijPIc-h9qPv00atKsXLh/view?usp=sharing
Μαγειρευτά,ΟΧΙ,Φιλέτο μπούτι κοτόπουλο με ρύζι basmati και κάρυ,"Μπούτι κοτόπουλο (180γρ), Ρύζι basmati (240γρ)","Κοτόπουλο, Κρεμμύδι, Σκόρδο, Ginger, Κάρυ, Καρότο, Πράσο, Κολοκύθι, Ντομάτα, Ζωμός κοτόπουλου, Κρέμα καρύδας, Φρέσκο κρεμμυδάκι, Ρύζι","Μπούτι κοτόπουλο (180γρ), Ρύζι basmati (240γρ), Σάλτσα κάρυ με λαχανικά (60γρ)",176-9,10.53,11.90,OK,"Κοτόπουλο μπούτι, μαγειρεμένο (180γρ), Ρύζι (240γρ), Σάλτσα κάρυ με λαχανικά (60γρ)",2.55,2.88,0.14,0.17,2.69,2.69,3.06,25.55%,€7.84,24.22%,1.33%,816,67,50,37,https://drive.google.com/file/d/1bDpMg0p_z0RDijPIc-h9qPv00atKsXLh/view?usp=sharing,https://drive.google.com/file/d/1bDpMg0p_z0RDijPIc-h9qPv00atKsXLh/view?usp=sharing
Μαγειρευτά,ΟΧΙ,Φιλέτο μπούτι κοτόπουλο με ρύζι basmati και κάρυ,"Μπούτι κοτόπουλο (210γρ), Ρύζι basmati (120γρ)","Κοτόπουλο, Κρεμμύδι, Σκόρδο, Ginger, Κάρυ, Καρότο, Πράσο, Κολοκύθι, Ντομάτα, Ζωμός κοτόπουλου, Κρέμα καρύδας, Φρέσκο κρεμμυδάκι, Ρύζι","Μπούτι κοτόπουλο (210γρ), Ρύζι basmati (120γρ), Σάλτσα κάρυ με λαχανικά (60γρ)",176-10,10.53,11.90,OK,"Κοτόπουλο μπούτι, μαγειρεμένο (210γρ), Ρύζι (120γρ), Σάλτσα κάρυ με λαχανικά (60γρ)",2.77,3.13,0.14,0.17,2.91,2.91,3.30,27.64%,€7.62,26.31%,1.33%,689,36,54,35,https://drive.google.com/file/d/1bDpMg0p_z0RDijPIc-h9qPv00atKsXLh/view?usp=sharing,https://drive.google.com/file/d/1bDpMg0p_z0RDijPIc-h9qPv00atKsXLh/view?usp=sharing
Μαγειρευτά,ΟΧΙ,Φιλέτο μπούτι κοτόπουλο με ρύζι basmati και κάρυ,"Μπούτι κοτόπουλο (210γρ), Ρύζι basmati (180γρ)","Κοτόπουλο, Κρεμμύδι, Σκόρδο, Ginger, Κάρυ, Καρότο, Πράσο, Κολοκύθι, Ντομάτα, Ζωμός κοτόπουλου, Κρέμα καρύδας, Φρέσκο κρεμμυδάκι, Ρύζι","Μπούτι κοτόπουλο (210γρ), Ρύζι basmati (180γρ), Σάλτσα κάρυ με λαχανικά (60γρ)",176-11,10.97,12.40,OK,"Κοτόπουλο μπούτι, μαγειρεμένο (210γρ), Ρύζι (180γρ), Σάλτσα κάρυ με λαχανικά (60γρ)",2.83,3.20,0.14,0.17,2.97,2.97,3.37,27.07%,€8.00,25.80%,1.28%,781,51,56,38,https://drive.google.com/file/d/1bDpMg0p_z0RDijPIc-h9qPv00atKsXLh/view?usp=sharing,https://drive.google.com/file/d/1bDpMg0p_z0RDijPIc-h9qPv00atKsXLh/view?usp=sharing
Μαγειρευτά,ΟΧΙ,Φιλέτο μπούτι κοτόπουλο με ρύζι basmati και κάρυ,"Μπούτι κοτόπουλο (210γρ), Ρύζι basmati (240γρ)","Κοτόπουλο, Κρεμμύδι, Σκόρδο, Ginger, Κάρυ, Καρότο, Πράσο, Κολοκύθι, Ντομάτα, Ζωμός κοτόπουλου, Κρέμα καρύδας, Φρέσκο κρεμμυδάκι, Ρύζι","Μπούτι κοτόπουλο (210γρ), Ρύζι basmati (240γρ), Σάλτσα κάρυ με λαχανικά (60γρ)",176-12,11.42,12.90,OK,"Κοτόπουλο μπούτι, μαγειρεμένο (210γρ), Ρύζι (240γρ), Σάλτσα κάρυ με λαχανικά (60γρ)",2.90,3.28,0.14,0.17,3.04,3.04,3.45,26.62%,€8.38,25.39%,1.23%,873,67,57,40,https://drive.google.com/file/d/1bDpMg0p_z0RDijPIc-h9qPv00atKsXLh/view?usp=sharing,https://drive.google.com/file/d/1bDpMg0p_z0RDijPIc-h9qPv00atKsXLh/view?usp=sharing
Ψητές επιλογές,ΟΧΙ,Φιλέτο στήθος κοτόπουλο με ψητή γλυκοπατάτα,"Φιλέτο κοτόπουλο (120γρ), Ψητή γλυκοπατάτα (120γρ)","Κοτόπουλο, Γλυκοπατάτα, Λαχανικά","Φιλέτο κοτόπουλο (120γρ), Ψητή γλυκοπατάτα (120γρ), Ψητά λαχανικά (80γρ)",159-1,7.88,8.90,OK,"Κοτόπουλο στήθος, μαγειρεμένο (120γρ), Γλυκοπατάτα, μαγειρεμένη (120γρ), Λαχανικά ψητά (80γρ), Ελαιόλαδο (10γρ)",2.36,2.67,0.14,0.17,2.50,2.50,2.84,31.73%,€5.38,29.95%,1.78%,409,28,40,15,https://drive.google.com/file/d/1I4f7x2vEV2C_DBopQX-5ykHDVPzhh3Tk/view?usp=sharing,https://drive.google.com/file/d/1I4f7x2vEV2C_DBopQX-5ykHDVPzhh3Tk/view?usp=sharing
Ψητές επιλογές,ΟΧΙ,Φιλέτο στήθος κοτόπουλο με ψητή γλυκοπατάτα,"Φιλέτο κοτόπουλο (120γρ), Ψητή γλυκοπατάτα (150γρ)","Κοτόπουλο, Γλυκοπατάτα, Λαχανικά","Φιλέτο κοτόπουλο (120γρ), Ψητή γλυκοπατάτα (150γρ), Ψητά λαχανικά (80γρ)",159-2,8.32,9.40,OK,"Κοτόπουλο στήθος, μαγειρεμένο (120γρ), Γλυκοπατάτα, μαγειρεμένη (150γρ), Λαχανικά ψητά (80γρ), Ελαιόλαδο (10γρ)",2.45,2.77,0.14,0.17,2.59,2.59,2.94,31.13%,€5.73,29.45%,1.68%,436,34,41,15,https://drive.google.com/file/d/1I4f7x2vEV2C_DBopQX-5ykHDVPzhh3Tk/view?usp=sharing,https://drive.google.com/file/d/1I4f7x2vEV2C_DBopQX-5ykHDVPzhh3Tk/view?usp=sharing
Ψητές επιλογές,ΟΧΙ,Φιλέτο στήθος κοτόπουλο με ψητή γλυκοπατάτα,"Φιλέτο κοτόπουλο (120γρ), Ψητή γλυκοπατάτα (200γρ)","Κοτόπουλο, Γλυκοπατάτα, Λαχανικά","Φιλέτο κοτόπουλο (120γρ), Ψητή γλυκοπατάτα (200γρ), Ψητά λαχανικά (80γρ)",159-3,8.76,9.90,OK,"Κοτόπουλο στήθος, μαγειρεμένο (120γρ), Γλυκοπατάτα, μαγειρεμένη (200γρ), Λαχανικά ψητά (80γρ), Ελαιόλαδο (10γρ)",2.60,2.94,0.14,0.17,2.74,2.74,3.11,31.28%,€6.02,29.68%,1.60%,481,45,42,15,https://drive.google.com/file/d/1I4f7x2vEV2C_DBopQX-5ykHDVPzhh3Tk/view?usp=sharing,https://drive.google.com/file/d/1I4f7x2vEV2C_DBopQX-5ykHDVPzhh3Tk/view?usp=sharing
Ψητές επιλογές,ΟΧΙ,Φιλέτο στήθος κοτόπουλο με ψητή γλυκοπατάτα,"Φιλέτο κοτόπουλο (150γρ), Ψητή γλυκοπατάτα (120γρ)","Κοτόπουλο, Γλυκοπατάτα, Λαχανικά","Φιλέτο κοτόπουλο (150γρ), Ψητή γλυκοπατάτα (120γρ), Ψητά λαχανικά (80γρ)",159-4,8.76,9.90,OK,"Κοτόπουλο στήθος, μαγειρεμένο (150γρ), Γλυκοπατάτα, μαγειρεμένη (120γρ), Λαχανικά ψητά (80γρ), Ελαιόλαδο (10γρ)",2.66,3.01,0.14,0.17,2.80,2.80,3.18,31.96%,€5.96,30.37%,1.60%,458,28,50,16,https://drive.google.com/file/d/1I4f7x2vEV2C_DBopQX-5ykHDVPzhh3Tk/view?usp=sharing,https://drive.google.com/file/d/1I4f7x2vEV2C_DBopQX-5ykHDVPzhh3Tk/view?usp=sharing
Ψητές επιλογές,ΟΧΙ,Φιλέτο στήθος κοτόπουλο με ψητή γλυκοπατάτα,"Φιλέτο κοτόπουλο (150γρ), Ψητή γλυκοπατάτα (150γρ)","Κοτόπουλο, Γλυκοπατάτα, Λαχανικά","Φιλέτο κοτόπουλο (150γρ), Ψητή γλυκοπατάτα (150γρ), Ψητά λαχανικά (80γρ)",159-5,9.20,10.40,OK,"Κοτόπουλο στήθος, μαγειρεμένο (150γρ), Γλυκοπατάτα, μαγειρεμένη (150γρ), Λαχανικά ψητά (80γρ), Ελαιόλαδο (10γρ)",2.75,3.11,0.14,0.17,2.89,2.89,3.28,31.41%,€6.31,29.89%,1.52%,485,34,50,16,https://drive.google.com/file/d/1I4f7x2vEV2C_DBopQX-5ykHDVPzhh3Tk/view?usp=sharing,https://drive.google.com/file/d/1I4f7x2vEV2C_DBopQX-5ykHDVPzhh3Tk/view?usp=sharing
Ψητές επιλογές,ΟΧΙ,Φιλέτο στήθος κοτόπουλο με ψητή γλυκοπατάτα,"Φιλέτο κοτόπουλο (150γρ), Ψητή γλυκοπατάτα (200γρ)","Κοτόπουλο, Γλυκοπατάτα, Λαχανικά","Φιλέτο κοτόπουλο (150γρ), Ψητή γλυκοπατάτα (200γρ), Ψητά λαχανικά (80γρ)",159-6,9.65,10.90,OK,"Κοτόπουλο στήθος, μαγειρεμένο (150γρ), Γλυκοπατάτα, μαγειρεμένη (200γρ), Λαχανικά ψητά (80γρ), Ελαιόλαδο (10γρ)",2.90,3.28,0.14,0.17,3.04,3.04,3.45,31.50%,€6.61,30.05%,1.45%,530,45,51,16,https://drive.google.com/file/d/1I4f7x2vEV2C_DBopQX-5ykHDVPzhh3Tk/view?usp=sharing,https://drive.google.com/file/d/1I4f7x2vEV2C_DBopQX-5ykHDVPzhh3Tk/view?usp=sharing
Ψητές επιλογές,ΟΧΙ,Φιλέτο στήθος κοτόπουλο με ψητή γλυκοπατάτα,"Φιλέτο κοτόπουλο (180γρ), Ψητή γλυκοπατάτα (120γρ)","Κοτόπουλο, Γλυκοπατάτα, Λαχανικά","Φιλέτο κοτόπουλο (180γρ), Ψητή γλυκοπατάτα (120γρ), Ψητά λαχανικά (80γρ)",159-7,9.65,10.90,OK,"Κοτόπουλο στήθος, μαγειρεμένο (180γρ), Γλυκοπατάτα, μαγειρεμένη (120γρ), Λαχανικά ψητά (80γρ), Ελαιόλαδο (10γρ)",2.95,3.33,0.14,0.17,3.09,3.09,3.51,32.02%,€6.56,30.57%,1.45%,508,28,59,17,https://drive.google.com/file/d/1I4f7x2vEV2C_DBopQX-5ykHDVPzhh3Tk/view?usp=sharing,https://drive.google.com/file/d/1I4f7x2vEV2C_DBopQX-5ykHDVPzhh3Tk/view?usp=sharing
Ψητές επιλογές,ΝΑΙ,Φιλέτο στήθος κοτόπουλο με ψητή γλυκοπατάτα,"Φιλέτο κοτόπουλο (180γρ), Ψητή γλυκοπατάτα (150γρ)","Κοτόπουλο, Γλυκοπατάτα, Λαχανικά","Φιλέτο κοτόπουλο (180γρ), Ψητή γλυκοπατάτα (150γρ), Ψητά λαχανικά (80γρ)",159-8,10.09,11.40,OK,"Κοτόπουλο στήθος, μαγειρεμένο (180γρ), Γλυκοπατάτα, μαγειρεμένη (150γρ), Λαχανικά ψητά (80γρ), Ελαιόλαδο (10γρ)",3.04,3.44,0.14,0.17,3.18,3.18,3.61,31.52%,€6.91,30.13%,1.39%,535,34,60,17,https://drive.google.com/file/d/1I4f7x2vEV2C_DBopQX-5ykHDVPzhh3Tk/view?usp=sharing,https://drive.google.com/file/d/1I4f7x2vEV2C_DBopQX-5ykHDVPzhh3Tk/view?usp=sharing
Ψητές επιλογές,ΟΧΙ,Φιλέτο στήθος κοτόπουλο με ψητή γλυκοπατάτα,"Φιλέτο κοτόπουλο (180γρ), Ψητή γλυκοπατάτα (200γρ)","Κοτόπουλο, Γλυκοπατάτα, Λαχανικά","Φιλέτο κοτόπουλο (180γρ), Ψητή γλυκοπατάτα (200γρ), Ψητά λαχανικά (80γρ)",159-9,10.53,11.90,OK,"Κοτόπουλο στήθος, μαγειρεμένο (180γρ), Γλυκοπατάτα, μαγειρεμένη (200γρ), Λαχανικά ψητά (80γρ), Ελαιόλαδο (10γρ)",3.19,3.60,0.14,0.17,3.33,3.33,3.78,31.62%,€7.20,30.29%,1.33%,580,45,61,17,https://drive.google.com/file/d/1I4f7x2vEV2C_DBopQX-5ykHDVPzhh3Tk/view?usp=sharing,https://drive.google.com/file/d/1I4f7x2vEV2C_DBopQX-5ykHDVPzhh3Tk/view?usp=sharing
Ψητές επιλογές,ΟΧΙ,Φιλέτο στήθος κοτόπουλο με ψητή γλυκοπατάτα,"Φιλέτο κοτόπουλο (210γρ), Ψητή γλυκοπατάτα (150γρ)","Κοτόπουλο, Γλυκοπατάτα, Λαχανικά","Φιλέτο κοτόπουλο (210γρ), Ψητή γλυκοπατάτα (150γρ), Ψητά λαχανικά (80γρ)",159-10,10.53,11.90,OK,"Κοτόπουλο στήθος, μαγειρεμένο (210γρ), Γλυκοπατάτα, μαγειρεμένη (150γρ), Λαχανικά ψητά (80γρ), Ελαιόλαδο (10γρ)",3.34,3.77,0.14,0.17,3.48,3.48,3.95,33.05%,€7.05,31.72%,1.33%,584,34,69,18,https://drive.google.com/file/d/1I4f7x2vEV2C_DBopQX-5ykHDVPzhh3Tk/view?usp=sharing,https://drive.google.com/file/d/1I4f7x2vEV2C_DBopQX-5ykHDVPzhh3Tk/view?usp=sharing
Ψητές επιλογές,ΟΧΙ,Φιλέτο στήθος κοτόπουλο με ψητή γλυκοπατάτα,"Φιλέτο κοτόπουλο (210γρ), Ψητή γλυκοπατάτα (200γρ)","Κοτόπουλο, Γλυκοπατάτα, Λαχανικά","Φιλέτο κοτόπουλο (210γρ), Ψητή γλυκοπατάτα (200γρ), Ψητά λαχανικά (80γρ)",159-11,10.97,12.40,OK,"Κοτόπουλο στήθος, μαγειρεμένο (210γρ), Γλυκοπατάτα, μαγειρεμένη (200γρ), Λαχανικά ψητά (80γρ), Ελαιόλαδο (10γρ)",3.49,3.94,0.14,0.17,3.63,3.63,4.12,33.09%,€7.34,31.81%,1.28%,629,45,70,18,https://drive.google.com/file/d/1I4f7x2vEV2C_DBopQX-5ykHDVPzhh3Tk/view?usp=sharing,https://drive.google.com/file/d/1I4f7x2vEV2C_DBopQX-5ykHDVPzhh3Tk/view?usp=sharing
Ψητές επιλογές,ΟΧΙ,Φιλέτο στήθος κοτόπουλο με ψητή γλυκοπατάτα,"Φιλέτο κοτόπουλο (210γρ), Ψητή γλυκοπατάτα (250γρ)","Κοτόπουλο, Γλυκοπατάτα, Λαχανικά","Φιλέτο κοτόπουλο (210γρ), Ψητή γλυκοπατάτα (250γρ), Ψητά λαχανικά (80γρ)",159-12,11.42,12.90,OK,"Κοτόπουλο στήθος, μαγειρεμένο (210γρ), Γλυκοπατάτα, μαγειρεμένη (250γρ), Λαχανικά ψητά (80γρ), Ελαιόλαδο (10γρ)",3.64,4.11,0.14,0.17,3.78,3.78,4.29,33.10%,€7.64,31.87%,1.23%,674,55,71,18,https://drive.google.com/file/d/1I4f7x2vEV2C_DBopQX-5ykHDVPzhh3Tk/view?usp=sharing,https://drive.google.com/file/d/1I4f7x2vEV2C_DBopQX-5ykHDVPzhh3Tk/view?usp=sharing
Ψητές επιλογές,ΟΧΙ,Φιλέτο στήθος κοτόπουλο με λαχανικά ατμού και σάλτσα μουστάρδας,Φιλέτο κοτόπουλο (120γρ),"Κοτόπουλο, Λαχανικά, Μουστάρδα, Ζωμός κοτόπουλου, Ηλιέλαιο, Μέλι, Χυμός λεμονιού","Φιλέτο κοτόπουλο (120γρ), Λαχανικά (150γρ), Σάλτσα μουστάρδας (15γρ)",158-1,7.88,8.90,OK,"Κοτόπουλο στήθος, μαγειρεμένο (120γρ), Λαχανικά, βραστά (150γρ), Σάλτσα μουστάρδας (για πατάτες) (15γρ), Ελαιόλαδο (10γρ)",2.28,2.58,0.14,0.17,2.42,2.42,2.75,30.71%,€5.46,28.93%,1.78%,354,8,39,18,https://drive.google.com/file/d/1aHp7ALn--hrS7N-TrhZnb2vlZQ9IoSQS/view?usp=sharing,https://drive.google.com/file/d/1aHp7ALn--hrS7N-TrhZnb2vlZQ9IoSQS/view?usp=sharing
Ψητές επιλογές,ΟΧΙ,Φιλέτο στήθος κοτόπουλο με λαχανικά ατμού και σάλτσα μουστάρδας,Φιλέτο κοτόπουλο (150γρ),"Κοτόπουλο, Λαχανικά, Μουστάρδα, Ζωμός κοτόπουλου, Ηλιέλαιο, Μέλι, Χυμός λεμονιού","Φιλέτο κοτόπουλο (150γρ), Λαχανικά (150γρ), Σάλτσα μουστάρδας (15γρ)",158-2,8.76,9.90,OK,"Κοτόπουλο στήθος, μαγειρεμένο (150γρ), Λαχανικά, βραστά (150γρ), Σάλτσα μουστάρδας (για πατάτες) (15γρ), Ελαιόλαδο (10γρ)",2.58,2.92,0.14,0.17,2.72,2.72,3.09,31.05%,€6.04,29.45%,1.60%,404,8,48,19,https://drive.google.com/file/d/1aHp7ALn--hrS7N-TrhZnb2vlZQ9IoSQS/view?usp=sharing,https://drive.google.com/file/d/1aHp7ALn--hrS7N-TrhZnb2vlZQ9IoSQS/view?usp=sharing
Ψητές επιλογές,ΝΑΙ,Φιλέτο στήθος κοτόπουλο με λαχανικά ατμού και σάλτσα μουστάρδας,Φιλέτο κοτόπουλο (180γρ),"Κοτόπουλο, Λαχανικά, Μουστάρδα, Ζωμός κοτόπουλου, Ηλιέλαιο, Μέλι, Χυμός λεμονιού","Φιλέτο κοτόπουλο (180γρ), Λαχανικά (150γρ), Σάλτσα μουστάρδας (15γρ)",158-3,9.65,10.90,OK,"Κοτόπουλο στήθος, μαγειρεμένο (180γρ), Λαχανικά, βραστά (150γρ), Σάλτσα μουστάρδας (για πατάτες) (15γρ), Ελαιόλαδο (10γρ)",2.87,3.24,0.14,0.17,3.01,3.01,3.42,31.19%,€6.64,29.74%,1.45%,453,8,58,20,https://drive.google.com/file/d/1aHp7ALn--hrS7N-TrhZnb2vlZQ9IoSQS/view?usp=sharing,https://drive.google.com/file/d/1aHp7ALn--hrS7N-TrhZnb2vlZQ9IoSQS/view?usp=sharing
Ψητές επιλογές,ΟΧΙ,Φιλέτο στήθος κοτόπουλο με λαχανικά ατμού και σάλτσα μουστάρδας,Φιλέτο κοτόπουλο (210γρ),"Κοτόπουλο, Λαχανικά, Μουστάρδα, Ζωμός κοτόπουλου, Ηλιέλαιο, Μέλι, Χυμός λεμονιού","Φιλέτο κοτόπουλο (210γρ), Λαχανικά (150γρ), Σάλτσα μουστάρδας (15γρ)",158-4,10.53,11.90,OK,"Κοτόπουλο στήθος, μαγειρεμένο (210γρ), Λαχανικά, βραστά (150γρ), Σάλτσα μουστάρδας (για πατάτες) (15γρ), Ελαιόλαδο (10γρ)",3.17,3.58,0.14,0.17,3.31,3.31,3.76,31.43%,€7.22,30.10%,1.33%,503,8,67,21,https://drive.google.com/file/d/1aHp7ALn--hrS7N-TrhZnb2vlZQ9IoSQS/view?usp=sharing,https://drive.google.com/file/d/1aHp7ALn--hrS7N-TrhZnb2vlZQ9IoSQS/view?usp=sharing
Μαγειρευτά,ΟΧΙ,Φιλέτο στήθος κοτόπουλο με μανιτάρια και άγριο ρύζι,"Φιλέτο κοτόπουλο (120γρ), Άγριο ρύζι (60γρ)","Κοτόπουλο, Μανιτάρι, Τυρί κρέμα light, Ζωμός κοτόπουλου, Σκόρδο, Κρεμμύδι, Ρύζι","Φιλέτο κοτόπουλο (120γρ), Άγριο ρύζι (60γρ), Σάλτσα τυρί κρέμα light (70γρ)",172-1,7.88,8.90,OK,"Κοτόπουλο στήθος, μαγειρεμένο (120γρ), Άγριο ρύζι (60γρ), Σάλτσα με τυρί κρέμα light και μανιτάρια (70γρ)",1.72,1.94,0.14,0.17,1.86,1.86,2.12,23.60%,€6.02,21.83%,1.78%,395,16,43,17,https://drive.google.com/file/d/1fxyo1vn5aQKR-9f2wIew0RMwmvTpK_JS/view?usp=sharing,https://drive.google.com/file/d/1fxyo1vn5aQKR-9f2wIew0RMwmvTpK_JS/view?usp=sharing
Μαγειρευτά,ΟΧΙ,Φιλέτο στήθος κοτόπουλο με μανιτάρια και άγριο ρύζι,"Φιλέτο κοτόπουλο (120γρ), Άγριο ρύζι (120γρ)","Κοτόπουλο, Μανιτάρι, Τυρί κρέμα light, Ζωμός κοτόπουλου, Σκόρδο, Κρεμμύδι, Ρύζι","Φιλέτο κοτόπουλο (120γρ), Άγριο ρύζι (120γρ), Σάλτσα τυρί κρέμα light (70γρ)",172-2,8.32,9.40,OK,"Κοτόπουλο στήθος, μαγειρεμένο (120γρ), Άγριο ρύζι (120γρ), Σάλτσα με τυρί κρέμα light και μανιτάρια (70γρ)",1.81,2.05,0.14,0.17,1.95,1.95,2.22,23.44%,€6.37,21.75%,1.68%,472,28,46,19,https://drive.google.com/file/d/1fxyo1vn5aQKR-9f2wIew0RMwmvTpK_JS/view?usp=sharing,https://drive.google.com/file/d/1fxyo1vn5aQKR-9f2wIew0RMwmvTpK_JS/view?usp=sharing
Μαγειρευτά,ΟΧΙ,Φιλέτο στήθος κοτόπουλο με μανιτάρια και άγριο ρύζι,"Φιλέτο κοτόπουλο (120γρ), Άγριο ρύζι (180γρ)","Κοτόπουλο, Μανιτάρι, Τυρί κρέμα light, Ζωμός κοτόπουλου, Σκόρδο, Κρεμμύδι, Ρύζι","Φιλέτο κοτόπουλο (120γρ), Άγριο ρύζι (180γρ), Σάλτσα τυρί κρέμα light (70γρ)",172-3,8.76,9.90,OK,"Κοτόπουλο στήθος, μαγειρεμένο (120γρ), Άγριο ρύζι (180γρ), Σάλτσα με τυρί κρέμα light και μανιτάρια (70γρ)",1.90,2.15,0.14,0.17,2.04,2.04,2.32,23.29%,€6.72,21.69%,1.60%,550,40,48,22,https://drive.google.com/file/d/1fxyo1vn5aQKR-9f2wIew0RMwmvTpK_JS/view?usp=sharing,https://drive.google.com/file/d/1fxyo1vn5aQKR-9f2wIew0RMwmvTpK_JS/view?usp=sharing
Μαγειρευτά,ΟΧΙ,Φιλέτο στήθος κοτόπουλο με μανιτάρια και άγριο ρύζι,"Φιλέτο κοτόπουλο (150γρ), Άγριο ρύζι (60γρ)","Κοτόπουλο, Μανιτάρι, Τυρί κρέμα light, Ζωμός κοτόπουλου, Σκόρδο, Κρεμμύδι, Ρύζι","Φιλέτο κοτόπουλο (150γρ), Άγριο ρύζι (60γρ), Σάλτσα τυρί κρέμα light (70γρ)",172-4,8.76,9.90,OK,"Κοτόπουλο στήθος, μαγειρεμένο (150γρ), Άγριο ρύζι (60γρ), Σάλτσα με τυρί κρέμα light και μανιτάρια (70γρ)",2.01,2.27,0.14,0.17,2.15,2.15,2.44,24.54%,€6.61,22.95%,1.60%,444,16,53,18,https://drive.google.com/file/d/1fxyo1vn5aQKR-9f2wIew0RMwmvTpK_JS/view?usp=sharing,https://drive.google.com/file/d/1fxyo1vn5aQKR-9f2wIew0RMwmvTpK_JS/view?usp=sharing
Μαγειρευτά,ΟΧΙ,Φιλέτο στήθος κοτόπουλο με μανιτάρια και άγριο ρύζι,"Φιλέτο κοτόπουλο (150γρ), Άγριο ρύζι (120γρ)","Κοτόπουλο, Μανιτάρι, Τυρί κρέμα light, Ζωμός κοτόπουλου, Σκόρδο, Κρεμμύδι, Ρύζι","Φιλέτο κοτόπουλο (150γρ), Άγριο ρύζι (120γρ), Σάλτσα τυρί κρέμα light (70γρ)",172-5,9.20,10.40,OK,"Κοτόπουλο στήθος, μαγειρεμένο (150γρ), Άγριο ρύζι (120γρ), Σάλτσα με τυρί κρέμα light και μανιτάρια (70γρ)",2.11,2.38,0.14,0.17,2.25,2.25,2.56,24.46%,€6.95,22.93%,1.52%,522,28,55,20,https://drive.google.com/file/d/1fxyo1vn5aQKR-9f2wIew0RMwmvTpK_JS/view?usp=sharing,https://drive.google.com/file/d/1fxyo1vn5aQKR-9f2wIew0RMwmvTpK_JS/view?usp=sharing
Μαγειρευτά,ΟΧΙ,Φιλέτο στήθος κοτόπουλο με μανιτάρια και άγριο ρύζι,"Φιλέτο κοτόπουλο (150γρ), Άγριο ρύζι (180γρ)","Κοτόπουλο, Μανιτάρι, Τυρί κρέμα light, Ζωμός κοτόπουλου, Σκόρδο, Κρεμμύδι, Ρύζι","Φιλέτο κοτόπουλο (150γρ), Άγριο ρύζι (180γρ), Σάλτσα τυρί κρέμα light (70γρ)",172-6,9.65,10.90,OK,"Κοτόπουλο στήθος, μαγειρεμένο (150γρ), Άγριο ρύζι (180γρ), Σάλτσα με τυρί κρέμα light και μανιτάρια (70γρ)",2.20,2.49,0.14,0.17,2.34,2.34,2.66,24.25%,€7.31,22.80%,1.45%,600,40,57,23,https://drive.google.com/file/d/1fxyo1vn5aQKR-9f2wIew0RMwmvTpK_JS/view?usp=sharing,https://drive.google.com/file/d/1fxyo1vn5aQKR-9f2wIew0RMwmvTpK_JS/view?usp=sharing
Μαγειρευτά,ΟΧΙ,Φιλέτο στήθος κοτόπουλο με μανιτάρια και άγριο ρύζι,"Φιλέτο κοτόπουλο (180γρ), Άγριο ρύζι (120γρ)","Κοτόπουλο, Μανιτάρι, Τυρί κρέμα light, Ζωμός κοτόπουλου, Σκόρδο, Κρεμμύδι, Ρύζι","Φιλέτο κοτόπουλο (180γρ), Άγριο ρύζι (120γρ), Σάλτσα τυρί κρέμα light (70γρ)",172-7,9.65,10.90,OK,"Κοτόπουλο στήθος, μαγειρεμένο (180γρ), Άγριο ρύζι (120γρ), Σάλτσα με τυρί κρέμα light και μανιτάρια (70γρ)",2.40,2.71,0.14,0.17,2.54,2.54,2.89,26.32%,€7.11,24.87%,1.45%,571,28,64,22,https://drive.google.com/file/d/1fxyo1vn5aQKR-9f2wIew0RMwmvTpK_JS/view?usp=sharing,https://drive.google.com/file/d/1fxyo1vn5aQKR-9f2wIew0RMwmvTpK_JS/view?usp=sharing
Μαγειρευτά,ΝΑΙ,Φιλέτο στήθος κοτόπουλο με μανιτάρια και άγριο ρύζι,"Φιλέτο κοτόπουλο (180γρ), Άγριο ρύζι (180γρ)","Κοτόπουλο, Μανιτάρι, Τυρί κρέμα light, Ζωμός κοτόπουλου, Σκόρδο, Κρεμμύδι, Ρύζι","Φιλέτο κοτόπουλο (180γρ), Άγριο ρύζι (180γρ), Σάλτσα τυρί κρέμα light (70γρ)",172-8,10.09,11.40,OK,"Κοτόπουλο στήθος, μαγειρεμένο (180γρ), Άγριο ρύζι (180γρ), Σάλτσα με τυρί κρέμα light και μανιτάρια (70γρ)",2.50,2.83,0.14,0.17,2.64,2.64,3.00,26.16%,€7.45,24.78%,1.39%,649,40,66,24,https://drive.google.com/file/d/1fxyo1vn5aQKR-9f2wIew0RMwmvTpK_JS/view?usp=sharing,https://drive.google.com/file/d/1fxyo1vn5aQKR-9f2wIew0RMwmvTpK_JS/view?usp=sharing
Μαγειρευτά,ΟΧΙ,Φιλέτο στήθος κοτόπουλο με μανιτάρια και άγριο ρύζι,"Φιλέτο κοτόπουλο (180γρ), Άγριο ρύζι (240γρ)","Κοτόπουλο, Μανιτάρι, Τυρί κρέμα light, Ζωμός κοτόπουλου, Σκόρδο, Κρεμμύδι, Ρύζι","Φιλέτο κοτόπουλο (180γρ), Άγριο ρύζι (240γρ), Σάλτσα τυρί κρέμα light (70γρ)",172-9,10.53,11.90,OK,"Κοτόπουλο στήθος, μαγειρεμένο (180γρ), Άγριο ρύζι (240γρ), Σάλτσα με τυρί κρέμα light και μανιτάρια (70γρ)",2.59,2.93,0.14,0.17,2.73,2.73,3.10,25.93%,€7.80,24.60%,1.33%,727,51,69,27,https://drive.google.com/file/d/1fxyo1vn5aQKR-9f2wIew0RMwmvTpK_JS/view?usp=sharing,https://drive.google.com/file/d/1fxyo1vn5aQKR-9f2wIew0RMwmvTpK_JS/view?usp=sharing
Μαγειρευτά,ΟΧΙ,Φιλέτο στήθος κοτόπουλο με μανιτάρια και άγριο ρύζι,"Φιλέτο κοτόπουλο (210γρ), Άγριο ρύζι (120γρ)","Κοτόπουλο, Μανιτάρι, Τυρί κρέμα light, Ζωμός κοτόπουλου, Σκόρδο, Κρεμμύδι, Ρύζι","Φιλέτο κοτόπουλο (210γρ), Άγριο ρύζι (120γρ), Σάλτσα τυρί κρέμα light (70γρ)",172-10,10.53,11.90,OK,"Κοτόπουλο στήθος, μαγειρεμένο (210γρ), Άγριο ρύζι (120γρ), Σάλτσα με τυρί κρέμα light και μανιτάρια (70γρ)",2.70,3.05,0.14,0.17,2.84,2.84,3.22,26.97%,€7.69,25.64%,1.33%,621,28,74,23,https://drive.google.com/file/d/1fxyo1vn5aQKR-9f2wIew0RMwmvTpK_JS/view?usp=sharing,https://drive.google.com/file/d/1fxyo1vn5aQKR-9f2wIew0RMwmvTpK_JS/view?usp=sharing
Μαγειρευτά,ΟΧΙ,Φιλέτο στήθος κοτόπουλο με μανιτάρια και άγριο ρύζι,"Φιλέτο κοτόπουλο (210γρ), Άγριο ρύζι (180γρ)","Κοτόπουλο, Μανιτάρι, Τυρί κρέμα light, Ζωμός κοτόπουλου, Σκόρδο, Κρεμμύδι, Ρύζι","Φιλέτο κοτόπουλο (210γρ), Άγριο ρύζι (180γρ), Σάλτσα τυρί κρέμα light (70γρ)",172-11,10.97,12.40,OK,"Κοτόπουλο στήθος, μαγειρεμένο (210γρ), Άγριο ρύζι (180γρ), Σάλτσα με τυρί κρέμα light και μανιτάρια (70γρ)",2.79,3.15,0.14,0.17,2.93,2.93,3.33,26.71%,€8.04,25.43%,1.28%,699,40,76,25,https://drive.google.com/file/d/1fxyo1vn5aQKR-9f2wIew0RMwmvTpK_JS/view?usp=sharing,https://drive.google.com/file/d/1fxyo1vn5aQKR-9f2wIew0RMwmvTpK_JS/view?usp=sharing
Μαγειρευτά,ΟΧΙ,Φιλέτο στήθος κοτόπουλο με μανιτάρια και άγριο ρύζι,"Φιλέτο κοτόπουλο (210γρ), Άγριο ρύζι (240γρ)","Κοτόπουλο, Μανιτάρι, Τυρί κρέμα light, Ζωμός κοτόπουλου, Σκόρδο, Κρεμμύδι, Ρύζι","Φιλέτο κοτόπουλο (210γρ), Άγριο ρύζι (240γρ), Σάλτσα τυρί κρέμα light (70γρ)",172-12,11.42,12.90,OK,"Κοτόπουλο στήθος, μαγειρεμένο (210γρ), Άγριο ρύζι (240γρ), Σάλτσα με τυρί κρέμα light και μανιτάρια (70γρ)",2.89,3.27,0.14,0.17,3.03,3.03,3.44,26.53%,€8.39,25.31%,1.23%,777,51,78,28,https://drive.google.com/file/d/1fxyo1vn5aQKR-9f2wIew0RMwmvTpK_JS/view?usp=sharing,https://drive.google.com/file/d/1fxyo1vn5aQKR-9f2wIew0RMwmvTpK_JS/view?usp=sharing
Ψητές επιλογές,ΟΧΙ,Φιλέτο στήθος κοτόπουλο με πατάτες φούρνου,"Φιλέτο κοτόπουλο (120γρ), Πατάτες φούρνου (80γρ)","Κοτόπουλο, Πατάτα, Μουστάρδα, Ζωμός κοτόπουλου, Ηλιέλαιο, Μέλι, Χυμός λεμονιού","Φιλέτο κοτόπουλο (120γρ), Πατάτες φούρνου (80γρ), Σάλτσα μουστάρδας (15γρ)",177-1,7.43,8.40,OK,"Κοτόπουλο στήθος, μαγειρεμένο (120γρ), Πατάτα, μαγειρεμένη (80γρ), Σάλτσα μουστάρδας (για πατάτες) (15γρ)",1.31,1.48,0.14,0.17,1.45,1.45,1.65,19.52%,€5.98,17.63%,1.88%,309,18,39,8,https://drive.google.com/file/d/1fCy9qxlBeJwxJoFtGB37K032Ho0SGNMX/view?usp=sharing,https://drive.google.com/file/d/1fCy9qxlBeJwxJoFtGB37K032Ho0SGNMX/view?usp=sharing
Ψητές επιλογές,ΟΧΙ,Φιλέτο στήθος κοτόπουλο με πατάτες φούρνου,"Φιλέτο κοτόπουλο (120γρ), Πατάτες φούρνου (160γρ)","Κοτόπουλο, Πατάτα, Μουστάρδα, Ζωμός κοτόπουλου, Ηλιέλαιο, Μέλι, Χυμός λεμονιού","Φιλέτο κοτόπουλο (120γρ), Πατάτες φούρνου (160γρ), Σάλτσα μουστάρδας (15γρ)",177-2,7.88,8.90,OK,"Κοτόπουλο στήθος, μαγειρεμένο (120γρ), Πατάτα, μαγειρεμένη (160γρ), Σάλτσα μουστάρδας (για πατάτες) (15γρ)",1.40,1.58,0.14,0.17,1.54,1.54,1.76,19.54%,€6.34,17.77%,1.78%,378,34,41,8,https://drive.google.com/file/d/1fCy9qxlBeJwxJoFtGB37K032Ho0SGNMX/view?usp=sharing,https://drive.google.com/file/d/1fCy9qxlBeJwxJoFtGB37K032Ho0SGNMX/view?usp=sharing
Ψητές επιλογές,ΟΧΙ,Φιλέτο στήθος κοτόπουλο με πατάτες φούρνου,"Φιλέτο κοτόπουλο (120γρ), Πατάτες φούρνου (240γρ)","Κοτόπουλο, Πατάτα, Μουστάρδα, Ζωμός κοτόπουλου, Ηλιέλαιο, Μέλι, Χυμός λεμονιού","Φιλέτο κοτόπουλο (120γρ), Πατάτες φούρνου (240γρ), Σάλτσα μουστάρδας (15γρ)",177-3,8.32,9.40,OK,"Κοτόπουλο στήθος, μαγειρεμένο (120γρ), Πατάτα, μαγειρεμένη (240γρ), Σάλτσα μουστάρδας (για πατάτες) (15γρ)",1.49,1.68,0.14,0.17,1.63,1.63,1.86,19.59%,€6.69,17.91%,1.68%,448,50,42,8,https://drive.google.com/file/d/1fCy9qxlBeJwxJoFtGB37K032Ho0SGNMX/view?usp=sharing,https://drive.google.com/file/d/1fCy9qxlBeJwxJoFtGB37K032Ho0SGNMX/view?usp=sharing
Ψητές επιλογές,ΟΧΙ,Φιλέτο στήθος κοτόπουλο με πατάτες φούρνου,"Φιλέτο κοτόπουλο (150γρ), Πατάτες φούρνου (80γρ)","Κοτόπουλο, Πατάτα, Μουστάρδα, Ζωμός κοτόπουλου, Ηλιέλαιο, Μέλι, Χυμός λεμονιού","Φιλέτο κοτόπουλο (150γρ), Πατάτες φούρνου (80γρ), Σάλτσα μουστάρδας (15γρ)",177-4,8.32,9.40,OK,"Κοτόπουλο στήθος, μαγειρεμένο (150γρ), Πατάτα, μαγειρεμένη (80γρ), Σάλτσα μουστάρδας (για πατάτες) (15γρ)",1.61,1.82,0.14,0.17,1.75,1.75,1.99,21.03%,€6.57,19.35%,1.68%,358,18,48,9,https://drive.google.com/file/d/1fCy9qxlBeJwxJoFtGB37K032Ho0SGNMX/view?usp=sharing,https://drive.google.com/file/d/1fCy9qxlBeJwxJoFtGB37K032Ho0SGNMX/view?usp=sharing
Ψητές επιλογές,ΟΧΙ,Φιλέτο στήθος κοτόπουλο με πατάτες φούρνου,"Φιλέτο κοτόπουλο (150γρ), Πατάτες φούρνου (160γρ)","Κοτόπουλο, Πατάτα, Μουστάρδα, Ζωμός κοτόπουλου, Ηλιέλαιο, Μέλι, Χυμός λεμονιού","Φιλέτο κοτόπουλο (150γρ), Πατάτες φούρνου (160γρ), Σάλτσα μουστάρδας (15γρ)",177-5,8.76,9.90,OK,"Κοτόπουλο στήθος, μαγειρεμένο (150γρ), Πατάτα, μαγειρεμένη (160γρ), Σάλτσα μουστάρδας (για πατάτες) (15γρ)",1.70,1.92,0.14,0.17,1.84,1.84,2.09,21.00%,€6.92,19.41%,1.60%,428,34,50,9,https://drive.google.com/file/d/1fCy9qxlBeJwxJoFtGB37K032Ho0SGNMX/view?usp=sharing,https://drive.google.com/file/d/1fCy9qxlBeJwxJoFtGB37K032Ho0SGNMX/view?usp=sharing
Ψητές επιλογές,ΟΧΙ,Φιλέτο στήθος κοτόπουλο με πατάτες φούρνου,"Φιλέτο κοτόπουλο (150γρ), Πατάτες φούρνου (240γρ)","Κοτόπουλο, Πατάτα, Μουστάρδα, Ζωμός κοτόπουλου, Ηλιέλαιο, Μέλι, Χυμός λεμονιού","Φιλέτο κοτόπουλο (150γρ), Πατάτες φούρνου (240γρ), Σάλτσα μουστάρδας (15γρ)",177-6,9.20,10.40,OK,"Κοτόπουλο στήθος, μαγειρεμένο (150γρ), Πατάτα, μαγειρεμένη (240γρ), Σάλτσα μουστάρδας (για πατάτες) (15γρ)",1.79,2.02,0.14,0.17,1.93,1.93,2.20,20.98%,€7.27,19.46%,1.52%,497,50,51,9,https://drive.google.com/file/d/1fCy9qxlBeJwxJoFtGB37K032Ho0SGNMX/view?usp=sharing,https://drive.google.com/file/d/1fCy9qxlBeJwxJoFtGB37K032Ho0SGNMX/view?usp=sharing
Ψητές επιλογές,ΟΧΙ,Φιλέτο στήθος κοτόπουλο με πατάτες φούρνου,"Φιλέτο κοτόπουλο (180γρ), Πατάτες φούρνου (80γρ)","Κοτόπουλο, Πατάτα, Μουστάρδα, Ζωμός κοτόπουλου, Ηλιέλαιο, Μέλι, Χυμός λεμονιού","Φιλέτο κοτόπουλο (180γρ), Πατάτες φούρνου (80γρ), Σάλτσα μουστάρδας (15γρ)",177-7,9.20,10.40,OK,"Κοτόπουλο στήθος, μαγειρεμένο (180γρ), Πατάτα, μαγειρεμένη (80γρ), Σάλτσα μουστάρδας (για πατάτες) (15γρ)",1.90,2.15,0.14,0.17,2.04,2.04,2.32,22.17%,€7.16,20.65%,1.52%,408,18,58,10,https://drive.google.com/file/d/1fCy9qxlBeJwxJoFtGB37K032Ho0SGNMX/view?usp=sharing,https://drive.google.com/file/d/1fCy9qxlBeJwxJoFtGB37K032Ho0SGNMX/view?usp=sharing
Ψητές επιλογές,ΝΑΙ,Φιλέτο στήθος κοτόπουλο με πατάτες φούρνου,"Φιλέτο κοτόπουλο (180γρ), Πατάτες φούρνου (160γρ)","Κοτόπουλο, Πατάτα, Μουστάρδα, Ζωμός κοτόπουλου, Ηλιέλαιο, Μέλι, Χυμός λεμονιού","Φιλέτο κοτόπουλο (180γρ), Πατάτες φούρνου (160γρ), Σάλτσα μουστάρδας (15γρ)",177-8,9.65,10.90,OK,"Κοτόπουλο στήθος, μαγειρεμένο (180γρ), Πατάτα, μαγειρεμένη (160γρ), Σάλτσα μουστάρδας (για πατάτες) (15γρ)",2.00,2.26,0.14,0.17,2.14,2.14,2.43,22.18%,€7.51,20.73%,1.45%,477,34,59,10,https://drive.google.com/file/d/1fCy9qxlBeJwxJoFtGB37K032Ho0SGNMX/view?usp=sharing,https://drive.google.com/file/d/1fCy9qxlBeJwxJoFtGB37K032Ho0SGNMX/view?usp=sharing
Ψητές επιλογές,ΟΧΙ,Φιλέτο στήθος κοτόπουλο με πατάτες φούρνου,"Φιλέτο κοτόπουλο (180γρ), Πατάτες φούρνου (240γρ)","Κοτόπουλο, Πατάτα, Μουστάρδα, Ζωμός κοτόπουλου, Ηλιέλαιο, Μέλι, Χυμός λεμονιού","Φιλέτο κοτόπουλο (180γρ), Πατάτες φούρνου (240γρ), Σάλτσα μουστάρδας (15γρ)",177-9,10.09,11.40,OK,"Κοτόπουλο στήθος, μαγειρεμένο (180γρ), Πατάτα, μαγειρεμένη (240γρ), Σάλτσα μουστάρδας (για πατάτες) (15γρ)",2.09,2.36,0.14,0.17,2.23,2.23,2.54,22.10%,€7.86,20.71%,1.39%,547,50,61,10,https://drive.google.com/file/d/1fCy9qxlBeJwxJoFtGB37K032Ho0SGNMX/view?usp=sharing,https://drive.google.com/file/d/1fCy9qxlBeJwxJoFtGB37K032Ho0SGNMX/view?usp=sharing
Ψητές επιλογές,ΟΧΙ,Φιλέτο στήθος κοτόπουλο με πατάτες φούρνου,"Φιλέτο κοτόπουλο (210γρ), Πατάτες φούρνου (80γρ)","Κοτόπουλο, Πατάτα, Μουστάρδα, Ζωμός κοτόπουλου, Ηλιέλαιο, Μέλι, Χυμός λεμονιού","Φιλέτο κοτόπουλο (210γρ), Πατάτες φούρνου (80γρ), Σάλτσα μουστάρδας (15γρ)",177-10,10.09,11.40,OK,"Κοτόπουλο στήθος, μαγειρεμένο (210γρ), Πατάτα, μαγειρεμένη (80γρ), Σάλτσα μουστάρδας (για πατάτες) (15γρ)",2.20,2.49,0.14,0.17,2.34,2.34,2.66,23.19%,€7.75,21.80%,1.39%,457,18,67,11,https://drive.google.com/file/d/1fCy9qxlBeJwxJoFtGB37K032Ho0SGNMX/view?usp=sharing,https://drive.google.com/file/d/1fCy9qxlBeJwxJoFtGB37K032Ho0SGNMX/view?usp=sharing
Ψητές επιλογές,ΟΧΙ,Φιλέτο στήθος κοτόπουλο με πατάτες φούρνου,"Φιλέτο κοτόπουλο (210γρ), Πατάτες φούρνου (160γρ)","Κοτόπουλο, Πατάτα, Μουστάρδα, Ζωμός κοτόπουλου, Ηλιέλαιο, Μέλι, Χυμός λεμονιού","Φιλέτο κοτόπουλο (210γρ), Πατάτες φούρνου (160γρ), Σάλτσα μουστάρδας (15γρ)",177-11,10.53,11.90,OK,"Κοτόπουλο στήθος, μαγειρεμένο (210γρ), Πατάτα, μαγειρεμένη (160γρ), Σάλτσα μουστάρδας (για πατάτες) (15γρ)",2.29,2.59,0.14,0.17,2.43,2.43,2.76,23.08%,€8.10,21.75%,1.33%,527,34,69,11,https://drive.google.com/file/d/1fCy9qxlBeJwxJoFtGB37K032Ho0SGNMX/view?usp=sharing,https://drive.google.com/file/d/1fCy9qxlBeJwxJoFtGB37K032Ho0SGNMX/view?usp=sharing
Ψητές επιλογές,ΟΧΙ,Φιλέτο στήθος κοτόπουλο με πατάτες φούρνου,"Φιλέτο κοτόπουλο (210γρ), Πατάτες φούρνου (240γρ)","Κοτόπουλο, Πατάτα, Μουστάρδα, Ζωμός κοτόπουλου, Ηλιέλαιο, Μέλι, Χυμός λεμονιού","Φιλέτο κοτόπουλο (210γρ), Πατάτες φούρνου (240γρ), Σάλτσα μουστάρδας (15γρ)",177-12,10.97,12.40,OK,"Κοτόπουλο στήθος, μαγειρεμένο (210γρ), Πατάτα, μαγειρεμένη (240γρ), Σάλτσα μουστάρδας (για πατάτες) (15γρ)",2.38,2.69,0.14,0.17,2.52,2.52,2.86,22.97%,€8.45,21.70%,1.28%,596,50,70,11,https://drive.google.com/file/d/1fCy9qxlBeJwxJoFtGB37K032Ho0SGNMX/view?usp=sharing,https://drive.google.com/file/d/1fCy9qxlBeJwxJoFtGB37K032Ho0SGNMX/view?usp=sharing
Μαγειρευτά,ΟΧΙ,Φιλέτο στήθος κοτόπουλο πρασοσέλινο με αυγολέμονο,Φιλέτο κοτόπουλο πρασοσέλινο (120γρ),"Κοτόπουλο, Πράσο, Σέλερι, Κρεμμύδι, Σκόρδο, Ζωμός κοτόπουλου, Μαϊντανός, Αυγό","Φιλέτο κοτόπουλο (120γρ), Σάλτσα αυγολέμονο (150γρ)",122-1,7.88,8.90,OK,"Κοτόπουλο στήθος, μαγειρεμένο (120γρ), Σάλτσα αυγολέμονο (150γρ)",1.73,1.95,0.14,0.17,1.87,1.87,2.13,23.73%,€6.01,21.95%,1.78%,355,10,43,14,https://drive.google.com/file/d/11T2R7QWiNuBMwfBF_W_lPNXR7r4PX-rm/view?usp=sharing,https://drive.google.com/file/d/11T2R7QWiNuBMwfBF_W_lPNXR7r4PX-rm/view?usp=sharing
Μαγειρευτά,ΟΧΙ,Φιλέτο στήθος κοτόπουλο πρασοσέλινο με αυγολέμονο,Φιλέτο κοτόπουλο πρασοσέλινο (150γρ),"Κοτόπουλο, Πράσο, Σέλερι, Κρεμμύδι, Σκόρδο, Ζωμός κοτόπουλου, Μαϊντανός, Αυγό","Φιλέτο κοτόπουλο (150γρ), Σάλτσα αυγολέμονο (150γρ)",122-2,8.41,9.50,OK,"Κοτόπουλο στήθος, μαγειρεμένο (150γρ), Σάλτσα αυγολέμονο (150γρ)",2.03,2.29,0.14,0.17,2.17,2.17,2.47,25.80%,€6.24,24.14%,1.66%,405,10,52,15,https://drive.google.com/file/d/11T2R7QWiNuBMwfBF_W_lPNXR7r4PX-rm/view?usp=sharing,https://drive.google.com/file/d/11T2R7QWiNuBMwfBF_W_lPNXR7r4PX-rm/view?usp=sharing
Μαγειρευτά,ΝΑΙ,Φιλέτο στήθος κοτόπουλο πρασοσέλινο με αυγολέμονο,Φιλέτο κοτόπουλο πρασοσέλινο (180γρ),"Κοτόπουλο, Πράσο, Σέλερι, Κρεμμύδι, Σκόρδο, Ζωμός κοτόπουλου, Μαϊντανός, Αυγό","Φιλέτο κοτόπουλο (180γρ), Σάλτσα αυγολέμονο (200γρ)",122-3,8.76,9.90,OK,"Κοτόπουλο στήθος, μαγειρεμένο (180γρ), Σάλτσα αυγολέμονο (200γρ)",2.51,2.84,0.14,0.17,2.65,2.65,3.01,30.25%,€6.11,28.65%,1.60%,506,14,64,19,https://drive.google.com/file/d/11T2R7QWiNuBMwfBF_W_lPNXR7r4PX-rm/view?usp=sharing,https://drive.google.com/file/d/11T2R7QWiNuBMwfBF_W_lPNXR7r4PX-rm/view?usp=sharing
Μαγειρευτά,ΟΧΙ,Φιλέτο στήθος κοτόπουλο πρασοσέλινο με αυγολέμονο,Φιλέτο κοτόπουλο πρασοσέλινο (210γρ),"Κοτόπουλο, Πράσο, Σέλερι, Κρεμμύδι, Σκόρδο, Ζωμός κοτόπουλου, Μαϊντανός, Αυγό","Φιλέτο κοτόπουλο (210γρ), Σάλτσα αυγολέμονο (200γρ)",122-4,9.29,10.50,OK,"Κοτόπουλο στήθος, μαγειρεμένο (210γρ), Σάλτσα αυγολέμονο (200γρ)",2.81,3.18,0.14,0.17,2.95,2.95,3.35,31.75%,€6.34,30.25%,1.51%,556,14,73,20,https://drive.google.com/file/d/11T2R7QWiNuBMwfBF_W_lPNXR7r4PX-rm/view?usp=sharing,https://drive.google.com/file/d/11T2R7QWiNuBMwfBF_W_lPNXR7r4PX-rm/view?usp=sharing
Ψητές επιλογές,ΟΧΙ,Φιλέτο στήθος κοτόπουλο ψητό με αμπελοφάσουλα,Φιλέτο κοτόπουλο (120γρ),"Κοτόπουλο, Αμπελοφάσουλα, Χυμός λεμονιού","Φιλέτο κοτόπουλο (120γρ), Αμπελοφάσουλα (100γρ), Λαδολέμονο (5γρ)",154-1,7.52,8.50,OK,"Κοτόπουλο στήθος, μαγειρεμένο (120γρ), Αμπελοφάσουλα, μαγειρεμένα (100γρ), Ελαιόλαδο (3,5γρ), Χυμός λεμονιού (1,5γρ)",1.56,1.76,0.14,0.17,1.70,1.70,1.94,22.61%,€5.82,20.74%,1.86%,345,21,45,8,https://drive.google.com/file/d/1Stl-xyi2zrfpezcTEYnAw5bnVveTU6GN/view?usp=sharing,https://drive.google.com/file/d/1Stl-xyi2zrfpezcTEYnAw5bnVveTU6GN/view?usp=sharing
Ψητές επιλογές,ΟΧΙ,Φιλέτο στήθος κοτόπουλο ψητό με αμπελοφάσουλα,Φιλέτο κοτόπουλο (150γρ),"Κοτόπουλο, Αμπελοφάσουλα, Χυμός λεμονιού","Φιλέτο κοτόπουλο (150γρ), Αμπελοφάσουλα (100γρ), Λαδολέμονο (5γρ)",154-2,8.41,9.50,OK,"Κοτόπουλο στήθος, μαγειρεμένο (150γρ), Αμπελοφάσουλα, μαγειρεμένα (100γρ), Ελαιόλαδο (3,5γρ), Χυμός λεμονιού (1,5γρ)",1.85,2.09,0.14,0.17,1.99,1.99,2.26,23.66%,€6.42,22.00%,1.66%,395,21,54,9,https://drive.google.com/file/d/1Stl-xyi2zrfpezcTEYnAw5bnVveTU6GN/view?usp=sharing,https://drive.google.com/file/d/1Stl-xyi2zrfpezcTEYnAw5bnVveTU6GN/view?usp=sharing
Ψητές επιλογές,ΝΑΙ,Φιλέτο στήθος κοτόπουλο ψητό με αμπελοφάσουλα,Φιλέτο κοτόπουλο (180γρ),"Κοτόπουλο, Αμπελοφάσουλα, Χυμός λεμονιού","Φιλέτο κοτόπουλο (180γρ), Αμπελοφάσουλα (100γρ), Λαδολέμονο (5γρ)",154-3,9.29,10.50,OK,"Κοτόπουλο στήθος, μαγειρεμένο (180γρ), Αμπελοφάσουλα, μαγειρεμένα (100γρ), Ελαιόλαδο (3,5γρ), Χυμός λεμονιού (1,5γρ)",2.15,2.43,0.14,0.17,2.29,2.29,2.60,24.65%,€7.00,23.14%,1.51%,444,21,64,10,https://drive.google.com/file/d/1Stl-xyi2zrfpezcTEYnAw5bnVveTU6GN/view?usp=sharing,https://drive.google.com/file/d/1Stl-xyi2zrfpezcTEYnAw5bnVveTU6GN/view?usp=sharing
Ψητές επιλογές,ΟΧΙ,Φιλέτο στήθος κοτόπουλο ψητό με αμπελοφάσουλα,Φιλέτο κοτόπουλο (210γρ),"Κοτόπουλο, Αμπελοφάσουλα, Χυμός λεμονιού","Φιλέτο κοτόπουλο (210γρ), Αμπελοφάσουλα (100γρ), Λαδολέμονο (5γρ)",154-4,10.18,11.50,OK,"Κοτόπουλο στήθος, μαγειρεμένο (210γρ), Αμπελοφάσουλα, μαγειρεμένα (100γρ), Ελαιόλαδο (3,5γρ), Χυμός λεμονιού (1,5γρ)",2.45,2.77,0.14,0.17,2.59,2.59,2.94,25.44%,€7.59,24.07%,1.38%,494,21,73,12,https://drive.google.com/file/d/1Stl-xyi2zrfpezcTEYnAw5bnVveTU6GN/view?usp=sharing,https://drive.google.com/file/d/1Stl-xyi2zrfpezcTEYnAw5bnVveTU6GN/view?usp=sharing
Ψητές επιλογές,ΟΧΙ,Φιλέτο στήθος κοτόπουλο ψητό με πουρέ γλυκοπατάτας,"Φιλέτο κοτόπουλο (120γρ), Πουρές γλυκοπατάτας (120γρ)","Κοτόπουλο, Γλυκοπατάτα","Φιλέτο κοτόπουλο (120γρ), Πουρές γλυκοπατάτας (120γρ)",155-1,7.43,8.40,OK,"Κοτόπουλο στήθος, μαγειρεμένο (120γρ), Πουρές γλυκοπατάτας (120γρ)",1.66,1.88,0.14,0.17,1.80,1.80,2.05,24.23%,€5.63,22.34%,1.88%,451,21,39,23,https://drive.google.com/file/d/1HB7HHugV3aIXYT5f5L4uzYyO9P5zkmjw/view?usp=sharing,https://drive.google.com/file/d/1HB7HHugV3aIXYT5f5L4uzYyO9P5zkmjw/view?usp=sharing
Ψητές επιλογές,ΟΧΙ,Φιλέτο στήθος κοτόπουλο ψητό με πουρέ γλυκοπατάτας,"Φιλέτο κοτόπουλο (120γρ), Πουρές γλυκοπατάτας (180γρ)","Κοτόπουλο, Γλυκοπατάτα","Φιλέτο κοτόπουλο (120γρ), Πουρές γλυκοπατάτας (180γρ)",155-2,7.88,8.90,OK,"Κοτόπουλο στήθος, μαγειρεμένο (120γρ), Πουρές γλυκοπατάτας (180γρ)",1.90,2.15,0.14,0.17,2.04,2.04,2.32,25.89%,€5.84,24.11%,1.78%,578,32,40,32,https://drive.google.com/file/d/1HB7HHugV3aIXYT5f5L4uzYyO9P5zkmjw/view?usp=sharing,https://drive.google.com/file/d/1HB7HHugV3aIXYT5f5L4uzYyO9P5zkmjw/view?usp=sharing
Ψητές επιλογές,ΟΧΙ,Φιλέτο στήθος κοτόπουλο ψητό με πουρέ γλυκοπατάτας,"Φιλέτο κοτόπουλο (120γρ), Πουρές γλυκοπατάτας (220γρ)","Κοτόπουλο, Γλυκοπατάτα","Φιλέτο κοτόπουλο (120γρ), Πουρές γλυκοπατάτας (220γρ)",155-3,8.32,9.40,OK,"Κοτόπουλο στήθος, μαγειρεμένο (120γρ), Πουρές γλυκοπατάτας (220γρ)",2.06,2.33,0.14,0.17,2.20,2.20,2.50,26.44%,€6.12,24.76%,1.68%,662,39,41,38,https://drive.google.com/file/d/1HB7HHugV3aIXYT5f5L4uzYyO9P5zkmjw/view?usp=sharing,https://drive.google.com/file/d/1HB7HHugV3aIXYT5f5L4uzYyO9P5zkmjw/view?usp=sharing
Ψητές επιλογές,ΟΧΙ,Φιλέτο στήθος κοτόπουλο ψητό με πουρέ γλυκοπατάτας,"Φιλέτο κοτόπουλο (150γρ), Πουρές γλυκοπατάτας (120γρ)","Κοτόπουλο, Γλυκοπατάτα","Φιλέτο κοτόπουλο (150γρ), Πουρές γλυκοπατάτας (120γρ)",155-4,8.32,9.40,OK,"Κοτόπουλο στήθος, μαγειρεμένο (150γρ), Πουρές γλυκοπατάτας (120γρ)",1.96,2.21,0.14,0.17,2.10,2.10,2.39,25.24%,€6.22,23.56%,1.68%,501,21,49,24,https://drive.google.com/file/d/1HB7HHugV3aIXYT5f5L4uzYyO9P5zkmjw/view?usp=sharing,https://drive.google.com/file/d/1HB7HHugV3aIXYT5f5L4uzYyO9P5zkmjw/view?usp=sharing
Ψητές επιλογές,ΟΧΙ,Φιλέτο στήθος κοτόπουλο ψητό με πουρέ γλυκοπατάτας,"Φιλέτο κοτόπουλο (150γρ), Πουρές γλυκοπατάτας (180γρ)","Κοτόπουλο, Γλυκοπατάτα","Φιλέτο κοτόπουλο (150γρ), Πουρές γλυκοπατάτας (180γρ)",155-5,8.76,9.90,OK,"Κοτόπουλο στήθος, μαγειρεμένο (150γρ), Πουρές γλυκοπατάτας (180γρ)",2.20,2.49,0.14,0.17,2.34,2.34,2.66,26.71%,€6.42,25.11%,1.60%,628,32,50,33,https://drive.google.com/file/d/1HB7HHugV3aIXYT5f5L4uzYyO9P5zkmjw/view?usp=sharing,https://drive.google.com/file/d/1HB7HHugV3aIXYT5f5L4uzYyO9P5zkmjw/view?usp=sharing
Ψητές επιλογές,ΟΧΙ,Φιλέτο στήθος κοτόπουλο ψητό με πουρέ γλυκοπατάτας,"Φιλέτο κοτόπουλο (150γρ), Πουρές γλυκοπατάτας (220γρ)","Κοτόπουλο, Γλυκοπατάτα","Φιλέτο κοτόπουλο (150γρ), Πουρές γλυκοπατάτας (220γρ)",155-6,9.20,10.40,OK,"Κοτόπουλο στήθος, μαγειρεμένο (150γρ), Πουρές γλυκοπατάτας (220γρ)",2.36,2.67,0.14,0.17,2.50,2.50,2.84,27.17%,€6.70,25.65%,1.52%,712,39,50,39,https://drive.google.com/file/d/1HB7HHugV3aIXYT5f5L4uzYyO9P5zkmjw/view?usp=sharing,https://drive.google.com/file/d/1HB7HHugV3aIXYT5f5L4uzYyO9P5zkmjw/view?usp=sharing
Ψητές επιλογές,ΟΧΙ,Φιλέτο στήθος κοτόπουλο ψητό με πουρέ γλυκοπατάτας,"Φιλέτο κοτόπουλο (180γρ), Πουρές γλυκοπατάτας (120γρ)","Κοτόπουλο, Γλυκοπατάτα","Φιλέτο κοτόπουλο (180γρ), Πουρές γλυκοπατάτας (120γρ)",155-7,9.20,10.40,OK,"Κοτόπουλο στήθος, μαγειρεμένο (180γρ), Πουρές γλυκοπατάτας (120γρ)",2.26,2.55,0.14,0.17,2.40,2.40,2.73,26.09%,€6.80,24.57%,1.52%,550,21,58,25,https://drive.google.com/file/d/1HB7HHugV3aIXYT5f5L4uzYyO9P5zkmjw/view?usp=sharing,https://drive.google.com/file/d/1HB7HHugV3aIXYT5f5L4uzYyO9P5zkmjw/view?usp=sharing
Ψητές επιλογές,ΝΑΙ,Φιλέτο στήθος κοτόπουλο ψητό με πουρέ γλυκοπατάτας,"Φιλέτο κοτόπουλο (180γρ), Πουρές γλυκοπατάτας (180γρ)","Κοτόπουλο, Γλυκοπατάτα","Φιλέτο κοτόπουλο (180γρ), Πουρές γλυκοπατάτας (180γρ)",155-8,9.65,10.90,OK,"Κοτόπουλο στήθος, μαγειρεμένο (180γρ), Πουρές γλυκοπατάτας (180γρ)",2.50,2.83,0.14,0.17,2.64,2.64,3.00,27.36%,€7.01,25.91%,1.45%,677,32,59,34,https://drive.google.com/file/d/1HB7HHugV3aIXYT5f5L4uzYyO9P5zkmjw/view?usp=sharing,https://drive.google.com/file/d/1HB7HHugV3aIXYT5f5L4uzYyO9P5zkmjw/view?usp=sharing
Ψητές επιλογές,ΟΧΙ,Φιλέτο στήθος κοτόπουλο ψητό με πουρέ γλυκοπατάτας,"Φιλέτο κοτόπουλο (180γρ), Πουρές γλυκοπατάτας (220γρ)","Κοτόπουλο, Γλυκοπατάτα","Φιλέτο κοτόπουλο (180γρ), Πουρές γλυκοπατάτας (220γρ)",155-9,10.09,11.40,OK,"Κοτόπουλο στήθος, μαγειρεμένο (180γρ), Πουρές γλυκοπατάτας (220γρ)",2.66,3.01,0.14,0.17,2.80,2.80,3.18,27.75%,€7.29,26.36%,1.39%,761,39,60,40,https://drive.google.com/file/d/1HB7HHugV3aIXYT5f5L4uzYyO9P5zkmjw/view?usp=sharing,https://drive.google.com/file/d/1HB7HHugV3aIXYT5f5L4uzYyO9P5zkmjw/view?usp=sharing
Ψητές επιλογές,ΟΧΙ,Φιλέτο στήθος κοτόπουλο ψητό με πουρέ γλυκοπατάτας,"Φιλέτο κοτόπουλο (210γρ), Πουρές γλυκοπατάτας (120γρ)","Κοτόπουλο, Γλυκοπατάτα","Φιλέτο κοτόπουλο (210γρ), Πουρές γλυκοπατάτας (120γρ)",155-10,10.09,11.40,OK,"Κοτόπουλο στήθος, μαγειρεμένο (210γρ), Πουρές γλυκοπατάτας (120γρ)",2.55,2.88,0.14,0.17,2.69,2.69,3.06,26.66%,€7.40,25.27%,1.39%,600,21,67,26,https://drive.google.com/file/d/1HB7HHugV3aIXYT5f5L4uzYyO9P5zkmjw/view?usp=sharing,https://drive.google.com/file/d/1HB7HHugV3aIXYT5f5L4uzYyO9P5zkmjw/view?usp=sharing
Ψητές επιλογές,ΟΧΙ,Φιλέτο στήθος κοτόπουλο ψητό με πουρέ γλυκοπατάτας,"Φιλέτο κοτόπουλο (210γρ), Πουρές γλυκοπατάτας (180γρ)","Κοτόπουλο, Γλυκοπατάτα","Φιλέτο κοτόπουλο (210γρ), Πουρές γλυκοπατάτας (180γρ)",155-11,10.53,11.90,OK,"Κοτόπουλο στήθος, μαγειρεμένο (210γρ), Πουρές γλυκοπατάτας (180γρ)",2.79,3.15,0.14,0.17,2.93,2.93,3.33,27.83%,€7.60,26.50%,1.33%,727,32,68,35,https://drive.google.com/file/d/1HB7HHugV3aIXYT5f5L4uzYyO9P5zkmjw/view?usp=sharing,https://drive.google.com/file/d/1HB7HHugV3aIXYT5f5L4uzYyO9P5zkmjw/view?usp=sharing
Ψητές επιλογές,ΟΧΙ,Φιλέτο στήθος κοτόπουλο ψητό με πουρέ γλυκοπατάτας,"Φιλέτο κοτόπουλο (210γρ), Πουρές γλυκοπατάτας (220γρ)","Κοτόπουλο, Γλυκοπατάτα","Φιλέτο κοτόπουλο (210γρ), Πουρές γλυκοπατάτας (220γρ)",155-12,10.97,12.40,OK,"Κοτόπουλο στήθος, μαγειρεμένο (210γρ), Πουρές γλυκοπατάτας (220γρ)",2.95,3.33,0.14,0.17,3.09,3.09,3.51,28.17%,€7.88,26.89%,1.28%,811,39,69,41,https://drive.google.com/file/d/1HB7HHugV3aIXYT5f5L4uzYyO9P5zkmjw/view?usp=sharing,https://drive.google.com/file/d/1HB7HHugV3aIXYT5f5L4uzYyO9P5zkmjw/view?usp=sharing
Ψητές επιλογές,ΟΧΙ,Φιλέτο στήθος κοτόπουλο ψητό με πουρέ πατάτας,"Φιλέτο κοτόπουλο (120γρ), Πουρές πατάτας (120γρ)","Κοτόπουλο, Πατάτα, Γάλα","Φιλέτο κοτόπουλο (120γρ), Πουρές πατάτας (120γρ)",171-1,7.43,8.40,OK,"Κοτόπουλο στήθος, μαγειρεμένο (120γρ), Πουρές πατάτας (120γρ)",1.41,1.59,0.14,0.17,1.55,1.55,1.77,20.86%,€5.88,18.98%,1.88%,349,20,40,11,https://drive.google.com/file/d/1NrkHsT7JWmDfe1o269h80Xxbbea4rJqY/view?usp=sharing,https://drive.google.com/file/d/1NrkHsT7JWmDfe1o269h80Xxbbea4rJqY/view?usp=sharing
Ψητές επιλογές,ΟΧΙ,Φιλέτο στήθος κοτόπουλο ψητό με πουρέ πατάτας,"Φιλέτο κοτόπουλο (120γρ), Πουρές πατάτας (150γρ)","Κοτόπουλο, Πατάτα, Γάλα","Φιλέτο κοτόπουλο (120γρ), Πουρές πατάτας (150γρ)",171-2,7.88,8.90,OK,"Κοτόπουλο στήθος, μαγειρεμένο (120γρ), Πουρές πατάτας (150γρ)",1.47,1.66,0.14,0.17,1.61,1.61,1.83,20.43%,€6.27,18.65%,1.78%,387,25,40,13,https://drive.google.com/file/d/1NrkHsT7JWmDfe1o269h80Xxbbea4rJqY/view?usp=sharing,https://drive.google.com/file/d/1NrkHsT7JWmDfe1o269h80Xxbbea4rJqY/view?usp=sharing
Ψητές επιλογές,ΟΧΙ,Φιλέτο στήθος κοτόπουλο ψητό με πουρέ πατάτας,"Φιλέτο κοτόπουλο (120γρ), Πουρές πατάτας (200γρ)","Κοτόπουλο, Πατάτα, Γάλα","Φιλέτο κοτόπουλο (120γρ), Πουρές πατάτας (200γρ)",171-3,8.32,9.40,OK,"Κοτόπουλο στήθος, μαγειρεμένο (120γρ), Πουρές πατάτας (200γρ)",1.56,1.76,0.14,0.17,1.70,1.70,1.94,20.43%,€6.62,18.75%,1.68%,450,33,41,16,https://drive.google.com/file/d/1NrkHsT7JWmDfe1o269h80Xxbbea4rJqY/view?usp=sharing,https://drive.google.com/file/d/1NrkHsT7JWmDfe1o269h80Xxbbea4rJqY/view?usp=sharing
Ψητές επιλογές,ΟΧΙ,Φιλέτο στήθος κοτόπουλο ψητό με πουρέ πατάτας,"Φιλέτο κοτόπουλο (150γρ), Πουρές πατάτας (120γρ)","Κοτόπουλο, Πατάτα, Γάλα","Φιλέτο κοτόπουλο (150γρ), Πουρές πατάτας (120γρ)",171-4,8.32,9.40,OK,"Κοτόπουλο στήθος, μαγειρεμένο (150γρ), Πουρές πατάτας (120γρ)",1.71,1.93,0.14,0.17,1.85,1.85,2.11,22.24%,€6.47,20.55%,1.68%,399,20,49,13,https://drive.google.com/file/d/1NrkHsT7JWmDfe1o269h80Xxbbea4rJqY/view?usp=sharing,https://drive.google.com/file/d/1NrkHsT7JWmDfe1o269h80Xxbbea4rJqY/view?usp=sharing
Ψητές επιλογές,ΟΧΙ,Φιλέτο στήθος κοτόπουλο ψητό με πουρέ πατάτας,"Φιλέτο κοτόπουλο (150γρ), Πουρές πατάτας (150γρ)","Κοτόπουλο, Πατάτα, Γάλα","Φιλέτο κοτόπουλο (150γρ), Πουρές πατάτας (150γρ)",171-5,8.76,9.90,OK,"Κοτόπουλο στήθος, μαγειρεμένο (150γρ), Πουρές πατάτας (150γρ)",1.76,1.99,0.14,0.17,1.90,1.90,2.16,21.69%,€6.86,20.09%,1.60%,437,25,50,14,https://drive.google.com/file/d/1NrkHsT7JWmDfe1o269h80Xxbbea4rJqY/view?usp=sharing,https://drive.google.com/file/d/1NrkHsT7JWmDfe1o269h80Xxbbea4rJqY/view?usp=sharing
Ψητές επιλογές,ΟΧΙ,Φιλέτο στήθος κοτόπουλο ψητό με πουρέ πατάτας,"Φιλέτο κοτόπουλο (150γρ), Πουρές πατάτας (200γρ)","Κοτόπουλο, Πατάτα, Γάλα","Φιλέτο κοτόπουλο (150γρ), Πουρές πατάτας (200γρ)",171-6,9.20,10.40,OK,"Κοτόπουλο στήθος, μαγειρεμένο (150γρ), Πουρές πατάτας (200γρ)",1.86,2.10,0.14,0.17,2.00,2.00,2.28,21.74%,€7.20,20.22%,1.52%,500,33,51,17,https://drive.google.com/file/d/1NrkHsT7JWmDfe1o269h80Xxbbea4rJqY/view?usp=sharing,https://drive.google.com/file/d/1NrkHsT7JWmDfe1o269h80Xxbbea4rJqY/view?usp=sharing
Ψητές επιλογές,ΟΧΙ,Φιλέτο στήθος κοτόπουλο ψητό με πουρέ πατάτας,"Φιλέτο κοτόπουλο (180γρ), Πουρές πατάτας (120γρ)","Κοτόπουλο, Πατάτα, Γάλα","Φιλέτο κοτόπουλο (180γρ), Πουρές πατάτας (120γρ)",171-7,9.20,10.40,OK,"Κοτόπουλο στήθος, μαγειρεμένο (180γρ), Πουρές πατάτας (120γρ)",2.00,2.26,0.14,0.17,2.14,2.14,2.43,23.26%,€7.06,21.74%,1.52%,448,20,58,14,https://drive.google.com/file/d/1NrkHsT7JWmDfe1o269h80Xxbbea4rJqY/view?usp=sharing,https://drive.google.com/file/d/1NrkHsT7JWmDfe1o269h80Xxbbea4rJqY/view?usp=sharing
Ψητές επιλογές,ΝΑΙ,Φιλέτο στήθος κοτόπουλο ψητό με πουρέ πατάτας,"Φιλέτο κοτόπουλο (180γρ), Πουρές πατάτας (150γρ)","Κοτόπουλο, Πατάτα, Γάλα","Φιλέτο κοτόπουλο (180γρ), Πουρές πατάτας (150γρ)",171-8,9.65,10.90,OK,"Κοτόπουλο στήθος, μαγειρεμένο (180γρ), Πουρές πατάτας (150γρ)",2.06,2.33,0.14,0.17,2.20,2.20,2.50,22.80%,€7.45,21.35%,1.45%,486,25,59,15,https://drive.google.com/file/d/1NrkHsT7JWmDfe1o269h80Xxbbea4rJqY/view?usp=sharing,https://drive.google.com/file/d/1NrkHsT7JWmDfe1o269h80Xxbbea4rJqY/view?usp=sharing
Ψητές επιλογές,ΟΧΙ,Φιλέτο στήθος κοτόπουλο ψητό με πουρέ πατάτας,"Φιλέτο κοτόπουλο (180γρ), Πουρές πατάτας (200γρ)","Κοτόπουλο, Πατάτα, Γάλα","Φιλέτο κοτόπουλο (180γρ), Πουρές πατάτας (200γρ)",171-9,10.09,11.40,OK,"Κοτόπουλο στήθος, μαγειρεμένο (180γρ), Πουρές πατάτας (200γρ)",2.15,2.43,0.14,0.17,2.29,2.29,2.60,22.70%,€7.80,21.31%,1.39%,549,33,60,18,https://drive.google.com/file/d/1NrkHsT7JWmDfe1o269h80Xxbbea4rJqY/view?usp=sharing,https://drive.google.com/file/d/1NrkHsT7JWmDfe1o269h80Xxbbea4rJqY/view?usp=sharing
Ψητές επιλογές,ΟΧΙ,Φιλέτο στήθος κοτόπουλο ψητό με πουρέ πατάτας,"Φιλέτο κοτόπουλο (210γρ), Πουρές πατάτας (120γρ)","Κοτόπουλο, Πατάτα, Γάλα","Φιλέτο κοτόπουλο (210γρ), Πουρές πατάτας (120γρ)",171-10,10.09,11.40,OK,"Κοτόπουλο στήθος, μαγειρεμένο (210γρ), Πουρές πατάτας (120γρ)",2.30,2.60,0.14,0.17,2.44,2.44,2.77,24.18%,€7.65,22.79%,1.39%,498,20,68,15,https://drive.google.com/file/d/1NrkHsT7JWmDfe1o269h80Xxbbea4rJqY/view?usp=sharing,https://drive.google.com/file/d/1NrkHsT7JWmDfe1o269h80Xxbbea4rJqY/view?usp=sharing
Ψητές επιλογές,ΟΧΙ,Φιλέτο στήθος κοτόπουλο ψητό με πουρέ πατάτας,"Φιλέτο κοτόπουλο (210γρ), Πουρές πατάτας (150γρ)","Κοτόπουλο, Πατάτα, Γάλα","Φιλέτο κοτόπουλο (210γρ), Πουρές πατάτας (150γρ)",171-11,10.53,11.90,OK,"Κοτόπουλο στήθος, μαγειρεμένο (210γρ), Πουρές πατάτας (150γρ)",2.36,2.67,0.14,0.17,2.50,2.50,2.84,23.74%,€8.03,22.41%,1.33%,536,25,68,16,https://drive.google.com/file/d/1NrkHsT7JWmDfe1o269h80Xxbbea4rJqY/view?usp=sharing,https://drive.google.com/file/d/1NrkHsT7JWmDfe1o269h80Xxbbea4rJqY/view?usp=sharing
Ψητές επιλογές,ΟΧΙ,Φιλέτο στήθος κοτόπουλο ψητό με πουρέ πατάτας,"Φιλέτο κοτόπουλο (210γρ), Πουρές πατάτας (200γρ)","Κοτόπουλο, Πατάτα, Γάλα","Φιλέτο κοτόπουλο (210γρ), Πουρές πατάτας (200γρ)",171-12,10.97,12.40,OK,"Κοτόπουλο στήθος, μαγειρεμένο (210γρ), Πουρές πατάτας (200γρ)",2.45,2.77,0.14,0.17,2.59,2.59,2.94,23.61%,€8.38,22.33%,1.28%,599,33,69,19,https://drive.google.com/file/d/1NrkHsT7JWmDfe1o269h80Xxbbea4rJqY/view?usp=sharing,https://drive.google.com/file/d/1NrkHsT7JWmDfe1o269h80Xxbbea4rJqY/view?usp=sharing
Ψητές επιλογές,ΟΧΙ,Φιλέτο στήθος κοτόπουλο ψητό με σαλάτα ταμπουλέ,"Φιλέτο κοτόπουλο (120γρ), Ταμπουλέ (170γρ)","Κοτόπουλο, Αγγούρι, Ντομάτα, Κινόα, Πλιγούρι, Βαλσάμικο","Φιλέτο κοτόπουλο (120γρ), Ταμπουλέ (170γρ)",70-1,7.52,8.50,OK,"Κοτόπουλο στήθος, μαγειρεμένο (120γρ), Ταμπουλέ (170γρ)",1.49,1.68,0.14,0.17,1.63,1.63,1.86,21.68%,€5.89,19.81%,1.86%,404,31,43,12,https://drive.google.com/file/d/1fP9RokRw8w_dzaJxLvxGjD6CAyDHKS2m/view?usp=sharing,https://drive.google.com/file/d/1fP9RokRw8w_dzaJxLvxGjD6CAyDHKS2m/view?usp=sharing
Ψητές επιλογές,ΟΧΙ,Φιλέτο στήθος κοτόπουλο ψητό με σαλάτα ταμπουλέ,"Φιλέτο κοτόπουλο (150γρ), Ταμπουλέ (170γρ)","Κοτόπουλο, Αγγούρι, Ντομάτα, Κινόα, Πλιγούρι, Βαλσάμικο","Φιλέτο κοτόπουλο (150γρ), Ταμπουλέ (170γρ)",70-2,8.41,9.50,OK,"Κοτόπουλο στήθος, μαγειρεμένο (150γρ), Ταμπουλέ (170γρ)",1.78,2.01,0.14,0.17,1.92,1.92,2.19,22.83%,€6.49,21.17%,1.66%,454,31,52,13,https://drive.google.com/file/d/1fP9RokRw8w_dzaJxLvxGjD6CAyDHKS2m/view?usp=sharing,https://drive.google.com/file/d/1fP9RokRw8w_dzaJxLvxGjD6CAyDHKS2m/view?usp=sharing
Ψητές επιλογές,ΝΑΙ,Φιλέτο στήθος κοτόπουλο ψητό με σαλάτα ταμπουλέ,"Φιλέτο κοτόπουλο (180γρ), Ταμπουλέ (170γρ)","Κοτόπουλο, Αγγούρι, Ντομάτα, Κινόα, Πλιγούρι, Βαλσάμικο","Φιλέτο κοτόπουλο (180γρ), Ταμπουλέ (170γρ)",70-3,9.29,10.50,OK,"Κοτόπουλο στήθος, μαγειρεμένο (180γρ), Ταμπουλέ (170γρ)",2.08,2.35,0.14,0.17,2.22,2.22,2.52,23.90%,€7.07,22.39%,1.51%,503,31,61,14,https://drive.google.com/file/d/1fP9RokRw8w_dzaJxLvxGjD6CAyDHKS2m/view?usp=sharing,https://drive.google.com/file/d/1fP9RokRw8w_dzaJxLvxGjD6CAyDHKS2m/view?usp=sharing
Ψητές επιλογές,ΟΧΙ,Φιλέτο στήθος κοτόπουλο ψητό με σαλάτα ταμπουλέ,"Φιλέτο κοτόπουλο (210γρ), Ταμπουλέ (170γρ)","Κοτόπουλο, Αγγούρι, Ντομάτα, Κινόα, Πλιγούρι, Βαλσάμικο","Φιλέτο κοτόπουλο (210γρ), Ταμπουλέ (170γρ)",70-4,10.18,11.50,OK,"Κοτόπουλο στήθος, μαγειρεμένο (210γρ), Ταμπουλέ (170γρ)",2.38,2.69,0.14,0.17,2.52,2.52,2.86,24.75%,€7.66,23.38%,1.38%,553,31,71,15,https://drive.google.com/file/d/1fP9RokRw8w_dzaJxLvxGjD6CAyDHKS2m/view?usp=sharing,https://drive.google.com/file/d/1fP9RokRw8w_dzaJxLvxGjD6CAyDHKS2m/view?usp=sharing
Ψητές επιλογές,ΟΧΙ,Φιλέτο στήθος κοτόπουλο με ρύζι basmati και ψητά λαχανικά,"Φιλέτο κοτόπουλο (120γρ), Ρύζι basmati (60γρ)","Κοτόπουλο, Ρύζι, Μελιτζάνα, Κολοκύθι, Μανιτάρι, Πιπεριά","Φιλέτο κοτόπουλο (120γρ), Ρύζι basmati (60γρ), Ψητά λαχανικά (80γρ)",157-1,7.43,8.40,OK,"Κοτόπουλο στήθος, μαγειρεμένο (120γρ), Ρύζι (60γρ), Λαχανικά ψητά (80γρ), Ελαιόλαδο (10γρ)",2.06,2.33,0.14,0.17,2.20,2.20,2.50,29.61%,€5.23,27.73%,1.88%,393,18,39,17,https://drive.google.com/file/d/1wY9vOzXjTk4cgqw9KCk1KYHoOV04XlxX/view?usp=sharing,https://drive.google.com/file/d/1wY9vOzXjTk4cgqw9KCk1KYHoOV04XlxX/view?usp=sharing
Ψητές επιλογές,ΟΧΙ,Φιλέτο στήθος κοτόπουλο με ρύζι basmati και ψητά λαχανικά,"Φιλέτο κοτόπουλο (120γρ), Ρύζι basmati (120γρ)","Κοτόπουλο, Ρύζι, Μελιτζάνα, Κολοκύθι, Μανιτάρι, Πιπεριά","Φιλέτο κοτόπουλο (120γρ), Ρύζι basmati (120γρ), Ψητά λαχανικά (80γρ)",157-2,7.88,8.90,OK,"Κοτόπουλο στήθος, μαγειρεμένο (120γρ), Ρύζι (120γρ), Λαχανικά ψητά (80γρ), Ελαιόλαδο (10γρ)",2.13,2.41,0.14,0.17,2.27,2.27,2.58,28.81%,€5.61,27.03%,1.78%,485,34,41,20,https://drive.google.com/file/d/1wY9vOzXjTk4cgqw9KCk1KYHoOV04XlxX/view?usp=sharing,https://drive.google.com/file/d/1wY9vOzXjTk4cgqw9KCk1KYHoOV04XlxX/view?usp=sharing
Ψητές επιλογές,ΟΧΙ,Φιλέτο στήθος κοτόπουλο με ρύζι basmati και ψητά λαχανικά,"Φιλέτο κοτόπουλο (120γρ), Ρύζι basmati (180γρ)","Κοτόπουλο, Ρύζι, Μελιτζάνα, Κολοκύθι, Μανιτάρι, Πιπεριά","Φιλέτο κοτόπουλο (120γρ), Ρύζι basmati (180γρ), Ψητά λαχανικά (80γρ)",157-3,8.32,9.40,OK,"Κοτόπουλο στήθος, μαγειρεμένο (120γρ), Ρύζι (180γρ), Λαχανικά ψητά (80γρ), Ελαιόλαδο (10γρ)",2.19,2.47,0.14,0.17,2.33,2.33,2.65,28.00%,€5.99,26.32%,1.68%,577,49,42,22,https://drive.google.com/file/d/1wY9vOzXjTk4cgqw9KCk1KYHoOV04XlxX/view?usp=sharing,https://drive.google.com/file/d/1wY9vOzXjTk4cgqw9KCk1KYHoOV04XlxX/view?usp=sharing
Ψητές επιλογές,ΟΧΙ,Φιλέτο στήθος κοτόπουλο με ρύζι basmati και ψητά λαχανικά,"Φιλέτο κοτόπουλο (150γρ), Ρύζι basmati (60γρ)","Κοτόπουλο, Ρύζι, Μελιτζάνα, Κολοκύθι, Μανιτάρι, Πιπεριά","Φιλέτο κοτόπουλο (150γρ), Ρύζι basmati (60γρ), Ψητά λαχανικά (80γρ)",157-4,8.32,9.40,OK,"Κοτόπουλο στήθος, μαγειρεμένο (150γρ), Ρύζι (60γρ), Λαχανικά ψητά (80γρ), Ελαιόλαδο (10γρ)",2.36,2.67,0.14,0.17,2.50,2.50,2.84,30.05%,€5.82,28.37%,1.68%,442,18,49,18,https://drive.google.com/file/d/1wY9vOzXjTk4cgqw9KCk1KYHoOV04XlxX/view?usp=sharing,https://drive.google.com/file/d/1wY9vOzXjTk4cgqw9KCk1KYHoOV04XlxX/view?usp=sharing
Ψητές επιλογές,ΟΧΙ,Φιλέτο στήθος κοτόπουλο με ρύζι basmati και ψητά λαχανικά,"Φιλέτο κοτόπουλο (150γρ), Ρύζι basmati (120γρ)","Κοτόπουλο, Ρύζι, Μελιτζάνα, Κολοκύθι, Μανιτάρι, Πιπεριά","Φιλέτο κοτόπουλο (150γρ), Ρύζι basmati (120γρ), Ψητά λαχανικά (80γρ)",157-5,8.76,9.90,OK,"Κοτόπουλο στήθος, μαγειρεμένο (150γρ), Ρύζι (120γρ), Λαχανικά ψητά (80γρ), Ελαιόλαδο (10γρ)",2.43,2.75,0.14,0.17,2.57,2.57,2.92,29.34%,€6.19,27.74%,1.60%,534,34,50,21,https://drive.google.com/file/d/1wY9vOzXjTk4cgqw9KCk1KYHoOV04XlxX/view?usp=sharing,https://drive.google.com/file/d/1wY9vOzXjTk4cgqw9KCk1KYHoOV04XlxX/view?usp=sharing
Ψητές επιλογές,ΟΧΙ,Φιλέτο στήθος κοτόπουλο με ρύζι basmati και ψητά λαχανικά,"Φιλέτο κοτόπουλο (150γρ), Ρύζι basmati (180γρ)","Κοτόπουλο, Ρύζι, Μελιτζάνα, Κολοκύθι, Μανιτάρι, Πιπεριά","Φιλέτο κοτόπουλο (150γρ), Ρύζι basmati (180γρ), Ψητά λαχανικά (80γρ)",157-6,9.20,10.40,OK,"Κοτόπουλο στήθος, μαγειρεμένο (150γρ), Ρύζι (180γρ), Λαχανικά ψητά (80γρ), Ελαιόλαδο (10γρ)",2.49,2.81,0.14,0.17,2.63,2.63,2.99,28.59%,€6.57,27.07%,1.52%,626,49,52,23,https://drive.google.com/file/d/1wY9vOzXjTk4cgqw9KCk1KYHoOV04XlxX/view?usp=sharing,https://drive.google.com/file/d/1wY9vOzXjTk4cgqw9KCk1KYHoOV04XlxX/view?usp=sharing
Ψητές επιλογές,ΟΧΙ,Φιλέτο στήθος κοτόπουλο με ρύζι basmati και ψητά λαχανικά,"Φιλέτο κοτόπουλο (180γρ), Ρύζι basmati (120γρ)","Κοτόπουλο, Ρύζι, Μελιτζάνα, Κολοκύθι, Μανιτάρι, Πιπεριά","Φιλέτο κοτόπουλο (180γρ), Ρύζι basmati (120γρ), Ψητά λαχανικά (80γρ)",157-7,9.20,10.40,OK,"Κοτόπουλο στήθος, μαγειρεμένο (180γρ), Ρύζι (120γρ), Λαχανικά ψητά (80γρ), Ελαιόλαδο (10γρ)",2.72,3.07,0.14,0.17,2.86,2.86,3.25,31.09%,€6.34,29.57%,1.52%,584,34,59,22,https://drive.google.com/file/d/1wY9vOzXjTk4cgqw9KCk1KYHoOV04XlxX/view?usp=sharing,https://drive.google.com/file/d/1wY9vOzXjTk4cgqw9KCk1KYHoOV04XlxX/view?usp=sharing
Ψητές επιλογές,ΝΑΙ,Φιλέτο στήθος κοτόπουλο με ρύζι basmati και ψητά λαχανικά,"Φιλέτο κοτόπουλο (180γρ), Ρύζι basmati (180γρ)","Κοτόπουλο, Ρύζι, Μελιτζάνα, Κολοκύθι, Μανιτάρι, Πιπεριά","Φιλέτο κοτόπουλο (180γρ), Ρύζι basmati (180γρ), Ψητά λαχανικά (80γρ)",157-8,9.65,10.90,OK,"Κοτόπουλο στήθος, μαγειρεμένο (180γρ), Ρύζι (180γρ), Λαχανικά ψητά (80γρ), Ελαιόλαδο (10γρ)",2.79,3.15,0.14,0.17,2.93,2.93,3.33,30.36%,€6.72,28.91%,1.45%,676,49,61,24,https://drive.google.com/file/d/1wY9vOzXjTk4cgqw9KCk1KYHoOV04XlxX/view?usp=sharing,https://drive.google.com/file/d/1wY9vOzXjTk4cgqw9KCk1KYHoOV04XlxX/view?usp=sharing
Ψητές επιλογές,ΟΧΙ,Φιλέτο στήθος κοτόπουλο με ρύζι basmati και ψητά λαχανικά,"Φιλέτο κοτόπουλο (180γρ), Ρύζι basmati (240γρ)","Κοτόπουλο, Ρύζι, Μελιτζάνα, Κολοκύθι, Μανιτάρι, Πιπεριά","Φιλέτο κοτόπουλο (180γρ), Ρύζι basmati (240γρ), Ψητά λαχανικά (80γρ)",157-9,10.09,11.40,OK,"Κοτόπουλο στήθος, μαγειρεμένο (180γρ), Ρύζι (240γρ), Λαχανικά ψητά (80γρ), Ελαιόλαδο (10γρ)",2.85,3.22,0.14,0.17,2.99,2.99,3.39,29.63%,€7.10,28.25%,1.39%,768,65,62,27,https://drive.google.com/file/d/1wY9vOzXjTk4cgqw9KCk1KYHoOV04XlxX/view?usp=sharing,https://drive.google.com/file/d/1wY9vOzXjTk4cgqw9KCk1KYHoOV04XlxX/view?usp=sharing
Ψητές επιλογές,ΟΧΙ,Φιλέτο στήθος κοτόπουλο με ρύζι basmati και ψητά λαχανικά,"Φιλέτο κοτόπουλο (210γρ), Ρύζι basmati (120γρ)","Κοτόπουλο, Ρύζι, Μελιτζάνα, Κολοκύθι, Μανιτάρι, Πιπεριά","Φιλέτο κοτόπουλο (210γρ), Ρύζι basmati (120γρ), Ψητά λαχανικά (80γρ)",157-10,10.09,11.40,OK,"Κοτόπουλο στήθος, μαγειρεμένο (210γρ), Ρύζι (120γρ), Λαχανικά ψητά (80γρ), Ελαιόλαδο (10γρ)",3.02,3.41,0.14,0.17,3.16,3.16,3.59,31.32%,€6.93,29.93%,1.39%,633,34,69,23,https://drive.google.com/file/d/1wY9vOzXjTk4cgqw9KCk1KYHoOV04XlxX/view?usp=sharing,https://drive.google.com/file/d/1wY9vOzXjTk4cgqw9KCk1KYHoOV04XlxX/view?usp=sharing
Ψητές επιλογές,ΟΧΙ,Φιλέτο στήθος κοτόπουλο με ρύζι basmati και ψητά λαχανικά,"Φιλέτο κοτόπουλο (210γρ), Ρύζι basmati (180γρ)","Κοτόπουλο, Ρύζι, Μελιτζάνα, Κολοκύθι, Μανιτάρι, Πιπεριά","Φιλέτο κοτόπουλο (210γρ), Ρύζι basmati (180γρ), Ψητά λαχανικά (80γρ)",157-11,10.53,11.90,OK,"Κοτόπουλο στήθος, μαγειρεμένο (210γρ), Ρύζι (180γρ), Λαχανικά ψητά (80γρ), Ελαιόλαδο (10γρ)",3.08,3.48,0.14,0.17,3.22,3.22,3.65,30.58%,€7.31,29.25%,1.33%,725,49,70,25,https://drive.google.com/file/d/1wY9vOzXjTk4cgqw9KCk1KYHoOV04XlxX/view?usp=sharing,https://drive.google.com/file/d/1wY9vOzXjTk4cgqw9KCk1KYHoOV04XlxX/view?usp=sharing
Ψητές επιλογές,ΟΧΙ,Φιλέτο στήθος κοτόπουλο με ρύζι basmati και ψητά λαχανικά,"Φιλέτο κοτόπουλο (210γρ), Ρύζι basmati (240γρ)","Κοτόπουλο, Ρύζι, Μελιτζάνα, Κολοκύθι, Μανιτάρι, Πιπεριά","Φιλέτο κοτόπουλο (210γρ), Ρύζι basmati (240γρ), Ψητά λαχανικά (80γρ)",157-12,10.97,12.40,OK,"Κοτόπουλο στήθος, μαγειρεμένο (210γρ), Ρύζι (240γρ), Λαχανικά ψητά (80γρ), Ελαιόλαδο (10γρ)",3.15,3.56,0.14,0.17,3.29,3.29,3.73,29.99%,€7.68,28.71%,1.28%,817,65,72,28,https://drive.google.com/file/d/1wY9vOzXjTk4cgqw9KCk1KYHoOV04XlxX/view?usp=sharing,https://drive.google.com/file/d/1wY9vOzXjTk4cgqw9KCk1KYHoOV04XlxX/view?usp=sharing
Ψητές επιλογές,ΟΧΙ,Φιλέτο στήθος κοτόπουλο με χόρτα και ψητά μανιτάρια,Φιλέτο κοτόπουλο (120γρ),"Κοτόπουλο, Χόρτα, Μανιτάρι, Ηλιέλαιο, Χυμός λεμονιού","Φιλέτο κοτόπουλο (120γρ), Χόρτα εποχής (60γρ), Μανιτάρια (40γρ), Κρέμα λεμόνι (10γρ)",156-1,7.88,8.90,OK,"Κοτόπουλο στήθος, μαγειρεμένο (120γρ), Χόρτα αχνιστά (60γρ), Μανιτάρι σαμπινιόν, μαγειρεμένο (40γρ), Ηλιέλαιο (10γρ), Χυμός λεμονιού (10γρ)",1.70,1.92,0.14,0.17,1.84,1.84,2.09,23.35%,€6.04,21.57%,1.78%,314,5,40,15,https://drive.google.com/file/d/1ewSKEqR3jUc9GSvq98lOlL05WjfdCqFT/view?usp=sharing,https://drive.google.com/file/d/1ewSKEqR3jUc9GSvq98lOlL05WjfdCqFT/view?usp=sharing
Ψητές επιλογές,ΟΧΙ,Φιλέτο στήθος κοτόπουλο με χόρτα και ψητά μανιτάρια,Φιλέτο κοτόπουλο (150γρ),"Κοτόπουλο, Χόρτα, Μανιτάρι, Ηλιέλαιο, Χυμός λεμονιού","Φιλέτο κοτόπουλο (150γρ), Χόρτα εποχής (60γρ), Μανιτάρια (40γρ), Κρέμα λεμόνι (10γρ)",156-2,8.76,9.90,OK,"Κοτόπουλο στήθος, μαγειρεμένο (150γρ), Χόρτα αχνιστά (60γρ), Μανιτάρι σαμπινιόν, μαγειρεμένο (40γρ), Ηλιέλαιο (10γρ), Χυμός λεμονιού (10γρ)",1.99,2.25,0.14,0.17,2.13,2.13,2.42,24.32%,€6.63,22.72%,1.60%,363,5,49,16,https://drive.google.com/file/d/1ewSKEqR3jUc9GSvq98lOlL05WjfdCqFT/view?usp=sharing,https://drive.google.com/file/d/1ewSKEqR3jUc9GSvq98lOlL05WjfdCqFT/view?usp=sharing
Ψητές επιλογές,ΝΑΙ,Φιλέτο στήθος κοτόπουλο με χόρτα και ψητά μανιτάρια,Φιλέτο κοτόπουλο (180γρ),"Κοτόπουλο, Χόρτα, Μανιτάρι, Ηλιέλαιο, Χυμός λεμονιού","Φιλέτο κοτόπουλο (180γρ), Χόρτα εποχής (60γρ), Μανιτάρια (40γρ), Κρέμα λεμόνι (10γρ)",156-3,9.65,10.90,OK,"Κοτόπουλο στήθος, μαγειρεμένο (180γρ), Χόρτα αχνιστά (60γρ), Μανιτάρι σαμπινιόν, μαγειρεμένο (40γρ), Ηλιέλαιο (10γρ), Χυμός λεμονιού (10γρ)",2.29,2.59,0.14,0.17,2.43,2.43,2.76,25.18%,€7.22,23.73%,1.45%,413,5,58,17,https://drive.google.com/file/d/1ewSKEqR3jUc9GSvq98lOlL05WjfdCqFT/view?usp=sharing,https://drive.google.com/file/d/1ewSKEqR3jUc9GSvq98lOlL05WjfdCqFT/view?usp=sharing
Ψητές επιλογές,ΟΧΙ,Φιλέτο στήθος κοτόπουλο με χόρτα και ψητά μανιτάρια,Φιλέτο κοτόπουλο (210γρ),"Κοτόπουλο, Χόρτα, Μανιτάρι, Ηλιέλαιο, Χυμός λεμονιού","Φιλέτο κοτόπουλο (210γρ), Χόρτα εποχής (60γρ), Μανιτάρια (40γρ), Κρέμα λεμόνι (10γρ)",156-4,10.53,11.90,OK,"Κοτόπουλο στήθος, μαγειρεμένο (210γρ), Χόρτα αχνιστά (60γρ), Μανιτάρι σαμπινιόν, μαγειρεμένο (40γρ), Ηλιέλαιο (10γρ), Χυμός λεμονιού (10γρ)",2.58,2.92,0.14,0.17,2.72,2.72,3.09,25.83%,€7.81,24.50%,1.33%,462,5,68,18,https://drive.google.com/file/d/1ewSKEqR3jUc9GSvq98lOlL05WjfdCqFT/view?usp=sharing,https://drive.google.com/file/d/1ewSKEqR3jUc9GSvq98lOlL05WjfdCqFT/view?usp=sharing
Μαγειρευτά,ΟΧΙ,Φρικασέ με μπούτι κοτόπουλο χόρτα και αυγολέμονο,Κοτόπουλο φρικασέ (120γρ),"Κοτόπουλο, Κρεμμύδι, Σκόρδο, Σπανάκι, Χόρτα, Μαρούλι, Άνηθος, Φρέσκο κρεμμυδάκι, Ζωμός κοτόπουλου, Αυγό, Άμυλο καλαμποκιού","Μπούτι κοτόπουλο (120γρ), Λαχανικά (100γρ), Σάλτσα αυγολέμονο (80γρ)",273-1,7.88,8.90,OK,"Κοτόπουλο μπούτι, μαγειρεμένο (120γρ), Αυγολέμονο (80γρ), Φρικασέ (κοτόπουλο) (100γρ)",2.11,2.38,0.14,0.17,2.25,2.25,2.56,28.55%,€5.63,26.78%,1.78%,396,12,39,21,https://drive.google.com/file/d/1gOa7BvmSst9MIHd3uAXvsEqpHqDrPeRx/view?usp=sharing,https://drive.google.com/file/d/1gOa7BvmSst9MIHd3uAXvsEqpHqDrPeRx/view?usp=sharing
Μαγειρευτά,ΝΑΙ,Φρικασέ με μπούτι κοτόπουλο χόρτα και αυγολέμονο,Κοτόπουλο φρικασέ (150γρ),"Κοτόπουλο, Κρεμμύδι, Σκόρδο, Σπανάκι, Χόρτα, Μαρούλι, Άνηθος, Φρέσκο κρεμμυδάκι, Ζωμός κοτόπουλου, Αυγό, Άμυλο καλαμποκιού","Μπούτι κοτόπουλο (150γρ), Λαχανικά (100γρ), Σάλτσα αυγολέμονο (80γρ)",273-2,8.76,9.90,OK,"Κοτόπουλο μπούτι, μαγειρεμένο (150γρ), Αυγολέμονο (80γρ), Φρικασέ (κοτόπουλο) (100γρ)",2.46,2.78,0.14,0.17,2.60,2.60,2.95,29.68%,€6.16,28.08%,1.60%,454,12,46,24,https://drive.google.com/file/d/1gOa7BvmSst9MIHd3uAXvsEqpHqDrPeRx/view?usp=sharing,https://drive.google.com/file/d/1gOa7BvmSst9MIHd3uAXvsEqpHqDrPeRx/view?usp=sharing
Μαγειρευτά,ΟΧΙ,Φρικασέ με μπούτι κοτόπουλο χόρτα και αυγολέμονο,Κοτόπουλο φρικασέ (180γρ),"Κοτόπουλο, Κρεμμύδι, Σκόρδο, Σπανάκι, Χόρτα, Μαρούλι, Άνηθος, Φρέσκο κρεμμυδάκι, Ζωμός κοτόπουλου, Αυγό, Άμυλο καλαμποκιού","Μπούτι κοτόπουλο (180γρ), Λαχανικά (100γρ), Σάλτσα αυγολέμονο (80γρ)",273-3,9.65,10.90,OK,"Κοτόπουλο μπούτι, μαγειρεμένο (180γρ), Αυγολέμονο (80γρ), Φρικασέ (κοτόπουλο) (100γρ)",2.80,3.16,0.14,0.17,2.94,2.94,3.34,30.47%,€6.71,29.02%,1.45%,511,12,53,27,https://drive.google.com/file/d/1gOa7BvmSst9MIHd3uAXvsEqpHqDrPeRx/view?usp=sharing,https://drive.google.com/file/d/1gOa7BvmSst9MIHd3uAXvsEqpHqDrPeRx/view?usp=sharing
Snacks,ΝΑΙ,Φρουτοσαλάτα εποχής,Φρουτοσαλάτα (265γρ),"Μπανάνα, Μήλο, Πορτοκάλι, Φράουλα, Ακτινίδιο, Σπόροι chia, Fruit salad juice, Μέλι",Φρουτοσαλάτα (265γρ),47,3.45,3.90,Product Cost Change,"Μπανάνα (45γρ), Μήλο (60γρ), Πορτοκάλι, φρέσκο (60γρ), Φράουλα (25γρ), Ακτινίδιο, φρέσκο (40γρ), Chia seeds, dried (2γρ), Fruit salad juice (30γρ), Μέλι (3γρ)",0.97,1.10,0.22,0.27,1.13,1.19,1.37,34.53%,€2.26,28.12%,6.42%,174,43,2,1,https://drive.google.com/file/d/15hWgNhlz2cxpRXBUMBLSHHZ6m_lDuHSU/view?usp=sharing,https://drive.google.com/file/d/15hWgNhlz2cxpRXBUMBLSHHZ6m_lDuHSU/view?usp=sharing
Μαγειρευτά,ΟΧΙ,Χοιρινό φρικασέ με χόρτα εποχής και αυγολέμονο,Χοιρινό φρικασέ (120γρ),"Χοιρινό, Κρεμμύδι, Σκόρδο, Ζωμός κοτόπουλου, Μαρούλι, Χόρτα, Φρέσκο κρεμμυδάκι, Άνηθος, Αυγό","Χοιρινό (120γρ), Λαχανικά (100γρ), Σάλτσα αυγολέμονο (80γρ)",256-1,8.76,9.90,OK,"Χοιρινό, μαγειρεμένο (120γρ), Αυγολέμονο (χοιρινό) (80γρ), Φρικασέ (χοιρινό) (100γρ)",2.33,2.63,0.14,0.17,2.47,2.47,2.81,28.20%,€6.29,26.60%,1.60%,456,11,36,30,https://drive.google.com/file/d/15IbKEaVpvqBopcBqCV9roG1ZwE0ZLgPw/view?usp=sharing,https://drive.google.com/file/d/15IbKEaVpvqBopcBqCV9roG1ZwE0ZLgPw/view?usp=sharing
Μαγειρευτά,ΝΑΙ,Χοιρινό φρικασέ με χόρτα εποχής και αυγολέμονο,Χοιρινό φρικασέ (150γρ),"Χοιρινό, Κρεμμύδι, Σκόρδο, Ζωμός κοτόπουλου, Μαρούλι, Χόρτα, Φρέσκο κρεμμυδάκι, Άνηθος, Αυγό","Χοιρινό (150γρ), Λαχανικά (100γρ), Σάλτσα αυγολέμονο (80γρ)",256-2,9.65,10.90,OK,"Χοιρινό, μαγειρεμένο (150γρ), Αυγολέμονο (χοιρινό) (80γρ), Φρικασέ (χοιρινό) (100γρ)",2.69,3.04,0.14,0.17,2.83,2.83,3.21,29.33%,€6.82,27.88%,1.45%,526,11,41,35,https://drive.google.com/file/d/15IbKEaVpvqBopcBqCV9roG1ZwE0ZLgPw/view?usp=sharing,https://drive.google.com/file/d/15IbKEaVpvqBopcBqCV9roG1ZwE0ZLgPw/view?usp=sharing
Μαγειρευτά,ΟΧΙ,Χοιρινό φρικασέ με χόρτα εποχής και αυγολέμονο,Χοιρινό φρικασέ (180γρ),"Χοιρινό, Κρεμμύδι, Σκόρδο, Ζωμός κοτόπουλου, Μαρούλι, Χόρτα, Φρέσκο κρεμμυδάκι, Άνηθος, Αυγό","Χοιρινό (180γρ), Λαχανικά (100γρ), Σάλτσα αυγολέμονο (80γρ)",256-3,10.53,11.90,OK,"Χοιρινό, μαγειρεμένο (180γρ), Αυγολέμονο (χοιρινό) (80γρ), Φρικασέ (χοιρινό) (100γρ)",3.06,3.46,0.14,0.17,3.20,3.20,3.63,30.39%,€7.33,29.06%,1.33%,597,11,46,40,https://drive.google.com/file/d/15IbKEaVpvqBopcBqCV9roG1ZwE0ZLgPw/view?usp=sharing,https://drive.google.com/file/d/15IbKEaVpvqBopcBqCV9roG1ZwE0ZLgPw/view?usp=sharing
Πρωϊνά,ΝΑΙ,Χορτόπιτα με φύλλο ολικής και φέτα light,Χορτόπιτα (200γρ),"Σπανάκι, Χόρτα, Φρέσκο κρεμμυδάκι, Πράσο, Σκόρδο, Κρεμμύδι, Άνηθος, Μαϊντανός, Μέντα, Ρύζι, Σουσάμι, Φύλλο ολικής, Φέτα light","Χορτόπιτα με φύλλο ολικής, χόρτα επόχης, πράσο, φέτα light, φρέσκο κρεμμύδι και μυρωδικά (200γρ)",266-1,4.34,4.90,OK,"Χορτόπιτα με φυλλο ολικής, χόρτα επόχης, πράσο, φέτα light, φρέσκο κρεμμυδάκi και μυρωδικα (200γρ)",1.29,1.46,0.16,0.19,1.45,1.45,1.65,33.29%,33.67%,29.72%,3.57%,466,44,11,28,https://drive.google.com/file/d/1jgMwp9yAtMqRskTLCR3o77n8_c3SNilZ/view?usp=sharing,https://drive.google.com/file/d/1jgMwp9yAtMqRskTLCR3o77n8_c3SNilZ/view?usp=sharing
Πρωϊνά,ΟΧΙ,Χορτόπιτα με φύλλο ολικής και φέτα light,Χορτόπιτα (400γρ),"Σπανάκι, Χόρτα, Φρέσκο κρεμμυδάκι, Πράσο, Σκόρδο, Κρεμμύδι, Άνηθος, Μαϊντανός, Μέντα, Ρύζι, Σουσάμι, Φύλλο ολικής, Φέτα light","Χορτόπιτα με φύλλο ολικής, χόρτα επόχης, πράσο, φέτα light, φρέσκο κρεμμύδι και μυρωδικά (400γρ)",266-2,6.99,7.90,OK,"Χορτόπιτα με φυλλο ολικής, χόρτα επόχης, πράσο, φέτα light, φρέσκο κρεμμυδάκi και μυρωδικα (400γρ)",2.58,2.92,0.16,0.19,2.74,2.74,3.11,39.13%,39.34%,36.91%,2.22%,933,88,22,56,https://drive.google.com/file/d/1jgMwp9yAtMqRskTLCR3o77n8_c3SNilZ/view?usp=sharing,https://drive.google.com/file/d/1jgMwp9yAtMqRskTLCR3o77n8_c3SNilZ/view?usp=sharing
Μαγειρευτά,ΟΧΙ,Χταπόδι με κοφτό μακαρονάκι και τριμμένο τυρί light,Χταπόδι κοκκινιστό (250γρ),"Χταπόδι, Ζυμαρικό, Κρεμμύδι, Σκόρδο, Ντομάτα, Μαϊντανός, Τυρί κίτρινο light","Χταπόδι κοκκινιστό με κοφτό μακαρονάκι ολικής (250γρ), Τριμμένο τυρί light (15γρ)",184-1,9.29,10.50,OK,"Χταπόδι κοκκινιστό με κοφτό μακαρονάκι ολικής (250γρ), Τυρί κίτρινο light (15γρ)",1.91,2.16,0.18,0.23,2.09,2.09,2.39,22.54%,€7.20,20.56%,1.98%,395,51,23,12,https://drive.google.com/file/d/16HE3Kcpj5JsK3I7hWIwcH9tBO3pM3Pv8/view?usp=sharing,https://drive.google.com/file/d/16HE3Kcpj5JsK3I7hWIwcH9tBO3pM3Pv8/view?usp=sharing
Μαγειρευτά,ΝΑΙ,Χταπόδι με κοφτό μακαρονάκι και τριμμένο τυρί light,Χταπόδι κοκκινιστό (320γρ),"Χταπόδι, Ζυμαρικό, Κρεμμύδι, Σκόρδο, Ντομάτα, Μαϊντανός, Τυρί κίτρινο light","Χταπόδι κοκκινιστό με κοφτό μακαρονάκι ολικής (320γρ), Τριμμένο τυρί light (15γρ)",184-2,10.18,11.50,OK,"Χταπόδι κοκκινιστό με κοφτό μακαρονάκι ολικής (320γρ), Τυρί κίτρινο light (15γρ)",2.37,2.68,0.18,0.23,2.55,2.55,2.91,25.09%,€7.63,23.28%,1.81%,495,65,28,14,https://drive.google.com/file/d/16HE3Kcpj5JsK3I7hWIwcH9tBO3pM3Pv8/view?usp=sharing,https://drive.google.com/file/d/16HE3Kcpj5JsK3I7hWIwcH9tBO3pM3Pv8/view?usp=sharing
Μαγειρευτά,ΟΧΙ,Χταπόδι με κοφτό μακαρονάκι και τριμμένο τυρί light,Χταπόδι κοκκινιστό (400γρ),"Χταπόδι, Ζυμαρικό, Κρεμμύδι, Σκόρδο, Ντομάτα, Μαϊντανός, Τυρί κίτρινο light","Χταπόδι κοκκινιστό με κοφτό μακαρονάκι ολικής (400γρ), Τριμμένο τυρί light (15γρ)",184-3,11.06,12.50,OK,"Χταπόδι κοκκινιστό με κοφτό μακαρονάκι ολικής (400γρ), Τυρί κίτρινο light (15γρ)",2.91,3.29,0.18,0.23,3.09,3.09,3.52,27.97%,€7.97,26.31%,1.66%,611,81,34,18,https://drive.google.com/file/d/16HE3Kcpj5JsK3I7hWIwcH9tBO3pM3Pv8/view?usp=sharing,https://drive.google.com/file/d/16HE3Kcpj5JsK3I7hWIwcH9tBO3pM3Pv8/view?usp=sharing
Ψητές επιλογές,ΟΧΙ,Ψάρι ημέρας ψητό και αμπελοφάσουλα ατμού,Ψάρι ψητό (120γρ),"Ψάρι, Αμπελοφάσουλα, Χυμός λεμονιού","Ψάρι ψητό (120γρ), Αμπελοφάσουλα (100γρ), Λαδολέμονο (5γρ)",152-1,14.60,16.50,OK,"Ψάρι, μαγειρεμένο (120γρ), Αμπελοφάσουλα, μαγειρεμένα (100γρ), Ελαιόλαδο (3,5γρ), Χυμός λεμονιού (1,5γρ)",4.74,5.36,0.14,0.17,4.88,4.88,5.53,33.42%,€9.72,32.47%,0.96%,354,21,37,13,https://drive.google.com/file/d/1bGiJzHOLUGqN0efJsM5LTLg_82QfFULD/view?usp=sharing,https://drive.google.com/file/d/1bGiJzHOLUGqN0efJsM5LTLg_82QfFULD/view?usp=sharing
Ψητές επιλογές,ΝΑΙ,Ψάρι ημέρας ψητό και αμπελοφάσουλα ατμού,Ψάρι ψητό (150γρ),"Ψάρι, Αμπελοφάσουλα, Χυμός λεμονιού","Ψάρι ψητό (150γρ), Αμπελοφάσουλα (100γρ), Λαδολέμονο (5γρ)",152-2,15.84,17.90,OK,"Ψάρι, μαγειρεμένο (150γρ), Αμπελοφάσουλα, μαγειρεμένα (100γρ), Ελαιόλαδο (3,5γρ), Χυμός λεμονιού (1,5γρ)",5.83,6.59,0.14,0.17,5.97,5.97,6.76,37.69%,€9.87,36.81%,0.88%,405,21,44,15,https://drive.google.com/file/d/1bGiJzHOLUGqN0efJsM5LTLg_82QfFULD/view?usp=sharing,https://drive.google.com/file/d/1bGiJzHOLUGqN0efJsM5LTLg_82QfFULD/view?usp=sharing
Ψητές επιλογές,ΟΧΙ,Ψάρι ημέρας ψητό και αμπελοφάσουλα ατμού,Ψάρι ψητό (180γρ),"Ψάρι, Αμπελοφάσουλα, Χυμός λεμονιού","Ψάρι ψητό (180γρ), Αμπελοφάσουλα (100γρ), Λαδολέμονο (5γρ)",152-3,18.14,20.50,OK,"Ψάρι, μαγειρεμένο (180γρ), Αμπελοφάσουλα, μαγειρεμένα (100γρ), Ελαιόλαδο (3,5γρ), Χυμός λεμονιού (1,5γρ)",6.92,7.82,0.14,0.17,7.06,7.06,7.99,38.92%,€11.08,38.15%,0.77%,457,21,52,18,https://drive.google.com/file/d/1bGiJzHOLUGqN0efJsM5LTLg_82QfFULD/view?usp=sharing,https://drive.google.com/file/d/1bGiJzHOLUGqN0efJsM5LTLg_82QfFULD/view?usp=sharing
Ψητές επιλογές,ΟΧΙ,Ψάρι ημέρας ψητό και αμπελοφάσουλα ατμού,Ψάρι ψητό (210γρ),"Ψάρι, Αμπελοφάσουλα, Χυμός λεμονιού","Ψάρι ψητό (210γρ), Αμπελοφάσουλα (100γρ), Λαδολέμονο (5γρ)",152-4,19.38,21.90,OK,"Ψάρι, μαγειρεμένο (210γρ), Αμπελοφάσουλα, μαγειρεμένα (100γρ), Ελαιόλαδο (3,5γρ), Χυμός λεμονιού (1,5γρ)",8.01,9.05,0.14,0.17,8.15,8.15,9.22,42.05%,€11.23,41.33%,0.72%,508,21,59,20,https://drive.google.com/file/d/1bGiJzHOLUGqN0efJsM5LTLg_82QfFULD/view?usp=sharing,https://drive.google.com/file/d/1bGiJzHOLUGqN0efJsM5LTLg_82QfFULD/view?usp=sharing
Ψητές επιλογές,ΟΧΙ,Ψάρι ημέρας ψητό με άγριο ρύζι και αμπελοφάσουλα,"Ψάρι ψητό (120γρ), Άγριο ρύζι (60γρ)","Ψάρι, Ρύζι, Αμπελοφάσουλα, Χυμός λεμονιού","Ψάρι ψητό (120γρ), Άγριο ρύζι (60γρ), Αμπελοφάσουλα (50γρ), Λαδολέμονο (5γρ)",151-1,14.07,15.90,OK,"Ψάρι, μαγειρεμένο (120γρ), Άγριο ρύζι (60γρ), Αμπελοφάσουλα, μαγειρεμένα (50γρ), Ελαιόλαδο (3,5γρ), Χυμός λεμονιού (1,5γρ)",4.66,5.27,0.14,0.17,4.80,4.80,5.44,34.12%,€9.27,33.12%,1.00%,373,22,35,16,https://drive.google.com/file/d/1qltdw6EKKzOKXoh52E5ra0ZxgQDbicN6/view?usp=sharing,https://drive.google.com/file/d/1qltdw6EKKzOKXoh52E5ra0ZxgQDbicN6/view?usp=sharing
Ψητές επιλογές,ΟΧΙ,Ψάρι ημέρας ψητό με άγριο ρύζι και αμπελοφάσουλα,"Ψάρι ψητό (120γρ), Άγριο ρύζι (120γρ)","Ψάρι, Ρύζι, Αμπελοφάσουλα, Χυμός λεμονιού","Ψάρι ψητό (120γρ), Άγριο ρύζι (120γρ), Αμπελοφάσουλα (50γρ), Λαδολέμονο (5γρ)",151-2,14.60,16.50,OK,"Ψάρι, μαγειρεμένο (120γρ), Άγριο ρύζι (120γρ), Αμπελοφάσουλα, μαγειρεμένα (50γρ), Ελαιόλαδο (3,5γρ), Χυμός λεμονιού (1,5γρ)",4.76,5.38,0.14,0.17,4.90,4.90,5.55,33.56%,€9.70,32.60%,0.96%,451,34,38,18,https://drive.google.com/file/d/1qltdw6EKKzOKXoh52E5ra0ZxgQDbicN6/view?usp=sharing,https://drive.google.com/file/d/1qltdw6EKKzOKXoh52E5ra0ZxgQDbicN6/view?usp=sharing
Ψητές επιλογές,ΟΧΙ,Ψάρι ημέρας ψητό με άγριο ρύζι και αμπελοφάσουλα,"Ψάρι ψητό (120γρ), Άγριο ρύζι (180γρ)","Ψάρι, Ρύζι, Αμπελοφάσουλα, Χυμός λεμονιού","Ψάρι ψητό (120γρ), Άγριο ρύζι (180γρ), Αμπελοφάσουλα (50γρ), Λαδολέμονο (5γρ)",151-3,14.96,16.90,OK,"Ψάρι, μαγειρεμένο (120γρ), Άγριο ρύζι (180γρ), Αμπελοφάσουλα, μαγειρεμένα (50γρ), Ελαιόλαδο (3,5γρ), Χυμός λεμονιού (1,5γρ)",4.85,5.48,0.14,0.17,4.99,4.99,5.65,33.36%,€9.97,32.42%,0.94%,529,45,40,21,https://drive.google.com/file/d/1qltdw6EKKzOKXoh52E5ra0ZxgQDbicN6/view?usp=sharing,https://drive.google.com/file/d/1qltdw6EKKzOKXoh52E5ra0ZxgQDbicN6/view?usp=sharing
Ψητές επιλογές,ΟΧΙ,Ψάρι ημέρας ψητό με άγριο ρύζι και αμπελοφάσουλα,"Ψάρι ψητό (150γρ), Άγριο ρύζι (60γρ)","Ψάρι, Ρύζι, Αμπελοφάσουλα, Χυμός λεμονιού","Ψάρι ψητό (150γρ), Άγριο ρύζι (60γρ), Αμπελοφάσουλα (50γρ), Λαδολέμονο (5γρ)",151-4,15.49,17.50,OK,"Ψάρι, μαγειρεμένο (150γρ), Άγριο ρύζι (60γρ), Αμπελοφάσουλα, μαγειρεμένα (50γρ), Ελαιόλαδο (3,5γρ), Χυμός λεμονιού (1,5γρ)",5.76,6.51,0.14,0.17,5.90,5.90,6.68,38.09%,€9.59,37.19%,0.90%,425,22,43,18,https://drive.google.com/file/d/1qltdw6EKKzOKXoh52E5ra0ZxgQDbicN6/view?usp=sharing,https://drive.google.com/file/d/1qltdw6EKKzOKXoh52E5ra0ZxgQDbicN6/view?usp=sharing
Ψητές επιλογές,ΝΑΙ,Ψάρι ημέρας ψητό με άγριο ρύζι και αμπελοφάσουλα,"Ψάρι ψητό (150γρ), Άγριο ρύζι (120γρ)","Ψάρι, Ρύζι, Αμπελοφάσουλα, Χυμός λεμονιού","Ψάρι ψητό (150γρ), Άγριο ρύζι (120γρ), Αμπελοφάσουλα (50γρ), Λαδολέμονο (5γρ)",151-5,15.84,17.90,OK,"Ψάρι, μαγειρεμένο (150γρ), Άγριο ρύζι (120γρ), Αμπελοφάσουλα, μαγειρεμένα (50γρ), Ελαιόλαδο (3,5γρ), Χυμός λεμονιού (1,5γρ)",5.85,6.61,0.14,0.17,5.99,5.99,6.78,37.82%,€9.85,36.93%,0.88%,503,34,45,21,https://drive.google.com/file/d/1qltdw6EKKzOKXoh52E5ra0ZxgQDbicN6/view?usp=sharing,https://drive.google.com/file/d/1qltdw6EKKzOKXoh52E5ra0ZxgQDbicN6/view?usp=sharing
Ψητές επιλογές,ΟΧΙ,Ψάρι ημέρας ψητό με άγριο ρύζι και αμπελοφάσουλα,"Ψάρι ψητό (150γρ), Άγριο ρύζι (180γρ)","Ψάρι, Ρύζι, Αμπελοφάσουλα, Χυμός λεμονιού","Ψάρι ψητό (150γρ), Άγριο ρύζι (180γρ), Αμπελοφάσουλα (50γρ), Λαδολέμονο (5γρ)",151-6,16.37,18.50,OK,"Ψάρι, μαγειρεμένο (150γρ), Άγριο ρύζι (180γρ), Αμπελοφάσουλα, μαγειρεμένα (50γρ), Ελαιόλαδο (3,5γρ), Χυμός λεμονιού (1,5γρ)",5.94,6.71,0.14,0.17,6.08,6.08,6.89,37.14%,€10.29,36.29%,0.86%,581,45,47,23,https://drive.google.com/file/d/1qltdw6EKKzOKXoh52E5ra0ZxgQDbicN6/view?usp=sharing,https://drive.google.com/file/d/1qltdw6EKKzOKXoh52E5ra0ZxgQDbicN6/view?usp=sharing
Ψητές επιλογές,ΟΧΙ,Ψάρι ημέρας ψητό με άγριο ρύζι και αμπελοφάσουλα,"Ψάρι ψητό (180γρ), Άγριο ρύζι (120γρ)","Ψάρι, Ρύζι, Αμπελοφάσουλα, Χυμός λεμονιού","Ψάρι ψητό (180γρ), Άγριο ρύζι (120γρ), Αμπελοφάσουλα (50γρ), Λαδολέμονο (5γρ)",151-7,16.73,18.90,OK,"Ψάρι, μαγειρεμένο (180γρ), Άγριο ρύζι (120γρ), Αμπελοφάσουλα, μαγειρεμένα (50γρ), Ελαιόλαδο (3,5γρ), Χυμός λεμονιού (1,5γρ)",6.94,7.84,0.14,0.17,7.08,7.08,8.02,42.32%,€9.65,41.48%,0.84%,554,34,52,23,https://drive.google.com/file/d/1qltdw6EKKzOKXoh52E5ra0ZxgQDbicN6/view?usp=sharing,https://drive.google.com/file/d/1qltdw6EKKzOKXoh52E5ra0ZxgQDbicN6/view?usp=sharing
Ψητές επιλογές,ΟΧΙ,Ψάρι ημέρας ψητό με άγριο ρύζι και αμπελοφάσουλα,"Ψάρι ψητό (180γρ), Άγριο ρύζι (180γρ)","Ψάρι, Ρύζι, Αμπελοφάσουλα, Χυμός λεμονιού","Ψάρι ψητό (180γρ), Άγριο ρύζι (180γρ), Αμπελοφάσουλα (50γρ), Λαδολέμονο (5γρ)",151-8,17.26,19.50,OK,"Ψάρι, μαγειρεμένο (180γρ), Άγριο ρύζι (180γρ), Αμπελοφάσουλα, μαγειρεμένα (50γρ), Ελαιόλαδο (3,5γρ), Χυμός λεμονιού (1,5γρ)",7.03,7.94,0.14,0.17,7.17,7.17,8.12,41.54%,€10.09,40.73%,0.81%,632,45,54,26,https://drive.google.com/file/d/1qltdw6EKKzOKXoh52E5ra0ZxgQDbicN6/view?usp=sharing,https://drive.google.com/file/d/1qltdw6EKKzOKXoh52E5ra0ZxgQDbicN6/view?usp=sharing
Ψητές επιλογές,ΟΧΙ,Ψάρι ημέρας ψητό με άγριο ρύζι και αμπελοφάσουλα,"Ψάρι ψητό (180γρ), Άγριο ρύζι (240γρ)","Ψάρι, Ρύζι, Αμπελοφάσουλα, Χυμός λεμονιού","Ψάρι ψητό (180γρ), Άγριο ρύζι (240γρ), Αμπελοφάσουλα (50γρ), Λαδολέμονο (5γρ)",151-9,17.61,19.90,OK,"Ψάρι, μαγειρεμένο (180γρ), Άγριο ρύζι (240γρ), Αμπελοφάσουλα, μαγειρεμένα (50γρ), Ελαιόλαδο (3,5γρ), Χυμός λεμονιού (1,5γρ)",7.13,8.06,0.14,0.17,7.27,7.27,8.23,41.28%,€10.34,40.49%,0.80%,710,57,57,28,https://drive.google.com/file/d/1qltdw6EKKzOKXoh52E5ra0ZxgQDbicN6/view?usp=sharing,https://drive.google.com/file/d/1qltdw6EKKzOKXoh52E5ra0ZxgQDbicN6/view?usp=sharing
Ψητές επιλογές,ΟΧΙ,Ψάρι ημέρας ψητό με άγριο ρύζι και αμπελοφάσουλα,"Ψάρι ψητό (210γρ), Άγριο ρύζι (120γρ)","Ψάρι, Ρύζι, Αμπελοφάσουλα, Χυμός λεμονιού","Ψάρι ψητό (210γρ), Άγριο ρύζι (120γρ), Αμπελοφάσουλα (50γρ), Λαδολέμονο (5γρ)",151-10,18.14,20.50,OK,"Ψάρι, μαγειρεμένο (210γρ), Άγριο ρύζι (120γρ), Αμπελοφάσουλα, μαγειρεμένα (50γρ), Ελαιόλαδο (3,5γρ), Χυμός λεμονιού (1,5γρ)",8.03,9.07,0.14,0.17,8.17,8.17,9.25,45.04%,€9.97,44.27%,0.77%,606,34,60,25,https://drive.google.com/file/d/1qltdw6EKKzOKXoh52E5ra0ZxgQDbicN6/view?usp=sharing,https://drive.google.com/file/d/1qltdw6EKKzOKXoh52E5ra0ZxgQDbicN6/view?usp=sharing
Ψητές επιλογές,ΟΧΙ,Ψάρι ημέρας ψητό με άγριο ρύζι και αμπελοφάσουλα,"Ψάρι ψητό (210γρ), Άγριο ρύζι (180γρ)","Ψάρι, Ρύζι, Αμπελοφάσουλα, Χυμός λεμονιού","Ψάρι ψητό (210γρ), Άγριο ρύζι (180γρ), Αμπελοφάσουλα (50γρ), Λαδολέμονο (5γρ)",151-11,18.50,20.90,OK,"Ψάρι, μαγειρεμένο (210γρ), Άγριο ρύζι (180γρ), Αμπελοφάσουλα, μαγειρεμένα (50γρ), Ελαιόλαδο (3,5γρ), Χυμός λεμονιού (1,5γρ)",8.13,9.19,0.14,0.17,8.27,8.27,9.36,44.70%,€10.23,43.95%,0.76%,684,45,62,28,https://drive.google.com/file/d/1qltdw6EKKzOKXoh52E5ra0ZxgQDbicN6/view?usp=sharing,https://drive.google.com/file/d/1qltdw6EKKzOKXoh52E5ra0ZxgQDbicN6/view?usp=sharing
Ψητές επιλογές,ΟΧΙ,Ψάρι ημέρας ψητό με άγριο ρύζι και αμπελοφάσουλα,"Ψάρι ψητό (210γρ), Άγριο ρύζι (240γρ)","Ψάρι, Ρύζι, Αμπελοφάσουλα, Χυμός λεμονιού","Ψάρι ψητό (210γρ), Άγριο ρύζι (240γρ), Αμπελοφάσουλα (50γρ), Λαδολέμονο (5γρ)",151-12,19.03,21.50,OK,"Ψάρι, μαγειρεμένο (210γρ), Άγριο ρύζι (240γρ), Αμπελοφάσουλα, μαγειρεμένα (50γρ), Ελαιόλαδο (3,5γρ), Χυμός λεμονιού (1,5γρ)",8.22,9.29,0.14,0.17,8.36,8.36,9.46,43.93%,€10.67,43.19%,0.74%,762,57,64,31,https://drive.google.com/file/d/1qltdw6EKKzOKXoh52E5ra0ZxgQDbicN6/view?usp=sharing,https://drive.google.com/file/d/1qltdw6EKKzOKXoh52E5ra0ZxgQDbicN6/view?usp=sharing
Ψητές επιλογές,ΟΧΙ,Ψάρι ημέρας ψητό με λαχανικά ατμού και teriyaki,Ψάρι ψητό (120γρ),"Ψάρι, Λαχανικά, Σόγια, Mirin, Sake, Μέλι, Άμυλο πατάτας","Ψάρι ψητό (120γρ), Λαχανικά (150γρ), Teriyaki sauce (30γρ)",205-1,14.60,16.50,OK,"Ψάρι, μαγειρεμένο (120γρ), Λαχανικά, βραστά (150γρ), Teriyaki sauce (30γρ)",5.68,6.42,0.14,0.17,5.82,5.82,6.59,39.86%,€8.78,38.90%,0.96%,292,18,32,9,https://drive.google.com/file/d/1WvUMD-Yn9rpseIulFG8zwPbnvxxR9aVr/view?usp=sharing,https://drive.google.com/file/d/1WvUMD-Yn9rpseIulFG8zwPbnvxxR9aVr/view?usp=sharing
Ψητές επιλογές,ΝΑΙ,Ψάρι ημέρας ψητό με λαχανικά ατμού και teriyaki,Ψάρι ψητό (150γρ),"Ψάρι, Λαχανικά, Σόγια, Mirin, Sake, Μέλι, Άμυλο πατάτας","Ψάρι ψητό (150γρ), Λαχανικά (150γρ), Teriyaki sauce (30γρ)",205-2,15.84,17.90,OK,"Ψάρι, μαγειρεμένο (150γρ), Λαχανικά, βραστά (150γρ), Teriyaki sauce (30γρ)",6.77,7.65,0.14,0.17,6.91,6.91,7.82,43.62%,€8.93,42.74%,0.88%,344,18,39,12,https://drive.google.com/file/d/1WvUMD-Yn9rpseIulFG8zwPbnvxxR9aVr/view?usp=sharinghttps://drive.google.com/file/d/1WvUMD-Yn9rpseIulFG8zwPbnvxxR9aVr/view?usp=sharing,https://drive.google.com/file/d/1WvUMD-Yn9rpseIulFG8zwPbnvxxR9aVr/view?usp=sharinghttps://drive.google.com/file/d/1WvUMD-Yn9rpseIulFG8zwPbnvxxR9aVr/view?usp=sharing
Ψητές επιλογές,ΟΧΙ,Ψάρι ημέρας ψητό με λαχανικά ατμού και teriyaki,Ψάρι ψητό (180γρ),"Ψάρι, Λαχανικά, Σόγια, Mirin, Sake, Μέλι, Άμυλο πατάτας","Ψάρι ψητό (180γρ), Λαχανικά (150γρ), Teriyaki sauce (30γρ)",205-3,18.14,20.50,OK,"Ψάρι, μαγειρεμένο (180γρ), Λαχανικά, βραστά (150γρ), Teriyaki sauce (30γρ)",7.87,8.89,0.14,0.17,8.01,8.01,9.07,44.16%,€10.13,43.38%,0.77%,395,18,46,14,https://drive.google.com/file/d/1WvUMD-Yn9rpseIulFG8zwPbnvxxR9aVr/view?usp=sharing,https://drive.google.com/file/d/1WvUMD-Yn9rpseIulFG8zwPbnvxxR9aVr/view?usp=sharing
Ψητές επιλογές,ΟΧΙ,Ψάρι ημέρας ψητό με λαχανικά ατμού και teriyaki,Ψάρι ψητό (210γρ),"Ψάρι, Λαχανικά, Σόγια, Mirin, Sake, Μέλι, Άμυλο πατάτας","Ψάρι ψητό (210γρ), Λαχανικά (150γρ), Teriyaki sauce (30γρ)",205-4,19.38,21.90,OK,"Ψάρι, μαγειρεμένο (210γρ), Λαχανικά, βραστά (150γρ), Teriyaki sauce (30γρ)",8.96,10.12,0.14,0.17,9.10,9.10,10.30,46.96%,€10.28,46.23%,0.72%,447,18,54,16,https://drive.google.com/file/d/1WvUMD-Yn9rpseIulFG8zwPbnvxxR9aVr/view?usp=sharing,https://drive.google.com/file/d/1WvUMD-Yn9rpseIulFG8zwPbnvxxR9aVr/view?usp=sharing
Ψητές επιλογές,ΟΧΙ,Ψάρι ημέρας ψητό με λαχανικά και teriyaki sauce,Ψάρι ψητό (120γρ),"Ψάρι, Μελιτζάνα, Κολοκύθι, Μανιτάρι, Πιπεριά, Σόγια, Mirin, Sake, Μέλι, Άμυλο πατάτας","Ψάρι ψητό (120γρ), Ψητά λαχανικά (150γρ), Τeriyaki sauce (30γρ)",211-1,14.60,16.50,OK,"Ψάρι, μαγειρεμένο (120γρ), Λαχανικά ψητά (150γρ), Teriyaki sauce (30γρ), Ελαιόλαδο (10γρ)",6.16,6.96,0.14,0.17,6.30,6.30,7.13,43.15%,€8.30,42.19%,0.96%,381,18,32,19,https://drive.google.com/file/d/12KfMheFDQxVI9W5BJbALGgmubt-Ok3rZ/view?usp=sharing,https://drive.google.com/file/d/12KfMheFDQxVI9W5BJbALGgmubt-Ok3rZ/view?usp=sharing
Ψητές επιλογές,ΝΑΙ,Ψάρι ημέρας ψητό με λαχανικά και teriyaki sauce,Ψάρι ψητό (150γρ),"Ψάρι, Μελιτζάνα, Κολοκύθι, Μανιτάρι, Πιπεριά, Σόγια, Mirin, Sake, Μέλι, Άμυλο πατάτας","Ψάρι ψητό (150γρ), Ψητά λαχανικά (150γρ), Τeriyaki sauce (30γρ)",211-2,15.84,17.90,OK,"Ψάρι, μαγειρεμένο (150γρ), Λαχανικά ψητά (150γρ), Teriyaki sauce (30γρ), Ελαιόλαδο (10γρ)",7.25,8.19,0.14,0.17,7.39,7.39,8.37,46.65%,€8.45,45.77%,0.88%,432,18,39,22,https://drive.google.com/file/d/12KfMheFDQxVI9W5BJbALGgmubt-Ok3rZ/view?usp=sharinghttps://drive.google.com/file/d/12KfMheFDQxVI9W5BJbALGgmubt-Ok3rZ/view?usp=sharing,https://drive.google.com/file/d/12KfMheFDQxVI9W5BJbALGgmubt-Ok3rZ/view?usp=sharinghttps://drive.google.com/file/d/12KfMheFDQxVI9W5BJbALGgmubt-Ok3rZ/view?usp=sharing
Ψητές επιλογές,ΟΧΙ,Ψάρι ημέρας ψητό με λαχανικά και teriyaki sauce,Ψάρι ψητό (180γρ),"Ψάρι, Μελιτζάνα, Κολοκύθι, Μανιτάρι, Πιπεριά, Σόγια, Mirin, Sake, Μέλι, Άμυλο πατάτας","Ψάρι ψητό (180γρ), Ψητά λαχανικά (150γρ), Τeriyaki sauce (30γρ)",211-3,18.14,20.50,OK,"Ψάρι, μαγειρεμένο (180γρ), Λαχανικά ψητά (150γρ), Teriyaki sauce (30γρ), Ελαιόλαδο (10γρ)",8.35,9.44,0.14,0.17,8.49,8.49,9.61,46.80%,€9.65,46.03%,0.77%,484,18,46,24,https://drive.google.com/file/d/12KfMheFDQxVI9W5BJbALGgmubt-Ok3rZ/view?usp=sharing,https://drive.google.com/file/d/12KfMheFDQxVI9W5BJbALGgmubt-Ok3rZ/view?usp=sharing
Ψητές επιλογές,ΟΧΙ,Ψάρι ημέρας ψητό με λαχανικά και teriyaki sauce,Ψάρι ψητό (210γρ),"Ψάρι, Μελιτζάνα, Κολοκύθι, Μανιτάρι, Πιπεριά, Σόγια, Mirin, Sake, Μέλι, Άμυλο πατάτας","Ψάρι ψητό (210γρ), Ψητά λαχανικά (150γρ), Τeriyaki sauce (30γρ)",211-4,19.38,21.90,OK,"Ψάρι, μαγειρεμένο (210γρ), Λαχανικά ψητά (150γρ), Teriyaki sauce (30γρ), Ελαιόλαδο (10γρ)",9.44,10.67,0.14,0.17,9.58,9.58,10.84,49.43%,€9.80,48.71%,0.72%,535,18,54,26,https://drive.google.com/file/d/12KfMheFDQxVI9W5BJbALGgmubt-Ok3rZ/view?usp=sharing,https://drive.google.com/file/d/12KfMheFDQxVI9W5BJbALGgmubt-Ok3rZ/view?usp=sharing
Ψητές επιλογές,ΟΧΙ,Ψάρι ημέρας ψητό με πουρέ γλυκοπατάτας και yuzu juice,"Ψάρι ψητό (120γρ), Πουρές γλυκοπατάτας (120γρ)","Ψάρι, Γλυκοπατάτα, Γάλα, Χυμός yuzu","Ψάρι ψητό (120γρ), Πουρές γλυκοπατάτας με yuzu (120γρ)",148-1,14.07,15.90,OK,"Ψάρι, μαγειρεμένο (120γρ), Πουρές γλυκοπατάτας με yuzu (120γρ)",5.02,5.67,0.14,0.17,5.16,5.16,5.85,36.67%,€8.91,35.68%,1.00%,457,21,31,27,https://drive.google.com/file/d/1cPt1lGkvvW7ua1IET_7K8C93yJ5aN6Nd/view?usp=sharing,https://drive.google.com/file/d/1cPt1lGkvvW7ua1IET_7K8C93yJ5aN6Nd/view?usp=sharing
Ψητές επιλογές,ΟΧΙ,Ψάρι ημέρας ψητό με πουρέ γλυκοπατάτας και yuzu juice,"Ψάρι ψητό (120γρ), Πουρές γλυκοπατάτας (180γρ)","Ψάρι, Γλυκοπατάτα, Γάλα, Χυμός yuzu","Ψάρι ψητό (120γρ), Πουρές γλυκοπατάτας με yuzu (180γρ)",148-2,14.60,16.50,OK,"Ψάρι, μαγειρεμένο (120γρ), Πουρές γλυκοπατάτας με yuzu (180γρ)",5.34,6.03,0.14,0.17,5.48,5.48,6.21,37.53%,€9.12,36.58%,0.96%,582,32,32,36,https://drive.google.com/file/d/1cPt1lGkvvW7ua1IET_7K8C93yJ5aN6Nd/view?usp=sharing,https://drive.google.com/file/d/1cPt1lGkvvW7ua1IET_7K8C93yJ5aN6Nd/view?usp=sharing
Ψητές επιλογές,ΟΧΙ,Ψάρι ημέρας ψητό με πουρέ γλυκοπατάτας και yuzu juice,"Ψάρι ψητό (120γρ), Πουρές γλυκοπατάτας (220γρ)","Ψάρι, Γλυκοπατάτα, Γάλα, Χυμός yuzu","Ψάρι ψητό (120γρ), Πουρές γλυκοπατάτας με yuzu (220γρ)",148-3,14.96,16.90,OK,"Ψάρι, μαγειρεμένο (120γρ), Πουρές γλυκοπατάτας με yuzu (220γρ)",5.56,6.28,0.14,0.17,5.70,5.70,6.46,38.10%,€9.26,37.17%,0.94%,666,39,33,42,https://drive.google.com/file/d/1cPt1lGkvvW7ua1IET_7K8C93yJ5aN6Nd/view?usp=sharing,https://drive.google.com/file/d/1cPt1lGkvvW7ua1IET_7K8C93yJ5aN6Nd/view?usp=sharing
Ψητές επιλογές,ΟΧΙ,Ψάρι ημέρας ψητό με πουρέ γλυκοπατάτας και yuzu juice,"Ψάρι ψητό (150γρ), Πουρές γλυκοπατάτας (120γρ)","Ψάρι, Γλυκοπατάτα, Γάλα, Χυμός yuzu","Ψάρι ψητό (150γρ), Πουρές γλυκοπατάτας με yuzu (120γρ)",148-4,15.49,17.50,OK,"Ψάρι, μαγειρεμένο (150γρ), Πουρές γλυκοπατάτας με yuzu (120γρ)",6.11,6.90,0.14,0.17,6.25,6.25,7.08,40.35%,€9.24,39.44%,0.90%,508,21,39,29,https://drive.google.com/file/d/1cPt1lGkvvW7ua1IET_7K8C93yJ5aN6Nd/view?usp=sharing,https://drive.google.com/file/d/1cPt1lGkvvW7ua1IET_7K8C93yJ5aN6Nd/view?usp=sharing
Ψητές επιλογές,ΝΑΙ,Ψάρι ημέρας ψητό με πουρέ γλυκοπατάτας και yuzu juice,"Ψάρι ψητό (150γρ), Πουρές γλυκοπατάτας (180γρ)","Ψάρι, Γλυκοπατάτα, Γάλα, Χυμός yuzu","Ψάρι ψητό (150γρ), Πουρές γλυκοπατάτας με yuzu (180γρ)",148-5,15.84,17.90,OK,"Ψάρι, μαγειρεμένο (150γρ), Πουρές γλυκοπατάτας με yuzu (180γρ)",6.43,7.27,0.14,0.17,6.57,6.57,7.44,41.48%,€9.27,40.59%,0.88%,634,32,40,38,https://drive.google.com/file/d/1cPt1lGkvvW7ua1IET_7K8C93yJ5aN6Nd/view?usp=sharing,https://drive.google.com/file/d/1cPt1lGkvvW7ua1IET_7K8C93yJ5aN6Nd/view?usp=sharing
Ψητές επιλογές,ΟΧΙ,Ψάρι ημέρας ψητό με πουρέ γλυκοπατάτας και yuzu juice,"Ψάρι ψητό (150γρ), Πουρές γλυκοπατάτας (220γρ)","Ψάρι, Γλυκοπατάτα, Γάλα, Χυμός yuzu","Ψάρι ψητό (150γρ), Πουρές γλυκοπατάτας με yuzu (220γρ)",148-6,16.37,18.50,OK,"Ψάρι, μαγειρεμένο (150γρ), Πουρές γλυκοπατάτας με yuzu (220γρ)",6.65,7.51,0.14,0.17,6.79,6.79,7.69,41.48%,€9.58,40.62%,0.86%,717,39,40,45,https://drive.google.com/file/d/1cPt1lGkvvW7ua1IET_7K8C93yJ5aN6Nd/view?usp=sharing,https://drive.google.com/file/d/1cPt1lGkvvW7ua1IET_7K8C93yJ5aN6Nd/view?usp=sharing
Ψητές επιλογές,ΟΧΙ,Ψάρι ημέρας ψητό με πουρέ γλυκοπατάτας και yuzu juice,"Ψάρι ψητό (180γρ), Πουρές γλυκοπατάτας (120γρ)","Ψάρι, Γλυκοπατάτα, Γάλα, Χυμός yuzu","Ψάρι ψητό (180γρ), Πουρές γλυκοπατάτας με yuzu (120γρ)",148-7,16.73,18.90,OK,"Ψάρι, μαγειρεμένο (180γρ), Πουρές γλυκοπατάτας με yuzu (120γρ)",7.20,8.14,0.14,0.17,7.34,7.34,8.31,43.87%,€9.39,43.04%,0.84%,560,21,46,32,https://drive.google.com/file/d/1cPt1lGkvvW7ua1IET_7K8C93yJ5aN6Nd/view?usp=sharing,https://drive.google.com/file/d/1cPt1lGkvvW7ua1IET_7K8C93yJ5aN6Nd/view?usp=sharing
Ψητές επιλογές,ΟΧΙ,Ψάρι ημέρας ψητό με πουρέ γλυκοπατάτας και yuzu juice,"Ψάρι ψητό (180γρ), Πουρές γλυκοπατάτας (180γρ)","Ψάρι, Γλυκοπατάτα, Γάλα, Χυμός yuzu","Ψάρι ψητό (180γρ), Πουρές γλυκοπατάτας με yuzu (180γρ)",148-8,17.26,19.50,OK,"Ψάρι, μαγειρεμένο (180γρ), Πουρές γλυκοπατάτας με yuzu (180γρ)",7.52,8.50,0.14,0.17,7.66,7.66,8.67,44.38%,€9.60,43.57%,0.81%,685,32,47,41,https://drive.google.com/file/d/1cPt1lGkvvW7ua1IET_7K8C93yJ5aN6Nd/view?usp=sharing,https://drive.google.com/file/d/1cPt1lGkvvW7ua1IET_7K8C93yJ5aN6Nd/view?usp=sharing
Ψητές επιλογές,ΟΧΙ,Ψάρι ημέρας ψητό με πουρέ γλυκοπατάτας και yuzu juice,"Ψάρι ψητό (180γρ), Πουρές γλυκοπατάτας (220γρ)","Ψάρι, Γλυκοπατάτα, Γάλα, Χυμός yuzu","Ψάρι ψητό (180γρ), Πουρές γλυκοπατάτας με yuzu (220γρ)",148-9,17.61,19.90,OK,"Ψάρι, μαγειρεμένο (180γρ), Πουρές γλυκοπατάτας με yuzu (220γρ)",7.74,8.75,0.14,0.17,7.88,7.88,8.92,44.75%,€9.73,43.95%,0.80%,769,39,48,47,https://drive.google.com/file/d/1cPt1lGkvvW7ua1IET_7K8C93yJ5aN6Nd/view?usp=sharing,https://drive.google.com/file/d/1cPt1lGkvvW7ua1IET_7K8C93yJ5aN6Nd/view?usp=sharing
Ψητές επιλογές,ΟΧΙ,Ψάρι ημέρας ψητό με πουρέ γλυκοπατάτας και yuzu juice,"Ψάρι ψητό (210γρ), Πουρές γλυκοπατάτας (120γρ)","Ψάρι, Γλυκοπατάτα, Γάλα, Χυμός yuzu","Ψάρι ψητό (210γρ), Πουρές γλυκοπατάτας με yuzu (120γρ)",148-10,18.14,20.50,OK,"Ψάρι, μαγειρεμένο (210γρ), Πουρές γλυκοπατάτας με yuzu (120γρ)",8.29,9.37,0.14,0.17,8.43,8.43,9.54,46.47%,€9.71,45.70%,0.77%,612,21,53,34,https://drive.google.com/file/d/1cPt1lGkvvW7ua1IET_7K8C93yJ5aN6Nd/view?usp=sharing,https://drive.google.com/file/d/1cPt1lGkvvW7ua1IET_7K8C93yJ5aN6Nd/view?usp=sharing
Ψητές επιλογές,ΟΧΙ,Ψάρι ημέρας ψητό με πουρέ γλυκοπατάτας και yuzu juice,"Ψάρι ψητό (210γρ), Πουρές γλυκοπατάτας (180γρ)","Ψάρι, Γλυκοπατάτα, Γάλα, Χυμός yuzu","Ψάρι ψητό (210γρ), Πουρές γλυκοπατάτας με yuzu (180γρ)",148-11,18.50,20.90,OK,"Ψάρι, μαγειρεμένο (210γρ), Πουρές γλυκοπατάτας με yuzu (180γρ)",8.62,9.74,0.14,0.17,8.76,8.76,9.91,47.35%,€9.74,46.59%,0.76%,737,32,54,43,https://drive.google.com/file/d/1cPt1lGkvvW7ua1IET_7K8C93yJ5aN6Nd/view?usp=sharing,https://drive.google.com/file/d/1cPt1lGkvvW7ua1IET_7K8C93yJ5aN6Nd/view?usp=sharing
Ψητές επιλογές,ΟΧΙ,Ψάρι ημέρας ψητό με πουρέ γλυκοπατάτας και yuzu juice,"Ψάρι ψητό (210γρ), Πουρές γλυκοπατάτας (220γρ)","Ψάρι, Γλυκοπατάτα, Γάλα, Χυμός yuzu","Ψάρι ψητό (210γρ), Πουρές γλυκοπατάτας με yuzu (220γρ)",148-12,19.03,21.50,OK,"Ψάρι, μαγειρεμένο (210γρ), Πουρές γλυκοπατάτας με yuzu (220γρ)",8.83,9.98,0.14,0.17,8.97,8.97,10.15,47.14%,€10.06,46.40%,0.74%,820,39,55,49,https://drive.google.com/file/d/1cPt1lGkvvW7ua1IET_7K8C93yJ5aN6Nd/view?usp=sharing,https://drive.google.com/file/d/1cPt1lGkvvW7ua1IET_7K8C93yJ5aN6Nd/view?usp=sharing
Ψητές επιλογές,ΟΧΙ,Ψάρι ημέρας ψητό με πουρέ σελινόριζας,"Ψάρι ψητό (120γρ), Πουρές σελινόριζας (120γρ)","Ψάρι, Σελινόριζα, Βούτυρο, Γάλα, Κρεμμύδι, Θυμάρι, Σκόρδο","Ψάρι ψητό (120γρ), Πουρές σελινόριζας (120γρ)",149-1,14.07,15.90,OK,"Ψάρι, μαγειρεμένο (120γρ), Πουρές σελινόριζας (120γρ)",4.61,5.21,0.14,0.17,4.75,4.75,5.38,33.76%,€9.32,32.76%,1.00%,321,10,31,17,https://drive.google.com/file/d/1gosNAkjvZvcC3mPQYCHO2JI1IM2a9Qdj/view?usp=sharing,https://drive.google.com/file/d/1gosNAkjvZvcC3mPQYCHO2JI1IM2a9Qdj/view?usp=sharing
Ψητές επιλογές,ΟΧΙ,Ψάρι ημέρας ψητό με πουρέ σελινόριζας,"Ψάρι ψητό (120γρ), Πουρές σελινόριζας (180γρ)","Ψάρι, Σελινόριζα, Βούτυρο, Γάλα, Κρεμμύδι, Θυμάρι, Σκόρδο","Ψάρι ψητό (120γρ), Πουρές σελινόριζας (180γρ)",149-2,14.60,16.50,OK,"Ψάρι, μαγειρεμένο (120γρ), Πουρές σελινόριζας (180γρ)",4.73,5.34,0.14,0.17,4.87,4.87,5.52,33.36%,€9.73,32.40%,0.96%,379,15,32,21,https://drive.google.com/file/d/1gosNAkjvZvcC3mPQYCHO2JI1IM2a9Qdj/view?usp=sharing,https://drive.google.com/file/d/1gosNAkjvZvcC3mPQYCHO2JI1IM2a9Qdj/view?usp=sharing
Ψητές επιλογές,ΟΧΙ,Ψάρι ημέρας ψητό με πουρέ σελινόριζας,"Ψάρι ψητό (120γρ), Πουρές σελινόριζας (240γρ)","Ψάρι, Σελινόριζα, Βούτυρο, Γάλα, Κρεμμύδι, Θυμάρι, Σκόρδο","Ψάρι ψητό (120γρ), Πουρές σελινόριζας (240γρ)",149-3,14.96,16.90,OK,"Ψάρι, μαγειρεμένο (120γρ), Πουρές σελινόριζας (240γρ)",4.84,5.47,0.14,0.17,4.98,4.98,5.64,33.29%,€9.98,32.35%,0.94%,436,20,33,25,https://drive.google.com/file/d/1gosNAkjvZvcC3mPQYCHO2JI1IM2a9Qdj/view?usp=sharing,https://drive.google.com/file/d/1gosNAkjvZvcC3mPQYCHO2JI1IM2a9Qdj/view?usp=sharing
Ψητές επιλογές,ΟΧΙ,Ψάρι ημέρας ψητό με πουρέ σελινόριζας,"Ψάρι ψητό (150γρ), Πουρές σελινόριζας (120γρ)","Ψάρι, Σελινόριζα, Βούτυρο, Γάλα, Κρεμμύδι, Θυμάρι, Σκόρδο","Ψάρι ψητό (150γρ), Πουρές σελινόριζας (120γρ)",149-4,15.49,17.50,OK,"Ψάρι, μαγειρεμένο (150γρ), Πουρές σελινόριζας (120γρ)",5.70,6.44,0.14,0.17,5.84,5.84,6.61,37.70%,€9.65,36.80%,0.90%,373,10,39,19,https://drive.google.com/file/d/1gosNAkjvZvcC3mPQYCHO2JI1IM2a9Qdj/view?usp=sharing,https://drive.google.com/file/d/1gosNAkjvZvcC3mPQYCHO2JI1IM2a9Qdj/view?usp=sharing
Ψητές επιλογές,ΝΑΙ,Ψάρι ημέρας ψητό με πουρέ σελινόριζας,"Ψάρι ψητό (150γρ), Πουρές σελινόριζας (180γρ)","Ψάρι, Σελινόριζα, Βούτυρο, Γάλα, Κρεμμύδι, Θυμάρι, Σκόρδο","Ψάρι ψητό (150γρ), Πουρές σελινόριζας (180γρ)",149-5,15.84,17.90,OK,"Ψάρι, μαγειρεμένο (150γρ), Πουρές σελινόριζας (180γρ)",5.82,6.58,0.14,0.17,5.96,5.96,6.75,37.63%,€9.88,36.74%,0.88%,430,15,40,23,https://drive.google.com/file/d/1gosNAkjvZvcC3mPQYCHO2JI1IM2a9Qdj/view?usp=sharing,https://drive.google.com/file/d/1gosNAkjvZvcC3mPQYCHO2JI1IM2a9Qdj/view?usp=sharing
Ψητές επιλογές,ΟΧΙ,Ψάρι ημέρας ψητό με πουρέ σελινόριζας,"Ψάρι ψητό (150γρ), Πουρές σελινόριζας (240γρ)","Ψάρι, Σελινόριζα, Βούτυρο, Γάλα, Κρεμμύδι, Θυμάρι, Σκόρδο","Ψάρι ψητό (150γρ), Πουρές σελινόριζας (240γρ)",149-6,16.37,18.50,OK,"Ψάρι, μαγειρεμένο (150γρ), Πουρές σελινόριζας (240γρ)",5.94,6.71,0.14,0.17,6.08,6.08,6.89,37.14%,€10.29,36.29%,0.86%,488,20,41,27,https://drive.google.com/file/d/1gosNAkjvZvcC3mPQYCHO2JI1IM2a9Qdj/view?usp=sharing,https://drive.google.com/file/d/1gosNAkjvZvcC3mPQYCHO2JI1IM2a9Qdj/view?usp=sharing
Ψητές επιλογές,ΟΧΙ,Ψάρι ημέρας ψητό με πουρέ σελινόριζας,"Ψάρι ψητό (180γρ), Πουρές σελινόριζας (120γρ)","Ψάρι, Σελινόριζα, Βούτυρο, Γάλα, Κρεμμύδι, Θυμάρι, Σκόρδο","Ψάρι ψητό (180γρ), Πουρές σελινόριζας (120γρ)",149-7,16.73,18.90,OK,"Ψάρι, μαγειρεμένο (180γρ), Πουρές σελινόριζας (120γρ)",6.79,7.67,0.14,0.17,6.93,6.93,7.85,41.42%,€9.80,40.59%,0.84%,424,10,46,22,https://drive.google.com/file/d/1gosNAkjvZvcC3mPQYCHO2JI1IM2a9Qdj/view?usp=sharing,https://drive.google.com/file/d/1gosNAkjvZvcC3mPQYCHO2JI1IM2a9Qdj/view?usp=sharing
Ψητές επιλογές,ΟΧΙ,Ψάρι ημέρας ψητό με πουρέ σελινόριζας,"Ψάρι ψητό (180γρ), Πουρές σελινόριζας (180γρ)","Ψάρι, Σελινόριζα, Βούτυρο, Γάλα, Κρεμμύδι, Θυμάρι, Σκόρδο","Ψάρι ψητό (180γρ), Πουρές σελινόριζας (180γρ)",149-8,17.26,19.50,OK,"Ψάρι, μαγειρεμένο (180γρ), Πουρές σελινόριζας (180γρ)",6.91,7.81,0.14,0.17,7.05,7.05,7.98,40.85%,€10.21,40.03%,0.81%,482,15,47,26,https://drive.google.com/file/d/1gosNAkjvZvcC3mPQYCHO2JI1IM2a9Qdj/view?usp=sharing,https://drive.google.com/file/d/1gosNAkjvZvcC3mPQYCHO2JI1IM2a9Qdj/view?usp=sharing
Ψητές επιλογές,ΟΧΙ,Ψάρι ημέρας ψητό με πουρέ σελινόριζας,"Ψάρι ψητό (180γρ), Πουρές σελινόριζας (240γρ)","Ψάρι, Σελινόριζα, Βούτυρο, Γάλα, Κρεμμύδι, Θυμάρι, Σκόρδο","Ψάρι ψητό (180γρ), Πουρές σελινόριζας (240γρ)",149-9,17.61,19.90,OK,"Ψάρι, μαγειρεμένο (180γρ), Πουρές σελινόριζας (240γρ)",7.03,7.94,0.14,0.17,7.17,7.17,8.12,40.72%,€10.44,39.92%,0.80%,539,20,48,30,https://drive.google.com/file/d/1gosNAkjvZvcC3mPQYCHO2JI1IM2a9Qdj/view?usp=sharing,https://drive.google.com/file/d/1gosNAkjvZvcC3mPQYCHO2JI1IM2a9Qdj/view?usp=sharing
Ψητές επιλογές,ΟΧΙ,Ψάρι ημέρας ψητό με πουρέ σελινόριζας,"Ψάρι ψητό (210γρ), Πουρές σελινόριζας (180γρ)","Ψάρι, Σελινόριζα, Βούτυρο, Γάλα, Κρεμμύδι, Θυμάρι, Σκόρδο","Ψάρι ψητό (210γρ), Πουρές σελινόριζας (180γρ)",149-10,18.14,20.50,OK,"Ψάρι, μαγειρεμένο (210γρ), Πουρές σελινόριζας (180γρ)",8.00,9.04,0.14,0.17,8.14,8.14,9.21,44.87%,€10.00,44.10%,0.77%,533,15,54,28,https://drive.google.com/file/d/1gosNAkjvZvcC3mPQYCHO2JI1IM2a9Qdj/view?usp=sharing,https://drive.google.com/file/d/1gosNAkjvZvcC3mPQYCHO2JI1IM2a9Qdj/view?usp=sharing
Ψητές επιλογές,ΟΧΙ,Ψάρι ημέρας ψητό με πουρέ σελινόριζας,"Ψάρι ψητό (210γρ), Πουρές σελινόριζας (240γρ)","Ψάρι, Σελινόριζα, Βούτυρο, Γάλα, Κρεμμύδι, Θυμάρι, Σκόρδο","Ψάρι ψητό (210γρ), Πουρές σελινόριζας (240γρ)",149-11,18.50,20.90,OK,"Ψάρι, μαγειρεμένο (210γρ), Πουρές σελινόριζας (240γρ)",8.12,9.18,0.14,0.17,8.26,8.26,9.35,44.65%,€10.24,43.89%,0.76%,591,20,55,32,https://drive.google.com/file/d/1gosNAkjvZvcC3mPQYCHO2JI1IM2a9Qdj/view?usp=sharing,https://drive.google.com/file/d/1gosNAkjvZvcC3mPQYCHO2JI1IM2a9Qdj/view?usp=sharing
Ψητές επιλογές,ΟΧΙ,Ψάρι ημέρας ψητό με πουρέ σελινόριζας,"Ψάρι ψητό (210γρ), Πουρές σελινόριζας (280γρ)","Ψάρι, Σελινόριζα, Βούτυρο, Γάλα, Κρεμμύδι, Θυμάρι, Σκόρδο","Ψάρι ψητό (210γρ), Πουρές σελινόριζας (280γρ)",149-12,19.03,21.50,OK,"Ψάρι, μαγειρεμένο (210γρ), Πουρές σελινόριζας (280γρ)",8.20,9.27,0.14,0.17,8.34,8.34,9.44,43.83%,€10.69,43.09%,0.74%,629,23,56,34,https://drive.google.com/file/d/1gosNAkjvZvcC3mPQYCHO2JI1IM2a9Qdj/view?usp=sharing,https://drive.google.com/file/d/1gosNAkjvZvcC3mPQYCHO2JI1IM2a9Qdj/view?usp=sharing
Ψητές επιλογές,ΟΧΙ,Ψάρι ημέρας ψητό με σαλάτα ταμπουλέ,"Ψάρι ψητό (120γρ), Ταμπουλέ (170γρ)","Ψάρι, Αγγούρι, Ντομάτα, Κινόα, Πλιγούρι, Βαλσάμικο","Ψάρι ψητό (120γρ), Ταμπουλέ (170γρ)",250-1,14.60,16.50,OK,"Ψάρι, μαγειρεμένο (120γρ), Ταμπουλέ (170γρ)",4.67,5.28,0.14,0.17,4.81,4.81,5.45,32.95%,€9.79,31.99%,0.96%,413,31,35,17,https://drive.google.com/file/d/1wbh3WlkHHcSIgJ5jvpRhHK5Pq02eHY6U/view?usp=sharing,https://drive.google.com/file/d/1wbh3WlkHHcSIgJ5jvpRhHK5Pq02eHY6U/view?usp=sharing
Ψητές επιλογές,ΝΑΙ,Ψάρι ημέρας ψητό με σαλάτα ταμπουλέ,"Ψάρι ψητό (150γρ), Ταμπουλέ (170γρ)","Ψάρι, Αγγούρι, Ντομάτα, Κινόα, Πλιγούρι, Βαλσάμικο","Ψάρι ψητό (150γρ), Ταμπουλέ (170γρ)",250-2,15.84,17.90,OK,"Ψάρι, μαγειρεμένο (150γρ), Ταμπουλέ (170γρ)",5.76,6.51,0.14,0.17,5.90,5.90,6.68,37.25%,€9.94,36.36%,0.88%,464,31,42,19,https://drive.google.com/file/d/1wbh3WlkHHcSIgJ5jvpRhHK5Pq02eHY6U/view?usp=sharing,https://drive.google.com/file/d/1wbh3WlkHHcSIgJ5jvpRhHK5Pq02eHY6U/view?usp=sharing
Ψητές επιλογές,ΟΧΙ,Ψάρι ημέρας ψητό με σαλάτα ταμπουλέ,"Ψάρι ψητό (180γρ), Ταμπουλέ (170γρ)","Ψάρι, Αγγούρι, Ντομάτα, Κινόα, Πλιγούρι, Βαλσάμικο","Ψάρι ψητό (180γρ), Ταμπουλέ (170γρ)",250-3,18.14,20.50,OK,"Ψάρι, μαγειρεμένο (180γρ), Ταμπουλέ (170γρ)",6.85,7.74,0.14,0.17,6.99,6.99,7.91,38.53%,€11.15,37.76%,0.77%,516,31,50,21,https://drive.google.com/file/d/1wbh3WlkHHcSIgJ5jvpRhHK5Pq02eHY6U/view?usp=sharing,https://drive.google.com/file/d/1wbh3WlkHHcSIgJ5jvpRhHK5Pq02eHY6U/view?usp=sharing
Ψητές επιλογές,ΟΧΙ,Ψάρι ημέρας ψητό με σαλάτα ταμπουλέ,"Ψάρι ψητό (210γρ), Ταμπουλέ (170γρ)","Ψάρι, Αγγούρι, Ντομάτα, Κινόα, Πλιγούρι, Βαλσάμικο","Ψάρι ψητό (210γρ), Ταμπουλέ (170γρ)",250-4,19.38,21.90,OK,"Ψάρι, μαγειρεμένο (210γρ), Ταμπουλέ (170γρ)",7.95,8.98,0.14,0.17,8.09,8.09,9.16,41.74%,€11.29,41.02%,0.72%,567,31,57,23,https://drive.google.com/file/d/1wbh3WlkHHcSIgJ5jvpRhHK5Pq02eHY6U/view?usp=sharing,https://drive.google.com/file/d/1wbh3WlkHHcSIgJ5jvpRhHK5Pq02eHY6U/view?usp=sharing
Ψητές επιλογές,ΟΧΙ,Ψάρι ημέρας ψητό με σαλάτα φακές,"Ψάρι ψητό (120γρ), Φακές (100γρ)","Ψάρι, Φακή, Καρότο, Κολοκύθι, Πιπεριά φλωρίνης, Μαϊντανός, Χυμός λεμονιού, Βαλσάμικο","Ψάρι ψητό (120γρ), Φακές (100γρ), Λαχανικά (50γρ)",150-1,14.60,16.50,OK,"Ψάρι, μαγειρεμένο (120γρ), Φακή σαλάτα (150γρ)",4.54,5.13,0.14,0.17,4.68,4.68,5.30,32.05%,€9.92,31.10%,0.96%,373,26,40,12,https://drive.google.com/file/d/1toxghQyOzayTWH2ymzPwRR6nOqYbryg0/view?usp=sharing,https://drive.google.com/file/d/1toxghQyOzayTWH2ymzPwRR6nOqYbryg0/view?usp=sharing
Ψητές επιλογές,ΝΑΙ,Ψάρι ημέρας ψητό με σαλάτα φακές,"Ψάρι ψητό (150γρ), Φακές (100γρ)","Ψάρι, Φακή, Καρότο, Κολοκύθι, Πιπεριά φλωρίνης, Μαϊντανός, Χυμός λεμονιού, Βαλσάμικο","Ψάρι ψητό (150γρ), Φακές (100γρ), Λαχανικά (50γρ)",150-2,15.84,17.90,OK,"Ψάρι, μαγειρεμένο (150γρ), Φακή σαλάτα (150γρ)",5.63,6.36,0.14,0.17,5.77,5.77,6.54,36.43%,€10.07,35.54%,0.88%,424,26,47,14,https://drive.google.com/file/d/1toxghQyOzayTWH2ymzPwRR6nOqYbryg0/view?usp=sharing,https://drive.google.com/file/d/1toxghQyOzayTWH2ymzPwRR6nOqYbryg0/view?usp=sharing
Ψητές επιλογές,ΟΧΙ,Ψάρι ημέρας ψητό με σαλάτα φακές,"Ψάρι ψητό (180γρ), Φακές (100γρ)","Ψάρι, Φακή, Καρότο, Κολοκύθι, Πιπεριά φλωρίνης, Μαϊντανός, Χυμός λεμονιού, Βαλσάμικο","Ψάρι ψητό (180γρ), Φακές (100γρ), Λαχανικά (50γρ)",150-3,18.14,20.50,OK,"Ψάρι, μαγειρεμένο (180γρ), Φακή σαλάτα (150γρ)",6.72,7.59,0.14,0.17,6.86,6.86,7.77,37.82%,€11.28,37.05%,0.77%,476,26,55,16,https://drive.google.com/file/d/1toxghQyOzayTWH2ymzPwRR6nOqYbryg0/view?usp=sharing,https://drive.google.com/file/d/1toxghQyOzayTWH2ymzPwRR6nOqYbryg0/view?usp=sharing
Ψητές επιλογές,ΟΧΙ,Ψάρι ημέρας ψητό με σαλάτα φακές,"Ψάρι ψητό (210γρ), Φακές (100γρ)","Ψάρι, Φακή, Καρότο, Κολοκύθι, Πιπεριά φλωρίνης, Μαϊντανός, Χυμός λεμονιού, Βαλσάμικο","Ψάρι ψητό (210γρ), Φακές (100γρ), Λαχανικά (50γρ)",150-4,19.38,21.90,OK,"Ψάρι, μαγειρεμένο (210γρ), Φακή σαλάτα (150γρ)",7.82,8.84,0.14,0.17,7.96,7.96,9.01,41.07%,€11.42,40.35%,0.72%,528,26,62,18,https://drive.google.com/file/d/1toxghQyOzayTWH2ymzPwRR6nOqYbryg0/view?usp=sharing,https://drive.google.com/file/d/1toxghQyOzayTWH2ymzPwRR6nOqYbryg0/view?usp=sharing
Ψητές επιλογές,ΟΧΙ,"Ψάρι ημέρας ψητό με φάβα, σάλτσα ψαριού και χόρτα","Ψάρι ψητό (120γρ), Κρέμα φάβας (120γρ)","Μαυρομάτικα φασόλια, Κινόα, Πέστροφα, Φρέσκο κρεμμυδάκι, Μαϊντανός, Κόκκινη πιπεριά, Βαλσάμικο, Μουστάρδα, Σκόρδο, Μέλι","Ψάρι ψητό (120γρ), Κρέμα φάβας (120γρ), Χόρτα εποχής (40γρ), Dressing (20γρ)",265-1,14.60,16.50,OK,"Ψάρι, μαγειρεμένο (120γρ), Κρέμα φάβας (120γρ), Χόρτα αχνιστά (40γρ), Σάλτσα ψαριού με λεμόνι,γιαούρτι και ζωμό ψαριού (20γρ)",4.86,5.49,0.14,0.17,5.00,5.00,5.67,34.25%,€9.60,33.29%,0.96%,437,19,36,24,https://drive.google.com/file/d/1B8qdRrDQlgOLNTV9gKgftUulqtHaxZHr/view?usp=sharing,https://drive.google.com/file/d/1B8qdRrDQlgOLNTV9gKgftUulqtHaxZHr/view?usp=sharing
Ψητές επιλογές,ΝΑΙ,"Ψάρι ημέρας ψητό με φάβα, σάλτσα ψαριού και χόρτα","Ψάρι ψητό (150γρ), Κρέμα φάβας (120γρ)","Μαυρομάτικα φασόλια, Κινόα, Πέστροφα, Φρέσκο κρεμμυδάκι, Μαϊντανός, Κόκκινη πιπεριά, Βαλσάμικο, Μουστάρδα, Σκόρδο, Μέλι","Ψάρι ψητό (150γρ), Κρέμα φάβας (120γρ), Χόρτα εποχής (40γρ), Dressing (20γρ)",265-2,15.84,17.90,OK,"Ψάρι, μαγειρεμένο (150γρ), Κρέμα φάβας (120γρ), Χόρτα αχνιστά (40γρ), Σάλτσα ψαριού με λεμόνι,γιαούρτι και ζωμό ψαριού (20γρ)",5.95,6.72,0.14,0.17,6.09,6.09,6.90,38.45%,€9.75,37.56%,0.88%,488,19,44,26,https://drive.google.com/file/d/1B8qdRrDQlgOLNTV9gKgftUulqtHaxZHr/view?usp=sharing,https://drive.google.com/file/d/1B8qdRrDQlgOLNTV9gKgftUulqtHaxZHr/view?usp=sharing
Ψητές επιλογές,ΟΧΙ,"Ψάρι ημέρας ψητό με φάβα, σάλτσα ψαριού και χόρτα","Ψάρι ψητό (180γρ), Κρέμα φάβας (150γρ)","Μαυρομάτικα φασόλια, Κινόα, Πέστροφα, Φρέσκο κρεμμυδάκι, Μαϊντανός, Κόκκινη πιπεριά, Βαλσάμικο, Μουστάρδα, Σκόρδο, Μέλι","Ψάρι ψητό (180γρ), Κρέμα φάβας (150γρ), Χόρτα εποχής (40γρ), Dressing (20γρ)",265-3,18.14,20.50,OK,"Ψάρι, μαγειρεμένο (180γρ), Κρέμα φάβας (150γρ), Χόρτα αχνιστά (40γρ), Σάλτσα ψαριού με λεμόνι,γιαούρτι και ζωμό ψαριού (20γρ)",7.10,8.02,0.14,0.17,7.24,7.24,8.20,39.91%,€10.90,39.14%,0.77%,564,24,52,29,https://drive.google.com/file/d/1B8qdRrDQlgOLNTV9gKgftUulqtHaxZHr/view?usp=sharing,https://drive.google.com/file/d/1B8qdRrDQlgOLNTV9gKgftUulqtHaxZHr/view?usp=sharing
Ψητές επιλογές,ΟΧΙ,"Ψάρι ημέρας ψητό με φάβα, σάλτσα ψαριού και χόρτα","Ψάρι ψητό (210γρ), Κρέμα φάβας (150γρ)","Μαυρομάτικα φασόλια, Κινόα, Πέστροφα, Φρέσκο κρεμμυδάκι, Μαϊντανός, Κόκκινη πιπεριά, Βαλσάμικο, Μουστάρδα, Σκόρδο, Μέλι","Ψάρι ψητό (210γρ), Κρέμα φάβας (150γρ), Χόρτα εποχής (40γρ), Dressing (20γρ)",265-4,19.38,21.90,OK,"Ψάρι, μαγειρεμένο (210γρ), Κρέμα φάβας (150γρ), Χόρτα αχνιστά (40γρ), Σάλτσα ψαριού με λεμόνι,γιαούρτι και ζωμό ψαριού (20γρ)",8.19,9.25,0.14,0.17,8.33,8.33,9.43,42.98%,€11.05,42.26%,0.72%,615,24,60,31,https://drive.google.com/file/d/1B8qdRrDQlgOLNTV9gKgftUulqtHaxZHr/view?usp=sharing,https://drive.google.com/file/d/1B8qdRrDQlgOLNTV9gKgftUulqtHaxZHr/view?usp=sharing
Ψητές επιλογές,ΟΧΙ,Ψάρι ημέρας ψητό με αχνιστά χόρτα και κρέμα λεμόνι,Ψάρι ψητό (120γρ),"Ψάρι, Χόρτα, Χυμός λεμονιού, Μέλι ","Ψάρι ψητό (120γρ), Χόρτα (100γρ), Κρέμα λεμόνι (10γρ)",213-1,14.60,16.50,OK,"Ψάρι, μαγειρεμένο (120γρ), Χόρτα αχνιστά (100γρ), Κρέμα λεμόνι (10γρ)",4.73,5.34,0.14,0.17,4.87,4.87,5.52,33.36%,€9.73,32.40%,0.96%,244,8,32,9,https://drive.google.com/file/d/1NuDQHfPZiPhQdCV29zp2TyGUT2blQfvi/view?usp=sharing,https://drive.google.com/file/d/1NuDQHfPZiPhQdCV29zp2TyGUT2blQfvi/view?usp=sharing
Ψητές επιλογές,ΝΑΙ,Ψάρι ημέρας ψητό με αχνιστά χόρτα και κρέμα λεμόνι,Ψάρι ψητό (150γρ),"Ψάρι, Χόρτα, Χυμός λεμονιού, Μέλι ","Ψάρι ψητό (150γρ), Χόρτα (100γρ), Κρέμα λεμόνι (10γρ)",213-2,15.84,17.90,OK,"Ψάρι, μαγειρεμένο (150γρ), Χόρτα αχνιστά (100γρ), Κρέμα λεμόνι (10γρ)",5.82,6.58,0.14,0.17,5.96,5.96,6.75,37.63%,€9.88,36.74%,0.88%,295,8,40,12,https://drive.google.com/file/d/1NuDQHfPZiPhQdCV29zp2TyGUT2blQfvi/view?usp=sharinghttps://drive.google.com/file/d/1NuDQHfPZiPhQdCV29zp2TyGUT2blQfvi/view?usp=sharing,https://drive.google.com/file/d/1NuDQHfPZiPhQdCV29zp2TyGUT2blQfvi/view?usp=sharinghttps://drive.google.com/file/d/1NuDQHfPZiPhQdCV29zp2TyGUT2blQfvi/view?usp=sharing
Ψητές επιλογές,ΟΧΙ,Ψάρι ημέρας ψητό με αχνιστά χόρτα και κρέμα λεμόνι,Ψάρι ψητό (180γρ),"Ψάρι, Χόρτα, Χυμός λεμονιού, Μέλι ","Ψάρι ψητό (180γρ), Χόρτα (100γρ), Κρέμα λεμόνι (10γρ)",213-3,18.14,20.50,OK,"Ψάρι, μαγειρεμένο (180γρ), Χόρτα αχνιστά (100γρ), Κρέμα λεμόνι (10γρ)",6.91,7.81,0.14,0.17,7.05,7.05,7.98,38.86%,€11.09,38.09%,0.77%,347,8,47,14,https://drive.google.com/file/d/1NuDQHfPZiPhQdCV29zp2TyGUT2blQfvi/view?usp=sharinghttps://drive.google.com/file/d/1NuDQHfPZiPhQdCV29zp2TyGUT2blQfvi/view?usp=sharing,https://drive.google.com/file/d/1NuDQHfPZiPhQdCV29zp2TyGUT2blQfvi/view?usp=sharinghttps://drive.google.com/file/d/1NuDQHfPZiPhQdCV29zp2TyGUT2blQfvi/view?usp=sharing
Ψητές επιλογές,ΟΧΙ,Ψάρι ημέρας ψητό με αχνιστά χόρτα και κρέμα λεμόνι,Ψάρι ψητό (210γρ),"Ψάρι, Χόρτα, Χυμός λεμονιού, Μέλι ","Ψάρι ψητό (210γρ), Χόρτα (100γρ), Κρέμα λεμόνι (10γρ)",213-4,19.38,21.90,OK,"Ψάρι, μαγειρεμένο (210γρ), Χόρτα αχνιστά (100γρ), Κρέμα λεμόνι (10γρ)",8.01,9.05,0.14,0.17,8.15,8.15,9.22,42.05%,€11.23,41.33%,0.72%,399,8,54,16,https://drive.google.com/file/d/1NuDQHfPZiPhQdCV29zp2TyGUT2blQfvi/view?usp=sharing,https://drive.google.com/file/d/1NuDQHfPZiPhQdCV29zp2TyGUT2blQfvi/view?usp=sharing
Ψητές επιλογές,ΟΧΙ,Ψάρι ημέρας ψητό με ρύζι basmati και μπρόκολο ατμού,"Ψάρι ψητό (120γρ), Ρύζι basmati (60γρ)","Ψάρι, Ρύζι, Μπρόκολο ","Ψάρι ψητό (120γρ), Ρύζι basmati (60γρ), Μπρόκολο (80γρ)",145-1,14.07,15.90,OK,"Ψάρι, μαγειρεμένο (120γρ), Ρύζι (60γρ), Μπρόκολο, ατμού (80γρ)",4.70,5.31,0.14,0.17,4.84,4.84,5.48,34.40%,€9.23,33.40%,1.00%,326,21,33,12,https://drive.google.com/file/d/1rBKVTsBqc7LG9kJKrqtGZKHmF34Sisk0/view?usp=sharing,https://drive.google.com/file/d/1rBKVTsBqc7LG9kJKrqtGZKHmF34Sisk0/view?usp=sharing
Ψητές επιλογές,ΟΧΙ,Ψάρι ημέρας ψητό με ρύζι basmati και μπρόκολο ατμού,"Ψάρι ψητό (120γρ), Ρύζι basmati (120γρ)","Ψάρι, Ρύζι, Μπρόκολο ","Ψάρι ψητό (120γρ), Ρύζι basmati (120γρ), Μπρόκολο (80γρ)",145-2,14.60,16.50,OK,"Ψάρι, μαγειρεμένο (120γρ), Ρύζι (120γρ), Μπρόκολο, ατμού (80γρ)",4.76,5.38,0.14,0.17,4.90,4.90,5.55,33.56%,€9.70,32.60%,0.96%,418,36,35,14,https://drive.google.com/file/d/1rBKVTsBqc7LG9kJKrqtGZKHmF34Sisk0/view?usp=sharing,https://drive.google.com/file/d/1rBKVTsBqc7LG9kJKrqtGZKHmF34Sisk0/view?usp=sharing
Ψητές επιλογές,ΟΧΙ,Ψάρι ημέρας ψητό με ρύζι basmati και μπρόκολο ατμού,"Ψάρι ψητό (120γρ), Ρύζι basmati (180γρ)","Ψάρι, Ρύζι, Μπρόκολο ","Ψάρι ψητό (120γρ), Ρύζι basmati (180γρ), Μπρόκολο (80γρ)",145-3,14.96,16.90,OK,"Ψάρι, μαγειρεμένο (120γρ), Ρύζι (180γρ), Μπρόκολο, ατμού (80γρ)",4.83,5.46,0.14,0.17,4.97,4.97,5.63,33.22%,€9.99,32.29%,0.94%,510,51,36,17,https://drive.google.com/file/d/1rBKVTsBqc7LG9kJKrqtGZKHmF34Sisk0/view?usp=sharing,https://drive.google.com/file/d/1rBKVTsBqc7LG9kJKrqtGZKHmF34Sisk0/view?usp=sharing
Ψητές επιλογές,ΟΧΙ,Ψάρι ημέρας ψητό με ρύζι basmati και μπρόκολο ατμού,"Ψάρι ψητό (150γρ), Ρύζι basmati (60γρ)","Ψάρι, Ρύζι, Μπρόκολο ","Ψάρι ψητό (150γρ), Ρύζι basmati (60γρ), Μπρόκολο (80γρ)",145-4,15.49,17.50,OK,"Ψάρι, μαγειρεμένο (150γρ), Ρύζι (60γρ), Μπρόκολο, ατμού (80γρ)",5.79,6.54,0.14,0.17,5.93,5.93,6.72,38.28%,€9.56,37.38%,0.90%,377,21,40,14,https://drive.google.com/file/d/1rBKVTsBqc7LG9kJKrqtGZKHmF34Sisk0/view?usp=sharing,https://drive.google.com/file/d/1rBKVTsBqc7LG9kJKrqtGZKHmF34Sisk0/view?usp=sharing
Ψητές επιλογές,ΝΑΙ,Ψάρι ημέρας ψητό με ρύζι basmati και μπρόκολο ατμού,"Ψάρι ψητό (150γρ), Ρύζι basmati (120γρ)","Ψάρι, Ρύζι, Μπρόκολο ","Ψάρι ψητό (150γρ), Ρύζι basmati (120γρ), Μπρόκολο (80γρ)",145-5,15.84,17.90,OK,"Ψάρι, μαγειρεμένο (150γρ), Ρύζι (120γρ), Μπρόκολο, ατμού (80γρ)",5.85,6.61,0.14,0.17,5.99,5.99,6.78,37.82%,€9.85,36.93%,0.88%,469,36,42,17,https://drive.google.com/file/d/1rBKVTsBqc7LG9kJKrqtGZKHmF34Sisk0/view?usp=sharing,https://drive.google.com/file/d/1rBKVTsBqc7LG9kJKrqtGZKHmF34Sisk0/view?usp=sharing
Ψητές επιλογές,ΟΧΙ,Ψάρι ημέρας ψητό με ρύζι basmati και μπρόκολο ατμού,"Ψάρι ψητό (150γρ), Ρύζι basmati (180γρ)","Ψάρι, Ρύζι, Μπρόκολο ","Ψάρι ψητό (150γρ), Ρύζι basmati (180γρ), Μπρόκολο (80γρ)",145-6,16.37,18.50,OK,"Ψάρι, μαγειρεμένο (150γρ), Ρύζι (180γρ), Μπρόκολο, ατμού (80γρ)",5.92,6.69,0.14,0.17,6.06,6.06,6.86,37.02%,€10.31,36.16%,0.86%,561,51,43,19,https://drive.google.com/file/d/1rBKVTsBqc7LG9kJKrqtGZKHmF34Sisk0/view?usp=sharing,https://drive.google.com/file/d/1rBKVTsBqc7LG9kJKrqtGZKHmF34Sisk0/view?usp=sharing
Ψητές επιλογές,ΟΧΙ,Ψάρι ημέρας ψητό με ρύζι basmati και μπρόκολο ατμού,"Ψάρι ψητό (180γρ), Ρύζι basmati (120γρ)","Ψάρι, Ρύζι, Μπρόκολο ","Ψάρι ψητό (180γρ), Ρύζι basmati (120γρ), Μπρόκολο (80γρ)",145-7,16.73,18.90,OK,"Ψάρι, μαγειρεμένο (180γρ), Ρύζι (120γρ), Μπρόκολο, ατμού (80γρ)",6.95,7.85,0.14,0.17,7.09,7.09,8.03,42.38%,€9.64,41.54%,0.84%,521,36,49,19,https://drive.google.com/file/d/1rBKVTsBqc7LG9kJKrqtGZKHmF34Sisk0/view?usp=sharing,https://drive.google.com/file/d/1rBKVTsBqc7LG9kJKrqtGZKHmF34Sisk0/view?usp=sharing
Ψητές επιλογές,ΟΧΙ,Ψάρι ημέρας ψητό με ρύζι basmati και μπρόκολο ατμού,"Ψάρι ψητό (180γρ), Ρύζι basmati (180γρ)","Ψάρι, Ρύζι, Μπρόκολο ","Ψάρι ψητό (180γρ), Ρύζι basmati (180γρ), Μπρόκολο (80γρ)",145-8,17.26,19.50,OK,"Ψάρι, μαγειρεμένο (180γρ), Ρύζι (180γρ), Μπρόκολο, ατμού (80γρ)",7.01,7.92,0.14,0.17,7.15,7.15,8.09,41.43%,€10.11,40.61%,0.81%,613,51,51,22,https://drive.google.com/file/d/1rBKVTsBqc7LG9kJKrqtGZKHmF34Sisk0/view?usp=sharing,https://drive.google.com/file/d/1rBKVTsBqc7LG9kJKrqtGZKHmF34Sisk0/view?usp=sharing
Ψητές επιλογές,ΟΧΙ,Ψάρι ημέρας ψητό με ρύζι basmati και μπρόκολο ατμού,"Ψάρι ψητό (180γρ), Ρύζι basmati (240γρ)","Ψάρι, Ρύζι, Μπρόκολο ","Ψάρι ψητό (180γρ), Ρύζι basmati (240γρ), Μπρόκολο (80γρ)",145-9,17.61,19.90,OK,"Ψάρι, μαγειρεμένο (180γρ), Ρύζι (240γρ), Μπρόκολο, ατμού (80γρ)",7.07,7.99,0.14,0.17,7.21,7.21,8.16,40.94%,€10.40,40.15%,0.80%,705,67,52,24,https://drive.google.com/file/d/1rBKVTsBqc7LG9kJKrqtGZKHmF34Sisk0/view?usp=sharing,https://drive.google.com/file/d/1rBKVTsBqc7LG9kJKrqtGZKHmF34Sisk0/view?usp=sharing
Ψητές επιλογές,ΟΧΙ,Ψάρι ημέρας ψητό με ρύζι basmati και μπρόκολο ατμού,"Ψάρι ψητό (210γρ), Ρύζι basmati (120γρ)","Ψάρι, Ρύζι, Μπρόκολο ","Ψάρι ψητό (210γρ), Ρύζι basmati (120γρ), Μπρόκολο (80γρ)",145-10,18.14,20.50,OK,"Ψάρι, μαγειρεμένο (210γρ), Ρύζι (120γρ), Μπρόκολο, ατμού (80γρ)",8.04,9.09,0.14,0.17,8.18,8.18,9.26,45.09%,€9.96,44.32%,0.77%,572,36,57,21,https://drive.google.com/file/d/1rBKVTsBqc7LG9kJKrqtGZKHmF34Sisk0/view?usp=sharing,https://drive.google.com/file/d/1rBKVTsBqc7LG9kJKrqtGZKHmF34Sisk0/view?usp=sharing
Ψητές επιλογές,ΟΧΙ,Ψάρι ημέρας ψητό με ρύζι basmati και μπρόκολο ατμού,"Ψάρι ψητό (210γρ), Ρύζι basmati (180γρ)","Ψάρι, Ρύζι, Μπρόκολο ","Ψάρι ψητό (210γρ), Ρύζι basmati (180γρ), Μπρόκολο (80γρ)",145-11,18.50,20.90,OK,"Ψάρι, μαγειρεμένο (210γρ), Ρύζι (180γρ), Μπρόκολο, ατμού (80γρ)",8.10,9.15,0.14,0.17,8.24,8.24,9.33,44.54%,€10.26,43.78%,0.76%,664,51,58,24,https://drive.google.com/file/d/1rBKVTsBqc7LG9kJKrqtGZKHmF34Sisk0/view?usp=sharing,https://drive.google.com/file/d/1rBKVTsBqc7LG9kJKrqtGZKHmF34Sisk0/view?usp=sharing
Ψητές επιλογές,ΟΧΙ,Ψάρι ημέρας ψητό με ρύζι basmati και μπρόκολο ατμού,"Ψάρι ψητό (210γρ), Ρύζι basmati (240γρ)","Ψάρι, Ρύζι, Μπρόκολο ","Ψάρι ψητό (210γρ), Ρύζι basmati (240γρ), Μπρόκολο (80γρ)",145-12,19.03,21.50,OK,"Ψάρι, μαγειρεμένο (210γρ), Ρύζι (240γρ), Μπρόκολο, ατμού (80γρ)",8.17,9.23,0.14,0.17,8.31,8.31,9.41,43.67%,€10.72,42.93%,0.74%,756,67,60,26,https://drive.google.com/file/d/1rBKVTsBqc7LG9kJKrqtGZKHmF34Sisk0/view?usp=sharing,https://drive.google.com/file/d/1rBKVTsBqc7LG9kJKrqtGZKHmF34Sisk0/view?usp=sharing
Μαγειρευτά,ΟΧΙ,Ψαρονέφρι με δαμάσκηνα και άγριο ρύζι,"Ψαρονέφρι (120γρ), Άγριο ρύζι (60γρ)","Ψαρονέφρι, Δαμάσκηνα, Κρεμμύδι, Καρότο, Σκόρδο, Αλεύρι, Ζωμός κοτόπουλου, Ρύζι","Ψαρονέφρι (120γρ), Άγριο ρύζι (60γρ), Δαμάσκηνα αποξηραμένα (20γρ), Σάλτσα (40γρ)",201-1,8.76,9.90,OK,"Ψαρονέφρι, μαγειρεμένο (120γρ), Άγριο ρύζι (60γρ), Δαμάσκηνα χωρίς κουκούτσι (20γρ), Σάλτσα (με δαμάσκηνα) (40γρ)",1.92,2.17,0.14,0.17,2.06,2.06,2.34,23.52%,€6.70,21.92%,1.60%,340,27,36,9,https://drive.google.com/file/d/16M47byFf8-xnxixvP47l4lwNZFeHjrMD/view?usp=sharing,https://drive.google.com/file/d/16M47byFf8-xnxixvP47l4lwNZFeHjrMD/view?usp=sharing
Μαγειρευτά,ΟΧΙ,Ψαρονέφρι με δαμάσκηνα και άγριο ρύζι,"Ψαρονέφρι (120γρ), Άγριο ρύζι (120γρ)","Ψαρονέφρι, Δαμάσκηνα, Κρεμμύδι, Καρότο, Σκόρδο, Αλεύρι, Ζωμός κοτόπουλου, Ρύζι","Ψαρονέφρι (120γρ), Άγριο ρύζι (120γρ), Δαμάσκηνα αποξηραμένα (20γρ), Σάλτσα (40γρ)",201-2,9.20,10.40,OK,"Ψαρονέφρι, μαγειρεμένο (120γρ), Άγριο ρύζι (120γρ), Δαμάσκηνα χωρίς κουκούτσι (20γρ), Σάλτσα (με δαμάσκηνα) (40γρ)",2.01,2.27,0.14,0.17,2.15,2.15,2.44,23.37%,€7.05,21.85%,1.52%,418,39,38,12,https://drive.google.com/file/d/16M47byFf8-xnxixvP47l4lwNZFeHjrMD/view?usp=sharing,https://drive.google.com/file/d/16M47byFf8-xnxixvP47l4lwNZFeHjrMD/view?usp=sharing
Μαγειρευτά,ΟΧΙ,Ψαρονέφρι με δαμάσκηνα και άγριο ρύζι,"Ψαρονέφρι (120γρ), Άγριο ρύζι (180γρ)","Ψαρονέφρι, Δαμάσκηνα, Κρεμμύδι, Καρότο, Σκόρδο, Αλεύρι, Ζωμός κοτόπουλου, Ρύζι","Ψαρονέφρι (120γρ), Άγριο ρύζι (180γρ), Δαμάσκηνα αποξηραμένα (20γρ), Σάλτσα (40γρ)",201-3,9.65,10.90,OK,"Ψαρονέφρι, μαγειρεμένο (120γρ), Άγριο ρύζι (180γρ), Δαμάσκηνα χωρίς κουκούτσι (20γρ), Σάλτσα (με δαμάσκηνα) (40γρ)",2.10,2.37,0.14,0.17,2.24,2.24,2.55,23.21%,€7.41,21.76%,1.45%,495,50,41,15,https://drive.google.com/file/d/16M47byFf8-xnxixvP47l4lwNZFeHjrMD/view?usp=sharing,https://drive.google.com/file/d/16M47byFf8-xnxixvP47l4lwNZFeHjrMD/view?usp=sharing
Μαγειρευτά,ΟΧΙ,Ψαρονέφρι με δαμάσκηνα και άγριο ρύζι,"Ψαρονέφρι (150γρ), Άγριο ρύζι (60γρ)","Ψαρονέφρι, Δαμάσκηνα, Κρεμμύδι, Καρότο, Σκόρδο, Αλεύρι, Ζωμός κοτόπουλου, Ρύζι","Ψαρονέφρι (150γρ), Άγριο ρύζι (60γρ), Δαμάσκηνα αποξηραμένα (20γρ), Σάλτσα (40γρ)",201-4,9.65,10.90,OK,"Ψαρονέφρι, μαγειρεμένο (150γρ), Άγριο ρύζι (60γρ), Δαμάσκηνα χωρίς κουκούτσι (20γρ), Σάλτσα (με δαμάσκηνα) (40γρ)",2.28,2.58,0.14,0.17,2.42,2.42,2.75,25.08%,€7.23,23.63%,1.45%,383,27,44,10,https://drive.google.com/file/d/16M47byFf8-xnxixvP47l4lwNZFeHjrMD/view?usp=sharing,https://drive.google.com/file/d/16M47byFf8-xnxixvP47l4lwNZFeHjrMD/view?usp=sharing
Μαγειρευτά,ΟΧΙ,Ψαρονέφρι με δαμάσκηνα και άγριο ρύζι,"Ψαρονέφρι (150γρ), Άγριο ρύζι (120γρ)","Ψαρονέφρι, Δαμάσκηνα, Κρεμμύδι, Καρότο, Σκόρδο, Αλεύρι, Ζωμός κοτόπουλου, Ρύζι","Ψαρονέφρι (150γρ), Άγριο ρύζι (120γρ), Δαμάσκηνα αποξηραμένα (20γρ), Σάλτσα (40γρ)",201-5,10.09,11.40,OK,"Ψαρονέφρι, μαγειρεμένο (150γρ), Άγριο ρύζι (120γρ), Δαμάσκηνα χωρίς κουκούτσι (20γρ), Σάλτσα (με δαμάσκηνα) (40γρ)",2.38,2.69,0.14,0.17,2.52,2.52,2.86,24.98%,€7.57,23.59%,1.39%,461,39,46,13,https://drive.google.com/file/d/16M47byFf8-xnxixvP47l4lwNZFeHjrMD/view?usp=sharing,https://drive.google.com/file/d/16M47byFf8-xnxixvP47l4lwNZFeHjrMD/view?usp=sharing
Μαγειρευτά,ΟΧΙ,Ψαρονέφρι με δαμάσκηνα και άγριο ρύζι,"Ψαρονέφρι (150γρ), Άγριο ρύζι (180γρ)","Ψαρονέφρι, Δαμάσκηνα, Κρεμμύδι, Καρότο, Σκόρδο, Αλεύρι, Ζωμός κοτόπουλου, Ρύζι","Ψαρονέφρι (150γρ), Άγριο ρύζι (180γρ), Δαμάσκηνα αποξηραμένα (20γρ), Σάλτσα (40γρ)",201-6,10.53,11.90,OK,"Ψαρονέφρι, μαγειρεμένο (150γρ), Άγριο ρύζι (180γρ), Δαμάσκηνα χωρίς κουκούτσι (20γρ), Σάλτσα (με δαμάσκηνα) (40γρ)",2.47,2.79,0.14,0.17,2.61,2.61,2.96,24.79%,€7.92,23.46%,1.33%,538,50,48,16,https://drive.google.com/file/d/16M47byFf8-xnxixvP47l4lwNZFeHjrMD/view?usp=sharing,https://drive.google.com/file/d/16M47byFf8-xnxixvP47l4lwNZFeHjrMD/view?usp=sharing
Μαγειρευτά,ΟΧΙ,Ψαρονέφρι με δαμάσκηνα και άγριο ρύζι,"Ψαρονέφρι (180γρ), Άγριο ρύζι (120γρ)","Ψαρονέφρι, Δαμάσκηνα, Κρεμμύδι, Καρότο, Σκόρδο, Αλεύρι, Ζωμός κοτόπουλου, Ρύζι","Ψαρονέφρι (180γρ), Άγριο ρύζι (120γρ), Δαμάσκηνα αποξηραμένα (20γρ), Σάλτσα (40γρ)",201-7,10.53,11.90,OK,"Ψαρονέφρι, μαγειρεμένο (180γρ), Άγριο ρύζι (120γρ), Δαμάσκηνα χωρίς κουκούτσι (20γρ), Σάλτσα (με δαμάσκηνα) (40γρ)",2.75,3.11,0.14,0.17,2.89,2.89,3.28,27.45%,€7.64,26.12%,1.33%,503,39,54,14,https://drive.google.com/file/d/16M47byFf8-xnxixvP47l4lwNZFeHjrMD/view?usp=sharing,https://drive.google.com/file/d/16M47byFf8-xnxixvP47l4lwNZFeHjrMD/view?usp=sharing
Μαγειρευτά,ΝΑΙ,Ψαρονέφρι με δαμάσκηνα και άγριο ρύζι,"Ψαρονέφρι (180γρ), Άγριο ρύζι (180γρ)","Ψαρονέφρι, Δαμάσκηνα, Κρεμμύδι, Καρότο, Σκόρδο, Αλεύρι, Ζωμός κοτόπουλου, Ρύζι","Ψαρονέφρι (180γρ), Άγριο ρύζι (180γρ), Δαμάσκηνα αποξηραμένα (20γρ), Σάλτσα (40γρ)",201-8,10.97,12.40,OK,"Ψαρονέφρι, μαγειρεμένο (180γρ), Άγριο ρύζι (180γρ), Δαμάσκηνα χωρίς κουκούτσι (20γρ), Σάλτσα (με δαμάσκηνα) (40γρ)",2.84,3.21,0.14,0.17,2.98,2.98,3.38,27.16%,€7.99,25.89%,1.28%,581,50,56,17,https://drive.google.com/file/d/16M47byFf8-xnxixvP47l4lwNZFeHjrMD/view?usp=sharing,https://drive.google.com/file/d/16M47byFf8-xnxixvP47l4lwNZFeHjrMD/view?usp=sharing
Μαγειρευτά,ΟΧΙ,Ψαρονέφρι με δαμάσκηνα και άγριο ρύζι,"Ψαρονέφρι (180γρ), Άγριο ρύζι (240γρ)","Ψαρονέφρι, Δαμάσκηνα, Κρεμμύδι, Καρότο, Σκόρδο, Αλεύρι, Ζωμός κοτόπουλου, Ρύζι","Ψαρονέφρι (180γρ), Άγριο ρύζι (240γρ), Δαμάσκηνα αποξηραμένα (20γρ), Σάλτσα (40γρ)",201-9,11.42,12.90,OK,"Ψαρονέφρι, μαγειρεμένο (180γρ), Άγριο ρύζι (240γρ), Δαμάσκηνα χωρίς κουκούτσι (20γρ), Σάλτσα (με δαμάσκηνα) (40γρ)",2.93,3.31,0.14,0.17,3.07,3.07,3.48,26.88%,€8.35,25.66%,1.23%,659,62,58,20,https://drive.google.com/file/d/16M47byFf8-xnxixvP47l4lwNZFeHjrMD/view?usp=sharing,https://drive.google.com/file/d/16M47byFf8-xnxixvP47l4lwNZFeHjrMD/view?usp=sharing
Μαγειρευτά,ΟΧΙ,Ψαρονέφρι με δαμάσκηνα και άγριο ρύζι,"Ψαρονέφρι (210γρ), Άγριο ρύζι (120γρ)","Ψαρονέφρι, Δαμάσκηνα, Κρεμμύδι, Καρότο, Σκόρδο, Αλεύρι, Ζωμός κοτόπουλου, Ρύζι","Ψαρονέφρι (210γρ), Άγριο ρύζι (120γρ), Δαμάσκηνα αποξηραμένα (20γρ), Σάλτσα (40γρ)",201-10,11.42,12.90,OK,"Ψαρονέφρι, μαγειρεμένο (210γρ), Άγριο ρύζι (120γρ), Δαμάσκηνα χωρίς κουκούτσι (20γρ), Σάλτσα (με δαμάσκηνα) (40γρ)",3.12,3.53,0.14,0.17,3.26,3.26,3.70,28.55%,€8.16,27.32%,1.23%,546,39,62,15,https://drive.google.com/file/d/16M47byFf8-xnxixvP47l4lwNZFeHjrMD/view?usp=sharing,https://drive.google.com/file/d/16M47byFf8-xnxixvP47l4lwNZFeHjrMD/view?usp=sharing
Μαγειρευτά,ΟΧΙ,Ψαρονέφρι με δαμάσκηνα και άγριο ρύζι,"Ψαρονέφρι (210γρ), Άγριο ρύζι (180γρ)","Ψαρονέφρι, Δαμάσκηνα, Κρεμμύδι, Καρότο, Σκόρδο, Αλεύρι, Ζωμός κοτόπουλου, Ρύζι","Ψαρονέφρι (210γρ), Άγριο ρύζι (180γρ), Δαμάσκηνα αποξηραμένα (20γρ), Σάλτσα (40γρ)",201-11,11.86,13.40,OK,"Ψαρονέφρι, μαγειρεμένο (210γρ), Άγριο ρύζι (180γρ), Δαμάσκηνα χωρίς κουκούτσι (20γρ), Σάλτσα (με δαμάσκηνα) (40γρ)",3.21,3.63,0.14,0.17,3.35,3.35,3.80,28.25%,€8.51,27.07%,1.18%,624,50,64,18,https://drive.google.com/file/d/16M47byFf8-xnxixvP47l4lwNZFeHjrMD/view?usp=sharing,https://drive.google.com/file/d/16M47byFf8-xnxixvP47l4lwNZFeHjrMD/view?usp=sharing
Μαγειρευτά,ΟΧΙ,Ψαρονέφρι με δαμάσκηνα και άγριο ρύζι,"Ψαρονέφρι (210γρ), Άγριο ρύζι (240γρ)","Ψαρονέφρι, Δαμάσκηνα, Κρεμμύδι, Καρότο, Σκόρδο, Αλεύρι, Ζωμός κοτόπουλου, Ρύζι","Ψαρονέφρι (210γρ), Άγριο ρύζι (240γρ), Δαμάσκηνα αποξηραμένα (20γρ), Σάλτσα (40γρ)",201-12,12.30,13.90,OK,"Ψαρονέφρι, μαγειρεμένο (210γρ), Άγριο ρύζι (240γρ), Δαμάσκηνα χωρίς κουκούτσι (20γρ), Σάλτσα (με δαμάσκηνα) (40γρ)",3.30,3.73,0.14,0.17,3.44,3.44,3.90,27.97%,€8.86,26.83%,1.14%,702,62,66,21,https://drive.google.com/file/d/16M47byFf8-xnxixvP47l4lwNZFeHjrMD/view?usp=sharing,https://drive.google.com/file/d/16M47byFf8-xnxixvP47l4lwNZFeHjrMD/view?usp=sharing
Μαγειρευτά,ΟΧΙ,Ψαρονέφρι με δαμάσκηνα και πουρέ πατάτας,"Ψαρονέφρι (120γρ), Πουρές πατάτας (120γρ)","Ψαρονέφρι, Δαμάσκηνα, Κρεμμύδι, Καρότο, Σκόρδο, Αλεύρι, Ζωμός κοτόπουλου, Πατάτα, Γάλα","Ψαρονέφρι (120γρ), Πουρές πατάτας (120γρ), Δαμάσκηνα αποξηραμένα (20γρ), Σάλτσα (40γρ)",202-1,8.76,9.90,OK,"Ψαρονέφρι, μαγειρεμένο (120γρ), Πουρές πατάτας (120γρ), Δαμάσκηνα χωρίς κουκούτσι (20γρ), Σάλτσα (με δαμάσκηνα) (40γρ)",2.05,2.32,0.14,0.17,2.19,2.19,2.49,25.00%,€6.57,23.40%,1.60%,413,35,36,14,https://drive.google.com/file/d/1hevX7OnMsUDRwrgITzc2Cy0k1nSzRbXK/view?usp=sharing,https://drive.google.com/file/d/1hevX7OnMsUDRwrgITzc2Cy0k1nSzRbXK/view?usp=sharing
Μαγειρευτά,ΟΧΙ,Ψαρονέφρι με δαμάσκηνα και πουρέ πατάτας,"Ψαρονέφρι (120γρ), Πουρές πατάτας (150γρ)","Ψαρονέφρι, Δαμάσκηνα, Κρεμμύδι, Καρότο, Σκόρδο, Αλεύρι, Ζωμός κοτόπουλου, Πατάτα, Γάλα","Ψαρονέφρι (120γρ), Πουρές πατάτας (150γρ), Δαμάσκηνα αποξηραμένα (20γρ), Σάλτσα (40γρ)",202-2,9.20,10.40,OK,"Ψαρονέφρι, μαγειρεμένο (120γρ), Πουρές πατάτας (150γρ), Δαμάσκηνα χωρίς κουκούτσι (20γρ), Σάλτσα (με δαμάσκηνα) (40γρ)",2.10,2.37,0.14,0.17,2.24,2.24,2.55,24.35%,€6.96,22.83%,1.52%,451,40,37,15,https://drive.google.com/file/d/1hevX7OnMsUDRwrgITzc2Cy0k1nSzRbXK/view?usp=sharing,https://drive.google.com/file/d/1hevX7OnMsUDRwrgITzc2Cy0k1nSzRbXK/view?usp=sharing
Μαγειρευτά,ΟΧΙ,Ψαρονέφρι με δαμάσκηνα και πουρέ πατάτας,"Ψαρονέφρι (120γρ), Πουρές πατάτας (200γρ)","Ψαρονέφρι, Δαμάσκηνα, Κρεμμύδι, Καρότο, Σκόρδο, Αλεύρι, Ζωμός κοτόπουλου, Πατάτα, Γάλα","Ψαρονέφρι (120γρ), Πουρές πατάτας (200γρ), Δαμάσκηνα αποξηραμένα (20γρ), Σάλτσα (40γρ)",202-3,9.65,10.90,OK,"Ψαρονέφρι, μαγειρεμένο (120γρ), Πουρές πατάτας (200γρ), Δαμάσκηνα χωρίς κουκούτσι (20γρ), Σάλτσα (με δαμάσκηνα) (40γρ)",2.19,2.47,0.14,0.17,2.33,2.33,2.65,24.15%,€7.32,22.69%,1.45%,514,49,38,18,https://drive.google.com/file/d/1hevX7OnMsUDRwrgITzc2Cy0k1nSzRbXK/view?usp=sharing,https://drive.google.com/file/d/1hevX7OnMsUDRwrgITzc2Cy0k1nSzRbXK/view?usp=sharing
Μαγειρευτά,ΟΧΙ,Ψαρονέφρι με δαμάσκηνα και πουρέ πατάτας,"Ψαρονέφρι (150γρ), Πουρές πατάτας (120γρ)","Ψαρονέφρι, Δαμάσκηνα, Κρεμμύδι, Καρότο, Σκόρδο, Αλεύρι, Ζωμός κοτόπουλου, Πατάτα, Γάλα","Ψαρονέφρι (150γρ), Πουρές πατάτας (120γρ), Δαμάσκηνα αποξηραμένα (20γρ), Σάλτσα (40γρ)",202-4,9.65,10.90,OK,"Ψαρονέφρι, μαγειρεμένο (150γρ), Πουρές πατάτας (120γρ), Δαμάσκηνα χωρίς κουκούτσι (20γρ), Σάλτσα (με δαμάσκηνα) (40γρ)",2.41,2.72,0.14,0.17,2.55,2.55,2.90,26.42%,€7.10,24.97%,1.45%,456,35,44,15,https://drive.google.com/file/d/1hevX7OnMsUDRwrgITzc2Cy0k1nSzRbXK/view?usp=sharinghttps://drive.google.com/file/d/1hevX7OnMsUDRwrgITzc2Cy0k1nSzRbXK/view?usp=sharing,https://drive.google.com/file/d/1hevX7OnMsUDRwrgITzc2Cy0k1nSzRbXK/view?usp=sharinghttps://drive.google.com/file/d/1hevX7OnMsUDRwrgITzc2Cy0k1nSzRbXK/view?usp=sharing
Μαγειρευτά,ΟΧΙ,Ψαρονέφρι με δαμάσκηνα και πουρέ πατάτας,"Ψαρονέφρι (150γρ), Πουρές πατάτας (150γρ)","Ψαρονέφρι, Δαμάσκηνα, Κρεμμύδι, Καρότο, Σκόρδο, Αλεύρι, Ζωμός κοτόπουλου, Πατάτα, Γάλα","Ψαρονέφρι (150γρ), Πουρές πατάτας (150γρ), Δαμάσκηνα αποξηραμένα (20γρ), Σάλτσα (40γρ)",202-5,10.09,11.40,OK,"Ψαρονέφρι, μαγειρεμένο (150γρ), Πουρές πατάτας (150γρ), Δαμάσκηνα χωρίς κουκούτσι (20γρ), Σάλτσα (με δαμάσκηνα) (40γρ)",2.47,2.79,0.14,0.17,2.61,2.61,2.96,25.87%,€7.48,24.48%,1.39%,494,40,45,16,https://drive.google.com/file/d/1hevX7OnMsUDRwrgITzc2Cy0k1nSzRbXK/view?usp=sharinghttps://drive.google.com/file/d/1hevX7OnMsUDRwrgITzc2Cy0k1nSzRbXK/view?usp=sharin,https://drive.google.com/file/d/1hevX7OnMsUDRwrgITzc2Cy0k1nSzRbXK/view?usp=sharinghttps://drive.google.com/file/d/1hevX7OnMsUDRwrgITzc2Cy0k1nSzRbXK/view?usp=sharin
Μαγειρευτά,ΟΧΙ,Ψαρονέφρι με δαμάσκηνα και πουρέ πατάτας,"Ψαρονέφρι (150γρ), Πουρές πατάτας (200γρ)","Ψαρονέφρι, Δαμάσκηνα, Κρεμμύδι, Καρότο, Σκόρδο, Αλεύρι, Ζωμός κοτόπουλου, Πατάτα, Γάλα","Ψαρονέφρι (150γρ), Πουρές πατάτας (200γρ), Δαμάσκηνα αποξηραμένα (20γρ), Σάλτσα (40γρ)",202-6,10.53,11.90,OK,"Ψαρονέφρι, μαγειρεμένο (150γρ), Πουρές πατάτας (200γρ), Δαμάσκηνα χωρίς κουκούτσι (20γρ), Σάλτσα (με δαμάσκηνα) (40γρ)",2.56,2.89,0.14,0.17,2.70,2.70,3.07,25.64%,€7.83,24.31%,1.33%,557,49,46,19,https://drive.google.com/file/d/1hevX7OnMsUDRwrgITzc2Cy0k1nSzRbXK/view?usp=sharing,https://drive.google.com/file/d/1hevX7OnMsUDRwrgITzc2Cy0k1nSzRbXK/view?usp=sharing
Μαγειρευτά,ΟΧΙ,Ψαρονέφρι με δαμάσκηνα και πουρέ πατάτας,"Ψαρονέφρι (180γρ), Πουρές πατάτας (120γρ)","Ψαρονέφρι, Δαμάσκηνα, Κρεμμύδι, Καρότο, Σκόρδο, Αλεύρι, Ζωμός κοτόπουλου, Πατάτα, Γάλα","Ψαρονέφρι (180γρ), Πουρές πατάτας (120γρ), Δαμάσκηνα αποξηραμένα (20γρ), Σάλτσα (40γρ)",202-7,10.53,11.90,OK,"Ψαρονέφρι, μαγειρεμένο (180γρ), Πουρές πατάτας (120γρ), Δαμάσκηνα χωρίς κουκούτσι (20γρ), Σάλτσα (με δαμάσκηνα) (40γρ)",2.78,3.14,0.14,0.17,2.92,2.92,3.32,27.73%,€7.61,26.40%,1.33%,499,35,52,16,https://drive.google.com/file/d/1hevX7OnMsUDRwrgITzc2Cy0k1nSzRbXK/view?usp=sharing,https://drive.google.com/file/d/1hevX7OnMsUDRwrgITzc2Cy0k1nSzRbXK/view?usp=sharing
Μαγειρευτά,ΝΑΙ,Ψαρονέφρι με δαμάσκηνα και πουρέ πατάτας,"Ψαρονέφρι (180γρ), Πουρές πατάτας (150γρ)","Ψαρονέφρι, Δαμάσκηνα, Κρεμμύδι, Καρότο, Σκόρδο, Αλεύρι, Ζωμός κοτόπουλου, Πατάτα, Γάλα","Ψαρονέφρι (180γρ), Πουρές πατάτας (150γρ), Δαμάσκηνα αποξηραμένα (20γρ), Σάλτσα (40γρ)",202-8,10.97,12.40,OK,"Ψαρονέφρι, μαγειρεμένο (180γρ), Πουρές πατάτας (150γρ), Δαμάσκηνα χωρίς κουκούτσι (20γρ), Σάλτσα (με δαμάσκηνα) (40γρ)",2.84,3.21,0.14,0.17,2.98,2.98,3.38,27.16%,€7.99,25.89%,1.28%,537,40,53,17,https://drive.google.com/file/d/1hevX7OnMsUDRwrgITzc2Cy0k1nSzRbXK/view?usp=sharinghttps://drive.google.com/file/d/1hevX7OnMsUDRwrgITzc2Cy0k1nSzRbXK/view?usp=sharing,https://drive.google.com/file/d/1hevX7OnMsUDRwrgITzc2Cy0k1nSzRbXK/view?usp=sharinghttps://drive.google.com/file/d/1hevX7OnMsUDRwrgITzc2Cy0k1nSzRbXK/view?usp=sharing
Μαγειρευτά,ΟΧΙ,Ψαρονέφρι με δαμάσκηνα και πουρέ πατάτας,"Ψαρονέφρι (180γρ), Πουρές πατάτας (200γρ)","Ψαρονέφρι, Δαμάσκηνα, Κρεμμύδι, Καρότο, Σκόρδο, Αλεύρι, Ζωμός κοτόπουλου, Πατάτα, Γάλα","Ψαρονέφρι (180γρ), Πουρές πατάτας (200γρ), Δαμάσκηνα αποξηραμένα (20γρ), Σάλτσα (40γρ)",202-9,11.42,12.90,OK,"Ψαρονέφρι, μαγειρεμένο (180γρ), Πουρές πατάτας (200γρ), Δαμάσκηνα χωρίς κουκούτσι (20γρ), Σάλτσα (με δαμάσκηνα) (40γρ)",2.93,3.31,0.14,0.17,3.07,3.07,3.48,26.88%,€8.35,25.66%,1.23%,600,49,54,20,https://drive.google.com/file/d/1hevX7OnMsUDRwrgITzc2Cy0k1nSzRbXK/view?usp=sharing,https://drive.google.com/file/d/1hevX7OnMsUDRwrgITzc2Cy0k1nSzRbXK/view?usp=sharing
Μαγειρευτά,ΟΧΙ,Ψαρονέφρι με δαμάσκηνα και πουρέ πατάτας,"Ψαρονέφρι (210γρ), Πουρές πατάτας (120γρ)","Ψαρονέφρι, Δαμάσκηνα, Κρεμμύδι, Καρότο, Σκόρδο, Αλεύρι, Ζωμός κοτόπουλου, Πατάτα, Γάλα","Ψαρονέφρι (210γρ), Πουρές πατάτας (120γρ), Δαμάσκηνα αποξηραμένα (20γρ), Σάλτσα (40γρ)",202-10,11.42,12.90,OK,"Ψαρονέφρι, μαγειρεμένο (210γρ), Πουρές πατάτας (120γρ), Δαμάσκηνα χωρίς κουκούτσι (20γρ), Σάλτσα (με δαμάσκηνα) (40γρ)",3.15,3.56,0.14,0.17,3.29,3.29,3.73,28.81%,€8.13,27.58%,1.23%,542,35,60,17,https://drive.google.com/file/d/1hevX7OnMsUDRwrgITzc2Cy0k1nSzRbXK/view?usp=sharing,https://drive.google.com/file/d/1hevX7OnMsUDRwrgITzc2Cy0k1nSzRbXK/view?usp=sharing
Μαγειρευτά,ΟΧΙ,Ψαρονέφρι με δαμάσκηνα και πουρέ πατάτας,"Ψαρονέφρι (210γρ), Πουρές πατάτας (150γρ)","Ψαρονέφρι, Δαμάσκηνα, Κρεμμύδι, Καρότο, Σκόρδο, Αλεύρι, Ζωμός κοτόπουλου, Πατάτα, Γάλα","Ψαρονέφρι (210γρ), Πουρές πατάτας (150γρ), Δαμάσκηνα αποξηραμένα (20γρ), Σάλτσα (40γρ)",202-11,11.86,13.40,OK,"Ψαρονέφρι, μαγειρεμένο (210γρ), Πουρές πατάτας (150γρ), Δαμάσκηνα χωρίς κουκούτσι (20γρ), Σάλτσα (με δαμάσκηνα) (40γρ)",3.21,3.63,0.14,0.17,3.35,3.35,3.80,28.25%,€8.51,27.07%,1.18%,580,40,61,19,https://drive.google.com/file/d/1hevX7OnMsUDRwrgITzc2Cy0k1nSzRbXK/view?usp=sharing,https://drive.google.com/file/d/1hevX7OnMsUDRwrgITzc2Cy0k1nSzRbXK/view?usp=sharing
Μαγειρευτά,ΟΧΙ,Ψαρονέφρι με δαμάσκηνα και πουρέ πατάτας,"Ψαρονέφρι (210γρ), Πουρές πατάτας (200γρ)","Ψαρονέφρι, Δαμάσκηνα, Κρεμμύδι, Καρότο, Σκόρδο, Αλεύρι, Ζωμός κοτόπουλου, Πατάτα, Γάλα","Ψαρονέφρι (210γρ), Πουρές πατάτας (200γρ), Δαμάσκηνα αποξηραμένα (20γρ), Σάλτσα (40γρ)",202-12,12.30,13.90,OK,"Ψαρονέφρι, μαγειρεμένο (210γρ), Πουρές πατάτας (200γρ), Δαμάσκηνα χωρίς κουκούτσι (20γρ), Σάλτσα (με δαμάσκηνα) (40γρ)",3.30,3.73,0.14,0.17,3.44,3.44,3.90,27.97%,€8.86,26.83%,1.14%,643,49,62,22,https://drive.google.com/file/d/1hevX7OnMsUDRwrgITzc2Cy0k1nSzRbXK/view?usp=sharing,https://drive.google.com/file/d/1hevX7OnMsUDRwrgITzc2Cy0k1nSzRbXK/view?usp=sharing
Ψητές επιλογές,ΟΧΙ,"Ψαρονέφρι με πατάτες φούρνου, καρότα και gravy sauce","Ψαρονέφρι (120γρ), Πατάτες φούρνου (80γρ)","Ψαρονέφρι, Πατάτα, Ζωμός λαχανικών, Μουστάρδα, Χυμός λεμονιού, Μέλι, Ρίγανη, Σκόρδο, Θυμάρι, Καρότο, Ζωμός βοδινός ","Ψαρονέφρι (120γρ), Πατάτες φούρνου (80γρ), Ψητά καρότα (50γρ), Gravy sauce (70γρ)",210-1,9.20,10.40,Product Cost Change,"Ψαρονέφρι, μαγειρεμένο (120γρ), Πατάτα, μαγειρεμένη (80γρ), Καρότο, roasted (50γρ), Gravy sauce (70γρ), Ελαιόλαδο (10γρ)",2.73,3.08,0.14,0.17,2.86,2.87,3.26,31.20%,€6.33,29.67%,1.52%,386,21,34,15,https://drive.google.com/file/d/12kWEuFrKi7wGvzkdzciy-zljfuhiCaJF/view?usp=sharing,https://drive.google.com/file/d/12kWEuFrKi7wGvzkdzciy-zljfuhiCaJF/view?usp=sharing
Ψητές επιλογές,ΟΧΙ,"Ψαρονέφρι με πατάτες φούρνου, καρότα και gravy sauce","Ψαρονέφρι (120γρ), Πατάτες φούρνου (160γρ)","Ψαρονέφρι, Πατάτα, Ζωμός λαχανικών, Μουστάρδα, Χυμός λεμονιού, Μέλι, Ρίγανη, Σκόρδο, Θυμάρι, Καρότο, Ζωμός βοδινός ","Ψαρονέφρι (120γρ), Πατάτες φούρνου (160γρ), Ψητά καρότα (50γρ), Gravy sauce (70γρ)",210-2,9.65,10.90,OK,"Ψαρονέφρι, μαγειρεμένο (120γρ), Πατάτα, μαγειρεμένη (160γρ), Καρότο, roasted (50γρ), Gravy sauce (70γρ), Ελαιόλαδο (10γρ)",2.82,3.19,0.14,0.17,2.96,2.96,3.36,30.67%,€6.69,29.22%,1.45%,455,37,35,15,https://drive.google.com/file/d/12kWEuFrKi7wGvzkdzciy-zljfuhiCaJF/view?usp=sharinghttps://drive.google.com/file/d/12kWEuFrKi7wGvzkdzciy-zljfuhiCaJF/view?usp=sharing,https://drive.google.com/file/d/12kWEuFrKi7wGvzkdzciy-zljfuhiCaJF/view?usp=sharinghttps://drive.google.com/file/d/12kWEuFrKi7wGvzkdzciy-zljfuhiCaJF/view?usp=sharing
Ψητές επιλογές,ΟΧΙ,"Ψαρονέφρι με πατάτες φούρνου, καρότα και gravy sauce","Ψαρονέφρι (120γρ), Πατάτες φούρνου (240γρ)","Ψαρονέφρι, Πατάτα, Ζωμός λαχανικών, Μουστάρδα, Χυμός λεμονιού, Μέλι, Ρίγανη, Σκόρδο, Θυμάρι, Καρότο, Ζωμός βοδινός ","Ψαρονέφρι (120γρ), Πατάτες φούρνου (240γρ), Ψητά καρότα (50γρ), Gravy sauce (70γρ)",210-3,10.09,11.40,OK,"Ψαρονέφρι, μαγειρεμένο (120γρ), Πατάτα, μαγειρεμένη (240γρ), Καρότο, roasted (50γρ), Gravy sauce (70γρ), Ελαιόλαδο (10γρ)",2.91,3.29,0.14,0.17,3.05,3.05,3.46,30.23%,€7.04,28.84%,1.39%,525,53,37,15,https://drive.google.com/file/d/12kWEuFrKi7wGvzkdzciy-zljfuhiCaJF/view?usp=sharinghttps://drive.google.com/file/d/12kWEuFrKi7wGvzkdzciy-zljfuhiCaJF/view?usp=sharing,https://drive.google.com/file/d/12kWEuFrKi7wGvzkdzciy-zljfuhiCaJF/view?usp=sharinghttps://drive.google.com/file/d/12kWEuFrKi7wGvzkdzciy-zljfuhiCaJF/view?usp=sharing
Ψητές επιλογές,ΟΧΙ,"Ψαρονέφρι με πατάτες φούρνου, καρότα και gravy sauce","Ψαρονέφρι (150γρ), Πατάτες φούρνου (80γρ)","Ψαρονέφρι, Πατάτα, Ζωμός λαχανικών, Μουστάρδα, Χυμός λεμονιού, Μέλι, Ρίγανη, Σκόρδο, Θυμάρι, Καρότο, Ζωμός βοδινός ","Ψαρονέφρι (150γρ), Πατάτες φούρνου (80γρ), Ψητά καρότα (50γρ), Gravy sauce (70γρ)",210-4,10.09,11.40,Product Cost Change,"Ψαρονέφρι, μαγειρεμένο (150γρ), Πατάτα, μαγειρεμένη (80γρ), Καρότο, roasted (50γρ), Gravy sauce (70γρ), Ελαιόλαδο (10γρ)",3.10,3.50,0.14,0.17,3.23,3.24,3.68,32.11%,€6.85,30.72%,1.39%,429,21,42,16,https://drive.google.com/file/d/12kWEuFrKi7wGvzkdzciy-zljfuhiCaJF/view?usp=sharinghttps://drive.google.com/file/d/12kWEuFrKi7wGvzkdzciy-zljfuhiCaJF/view?usp=sharing,https://drive.google.com/file/d/12kWEuFrKi7wGvzkdzciy-zljfuhiCaJF/view?usp=sharinghttps://drive.google.com/file/d/12kWEuFrKi7wGvzkdzciy-zljfuhiCaJF/view?usp=sharing
Ψητές επιλογές,ΟΧΙ,"Ψαρονέφρι με πατάτες φούρνου, καρότα και gravy sauce","Ψαρονέφρι (150γρ), Πατάτες φούρνου (160γρ)","Ψαρονέφρι, Πατάτα, Ζωμός λαχανικών, Μουστάρδα, Χυμός λεμονιού, Μέλι, Ρίγανη, Σκόρδο, Θυμάρι, Καρότο, Ζωμός βοδινός ","Ψαρονέφρι (150γρ), Πατάτες φούρνου (160γρ), Ψητά καρότα (50γρ), Gravy sauce (70γρ)",210-5,10.53,11.90,OK,"Ψαρονέφρι, μαγειρεμένο (150γρ), Πατάτα, μαγειρεμένη (160γρ), Καρότο, roasted (50γρ), Gravy sauce (70γρ), Ελαιόλαδο (10γρ)",3.19,3.60,0.14,0.17,3.33,3.33,3.78,31.62%,€7.20,30.29%,1.33%,498,37,43,16,https://drive.google.com/file/d/12kWEuFrKi7wGvzkdzciy-zljfuhiCaJF/view?usp=sharinghttps://drive.google.com/file/d/12kWEuFrKi7wGvzkdzciy-zljfuhiCaJF/view?usp=sharing,https://drive.google.com/file/d/12kWEuFrKi7wGvzkdzciy-zljfuhiCaJF/view?usp=sharinghttps://drive.google.com/file/d/12kWEuFrKi7wGvzkdzciy-zljfuhiCaJF/view?usp=sharing
Ψητές επιλογές,ΟΧΙ,"Ψαρονέφρι με πατάτες φούρνου, καρότα και gravy sauce","Ψαρονέφρι (150γρ), Πατάτες φούρνου (240γρ)","Ψαρονέφρι, Πατάτα, Ζωμός λαχανικών, Μουστάρδα, Χυμός λεμονιού, Μέλι, Ρίγανη, Σκόρδο, Θυμάρι, Καρότο, Ζωμός βοδινός ","Ψαρονέφρι (150γρ), Πατάτες φούρνου (240γρ), Ψητά καρότα (50γρ), Gravy sauce (70γρ)",210-6,10.97,12.40,OK,"Ψαρονέφρι, μαγειρεμένο (150γρ), Πατάτα, μαγειρεμένη (240γρ), Καρότο, roasted (50γρ), Gravy sauce (70γρ), Ελαιόλαδο (10γρ)",3.28,3.71,0.14,0.17,3.42,3.42,3.88,31.18%,€7.55,29.90%,1.28%,568,53,45,16,https://drive.google.com/file/d/12kWEuFrKi7wGvzkdzciy-zljfuhiCaJF/view?usp=sharinghttps://drive.google.com/file/d/12kWEuFrKi7wGvzkdzciy-zljfuhiCaJF/view?usp=sharing,https://drive.google.com/file/d/12kWEuFrKi7wGvzkdzciy-zljfuhiCaJF/view?usp=sharinghttps://drive.google.com/file/d/12kWEuFrKi7wGvzkdzciy-zljfuhiCaJF/view?usp=sharing
Ψητές επιλογές,ΟΧΙ,"Ψαρονέφρι με πατάτες φούρνου, καρότα και gravy sauce","Ψαρονέφρι (180γρ), Πατάτες φούρνου (80γρ)","Ψαρονέφρι, Πατάτα, Ζωμός λαχανικών, Μουστάρδα, Χυμός λεμονιού, Μέλι, Ρίγανη, Σκόρδο, Θυμάρι, Καρότο, Ζωμός βοδινός ","Ψαρονέφρι (180γρ), Πατάτες φούρνου (80γρ), Ψητά καρότα (50γρ), Gravy sauce (70γρ)",210-7,10.97,12.40,Product Cost Change,"Ψαρονέφρι, μαγειρεμένο (180γρ), Πατάτα, μαγειρεμένη (80γρ), Καρότο, roasted (50γρ), Gravy sauce (70γρ), Ελαιόλαδο (10γρ)",3.47,3.92,0.14,0.17,3.60,3.61,4.09,32.91%,€7.36,31.63%,1.28%,471,21,49,17,https://drive.google.com/file/d/12kWEuFrKi7wGvzkdzciy-zljfuhiCaJF/view?usp=sharinghttps://drive.google.com/file/d/12kWEuFrKi7wGvzkdzciy-zljfuhiCaJF/view?usp=sharing'',https://drive.google.com/file/d/12kWEuFrKi7wGvzkdzciy-zljfuhiCaJF/view?usp=sharinghttps://drive.google.com/file/d/12kWEuFrKi7wGvzkdzciy-zljfuhiCaJF/view?usp=sharing''
Ψητές επιλογές,ΟΧΙ,"Ψαρονέφρι με πατάτες φούρνου, καρότα και gravy sauce","Ψαρονέφρι (180γρ), Πατάτες φούρνου (160γρ)","Ψαρονέφρι, Πατάτα, Ζωμός λαχανικών, Μουστάρδα, Χυμός λεμονιού, Μέλι, Ρίγανη, Σκόρδο, Θυμάρι, Καρότο, Ζωμός βοδινός ","Ψαρονέφρι (180γρ), Πατάτες φούρνου (160γρ), Ψητά καρότα (50γρ), Gravy sauce (70γρ)",210-8,11.42,12.90,Product Cost Change,"Ψαρονέφρι, μαγειρεμένο (180γρ), Πατάτα, μαγειρεμένη (160γρ), Καρότο, roasted (50γρ), Gravy sauce (70γρ), Ελαιόλαδο (10γρ)",3.56,4.02,0.14,0.17,3.69,3.70,4.20,32.40%,€7.72,31.17%,1.23%,541,37,51,17,https://drive.google.com/file/d/12kWEuFrKi7wGvzkdzciy-zljfuhiCaJF/view?usp=sharinghttps://drive.google.com/file/d/12kWEuFrKi7wGvzkdzciy-zljfuhiCaJF/view?usp=sharing,https://drive.google.com/file/d/12kWEuFrKi7wGvzkdzciy-zljfuhiCaJF/view?usp=sharinghttps://drive.google.com/file/d/12kWEuFrKi7wGvzkdzciy-zljfuhiCaJF/view?usp=sharing
Ψητές επιλογές,ΟΧΙ,"Ψαρονέφρι με πατάτες φούρνου, καρότα και gravy sauce","Ψαρονέφρι (180γρ), Πατάτες φούρνου (240γρ)","Ψαρονέφρι, Πατάτα, Ζωμός λαχανικών, Μουστάρδα, Χυμός λεμονιού, Μέλι, Ρίγανη, Σκόρδο, Θυμάρι, Καρότο, Ζωμός βοδινός ","Ψαρονέφρι (180γρ), Πατάτες φούρνου (240γρ), Ψητά καρότα (50γρ), Gravy sauce (70γρ)",210-9,11.86,13.40,OK,"Ψαρονέφρι, μαγειρεμένο (180γρ), Πατάτα, μαγειρεμένη (240γρ), Καρότο, roasted (50γρ), Gravy sauce (70γρ), Ελαιόλαδο (10γρ)",3.65,4.12,0.14,0.17,3.79,3.79,4.30,31.96%,€8.07,30.78%,1.18%,611,53,52,17,https://drive.google.com/file/d/12kWEuFrKi7wGvzkdzciy-zljfuhiCaJF/view?usp=sharinghttps://drive.google.com/file/d/12kWEuFrKi7wGvzkdzciy-zljfuhiCaJF/view?usp=sharing,https://drive.google.com/file/d/12kWEuFrKi7wGvzkdzciy-zljfuhiCaJF/view?usp=sharinghttps://drive.google.com/file/d/12kWEuFrKi7wGvzkdzciy-zljfuhiCaJF/view?usp=sharing
Ψητές επιλογές,ΟΧΙ,"Ψαρονέφρι με πατάτες φούρνου, καρότα και gravy sauce","Ψαρονέφρι (210γρ), Πατάτες φούρνου (80γρ)","Ψαρονέφρι, Πατάτα, Ζωμός λαχανικών, Μουστάρδα, Χυμός λεμονιού, Μέλι, Ρίγανη, Σκόρδο, Θυμάρι, Καρότο, Ζωμός βοδινός ","Ψαρονέφρι (210γρ), Πατάτες φούρνου (80γρ), Ψητά καρότα (50γρ), Gravy sauce (70γρ)",210-10,11.86,13.40,Product Cost Change,"Ψαρονέφρι, μαγειρεμένο (210γρ), Πατάτα, μαγειρεμένη (80γρ), Καρότο, roasted (50γρ), Gravy sauce (70γρ), Ελαιόλαδο (10γρ)",3.84,4.34,0.14,0.17,3.97,3.98,4.51,33.56%,€7.88,32.38%,1.18%,514,21,57,18,https://drive.google.com/file/d/12kWEuFrKi7wGvzkdzciy-zljfuhiCaJF/view?usp=sharinghttps://drive.google.com/file/d/12kWEuFrKi7wGvzkdzciy-zljfuhiCaJF/view?usp=sharing,https://drive.google.com/file/d/12kWEuFrKi7wGvzkdzciy-zljfuhiCaJF/view?usp=sharinghttps://drive.google.com/file/d/12kWEuFrKi7wGvzkdzciy-zljfuhiCaJF/view?usp=sharing
Ψητές επιλογές,ΟΧΙ,"Ψαρονέφρι με πατάτες φούρνου, καρότα και gravy sauce","Ψαρονέφρι (210γρ), Πατάτες φούρνου (160γρ)","Ψαρονέφρι, Πατάτα, Ζωμός λαχανικών, Μουστάρδα, Χυμός λεμονιού, Μέλι, Ρίγανη, Σκόρδο, Θυμάρι, Καρότο, Ζωμός βοδινός ","Ψαρονέφρι (210γρ), Πατάτες φούρνου (160γρ), Ψητά καρότα (50γρ), Gravy sauce (70γρ)",210-11,12.30,13.90,Product Cost Change,"Ψαρονέφρι, μαγειρεμένο (210γρ), Πατάτα, μαγειρεμένη (160γρ), Καρότο, roasted (50γρ), Gravy sauce (70γρ), Ελαιόλαδο (10γρ)",3.93,4.44,0.14,0.17,4.06,4.07,4.61,33.09%,€8.23,31.95%,1.14%,584,37,59,18,https://drive.google.com/file/d/12kWEuFrKi7wGvzkdzciy-zljfuhiCaJF/view?usp=sharinghttps://drive.google.com/file/d/12kWEuFrKi7wGvzkdzciy-zljfuhiCaJF/view?usp=sharing,https://drive.google.com/file/d/12kWEuFrKi7wGvzkdzciy-zljfuhiCaJF/view?usp=sharinghttps://drive.google.com/file/d/12kWEuFrKi7wGvzkdzciy-zljfuhiCaJF/view?usp=sharing
Ψητές επιλογές,ΟΧΙ,"Ψαρονέφρι με πατάτες φούρνου, καρότα και gravy sauce","Ψαρονέφρι (210γρ), Πατάτες φούρνου (240γρ)","Ψαρονέφρι, Πατάτα, Ζωμός λαχανικών, Μουστάρδα, Χυμός λεμονιού, Μέλι, Ρίγανη, Σκόρδο, Θυμάρι, Καρότο, Ζωμός βοδινός ","Ψαρονέφρι (210γρ), Πατάτες φούρνου (240γρ), Ψητά καρότα (50γρ), Gravy sauce (70γρ)",210-12,12.74,14.40,Product Cost Change,"Ψαρονέφρι, μαγειρεμένο (210γρ), Πατάτα, μαγειρεμένη (240γρ), Καρότο, roasted (50γρ), Gravy sauce (70γρ), Ελαιόλαδο (10γρ)",4.02,4.54,0.14,0.17,4.15,4.16,4.72,32.65%,€8.58,31.55%,1.10%,654,53,60,18,https://drive.google.com/file/d/12kWEuFrKi7wGvzkdzciy-zljfuhiCaJF/view?usp=sharing,https://drive.google.com/file/d/12kWEuFrKi7wGvzkdzciy-zljfuhiCaJF/view?usp=sharing
Ψητές επιλογές,ΟΧΙ,Ψαρονέφρι με πουρέ καρότου και gravy sauce,"Ψαρονέφρι (120γρ), Πουρές καρότου (120γρ)","Ψαρονέφρι, Καρότο, Κρεμμύδι, Σκόρδο, Θυμάρι, Ζωμός λαχανικών, Ζωμός βοδινός ","Ψαρονέφρι (120γρ), Πουρές καρότου (120γρ), Gravy sauce (70γρ)",264-1,9.20,10.40,OK,"Ψαρονέφρι, μαγειρεμένο (120γρ), Πουρές καρότου (120γρ), Gravy sauce (70γρ)",2.70,3.05,0.14,0.17,2.84,2.84,3.22,30.87%,€6.36,29.35%,1.52%,272,11,33,7,https://drive.google.com/file/d/18_TCOKF_xIzv8ch_08oCgOS-i3ae2kfv/view?usp=sharing,https://drive.google.com/file/d/18_TCOKF_xIzv8ch_08oCgOS-i3ae2kfv/view?usp=sharing
Ψητές επιλογές,ΟΧΙ,Ψαρονέφρι με πουρέ καρότου και gravy sauce,"Ψαρονέφρι (120γρ), Πουρές καρότου (180γρ)","Ψαρονέφρι, Καρότο, Κρεμμύδι, Σκόρδο, Θυμάρι, Ζωμός λαχανικών, Ζωμός βοδινός ","Ψαρονέφρι (120γρ), Πουρές καρότου (180γρ), Gravy sauce (70γρ)",264-2,9.65,10.90,OK,"Ψαρονέφρι, μαγειρεμένο (120γρ), Πουρές καρότου (180γρ), Gravy sauce (70γρ)",2.80,3.16,0.14,0.17,2.94,2.94,3.34,30.47%,€6.71,29.02%,1.45%,304,17,34,8,https://drive.google.com/file/d/18_TCOKF_xIzv8ch_08oCgOS-i3ae2kfv/view?usp=sharing,https://drive.google.com/file/d/18_TCOKF_xIzv8ch_08oCgOS-i3ae2kfv/view?usp=sharing
Ψητές επιλογές,ΟΧΙ,Ψαρονέφρι με πουρέ καρότου και gravy sauce,"Ψαρονέφρι (120γρ), Πουρές καρότου (220γρ)","Ψαρονέφρι, Καρότο, Κρεμμύδι, Σκόρδο, Θυμάρι, Ζωμός λαχανικών, Ζωμός βοδινός ","Ψαρονέφρι (120γρ), Πουρές καρότου (220γρ), Gravy sauce (70γρ)",264-3,10.09,11.40,OK,"Ψαρονέφρι, μαγειρεμένο (120γρ), Πουρές καρότου (220γρ), Gravy sauce (70γρ)",2.87,3.24,0.14,0.17,3.01,3.01,3.42,29.83%,€7.08,28.44%,1.39%,326,20,34,9,https://drive.google.com/file/d/18_TCOKF_xIzv8ch_08oCgOS-i3ae2kfv/view?usp=sharing,https://drive.google.com/file/d/18_TCOKF_xIzv8ch_08oCgOS-i3ae2kfv/view?usp=sharing
Ψητές επιλογές,ΟΧΙ,Ψαρονέφρι με πουρέ καρότου και gravy sauce,"Ψαρονέφρι (150γρ), Πουρές καρότου (120γρ)","Ψαρονέφρι, Καρότο, Κρεμμύδι, Σκόρδο, Θυμάρι, Ζωμός λαχανικών, Ζωμός βοδινός ","Ψαρονέφρι (150γρ), Πουρές καρότου (120γρ), Gravy sauce (70γρ)",264-4,10.09,11.40,OK,"Ψαρονέφρι, μαγειρεμένο (150γρ), Πουρές καρότου (120γρ), Gravy sauce (70γρ)",3.06,3.46,0.14,0.17,3.20,3.20,3.63,31.71%,€6.89,30.33%,1.39%,315,11,41,8,https://drive.google.com/file/d/18_TCOKF_xIzv8ch_08oCgOS-i3ae2kfv/view?usp=sharing,https://drive.google.com/file/d/18_TCOKF_xIzv8ch_08oCgOS-i3ae2kfv/view?usp=sharing
Ψητές επιλογές,ΟΧΙ,Ψαρονέφρι με πουρέ καρότου και gravy sauce,"Ψαρονέφρι (150γρ), Πουρές καρότου (180γρ)","Ψαρονέφρι, Καρότο, Κρεμμύδι, Σκόρδο, Θυμάρι, Ζωμός λαχανικών, Ζωμός βοδινός ","Ψαρονέφρι (150γρ), Πουρές καρότου (180γρ), Gravy sauce (70γρ)",264-5,10.53,11.90,OK,"Ψαρονέφρι, μαγειρεμένο (150γρ), Πουρές καρότου (180γρ), Gravy sauce (70γρ)",3.17,3.58,0.14,0.17,3.31,3.31,3.76,31.43%,€7.22,30.10%,1.33%,347,17,41,9,https://drive.google.com/file/d/18_TCOKF_xIzv8ch_08oCgOS-i3ae2kfv/view?usp=sharing,https://drive.google.com/file/d/18_TCOKF_xIzv8ch_08oCgOS-i3ae2kfv/view?usp=sharing
Ψητές επιλογές,ΟΧΙ,Ψαρονέφρι με πουρέ καρότου και gravy sauce,"Ψαρονέφρι (150γρ), Πουρές καρότου (220γρ)","Ψαρονέφρι, Καρότο, Κρεμμύδι, Σκόρδο, Θυμάρι, Ζωμός λαχανικών, Ζωμός βοδινός ","Ψαρονέφρι (150γρ), Πουρές καρότου (220γρ), Gravy sauce (70γρ)",264-6,10.97,12.40,OK,"Ψαρονέφρι, μαγειρεμένο (150γρ), Πουρές καρότου (220γρ), Gravy sauce (70γρ)",3.24,3.66,0.14,0.17,3.38,3.38,3.83,30.81%,€7.59,29.54%,1.28%,369,20,42,10,https://drive.google.com/file/d/18_TCOKF_xIzv8ch_08oCgOS-i3ae2kfv/view?usp=sharing,https://drive.google.com/file/d/18_TCOKF_xIzv8ch_08oCgOS-i3ae2kfv/view?usp=sharing
Ψητές επιλογές,ΟΧΙ,Ψαρονέφρι με πουρέ καρότου και gravy sauce,"Ψαρονέφρι (180γρ), Πουρές καρότου (120γρ)","Ψαρονέφρι, Καρότο, Κρεμμύδι, Σκόρδο, Θυμάρι, Ζωμός λαχανικών, Ζωμός βοδινός ","Ψαρονέφρι (180γρ), Πουρές καρότου (120γρ), Gravy sauce (70γρ)",264-7,10.97,12.40,OK,"Ψαρονέφρι, μαγειρεμένο (180γρ), Πουρές καρότου (120γρ), Gravy sauce (70γρ)",3.43,3.88,0.14,0.17,3.57,3.57,4.05,32.54%,€7.40,31.27%,1.28%,358,11,49,9,https://drive.google.com/file/d/18_TCOKF_xIzv8ch_08oCgOS-i3ae2kfv/view?usp=sharing,https://drive.google.com/file/d/18_TCOKF_xIzv8ch_08oCgOS-i3ae2kfv/view?usp=sharing
Ψητές επιλογές,ΟΧΙ,Ψαρονέφρι με πουρέ καρότου και gravy sauce,"Ψαρονέφρι (180γρ), Πουρές καρότου (180γρ)","Ψαρονέφρι, Καρότο, Κρεμμύδι, Σκόρδο, Θυμάρι, Ζωμός λαχανικών, Ζωμός βοδινός ","Ψαρονέφρι (180γρ), Πουρές καρότου (180γρ), Gravy sauce (70γρ)",264-8,11.42,12.90,OK,"Ψαρονέφρι, μαγειρεμένο (180γρ), Πουρές καρότου (180γρ), Gravy sauce (70γρ)",3.54,4.00,0.14,0.17,3.68,3.68,4.17,32.22%,€7.74,31.00%,1.23%,390,17,49,10,https://drive.google.com/file/d/18_TCOKF_xIzv8ch_08oCgOS-i3ae2kfv/view?usp=sharing,https://drive.google.com/file/d/18_TCOKF_xIzv8ch_08oCgOS-i3ae2kfv/view?usp=sharing
Ψητές επιλογές,ΟΧΙ,Ψαρονέφρι με πουρέ καρότου και gravy sauce,"Ψαρονέφρι (180γρ), Πουρές καρότου (220γρ)","Ψαρονέφρι, Καρότο, Κρεμμύδι, Σκόρδο, Θυμάρι, Ζωμός λαχανικών, Ζωμός βοδινός ","Ψαρονέφρι (180γρ), Πουρές καρότου (220γρ), Gravy sauce (70γρ)",264-9,11.86,13.40,OK,"Ψαρονέφρι, μαγειρεμένο (180γρ), Πουρές καρότου (220γρ), Gravy sauce (70γρ)",3.61,4.08,0.14,0.17,3.75,3.75,4.25,31.62%,€8.11,30.44%,1.18%,412,20,50,11,https://drive.google.com/file/d/18_TCOKF_xIzv8ch_08oCgOS-i3ae2kfv/view?usp=sharing,https://drive.google.com/file/d/18_TCOKF_xIzv8ch_08oCgOS-i3ae2kfv/view?usp=sharing
Ψητές επιλογές,ΟΧΙ,Ψαρονέφρι με πουρέ καρότου και gravy sauce,"Ψαρονέφρι (210γρ), Πουρές καρότου (120γρ)","Ψαρονέφρι, Καρότο, Κρεμμύδι, Σκόρδο, Θυμάρι, Ζωμός λαχανικών, Ζωμός βοδινός ","Ψαρονέφρι (210γρ), Πουρές καρότου (120γρ), Gravy sauce (70γρ)",264-10,11.86,13.40,OK,"Ψαρονέφρι, μαγειρεμένο (210γρ), Πουρές καρότου (120γρ), Gravy sauce (70γρ)",3.80,4.29,0.14,0.17,3.94,3.94,4.47,33.22%,€7.92,32.04%,1.18%,401,11,56,10,https://drive.google.com/file/d/18_TCOKF_xIzv8ch_08oCgOS-i3ae2kfv/view?usp=sharing,https://drive.google.com/file/d/18_TCOKF_xIzv8ch_08oCgOS-i3ae2kfv/view?usp=sharing
Ψητές επιλογές,ΟΧΙ,Ψαρονέφρι με πουρέ καρότου και gravy sauce,"Ψαρονέφρι (210γρ), Πουρές καρότου (180γρ)","Ψαρονέφρι, Καρότο, Κρεμμύδι, Σκόρδο, Θυμάρι, Ζωμός λαχανικών, Ζωμός βοδινός ","Ψαρονέφρι (210γρ), Πουρές καρότου (180γρ), Gravy sauce (70γρ)",264-11,12.30,13.90,OK,"Ψαρονέφρι, μαγειρεμένο (210γρ), Πουρές καρότου (180γρ), Gravy sauce (70γρ)",3.91,4.42,0.14,0.17,4.05,4.05,4.59,32.93%,€8.25,31.79%,1.14%,433,17,57,11,https://drive.google.com/file/d/18_TCOKF_xIzv8ch_08oCgOS-i3ae2kfv/view?usp=sharing,https://drive.google.com/file/d/18_TCOKF_xIzv8ch_08oCgOS-i3ae2kfv/view?usp=sharing
Ψητές επιλογές,ΟΧΙ,Ψαρονέφρι με πουρέ καρότου και gravy sauce,"Ψαρονέφρι (210γρ), Πουρές καρότου (220γρ)","Ψαρονέφρι, Καρότο, Κρεμμύδι, Σκόρδο, Θυμάρι, Ζωμός λαχανικών, Ζωμός βοδινός ","Ψαρονέφρι (210γρ), Πουρές καρότου (220γρ), Gravy sauce (70γρ)",264-12,12.74,14.40,OK,"Ψαρονέφρι, μαγειρεμένο (210γρ), Πουρές καρότου (220γρ), Gravy sauce (70γρ)",3.98,4.50,0.14,0.17,4.12,4.12,4.67,32.34%,€8.62,31.24%,1.10%,454,20,58,12,https://drive.google.com/file/d/18_TCOKF_xIzv8ch_08oCgOS-i3ae2kfv/view?usp=sharing,https://drive.google.com/file/d/18_TCOKF_xIzv8ch_08oCgOS-i3ae2kfv/view?usp=sharing
Ψητές επιλογές,ΟΧΙ,Ψαρονέφρι με πουρέ σελινόριζας,"Ψαρονέφρι (120γρ), Πουρές σελινόριζας (120γρ)","Ψαρονέφρι, Σελινόριζα, Βούτυρο, Γάλα, Κρεμμύδι, Θυμάρι, Σκόρδο ","Ψαρονέφρι (120γρ), Πουρές σελινόριζας (120γρ)",218-1,8.76,9.90,OK,"Ψαρονέφρι, μαγειρεμένο (120γρ), Πουρές σελινόριζας (120γρ)",1.71,1.93,0.14,0.17,1.85,1.85,2.11,21.12%,€6.91,19.52%,1.60%,286,10,33,12,https://drive.google.com/file/d/1LcR2Ylc2lZOBknWB_rvlQi8A9fDGPdJS/view?usp=sharing,https://drive.google.com/file/d/1LcR2Ylc2lZOBknWB_rvlQi8A9fDGPdJS/view?usp=sharing
Ψητές επιλογές,ΟΧΙ,Ψαρονέφρι με πουρέ σελινόριζας,"Ψαρονέφρι (120γρ), Πουρές σελινόριζας (180γρ)","Ψαρονέφρι, Σελινόριζα, Βούτυρο, Γάλα, Κρεμμύδι, Θυμάρι, Σκόρδο ","Ψαρονέφρι (120γρ), Πουρές σελινόριζας (180γρ)",218-2,9.20,10.40,OK,"Ψαρονέφρι, μαγειρεμένο (120γρ), Πουρές σελινόριζας (180γρ)",1.83,2.07,0.14,0.17,1.97,1.97,2.24,21.41%,€7.23,19.89%,1.52%,344,15,34,16,https://drive.google.com/file/d/1LcR2Ylc2lZOBknWB_rvlQi8A9fDGPdJS/view?usp=sharing,https://drive.google.com/file/d/1LcR2Ylc2lZOBknWB_rvlQi8A9fDGPdJS/view?usp=sharing
Ψητές επιλογές,ΟΧΙ,Ψαρονέφρι με πουρέ σελινόριζας,"Ψαρονέφρι (120γρ), Πουρές σελινόριζας (240γρ)","Ψαρονέφρι, Σελινόριζα, Βούτυρο, Γάλα, Κρεμμύδι, Θυμάρι, Σκόρδο ","Ψαρονέφρι (120γρ), Πουρές σελινόριζας (240γρ)",218-3,9.65,10.90,OK,"Ψαρονέφρι, μαγειρεμένο (120γρ), Πουρές σελινόριζας (240γρ)",1.95,2.20,0.14,0.17,2.09,2.09,2.38,21.66%,€7.56,20.21%,1.45%,401,20,35,20,https://drive.google.com/file/d/1LcR2Ylc2lZOBknWB_rvlQi8A9fDGPdJS/view?usp=sharing,https://drive.google.com/file/d/1LcR2Ylc2lZOBknWB_rvlQi8A9fDGPdJS/view?usp=sharing
Ψητές επιλογές,ΟΧΙ,Ψαρονέφρι με πουρέ σελινόριζας,"Ψαρονέφρι (150γρ), Πουρές σελινόριζας (120γρ)","Ψαρονέφρι, Σελινόριζα, Βούτυρο, Γάλα, Κρεμμύδι, Θυμάρι, Σκόρδο ","Ψαρονέφρι (150γρ), Πουρές σελινόριζας (120γρ)",218-4,9.65,10.90,OK,"Ψαρονέφρι, μαγειρεμένο (150γρ), Πουρές σελινόριζας (120γρ)",2.08,2.35,0.14,0.17,2.22,2.22,2.52,23.01%,€7.43,21.55%,1.45%,329,10,41,13,https://drive.google.com/file/d/1LcR2Ylc2lZOBknWB_rvlQi8A9fDGPdJS/view?usp=sharing,https://drive.google.com/file/d/1LcR2Ylc2lZOBknWB_rvlQi8A9fDGPdJS/view?usp=sharing
Ψητές επιλογές,ΟΧΙ,Ψαρονέφρι με πουρέ σελινόριζας,"Ψαρονέφρι (150γρ), Πουρές σελινόριζας (180γρ)","Ψαρονέφρι, Σελινόριζα, Βούτυρο, Γάλα, Κρεμμύδι, Θυμάρι, Σκόρδο ","Ψαρονέφρι (150γρ), Πουρές σελινόριζας (180γρ)",218-5,10.09,11.40,OK,"Ψαρονέφρι, μαγειρεμένο (150γρ), Πουρές σελινόριζας (180γρ)",2.20,2.49,0.14,0.17,2.34,2.34,2.66,23.19%,€7.75,21.80%,1.39%,387,15,42,17,https://drive.google.com/file/d/1LcR2Ylc2lZOBknWB_rvlQi8A9fDGPdJS/view?usp=sharing,https://drive.google.com/file/d/1LcR2Ylc2lZOBknWB_rvlQi8A9fDGPdJS/view?usp=sharing
Ψητές επιλογές,ΟΧΙ,Ψαρονέφρι με πουρέ σελινόριζας,"Ψαρονέφρι (150γρ), Πουρές σελινόριζας (240γρ)","Ψαρονέφρι, Σελινόριζα, Βούτυρο, Γάλα, Κρεμμύδι, Θυμάρι, Σκόρδο ","Ψαρονέφρι (150γρ), Πουρές σελινόριζας (240γρ)",218-6,10.53,11.90,OK,"Ψαρονέφρι, μαγειρεμένο (150γρ), Πουρές σελινόριζας (240γρ)",2.32,2.62,0.14,0.17,2.46,2.46,2.80,23.36%,€8.07,22.03%,1.33%,444,20,43,21,https://drive.google.com/file/d/1LcR2Ylc2lZOBknWB_rvlQi8A9fDGPdJS/view?usp=sharing,https://drive.google.com/file/d/1LcR2Ylc2lZOBknWB_rvlQi8A9fDGPdJS/view?usp=sharing
Ψητές επιλογές,ΟΧΙ,Ψαρονέφρι με πουρέ σελινόριζας,"Ψαρονέφρι (180γρ), Πουρές σελινόριζας (120γρ)","Ψαρονέφρι, Σελινόριζα, Βούτυρο, Γάλα, Κρεμμύδι, Θυμάρι, Σκόρδο ","Ψαρονέφρι (180γρ), Πουρές σελινόριζας (120γρ)",218-7,10.53,11.90,OK,"Ψαρονέφρι, μαγειρεμένο (180γρ), Πουρές σελινόριζας (120γρ)",2.45,2.77,0.14,0.17,2.59,2.59,2.94,24.60%,€7.94,23.27%,1.33%,372,10,49,14,https://drive.google.com/file/d/1LcR2Ylc2lZOBknWB_rvlQi8A9fDGPdJS/view?usp=sharing,https://drive.google.com/file/d/1LcR2Ylc2lZOBknWB_rvlQi8A9fDGPdJS/view?usp=sharing
Ψητές επιλογές,ΝΑΙ,Ψαρονέφρι με πουρέ σελινόριζας,"Ψαρονέφρι (180γρ), Πουρές σελινόριζας (180γρ)","Ψαρονέφρι, Σελινόριζα, Βούτυρο, Γάλα, Κρεμμύδι, Θυμάρι, Σκόρδο ","Ψαρονέφρι (180γρ), Πουρές σελινόριζας (180γρ)",218-8,10.97,12.40,OK,"Ψαρονέφρι, μαγειρεμένο (180γρ), Πουρές σελινόριζας (180γρ)",2.57,2.90,0.14,0.17,2.71,2.71,3.08,24.70%,€8.26,23.43%,1.28%,430,15,50,18,https://drive.google.com/file/d/1LcR2Ylc2lZOBknWB_rvlQi8A9fDGPdJS/view?usp=sharing,https://drive.google.com/file/d/1LcR2Ylc2lZOBknWB_rvlQi8A9fDGPdJS/view?usp=sharing
Ψητές επιλογές,ΟΧΙ,Ψαρονέφρι με πουρέ σελινόριζας,"Ψαρονέφρι (180γρ), Πουρές σελινόριζας (240γρ)","Ψαρονέφρι, Σελινόριζα, Βούτυρο, Γάλα, Κρεμμύδι, Θυμάρι, Σκόρδο ","Ψαρονέφρι (180γρ), Πουρές σελινόριζας (240γρ)",218-9,11.42,12.90,OK,"Ψαρονέφρι, μαγειρεμένο (180γρ), Πουρές σελινόριζας (240γρ)",2.69,3.04,0.14,0.17,2.83,2.83,3.21,24.78%,€8.59,23.56%,1.23%,487,20,51,22,https://drive.google.com/file/d/1LcR2Ylc2lZOBknWB_rvlQi8A9fDGPdJS/view?usp=sharing,https://drive.google.com/file/d/1LcR2Ylc2lZOBknWB_rvlQi8A9fDGPdJS/view?usp=sharing
Ψητές επιλογές,ΟΧΙ,Ψαρονέφρι με πουρέ σελινόριζας,"Ψαρονέφρι (210γρ), Πουρές σελινόριζας (180γρ)","Ψαρονέφρι, Σελινόριζα, Βούτυρο, Γάλα, Κρεμμύδι, Θυμάρι, Σκόρδο ","Ψαρονέφρι (210γρ), Πουρές σελινόριζας (180γρ)",218-10,11.42,12.90,OK,"Ψαρονέφρι, μαγειρεμένο (210γρ), Πουρές σελινόριζας (180γρ)",2.94,3.32,0.14,0.17,3.08,3.08,3.50,26.97%,€8.34,25.74%,1.23%,472,15,58,19,https://drive.google.com/file/d/1LcR2Ylc2lZOBknWB_rvlQi8A9fDGPdJS/view?usp=sharing,https://drive.google.com/file/d/1LcR2Ylc2lZOBknWB_rvlQi8A9fDGPdJS/view?usp=sharing
Ψητές επιλογές,ΟΧΙ,Ψαρονέφρι με πουρέ σελινόριζας,"Ψαρονέφρι (210γρ), Πουρές σελινόριζας (240γρ)","Ψαρονέφρι, Σελινόριζα, Βούτυρο, Γάλα, Κρεμμύδι, Θυμάρι, Σκόρδο ","Ψαρονέφρι (210γρ), Πουρές σελινόριζας (240γρ)",218-11,11.86,13.40,OK,"Ψαρονέφρι, μαγειρεμένο (210γρ), Πουρές σελινόριζας (240γρ)",3.06,3.46,0.14,0.17,3.20,3.20,3.63,26.98%,€8.66,25.80%,1.18%,530,20,59,23,https://drive.google.com/file/d/1LcR2Ylc2lZOBknWB_rvlQi8A9fDGPdJS/view?usp=sharing,https://drive.google.com/file/d/1LcR2Ylc2lZOBknWB_rvlQi8A9fDGPdJS/view?usp=sharing
Ψητές επιλογές,ΟΧΙ,Ψαρονέφρι με πουρέ σελινόριζας,"Ψαρονέφρι (210γρ), Πουρές σελινόριζας (280γρ)","Ψαρονέφρι, Σελινόριζα, Βούτυρο, Γάλα, Κρεμμύδι, Θυμάρι, Σκόρδο ","Ψαρονέφρι (210γρ), Πουρές σελινόριζας (280γρ)",218-12,12.30,13.90,OK,"Ψαρονέφρι, μαγειρεμένο (210γρ), Πουρές σελινόριζας (280γρ)",3.14,3.55,0.14,0.17,3.28,3.28,3.72,26.67%,€9.02,25.53%,1.14%,568,23,60,26,https://drive.google.com/file/d/1LcR2Ylc2lZOBknWB_rvlQi8A9fDGPdJS/view?usp=sharing,https://drive.google.com/file/d/1LcR2Ylc2lZOBknWB_rvlQi8A9fDGPdJS/view?usp=sharing
Ψητές επιλογές,ΟΧΙ,Ψαρονέφρι με άγριο ρύζι και σάλτσα σόγια-μέλι-τζίντζερ,"Ψαρονέφρι (120γρ), Άγριο ρύζι (60γρ)","Κοτόπουλο, Κρεμμύδι, Σκόρδο, Σπανάκι, Χόρτα, Μαρούλι, Άνηθος, Φρέσκο κρεμμυδάκι, Ζωμός κοτόπουλου, Αυγό, Άμυλο καλαμποκιού","Ψαρονέφρι (120γρ), Άγριο ρύζι (60γρ), Σάλτσα σόγια-μέλι-τζίντζερ (70γρ)",135-1,8.76,9.90,OK,"Ψαρονέφρι, μαγειρεμένο (120γρ), Άγριο ρύζι (60γρ), Σάλτσα σόγια-μέλι-τζίντζερ, σουσάμι (70γρ), Ελαιόλαδο (5γρ)",1.97,2.23,0.14,0.17,2.11,2.11,2.40,24.09%,€6.65,22.49%,1.60%,414,28,37,17,https://drive.google.com/file/d/1qLIrV1MiLMonAAkJgFt2f2JxziV6Yy3C/view?usp=sharing,https://drive.google.com/file/d/1qLIrV1MiLMonAAkJgFt2f2JxziV6Yy3C/view?usp=sharing
Ψητές επιλογές,ΟΧΙ,Ψαρονέφρι με άγριο ρύζι και σάλτσα σόγια-μέλι-τζίντζερ,"Ψαρονέφρι (120γρ), Άγριο ρύζι (120γρ)","Κοτόπουλο, Κρεμμύδι, Σκόρδο, Σπανάκι, Χόρτα, Μαρούλι, Άνηθος, Φρέσκο κρεμμυδάκι, Ζωμός κοτόπουλου, Αυγό, Άμυλο καλαμποκιού","Ψαρονέφρι (120γρ), Άγριο ρύζι (120γρ), Σάλτσα σόγια-μέλι-τζίντζερ (70γρ)",135-2,9.20,10.40,OK,"Ψαρονέφρι, μαγειρεμένο (120γρ), Άγριο ρύζι (120γρ), Σάλτσα σόγια-μέλι-τζίντζερ, σουσάμι (70γρ), Ελαιόλαδο (5γρ)",2.07,2.34,0.14,0.17,2.21,2.21,2.51,24.02%,€6.99,22.50%,1.52%,492,40,39,20,https://drive.google.com/file/d/1qLIrV1MiLMonAAkJgFt2f2JxziV6Yy3C/view?usp=sharing,https://drive.google.com/file/d/1qLIrV1MiLMonAAkJgFt2f2JxziV6Yy3C/view?usp=sharing
Ψητές επιλογές,ΟΧΙ,Ψαρονέφρι με άγριο ρύζι και σάλτσα σόγια-μέλι-τζίντζερ,"Ψαρονέφρι (120γρ), Άγριο ρύζι (180γρ)","Κοτόπουλο, Κρεμμύδι, Σκόρδο, Σπανάκι, Χόρτα, Μαρούλι, Άνηθος, Φρέσκο κρεμμυδάκι, Ζωμός κοτόπουλου, Αυγό, Άμυλο καλαμποκιού","Ψαρονέφρι (120γρ), Άγριο ρύζι (180γρ), Σάλτσα σόγια-μέλι-τζίντζερ (70γρ)",135-3,9.65,10.90,OK,"Ψαρονέφρι, μαγειρεμένο (120γρ), Άγριο ρύζι (180γρ), Σάλτσα σόγια-μέλι-τζίντζερ, σουσάμι (70γρ), Ελαιόλαδο (5γρ)",2.16,2.44,0.14,0.17,2.30,2.30,2.61,23.83%,€7.35,22.38%,1.45%,570,52,41,23,https://drive.google.com/file/d/1qLIrV1MiLMonAAkJgFt2f2JxziV6Yy3C/view?usp=sharing,https://drive.google.com/file/d/1qLIrV1MiLMonAAkJgFt2f2JxziV6Yy3C/view?usp=sharing
Ψητές επιλογές,ΟΧΙ,Ψαρονέφρι με άγριο ρύζι και σάλτσα σόγια-μέλι-τζίντζερ,"Ψαρονέφρι (150γρ), Άγριο ρύζι (60γρ)","Κοτόπουλο, Κρεμμύδι, Σκόρδο, Σπανάκι, Χόρτα, Μαρούλι, Άνηθος, Φρέσκο κρεμμυδάκι, Ζωμός κοτόπουλου, Αυγό, Άμυλο καλαμποκιού","Ψαρονέφρι (150γρ), Άγριο ρύζι (60γρ), Σάλτσα σόγια-μέλι-τζίντζερ (70γρ)",135-4,9.65,10.90,OK,"Ψαρονέφρι, μαγειρεμένο (150γρ), Άγριο ρύζι (60γρ), Σάλτσα σόγια-μέλι-τζίντζερ, σουσάμι (70γρ), Ελαιόλαδο (6,5γρ)",2.36,2.67,0.14,0.17,2.50,2.50,2.84,25.91%,€7.15,24.46%,1.45%,470,28,45,20,https://drive.google.com/file/d/1qLIrV1MiLMonAAkJgFt2f2JxziV6Yy3C/view?usp=sharing,https://drive.google.com/file/d/1qLIrV1MiLMonAAkJgFt2f2JxziV6Yy3C/view?usp=sharing
Ψητές επιλογές,ΟΧΙ,Ψαρονέφρι με άγριο ρύζι και σάλτσα σόγια-μέλι-τζίντζερ,"Ψαρονέφρι (150γρ), Άγριο ρύζι (120γρ)","Κοτόπουλο, Κρεμμύδι, Σκόρδο, Σπανάκι, Χόρτα, Μαρούλι, Άνηθος, Φρέσκο κρεμμυδάκι, Ζωμός κοτόπουλου, Αυγό, Άμυλο καλαμποκιού","Ψαρονέφρι (150γρ), Άγριο ρύζι (120γρ), Σάλτσα σόγια-μέλι-τζίντζερ (70γρ)",135-5,10.09,11.40,OK,"Ψαρονέφρι, μαγειρεμένο (150γρ), Άγριο ρύζι (120γρ), Σάλτσα σόγια-μέλι-τζίντζερ, σουσάμι (70γρ), Ελαιόλαδο (6,5γρ)",2.45,2.77,0.14,0.17,2.59,2.59,2.94,25.67%,€7.50,24.28%,1.39%,548,40,47,23,https://drive.google.com/file/d/1qLIrV1MiLMonAAkJgFt2f2JxziV6Yy3C/view?usp=sharing,https://drive.google.com/file/d/1qLIrV1MiLMonAAkJgFt2f2JxziV6Yy3C/view?usp=sharing
Ψητές επιλογές,ΟΧΙ,Ψαρονέφρι με άγριο ρύζι και σάλτσα σόγια-μέλι-τζίντζερ,"Ψαρονέφρι (150γρ), Άγριο ρύζι (180γρ)","Κοτόπουλο, Κρεμμύδι, Σκόρδο, Σπανάκι, Χόρτα, Μαρούλι, Άνηθος, Φρέσκο κρεμμυδάκι, Ζωμός κοτόπουλου, Αυγό, Άμυλο καλαμποκιού","Ψαρονέφρι (150γρ), Άγριο ρύζι (180γρ), Σάλτσα σόγια-μέλι-τζίντζερ (70γρ)",135-6,10.53,11.90,OK,"Ψαρονέφρι, μαγειρεμένο (150γρ), Άγριο ρύζι (180γρ), Σάλτσα σόγια-μέλι-τζίντζερ, σουσάμι (70γρ), Ελαιόλαδο (6,5γρ)",2.54,2.87,0.14,0.17,2.68,2.68,3.04,25.45%,€7.85,24.12%,1.33%,626,52,49,25,https://drive.google.com/file/d/1qLIrV1MiLMonAAkJgFt2f2JxziV6Yy3C/view?usp=sharing,https://drive.google.com/file/d/1qLIrV1MiLMonAAkJgFt2f2JxziV6Yy3C/view?usp=sharing
Ψητές επιλογές,ΟΧΙ,Ψαρονέφρι με άγριο ρύζι και σάλτσα σόγια-μέλι-τζίντζερ,"Ψαρονέφρι (180γρ), Άγριο ρύζι (120γρ)","Κοτόπουλο, Κρεμμύδι, Σκόρδο, Σπανάκι, Χόρτα, Μαρούλι, Άνηθος, Φρέσκο κρεμμυδάκι, Ζωμός κοτόπουλου, Αυγό, Άμυλο καλαμποκιού","Ψαρονέφρι (180γρ), Άγριο ρύζι (120γρ), Σάλτσα σόγια-μέλι-τζίντζερ (85γρ)",135-7,10.53,11.90,OK,"Ψαρονέφρι, μαγειρεμένο (180γρ), Άγριο ρύζι (120γρ), Σάλτσα σόγια-μέλι-τζίντζερ, σουσάμι (85γρ), Ελαιόλαδο (7γρ)",2.90,3.28,0.14,0.17,3.04,3.04,3.45,28.87%,€7.49,27.54%,1.33%,621,44,55,25,https://drive.google.com/file/d/1qLIrV1MiLMonAAkJgFt2f2JxziV6Yy3C/view?usp=sharing,https://drive.google.com/file/d/1qLIrV1MiLMonAAkJgFt2f2JxziV6Yy3C/view?usp=sharing
Ψητές επιλογές,ΝΑΙ,Ψαρονέφρι με άγριο ρύζι και σάλτσα σόγια-μέλι-τζίντζερ,"Ψαρονέφρι (180γρ), Άγριο ρύζι (180γρ)","Κοτόπουλο, Κρεμμύδι, Σκόρδο, Σπανάκι, Χόρτα, Μαρούλι, Άνηθος, Φρέσκο κρεμμυδάκι, Ζωμός κοτόπουλου, Αυγό, Άμυλο καλαμποκιού","Ψαρονέφρι (180γρ), Άγριο ρύζι (180γρ), Σάλτσα σόγια-μέλι-τζίντζερ (85γρ)",135-8,10.97,12.40,OK,"Ψαρονέφρι, μαγειρεμένο (180γρ), Άγριο ρύζι (180γρ), Σάλτσα σόγια-μέλι-τζίντζερ, σουσάμι (85γρ), Ελαιόλαδο (7γρ)",2.99,3.38,0.14,0.17,3.13,3.13,3.55,28.53%,€7.84,27.26%,1.28%,699,55,58,28,https://drive.google.com/file/d/1qLIrV1MiLMonAAkJgFt2f2JxziV6Yy3C/view?usp=sharing,https://drive.google.com/file/d/1qLIrV1MiLMonAAkJgFt2f2JxziV6Yy3C/view?usp=sharing
Ψητές επιλογές,ΟΧΙ,Ψαρονέφρι με άγριο ρύζι και σάλτσα σόγια-μέλι-τζίντζερ,"Ψαρονέφρι (180γρ), Άγριο ρύζι (240γρ)","Κοτόπουλο, Κρεμμύδι, Σκόρδο, Σπανάκι, Χόρτα, Μαρούλι, Άνηθος, Φρέσκο κρεμμυδάκι, Ζωμός κοτόπουλου, Αυγό, Άμυλο καλαμποκιού","Ψαρονέφρι (180γρ), Άγριο ρύζι (240γρ), Σάλτσα σόγια-μέλι-τζίντζερ (85γρ)",135-9,11.42,12.90,OK,"Ψαρονέφρι, μαγειρεμένο (180γρ), Άγριο ρύζι (240γρ), Σάλτσα σόγια-μέλι-τζίντζερ, σουσάμι (85γρ), Ελαιόλαδο (7γρ)",3.09,3.49,0.14,0.17,3.23,3.23,3.67,28.28%,€8.19,27.06%,1.23%,777,67,60,31,https://drive.google.com/file/d/1qLIrV1MiLMonAAkJgFt2f2JxziV6Yy3C/view?usp=sharing,https://drive.google.com/file/d/1qLIrV1MiLMonAAkJgFt2f2JxziV6Yy3C/view?usp=sharing
Ψητές επιλογές,ΟΧΙ,Ψαρονέφρι με άγριο ρύζι και σάλτσα σόγια-μέλι-τζίντζερ,"Ψαρονέφρι (210γρ), Άγριο ρύζι (120γρ)","Κοτόπουλο, Κρεμμύδι, Σκόρδο, Σπανάκι, Χόρτα, Μαρούλι, Άνηθος, Φρέσκο κρεμμυδάκι, Ζωμός κοτόπουλου, Αυγό, Άμυλο καλαμποκιού","Ψαρονέφρι (210γρ), Άγριο ρύζι (120γρ), Σάλτσα σόγια-μέλι-τζίντζερ (85γρ)",135-10,11.42,12.90,OK,"Ψαρονέφρι, μαγειρεμένο (210γρ), Άγριο ρύζι (120γρ), Σάλτσα σόγια-μέλι-τζίντζερ, σουσάμι (85γρ), Ελαιόλαδο (8γρ)",3.28,3.71,0.14,0.17,3.42,3.42,3.88,29.95%,€8.00,28.72%,1.23%,673,44,63,27,https://drive.google.com/file/d/1qLIrV1MiLMonAAkJgFt2f2JxziV6Yy3C/view?usp=sharing,https://drive.google.com/file/d/1qLIrV1MiLMonAAkJgFt2f2JxziV6Yy3C/view?usp=sharing
Ψητές επιλογές,ΟΧΙ,Ψαρονέφρι με άγριο ρύζι και σάλτσα σόγια-μέλι-τζίντζερ,"Ψαρονέφρι (210γρ), Άγριο ρύζι (180γρ)","Κοτόπουλο, Κρεμμύδι, Σκόρδο, Σπανάκι, Χόρτα, Μαρούλι, Άνηθος, Φρέσκο κρεμμυδάκι, Ζωμός κοτόπουλου, Αυγό, Άμυλο καλαμποκιού","Ψαρονέφρι (210γρ), Άγριο ρύζι (180γρ), Σάλτσα σόγια-μέλι-τζίντζερ (85γρ)",135-11,11.86,13.40,OK,"Ψαρονέφρι, μαγειρεμένο (210γρ), Άγριο ρύζι (180γρ), Σάλτσα σόγια-μέλι-τζίντζερ, σουσάμι (85γρ), Ελαιόλαδο (8γρ)",3.37,3.81,0.14,0.17,3.51,3.51,3.98,29.60%,€8.35,28.41%,1.18%,751,55,66,30,https://drive.google.com/file/d/1qLIrV1MiLMonAAkJgFt2f2JxziV6Yy3C/view?usp=sharing,https://drive.google.com/file/d/1qLIrV1MiLMonAAkJgFt2f2JxziV6Yy3C/view?usp=sharing
Ψητές επιλογές,ΟΧΙ,Ψαρονέφρι με άγριο ρύζι και σάλτσα σόγια-μέλι-τζίντζερ,"Ψαρονέφρι (210γρ), Άγριο ρύζι (240γρ)","Κοτόπουλο, Κρεμμύδι, Σκόρδο, Σπανάκι, Χόρτα, Μαρούλι, Άνηθος, Φρέσκο κρεμμυδάκι, Ζωμός κοτόπουλου, Αυγό, Άμυλο καλαμποκιού","Ψαρονέφρι (210γρ), Άγριο ρύζι (240γρ), Σάλτσα σόγια-μέλι-τζίντζερ (85γρ)",135-12,12.30,13.90,OK,"Ψαρονέφρι, μαγειρεμένο (210γρ), Άγριο ρύζι (240γρ), Σάλτσα σόγια-μέλι-τζίντζερ, σουσάμι (85γρ), Ελαιόλαδο (8γρ)",3.47,3.92,0.14,0.17,3.61,3.61,4.09,29.35%,€8.69,28.21%,1.14%,829,67,68,33,https://drive.google.com/file/d/1qLIrV1MiLMonAAkJgFt2f2JxziV6Yy3C/view?usp=sharing,https://drive.google.com/file/d/1qLIrV1MiLMonAAkJgFt2f2JxziV6Yy3C/view?usp=sharing
Μαγειρευτά,ΟΧΙ,"Ψαρόσουπα βελουτέ με πατάτα, καρότο και σελινόριζα","Ψάρι ψητό (40γρ), Σούπα (125γρ)","Ψάρι, Κρεμμύδι, Καρότο, Σέλερι, Ντομάτα, Πατάτα, Πράσο, Σελινόριζα","Ψάρι ψητό (40γρ), Σούπα (125γρ), Λαχανικά (60γρ)",292-1,9.65,10.90,OK,"Ψάρι, μαγειρεμένο (40γρ), ΨΑΡΟΣΟΥΠΑ ΒΕΛΟΥΤΕ (λιανική) (125γρ), Πατάτα, κατσαρόλας (30γρ), Σελινόριζα, κατσαρόλας (15γρ), Καρότο, βραστό (15γρ), Αλάτι ψιλό (2γρ), Μαύρο πιπέρι (0,2γρ)",1.79,2.02,0.13,0.16,1.92,1.92,2.18,19.88%,€7.73,18.55%,1.33%,172,24,13,3,https://drive.google.com/file/d/14sdXjdVSkaPKXiEoP5-fVgvx3sNpC7zf/view?usp=sharing,https://drive.google.com/file/d/14sdXjdVSkaPKXiEoP5-fVgvx3sNpC7zf/view?usp=sharing
Μαγειρευτά,ΟΧΙ,"Ψαρόσουπα βελουτέ με πατάτα, καρότο και σελινόριζα","Ψάρι ψητό (60γρ), Σούπα (125γρ)","Ψάρι, Κρεμμύδι, Καρότο, Σέλερι, Ντομάτα, Πατάτα, Πράσο, Σελινόριζα","Ψάρι ψητό (60γρ), Σούπα (125γρ), Λαχανικά (60γρ)",292-2,10.53,11.90,OK,"Ψάρι, μαγειρεμένο (60γρ), ΨΑΡΟΣΟΥΠΑ ΒΕΛΟΥΤΕ (λιανική) (125γρ), Πατάτα, κατσαρόλας (30γρ), Σελινόριζα, κατσαρόλας (15γρ), Καρότο, βραστό (15γρ), Αλάτι ψιλό (2γρ), Μαύρο πιπέρι (0,2γρ)",2.52,2.85,0.13,0.16,2.65,2.65,3.01,25.15%,€7.88,23.93%,1.22%,207,24,18,5,https://drive.google.com/file/d/14sdXjdVSkaPKXiEoP5-fVgvx3sNpC7zf/view?usp=sharing,https://drive.google.com/file/d/14sdXjdVSkaPKXiEoP5-fVgvx3sNpC7zf/view?usp=sharing
Μαγειρευτά,ΝΑΙ,"Ψαρόσουπα βελουτέ με πατάτα, καρότο και σελινόριζα","Ψάρι ψητό (90γρ), Σούπα (125γρ)","Ψάρι, Κρεμμύδι, Καρότο, Σέλερι, Ντομάτα, Πατάτα, Πράσο, Σελινόριζα","Ψάρι ψητό (90γρ), Σούπα (125γρ), Λαχανικά (60γρ)",292-3,11.42,12.90,OK,"Ψάρι, μαγειρεμένο (90γρ), ΨΑΡΟΣΟΥΠΑ ΒΕΛΟΥΤΕ (λιανική) (125γρ), Πατάτα, κατσαρόλας (30γρ), Σελινόριζα, κατσαρόλας (15γρ), Καρότο, βραστό (15γρ), Αλάτι ψιλό (2γρ), Μαύρο πιπέρι (0,2γρ)",3.61,4.08,0.13,0.16,3.74,3.74,4.24,32.74%,€7.68,31.61%,1.13%,258,24,25,7,https://drive.google.com/file/d/14sdXjdVSkaPKXiEoP5-fVgvx3sNpC7zf/view?usp=sharing,https://drive.google.com/file/d/14sdXjdVSkaPKXiEoP5-fVgvx3sNpC7zf/view?usp=sharing
Μαγειρευτά,ΟΧΙ,"Ψαρόσουπα βελουτέ με πατάτα, καρότο και σελινόριζα","Ψάρι ψητό (120γρ), Σούπα (125γρ)","Ψάρι, Κρεμμύδι, Καρότο, Σέλερι, Ντομάτα, Πατάτα, Πράσο, Σελινόριζα","Ψάρι ψητό (120γρ), Σούπα (125γρ), Λαχανικά (60γρ)",292-4,12.30,13.90,OK,"Ψάρι, μαγειρεμένο (120γρ), ΨΑΡΟΣΟΥΠΑ ΒΕΛΟΥΤΕ (λιανική) (125γρ), Πατάτα, κατσαρόλας (30γρ), Σελινόριζα, κατσαρόλας (15γρ), Καρότο, βραστό (15γρ), Αλάτι ψιλό (2γρ), Μαύρο πιπέρι (0,2γρ)",4.70,5.31,0.13,0.16,4.83,4.83,5.47,39.26%,€7.47,38.21%,1.05%,310,24,32,9,https://drive.google.com/file/d/14sdXjdVSkaPKXiEoP5-fVgvx3sNpC7zf/view?usp=sharing,https://drive.google.com/file/d/14sdXjdVSkaPKXiEoP5-fVgvx3sNpC7zf/view?usp=sharing
Μαγειρευτά,ΝΑΙ,Μοσχαρίσια κεφτεδάκια και sauce γιαουρτιού με φρέσκο κρεμμύδι και μαϊντανό,"Κεφτεδάκια (180γρ), Sauce γιαουρτιού (100γρ), Μαϊντανός (2γρ), Φρέσκο κρεμμύδι (10γρ)","Μοσχάρι, Κρεμμύδι, Σκόρδο, Ψωμί, Γάλα, Γιαούρτι, Μαϊντανός, Δυόσμος, Γιαούρτι, Φρέσκο κρεμμυδάκι, Μέλι, Δυόσμος, Κύμινο, Πάπρικα","Κεφτεδάκια (180γρ), Sauce γιαουρτιού (100γρ), Μαϊντανός (2γρ), Φρέσκο κρεμμύδι (10γρ)",291,9.65,10.90,OK,"ΚΕΦΤΕΔΑΚΙΑ (λιανική) (180γρ), Sauce γιαουρτιού (λιανική) (100γρ), Μαϊντανός, φρέσκος (2γρ), Φρέσκο κρεμμυδάκι, ωμό (10γρ), Ελαιόλαδο (20γρ), Αλάτι ψιλό (2γρ), Μαύρο πιπέρι (0,2γρ)",2.20,2.49,0.20,0.25,2.40,2.40,2.73,24.85%,€7.25,22.80%,2.05%,789,29,35,59,https://drive.google.com/file/d/1WP5iZlxJuupDpn3QXGiLp8Tjm9isf_JO/view?usp=sharing,https://drive.google.com/file/d/1WP5iZlxJuupDpn3QXGiLp8Tjm9isf_JO/view?usp=sharing
Ψητές επιλογές,ΝΑΙ,"Τσιπούρα ψητή με πλιγούρι, ντοματίνια και μαϊντανό","Τσιπούρα ψητή (120γρ), Πλιγούρι (200γρ), Λιαστή ντομάτα (35γρ), Ντοματίνια (40γρ), Μαϊντανός (5γρ)","Ψάρι, Πλιγούρι, Λιαστή ντομάτα, Ντοματίνια, Μαϊντανός","Τσιπούρα ψητή (120γρ), Πλιγούρι (200γρ), Λιαστή ντομάτα (35γρ), Ντοματίνια (40γρ), Μαϊντανός (5γρ)",294,11.95,13.50,OK,"Ψάρι, μαγειρεμένο (120γρ), Πλιγούρι, μαγειρεμένο (200γρ), Λιαστή ντομάτα (35γρ), Μαϊντανός, φρέσκος (5γρ), Ελαιόλαδο (25γρ), Ντοματίνια, ωμά (40γρ), Αλάτι ψιλό (2γρ), Μαύρο πιπέρι (0,2γρ)",5.17,5.84,0.14,0.17,5.31,5.31,6.02,44.44%,€6.64,43.26%,1.17%,696,50,38,40,https://drive.google.com/file/d/1UeHlOS48Bvo_RlqXvNct9tr7ie6XNM-U/view?usp=sharing,-
Ψητές επιλογές,ΝΑΙ,Μπριζολάκια λαιμού με baby πατάτες,"Μπριζολάκια (220γρ), Baby πατάτες (180γρ), Dressing (30γρ)","Χοιρινό, Πατάτα, Χυμός λεμονιού, Ελαιόλαδο, Μουστάρδα, Μέλι","Μπριζολάκια (220γρ), Baby πατάτες (180γρ), Dressing (30γρ)",295,9.29,10.50,OK,"Μπριζολάκια λαιμού (220γρ), Πατάτα baby, μαγειρεμένη (180γρ), Ελαιόλαδο (20γρ), Μαϊντανός, φρέσκος (5γρ), ΛΑΔΟΛΕΜΟΝΟ (λιανική) (30γρ), Αλάτι ψιλό (2γρ), Μαύρο πιπέρι (0,2γρ)",2.67,3.02,0.14,0.17,2.81,2.81,3.19,30.25%,€6.48,28.74%,1.51%,892,35,61,57,https://drive.google.com/file/d/1FjY41t1p2J1eiSZ1giXUoLiajUFLj5S1/view?usp=sharing,-
Μαγειρευτά,ΟΧΙ,Μοσχαράκι λεμονάτο με ρύζι basmati,"Φιλέτο μοσχάρι (120γρ), Ρύζι basmati (60γρ)","Μοσχάρι, Ρύζι, Ζωμός κοτόπουλου, Σκόρδο, Ελαιόλαδο, Κρεμμύδι, Θυμάρι, Χυμός λεμονιού, Μαϊντανός","Φιλέτο μοσχάρι (120γρ), Ρύζι basmati (60γρ)",296-1,9.65,10.90,OK,"Μοσχαρίσιο χτένι, μαγειρεμένο (120γρ), Ρύζι (60γρ), ΜΟΣΧΑΡΑΚΙ ΛΕΜΟΝΑΤΟ (λιανική) (90γρ), Μαϊντανός, φρέσκος (2γρ), Αλάτι ψιλό (2γρ), Μαύρο πιπέρι (0,2γρ)",2.66,3.01,0.12,0.14,2.78,2.78,3.15,28.76%,€6.88,27.56%,1.19%,516,22,40,29,https://drive.google.com/file/d/1LW06YxXRPphGNry0Demhlzk3UMR9l2tD/view?usp=sharing,
Μαγειρευτά,ΟΧΙ,Μοσχαράκι λεμονάτο με ρύζι basmati,"Φιλέτο μοσχάρι (120γρ), Ρύζι basmati (120γρ)","Μοσχάρι, Ρύζι, Ζωμός κοτόπουλου, Σκόρδο, Ελαιόλαδο, Κρεμμύδι, Θυμάρι, Χυμός λεμονιού, Μαϊντανός","Φιλέτο μοσχάρι (120γρ), Ρύζι basmati (120γρ)",296-2,10.09,11.40,OK,"Μοσχαρίσιο χτένι, μαγειρεμένο (120γρ), Ρύζι (120γρ), ΜΟΣΧΑΡΑΚΙ ΛΕΜΟΝΑΤΟ (λιανική) (90γρ), Μαϊντανός, φρέσκος (2γρ), Αλάτι ψιλό (2γρ), Μαύρο πιπέρι (0,2γρ)",2.72,3.07,0.12,0.14,2.84,2.84,3.22,28.10%,€7.26,26.96%,1.14%,608,38,41,31,https://drive.google.com/file/d/1LW06YxXRPphGNry0Demhlzk3UMR9l2tD/view?usp=sharing,
Μαγειρευτά,ΟΧΙ,Μοσχαράκι λεμονάτο με ρύζι basmati,"Φιλέτο μοσχάρι (120γρ), Ρύζι basmati (180γρ)","Μοσχάρι, Ρύζι, Ζωμός κοτόπουλου, Σκόρδο, Ελαιόλαδο, Κρεμμύδι, Θυμάρι, Χυμός λεμονιού, Μαϊντανός","Φιλέτο μοσχάρι (120γρ), Ρύζι basmati (180γρ)",296-3,10.53,11.90,OK,"Μοσχαρίσιο χτένι, μαγειρεμένο (120γρ), Ρύζι (180γρ), ΜΟΣΧΑΡΑΚΙ ΛΕΜΟΝΑΤΟ (λιανική) (90γρ), Μαϊντανός, φρέσκος (2γρ), Αλάτι ψιλό (2γρ), Μαύρο πιπέρι (0,2γρ)",2.79,3.15,0.12,0.14,2.91,2.91,3.30,27.59%,€7.63,26.50%,1.09%,700,53,43,34,https://drive.google.com/file/d/1LW06YxXRPphGNry0Demhlzk3UMR9l2tD/view?usp=sharing,
Μαγειρευτά,ΟΧΙ,Μοσχαράκι λεμονάτο με ρύζι basmati,"Φιλέτο μοσχάρι (150γρ), Ρύζι basmati (60γρ)","Μοσχάρι, Ρύζι, Ζωμός κοτόπουλου, Σκόρδο, Ελαιόλαδο, Κρεμμύδι, Θυμάρι, Χυμός λεμονιού, Μαϊντανός","Φιλέτο μοσχάρι (150γρ), Ρύζι basmati (60γρ)",296-4,10.53,11.90,OK,"Μοσχαρίσιο χτένι, μαγειρεμένο (150γρ), Ρύζι (60γρ), ΜΟΣΧΑΡΑΚΙ ΛΕΜΟΝΑΤΟ (λιανική) (90γρ), Μαϊντανός, φρέσκος (2γρ), Αλάτι ψιλό (2γρ), Μαύρο πιπέρι (0,2γρ)",3.17,3.58,0.12,0.14,3.29,3.29,3.72,31.20%,€7.25,30.10%,1.09%,591,22,47,34,https://drive.google.com/file/d/1LW06YxXRPphGNry0Demhlzk3UMR9l2tD/view?usp=sharing,
Μαγειρευτά,ΟΧΙ,Μοσχαράκι λεμονάτο με ρύζι basmati,"Φιλέτο μοσχάρι (150γρ), Ρύζι basmati (120γρ)","Μοσχάρι, Ρύζι, Ζωμός κοτόπουλου, Σκόρδο, Ελαιόλαδο, Κρεμμύδι, Θυμάρι, Χυμός λεμονιού, Μαϊντανός","Φιλέτο μοσχάρι (150γρ), Ρύζι basmati (120γρ)",296-5,10.97,12.40,OK,"Μοσχαρίσιο χτένι, μαγειρεμένο (150γρ), Ρύζι (120γρ), ΜΟΣΧΑΡΑΚΙ ΛΕΜΟΝΑΤΟ (λιανική) (90γρ), Μαϊντανός, φρέσκος (2γρ), Αλάτι ψιλό (2γρ), Μαύρο πιπέρι (0,2γρ)",3.23,3.65,0.12,0.14,3.35,3.35,3.79,30.49%,€7.63,29.44%,1.05%,683,38,49,36,https://drive.google.com/file/d/1LW06YxXRPphGNry0Demhlzk3UMR9l2tD/view?usp=sharing,
Μαγειρευτά,ΟΧΙ,Μοσχαράκι λεμονάτο με ρύζι basmati,"Φιλέτο μοσχάρι (150γρ), Ρύζι basmati (180γρ)","Μοσχάρι, Ρύζι, Ζωμός κοτόπουλου, Σκόρδο, Ελαιόλαδο, Κρεμμύδι, Θυμάρι, Χυμός λεμονιού, Μαϊντανός","Φιλέτο μοσχάρι (150γρ), Ρύζι basmati (180γρ)",296-6,11.42,12.90,OK,"Μοσχαρίσιο χτένι, μαγειρεμένο (150γρ), Ρύζι (180γρ), ΜΟΣΧΑΡΑΚΙ ΛΕΜΟΝΑΤΟ (λιανική) (90γρ), Μαϊντανός, φρέσκος (2γρ), Αλάτι ψιλό (2γρ), Μαύρο πιπέρι (0,2γρ)",3.30,3.73,0.12,0.14,3.42,3.42,3.87,29.90%,€8.01,28.90%,1.01%,775,53,50,39,https://drive.google.com/file/d/1LW06YxXRPphGNry0Demhlzk3UMR9l2tD/view?usp=sharing,
Μαγειρευτά,ΟΧΙ,Μοσχαράκι λεμονάτο με ρύζι basmati,"Φιλέτο μοσχάρι (180γρ), Ρύζι basmati (120γρ)","Μοσχάρι, Ρύζι, Ζωμός κοτόπουλου, Σκόρδο, Ελαιόλαδο, Κρεμμύδι, Θυμάρι, Χυμός λεμονιού, Μαϊντανός","Φιλέτο μοσχάρι (180γρ), Ρύζι basmati (120γρ)",296-7,11.42,12.90,OK,"Μοσχαρίσιο χτένι, μαγειρεμένο (180γρ), Ρύζι (120γρ), ΜΟΣΧΑΡΑΚΙ ΛΕΜΟΝΑΤΟ (λιανική) (90γρ), Μαϊντανός, φρέσκος (2γρ), Αλάτι ψιλό (2γρ), Μαύρο πιπέρι (0,2γρ)",3.74,4.23,0.12,0.14,3.86,3.86,4.37,33.76%,€7.57,32.75%,1.01%,758,38,57,41,https://drive.google.com/file/d/1LW06YxXRPphGNry0Demhlzk3UMR9l2tD/view?usp=sharing,
Μαγειρευτά,ΝΑΙ,Μοσχαράκι λεμονάτο με ρύζι basmati,"Φιλέτο μοσχάρι (180γρ), Ρύζι basmati (180γρ)","Μοσχάρι, Ρύζι, Ζωμός κοτόπουλου, Σκόρδο, Ελαιόλαδο, Κρεμμύδι, Θυμάρι, Χυμός λεμονιού, Μαϊντανός","Φιλέτο μοσχάρι (180γρ), Ρύζι basmati (180γρ)",296-8,11.86,13.40,OK,"Μοσχαρίσιο χτένι, μαγειρεμένο (180γρ), Ρύζι (180γρ), ΜΟΣΧΑΡΑΚΙ ΛΕΜΟΝΑΤΟ (λιανική) (90γρ), Μαϊντανός, φρέσκος (2γρ), Αλάτι ψιλό (2γρ), Μαύρο πιπέρι (0,2γρ)",3.81,4.31,0.12,0.14,3.93,3.93,4.45,33.09%,€7.94,32.12%,0.97%,850,53,58,43,https://drive.google.com/file/d/1LW06YxXRPphGNry0Demhlzk3UMR9l2tD/view?usp=sharing,
Μαγειρευτά,ΟΧΙ,Μοσχαράκι λεμονάτο με ρύζι basmati,"Φιλέτο μοσχάρι (180γρ), Ρύζι basmati (240γρ)","Μοσχάρι, Ρύζι, Ζωμός κοτόπουλου, Σκόρδο, Ελαιόλαδο, Κρεμμύδι, Θυμάρι, Χυμός λεμονιού, Μαϊντανός","Φιλέτο μοσχάρι (180γρ), Ρύζι basmati (240γρ)",296-9,12.30,13.90,OK,"Μοσχαρίσιο χτένι, μαγειρεμένο (180γρ), Ρύζι (240γρ), ΜΟΣΧΑΡΑΚΙ ΛΕΜΟΝΑΤΟ (λιανική) (90γρ), Μαϊντανός, φρέσκος (2γρ), Αλάτι ψιλό (2γρ), Μαύρο πιπέρι (0,2γρ)",3.87,4.37,0.12,0.14,3.99,3.99,4.52,32.40%,€8.32,31.46%,0.93%,942,68,60,46,https://drive.google.com/file/d/1LW06YxXRPphGNry0Demhlzk3UMR9l2tD/view?usp=sharing,
Μαγειρευτά,ΟΧΙ,Μοσχαράκι λεμονάτο με ρύζι basmati,"Φιλέτο μοσχάρι (210γρ), Ρύζι basmati (120γρ)","Μοσχάρι, Ρύζι, Ζωμός κοτόπουλου, Σκόρδο, Ελαιόλαδο, Κρεμμύδι, Θυμάρι, Χυμός λεμονιού, Μαϊντανός","Φιλέτο μοσχάρι (210γρ), Ρύζι basmati (120γρ)",296-10,12.30,13.90,OK,"Μοσχαρίσιο χτένι, μαγειρεμένο (210γρ), Ρύζι (120γρ), ΜΟΣΧΑΡΑΚΙ ΛΕΜΟΝΑΤΟ (λιανική) (90γρ), Μαϊντανός, φρέσκος (2γρ), Αλάτι ψιλό (2γρ), Μαύρο πιπέρι (0,2γρ)",4.25,4.80,0.12,0.14,4.37,4.37,4.95,35.49%,€7.94,34.55%,0.93%,833,38,64,45,https://drive.google.com/file/d/1LW06YxXRPphGNry0Demhlzk3UMR9l2tD/view?usp=sharing,
Μαγειρευτά,ΟΧΙ,Μοσχαράκι λεμονάτο με ρύζι basmati,"Φιλέτο μοσχάρι (210γρ), Ρύζι basmati (180γρ)","Μοσχάρι, Ρύζι, Ζωμός κοτόπουλου, Σκόρδο, Ελαιόλαδο, Κρεμμύδι, Θυμάρι, Χυμός λεμονιού, Μαϊντανός","Φιλέτο μοσχάρι (210γρ), Ρύζι basmati (180γρ)",296-11,12.74,14.40,OK,"Μοσχαρίσιο χτένι, μαγειρεμένο (210γρ), Ρύζι (180γρ), ΜΟΣΧΑΡΑΚΙ ΛΕΜΟΝΑΤΟ (λιανική) (90γρ), Μαϊντανός, φρέσκος (2γρ), Αλάτι ψιλό (2γρ), Μαύρο πιπέρι (0,2γρ)",4.32,4.88,0.12,0.14,4.44,4.44,5.02,34.81%,€8.31,33.91%,0.90%,925,53,66,48,https://drive.google.com/file/d/1LW06YxXRPphGNry0Demhlzk3UMR9l2tD/view?usp=sharing,
Μαγειρευτά,ΟΧΙ,Μοσχαράκι λεμονάτο με ρύζι basmati,"Φιλέτο μοσχάρι (210γρ), Ρύζι basmati (240γρ)","Μοσχάρι, Ρύζι, Ζωμός κοτόπουλου, Σκόρδο, Ελαιόλαδο, Κρεμμύδι, Θυμάρι, Χυμός λεμονιού, Μαϊντανός","Φιλέτο μοσχάρι (210γρ), Ρύζι basmati (240γρ)",296-12,13.19,14.90,OK,"Μοσχαρίσιο χτένι, μαγειρεμένο (210γρ), Ρύζι (240γρ), ΜΟΣΧΑΡΑΚΙ ΛΕΜΟΝΑΤΟ (λιανική) (90γρ), Μαϊντανός, φρέσκος (2γρ), Αλάτι ψιλό (2γρ), Μαύρο πιπέρι (0,2γρ)",4.38,4.95,0.12,0.14,4.50,4.50,5.09,34.08%,€8.70,33.21%,0.87%,1017,68,67,50,https://drive.google.com/file/d/1LW06YxXRPphGNry0Demhlzk3UMR9l2tD/view?usp=sharing,